"   ","INTEREST_RATE_DET_ID","NEW_AC_NUMBER","SUB_ACCOUNT_NO","TRAN_DATE","APPLICABLE_FROM_DATE","MIN_AMOUNT","MAX_AMOUNT","INTEREST_POLICY","INTEREST_PRODUCT_FREQUENCY","INTEREST_PAYMENT_FREQUENCY","PLR_RATE","VERIATION_RATE","INTEREST_RATE","PREMATURE_RATE","EXPIRY_PENAL_RATE","OVERDRAWN_PENAL_RATE","UNUTILIZE_PENAL_RATE","STOCK_PENAL_RATE","NON_REVIEW_PENAL_RATE","INST_OVERDUE_PENAL_RATE","ADDITIONAL_SANC_RATE","ACTIVE_FLAG","DELETE_FLAG","OPERATION_ID","OPERATION_DATE","ENTER_USER_ID","ENTER_DESC","DELETE_USER_ID","DELETE_DESC","PASS_USER_ID","PASS_DESC","OLD_PRIMARY_KEY","MIN_PERIOD","MIN_PERIOD_UNIT","MAX_PERIOD","MAX_PERIOD_UNIT","EXCESS_INST_PENAL_RATE","OTHER_RATE"
"1","413","000104420000003","1","3/28/2024","7/28/2020","1.00","1E19","M","D","M","0.000000","0.000000","20.200000","0.000000","10.00","0.00","0.00","0.00","0.00","10.00","0.00","Y","N","N165","3/28/2024","101","0-1-03/04/2024-20:03:23-192.167.001.031","","","9998","0-1-04/04/2024-09:01:38-192.167.001.031","","1","M","9999","M","",""
"2","414","000104420000005","1","3/28/2024","2/1/2020","1.00","9999999999.00","P","D","M","0.000000","0.000000","18.350000","0.000000","10.00","0.00","0.00","0.00","0.00","10.00","0.00","Y","N","M18","12/11/2025","101","0-1-03/04/2024-20:07:09-192.167.001.031","","","22","0-1-11/12/2025-12:06:14-192.168.002.001","","1","M","9999","M","",""
"3","11909","000104420000005","1","9/1/2020","9/1/2020","0.00","9999999999.00","P","D","M","13.400000","0.100000","18.450000","0.000000","10.00","0.00","0.00","0.00","0.00","10.00","0.00","Y","N","","9/1/2020","55555","","","","","","","1","M","9999","M","",""
"4","11910","000104420000005","1","10/13/2020","10/13/2020","0.00","9999999999.00","P","D","M","13.400000","0.000000","18.450000","0.000000","10.00","0.00","0.00","0.00","0.00","10.00","0.00","Y","N","","10/13/2020","55555","","","","","","","1","M","9999","M","",""
"5","11911","000104420000005","1","3/11/2021","3/11/2021","0.00","9999999999.00","P","D","M","12.000000","-1.400000","17.050000","0.000000","10.00","0.00","0.00","0.00","0.00","10.00","0.00","Y","N","","3/11/2021","55555","","","","","","","1","M","9999","M","",""
"6","11912","000104420000005","1","4/7/2021","4/7/2021","0.00","9999999999.00","P","D","M","12.000000","0.000000","17.050000","0.000000","10.00","0.00","0.00","0.00","0.00","10.00","0.00","Y","N","","4/7/2021","55555","","","","","","","1","M","9999","M","",""
"7","11913","000104420000005","1","11/25/2021","11/25/2021","0.00","9999999999.00","P","D","M","12.200000","0.200000","17.250000","0.000000","10.00","0.00","0.00","0.00","0.00","10.00","0.00","Y","N","","11/25/2021","55555","","","","","","","1","M","9999","M","",""
"8","11914","000104420000005","1","5/18/2022","5/18/2022","0.00","9999999999.00","P","D","M","12.200000","0.000000","17.250000","0.000000","10.00","0.00","0.00","0.00","0.00","10.00","0.00","Y","N","","5/18/2022","55555","","","","","","","1","M","9999","M","",""
"9","11915","000104420000005","1","7/4/2022","7/4/2022","0.00","9999999999.00","P","D","M","13.900000","1.700000","18.950000","0.000000","10.00","0.00","0.00","0.00","0.00","10.00","0.00","Y","N","","7/4/2022","55555","","","","","","","1","M","9999","M","",""
"10","11916","000104420000005","1","8/16/2022","8/16/2022","0.00","9999999999.00","P","D","M","13.900000","0.000000","18.950000","0.000000","10.00","0.00","0.00","0.00","0.00","10.00","0.00","Y","N","","8/16/2022","55555","","","","","","","1","M","9999","M","",""
"11","11917","000104420000005","1","9/14/2022","9/14/2022","0.00","9999999999.00","P","D","M","13.900000","0.000000","18.950000","0.000000","10.00","0.00","0.00","0.00","0.00","10.00","0.00","Y","N","","9/14/2022","55555","","","","","","","1","M","9999","M","",""
"12","11918","000104420000005","1","10/19/2022","10/19/2022","0.00","9999999999.00","P","D","M","13.900000","0.000000","18.950000","0.000000","10.00","0.00","0.00","0.00","0.00","10.00","0.00","Y","N","","10/19/2022","55555","","","","","","","1","M","9999","M","",""
"13","11919","000104420000005","1","2/13/2023","2/13/2023","0.00","9999999999.00","P","D","M","17.300000","3.400000","22.350000","0.000000","10.00","0.00","0.00","0.00","0.00","10.00","0.00","Y","N","","2/13/2023","55555","","","","","","","1","M","9999","M","",""
"14","11920","000104420000005","1","3/25/2024","3/25/2024","0.00","9999999999.00","P","D","M","24.900000","7.600000","29.950000","0.000000","10.00","0.00","0.00","0.00","0.00","10.00","0.00","Y","N","","3/25/2024","55555","","","","","","","1","M","9999","M","",""
"15","11921","000104420000005","1","7/16/2024","7/16/2024","0.00","9999999999.00","P","D","M","25.000000","0.100000","30.050000","0.000000","10.00","0.00","0.00","0.00","0.00","10.00","0.00","Y","N","","7/16/2024","55555","","","","","","","1","M","9999","M","",""
"16","11922","000104420000005","1","8/14/2024","8/14/2024","0.00","9999999999.00","P","D","M","25.000000","0.000000","30.050000","0.000000","10.00","0.00","0.00","0.00","0.00","10.00","0.00","Y","N","","8/14/2024","55555","","","","","","","1","M","9999","M","",""
"17","11923","000104420000005","1","9/16/2024","9/16/2024","0.00","9999999999.00","P","D","M","25.400000","0.400000","30.450000","0.000000","10.00","0.00","0.00","0.00","0.00","10.00","0.00","Y","N","","9/16/2024","55555","","","","","","","1","M","9999","M","",""
"18","11888","000104420000005","1","12/9/2024","12/9/2024","0.00","9999999999.00","P","D","M","25.300000","-0.100000","30.350000","0.000000","10.00","0.00","0.00","0.00","0.00","10.00","0.00","Y","Y","","12/9/2024","55555","","55555","","","","","1","M","9999","M","",""
"19","11924","000104420000005","1","12/9/2024","12/9/2024","0.00","9999999999.00","P","D","M","25.300000","0.000000","30.450000","0.000000","10.00","0.00","0.00","0.00","0.00","10.00","0.00","Y","N","","12/9/2024","55555","","","","","","","1","M","9999","M","",""
"20","11925","000104420000005","1","12/10/2024","12/10/2024","0.00","9999999999.00","P","D","M","25.300000","-0.100000","30.350000","0.000000","10.00","0.00","0.00","0.00","0.00","10.00","0.00","Y","N","","12/10/2024","55555","","","","","","","1","M","9999","M","",""
"21","11926","000104420000005","1","4/14/2025","4/14/2025","0.00","9999999999.00","P","D","M","25.100000","-0.200000","30.150000","0.000000","10.00","0.00","0.00","0.00","0.00","10.00","0.00","Y","N","","4/14/2025","55555","","","","","","","1","M","9999","M","",""
"22","11927","000104420000005","1","4/16/2025","4/16/2025","0.00","9999999999.00","P","D","M","25.100000","0.000000","30.150000","0.000000","10.00","0.00","0.00","0.00","0.00","10.00","0.00","Y","N","","4/16/2025","55555","","","","","","","1","M","9999","M","",""
"23","11928","000104420000005","1","4/17/2025","4/17/2025","0.00","9999999999.00","P","D","M","25.100000","0.000000","30.150000","0.000000","10.00","0.00","0.00","0.00","0.00","10.00","0.00","Y","N","","4/17/2025","55555","","","","","","","1","M","9999","M","",""
"24","11929","000104420000005","1","4/22/2025","4/22/2025","0.00","9999999999.00","P","D","M","25.100000","0.000000","30.150000","0.000000","10.00","0.00","0.00","0.00","0.00","10.00","0.00","Y","N","","4/22/2025","55555","","","","","","","1","M","9999","M","",""
"25","11930","000104420000005","1","4/23/2025","4/23/2025","0.00","9999999999.00","P","D","M","25.100000","0.000000","30.150000","0.000000","10.00","0.00","0.00","0.00","0.00","10.00","0.00","Y","N","","4/23/2025","55555","","","","","","","1","M","9999","M","",""
"26","11931","000104420000005","1","4/30/2025","4/30/2025","0.00","9999999999.00","P","D","M","25.100000","0.000000","30.150000","0.000000","10.00","0.00","0.00","0.00","0.00","10.00","0.00","Y","N","","4/30/2025","55555","","","","","","","1","M","9999","M","",""
"27","11932","000104420000005","1","5/19/2025","5/19/2025","0.00","9999999999.00","P","D","M","25.100000","0.000000","30.150000","0.000000","10.00","0.00","0.00","0.00","0.00","10.00","0.00","Y","N","","5/19/2025","55555","","","","","","","1","M","9999","M","",""
"28","11933","000104420000005","1","5/22/2025","5/22/2025","0.00","9999999999.00","P","D","M","25.100000","0.000000","30.150000","0.000000","10.00","0.00","0.00","0.00","0.00","10.00","0.00","Y","N","","5/22/2025","55555","","","","","","","1","M","9999","M","",""
"29","11934","000104420000005","1","5/27/2025","5/27/2025","0.00","9999999999.00","P","D","M","25.200000","0.100000","30.250000","0.000000","10.00","0.00","0.00","0.00","0.00","10.00","0.00","Y","N","","5/27/2025","55555","","","","","","","1","M","9999","M","",""
"30","11935","000104420000005","1","5/28/2025","5/28/2025","0.00","9999999999.00","P","D","M","25.200000","0.000000","30.250000","0.000000","10.00","0.00","0.00","0.00","0.00","10.00","0.00","Y","N","","5/28/2025","55555","","","","","","","1","M","9999","M","",""
"31","11936","000104420000005","1","6/5/2025","6/5/2025","0.00","9999999999.00","P","D","M","25.200000","0.000000","30.250000","0.000000","10.00","0.00","0.00","0.00","0.00","10.00","0.00","Y","N","","6/5/2025","55555","","","","","","","1","M","9999","M","",""
"32","11937","000104420000005","1","6/16/2025","6/16/2025","0.00","9999999999.00","P","D","M","25.100000","-0.100000","30.150000","0.000000","10.00","0.00","0.00","0.00","0.00","10.00","0.00","Y","N","","6/16/2025","55555","","","","","","","1","M","9999","M","",""
"33","11938","000104420000005","1","7/8/2025","7/8/2025","0.00","9999999999.00","P","D","M","25.300000","0.200000","30.350000","0.000000","10.00","0.00","0.00","0.00","0.00","10.00","0.00","Y","N","","7/8/2025","55555","","","","","","","1","M","9999","M","",""
"34","11903","000104420000005","1","7/15/2025","7/15/2025","0.00","9999999999.00","P","D","M","25.300000","0.000000","30.250000","0.000000","10.00","0.00","0.00","0.00","0.00","10.00","0.00","Y","Y","","7/15/2025","55555","","55555","","","","","1","M","9999","M","",""
"35","11939","000104420000005","1","7/15/2025","7/15/2025","0.00","9999999999.00","P","D","M","25.300000","0.000000","30.350000","0.000000","10.00","0.00","0.00","0.00","0.00","10.00","0.00","Y","N","","7/15/2025","55555","","","","","","","1","M","9999","M","",""
"36","11940","000104420000005","1","7/16/2025","7/16/2025","0.00","9999999999.00","P","D","M","25.300000","0.000000","30.350000","0.000000","10.00","0.00","0.00","0.00","0.00","10.00","0.00","Y","N","","7/16/2025","55555","","","","","","","1","M","9999","M","",""
"37","11941","000104420000005","1","7/23/2025","7/23/2025","0.00","9999999999.00","P","D","M","25.300000","0.000000","30.350000","0.000000","10.00","0.00","0.00","0.00","0.00","10.00","0.00","Y","N","","7/23/2025","55555","","","","","","","1","M","9999","M","",""
"38","11942","000104420000005","1","9/3/2025","9/3/2025","0.00","9999999999.00","P","D","M","25.300000","0.000000","30.350000","0.000000","10.00","0.00","0.00","0.00","0.00","10.00","0.00","Y","N","","9/3/2025","55555","","","","","","","1","M","9999","M","",""
"39","11943","000104420000005","1","10/1/2025","10/1/2025","0.00","9999999999.00","P","D","M","25.400000","0.100000","30.450000","0.000000","10.00","0.00","0.00","0.00","0.00","10.00","0.00","Y","N","","10/1/2025","55555","","","","","","","1","M","9999","M","",""
"40","11944","000104420000005","1","11/1/2025","11/1/2025","0.00","9999999999.00","P","D","M","25.300000","-0.100000","30.350000","0.000000","10.00","0.00","0.00","0.00","0.00","10.00","0.00","Y","N","","11/1/2025","55555","","","","","","","1","M","9999","M","",""
"41","415","000104420000006","1","3/28/2024","5/29/2020","1.00","99999999999.00","P","D","M","0.000000","0.000000","19.820000","0.000000","10.00","0.00","0.00","0.00","0.00","10.00","0.00","Y","N","M1","12/11/2025","101","0-1-03/04/2024-20:12:11-192.167.001.031","","","5","0-1-11/12/2025-11:04:12-192.168.002.001","","1","M","9999","M","",""
"42","11945","000104420000006","1","9/1/2020","9/1/2020","0.00","9999999999.00","P","D","M","13.400000","0.100000","19.920000","0.000000","10.00","0.00","0.00","0.00","0.00","10.00","0.00","Y","N","","9/1/2020","55555","","","","","","","1","M","9999","M","",""
"43","11946","000104420000006","1","10/13/2020","10/13/2020","0.00","9999999999.00","P","D","M","13.400000","0.000000","19.920000","0.000000","10.00","0.00","0.00","0.00","0.00","10.00","0.00","Y","N","","10/13/2020","55555","","","","","","","1","M","9999","M","",""
"44","11947","000104420000006","1","3/11/2021","3/11/2021","0.00","9999999999.00","P","D","M","12.000000","-1.400000","18.520000","0.000000","10.00","0.00","0.00","0.00","0.00","10.00","0.00","Y","N","","3/11/2021","55555","","","","","","","1","M","9999","M","",""
"45","11948","000104420000006","1","4/7/2021","4/7/2021","0.00","9999999999.00","P","D","M","12.000000","0.000000","18.520000","0.000000","10.00","0.00","0.00","0.00","0.00","10.00","0.00","Y","N","","4/7/2021","55555","","","","","","","1","M","9999","M","",""
"46","11949","000104420000006","1","11/25/2021","11/25/2021","0.00","9999999999.00","P","D","M","12.200000","0.200000","18.720000","0.000000","10.00","0.00","0.00","0.00","0.00","10.00","0.00","Y","N","","11/25/2021","55555","","","","","","","1","M","9999","M","",""
"47","11950","000104420000006","1","5/18/2022","5/18/2022","0.00","9999999999.00","P","D","M","12.200000","0.000000","18.720000","0.000000","10.00","0.00","0.00","0.00","0.00","10.00","0.00","Y","N","","5/18/2022","55555","","","","","","","1","M","9999","M","",""
"48","11951","000104420000006","1","7/4/2022","7/4/2022","0.00","9999999999.00","P","D","M","13.900000","1.700000","20.420000","0.000000","10.00","0.00","0.00","0.00","0.00","10.00","0.00","Y","N","","7/4/2022","55555","","","","","","","1","M","9999","M","",""
"49","11952","000104420000006","1","8/16/2022","8/16/2022","0.00","9999999999.00","P","D","M","13.900000","0.000000","20.420000","0.000000","10.00","0.00","0.00","0.00","0.00","10.00","0.00","Y","N","","8/16/2022","55555","","","","","","","1","M","9999","M","",""
"50","11953","000104420000006","1","9/14/2022","9/14/2022","0.00","9999999999.00","P","D","M","13.900000","0.000000","20.420000","0.000000","10.00","0.00","0.00","0.00","0.00","10.00","0.00","Y","N","","9/14/2022","55555","","","","","","","1","M","9999","M","",""
"51","11954","000104420000006","1","10/19/2022","10/19/2022","0.00","9999999999.00","P","D","M","13.900000","0.000000","20.420000","0.000000","10.00","0.00","0.00","0.00","0.00","10.00","0.00","Y","N","","10/19/2022","55555","","","","","","","1","M","9999","M","",""
"52","11955","000104420000006","1","2/13/2023","2/13/2023","0.00","9999999999.00","P","D","M","17.300000","3.400000","23.820000","0.000000","10.00","0.00","0.00","0.00","0.00","10.00","0.00","Y","N","","2/13/2023","55555","","","","","","","1","M","9999","M","",""
"53","11956","000104420000006","1","3/25/2024","3/25/2024","0.00","9999999999.00","P","D","M","24.900000","7.600000","31.420000","0.000000","10.00","0.00","0.00","0.00","0.00","10.00","0.00","Y","N","","3/25/2024","55555","","","","","","","1","M","9999","M","",""
"54","11957","000104420000006","1","7/16/2024","7/16/2024","0.00","9999999999.00","P","D","M","25.000000","0.100000","31.520000","0.000000","10.00","0.00","0.00","0.00","0.00","10.00","0.00","Y","N","","7/16/2024","55555","","","","","","","1","M","9999","M","",""
"55","11958","000104420000006","1","8/14/2024","8/14/2024","0.00","9999999999.00","P","D","M","25.000000","0.000000","31.520000","0.000000","10.00","0.00","0.00","0.00","0.00","10.00","0.00","Y","N","","8/14/2024","55555","","","","","","","1","M","9999","M","",""
"56","11959","000104420000006","1","9/16/2024","9/16/2024","0.00","9999999999.00","P","D","M","25.400000","0.400000","31.920000","0.000000","10.00","0.00","0.00","0.00","0.00","10.00","0.00","Y","N","","9/16/2024","55555","","","","","","","1","M","9999","M","",""
"57","11960","000104420000006","1","12/9/2024","12/9/2024","0.00","9999999999.00","P","D","M","25.300000","0.000000","31.920000","0.000000","10.00","0.00","0.00","0.00","0.00","10.00","0.00","Y","N","","12/9/2024","55555","","","","","","","1","M","9999","M","",""
"58","11961","000104420000006","1","12/10/2024","12/10/2024","0.00","9999999999.00","P","D","M","25.300000","-0.100000","31.820000","0.000000","10.00","0.00","0.00","0.00","0.00","10.00","0.00","Y","N","","12/10/2024","55555","","","","","","","1","M","9999","M","",""
"59","11962","000104420000006","1","4/14/2025","4/14/2025","0.00","9999999999.00","P","D","M","25.100000","-0.200000","31.620000","0.000000","10.00","0.00","0.00","0.00","0.00","10.00","0.00","Y","N","","4/14/2025","55555","","","","","","","1","M","9999","M","",""
"60","11963","000104420000006","1","4/16/2025","4/16/2025","0.00","9999999999.00","P","D","M","25.100000","0.000000","31.620000","0.000000","10.00","0.00","0.00","0.00","0.00","10.00","0.00","Y","N","","4/16/2025","55555","","","","","","","1","M","9999","M","",""
"61","11964","000104420000006","1","4/17/2025","4/17/2025","0.00","9999999999.00","P","D","M","25.100000","0.000000","31.620000","0.000000","10.00","0.00","0.00","0.00","0.00","10.00","0.00","Y","N","","4/17/2025","55555","","","","","","","1","M","9999","M","",""
"62","11965","000104420000006","1","4/22/2025","4/22/2025","0.00","9999999999.00","P","D","M","25.100000","0.000000","31.620000","0.000000","10.00","0.00","0.00","0.00","0.00","10.00","0.00","Y","N","","4/22/2025","55555","","","","","","","1","M","9999","M","",""
"63","11966","000104420000006","1","4/23/2025","4/23/2025","0.00","9999999999.00","P","D","M","25.100000","0.000000","31.620000","0.000000","10.00","0.00","0.00","0.00","0.00","10.00","0.00","Y","N","","4/23/2025","55555","","","","","","","1","M","9999","M","",""
"64","11967","000104420000006","1","4/30/2025","4/30/2025","0.00","9999999999.00","P","D","M","25.100000","0.000000","31.620000","0.000000","10.00","0.00","0.00","0.00","0.00","10.00","0.00","Y","N","","4/30/2025","55555","","","","","","","1","M","9999","M","",""
"65","11968","000104420000006","1","5/19/2025","5/19/2025","0.00","9999999999.00","P","D","M","25.100000","0.000000","31.620000","0.000000","10.00","0.00","0.00","0.00","0.00","10.00","0.00","Y","N","","5/19/2025","55555","","","","","","","1","M","9999","M","",""
"66","11969","000104420000006","1","5/22/2025","5/22/2025","0.00","9999999999.00","P","D","M","25.100000","0.000000","31.620000","0.000000","10.00","0.00","0.00","0.00","0.00","10.00","0.00","Y","N","","5/22/2025","55555","","","","","","","1","M","9999","M","",""
"67","11970","000104420000006","1","5/27/2025","5/27/2025","0.00","9999999999.00","P","D","M","25.200000","0.100000","31.720000","0.000000","10.00","0.00","0.00","0.00","0.00","10.00","0.00","Y","N","","5/27/2025","55555","","","","","","","1","M","9999","M","",""
"68","11971","000104420000006","1","5/28/2025","5/28/2025","0.00","9999999999.00","P","D","M","25.200000","0.000000","31.720000","0.000000","10.00","0.00","0.00","0.00","0.00","10.00","0.00","Y","N","","5/28/2025","55555","","","","","","","1","M","9999","M","",""
"69","11972","000104420000006","1","6/5/2025","6/5/2025","0.00","9999999999.00","P","D","M","25.200000","0.000000","31.720000","0.000000","10.00","0.00","0.00","0.00","0.00","10.00","0.00","Y","N","","6/5/2025","55555","","","","","","","1","M","9999","M","",""
"70","11973","000104420000006","1","6/16/2025","6/16/2025","0.00","9999999999.00","P","D","M","25.100000","-0.100000","31.620000","0.000000","10.00","0.00","0.00","0.00","0.00","10.00","0.00","Y","N","","6/16/2025","55555","","","","","","","1","M","9999","M","",""
"71","11974","000104420000006","1","7/8/2025","7/8/2025","0.00","9999999999.00","P","D","M","25.300000","0.200000","31.820000","0.000000","10.00","0.00","0.00","0.00","0.00","10.00","0.00","Y","N","","7/8/2025","55555","","","","","","","1","M","9999","M","",""
"72","11975","000104420000006","1","7/15/2025","7/15/2025","0.00","9999999999.00","P","D","M","25.300000","0.000000","31.820000","0.000000","10.00","0.00","0.00","0.00","0.00","10.00","0.00","Y","N","","7/15/2025","55555","","","","","","","1","M","9999","M","",""
"73","11976","000104420000006","1","7/16/2025","7/16/2025","0.00","9999999999.00","P","D","M","25.300000","0.000000","31.820000","0.000000","10.00","0.00","0.00","0.00","0.00","10.00","0.00","Y","N","","7/16/2025","55555","","","","","","","1","M","9999","M","",""
"74","11977","000104420000006","1","7/23/2025","7/23/2025","0.00","9999999999.00","P","D","M","25.300000","0.000000","31.820000","0.000000","10.00","0.00","0.00","0.00","0.00","10.00","0.00","Y","N","","7/23/2025","55555","","","","","","","1","M","9999","M","",""
"75","11978","000104420000006","1","9/3/2025","9/3/2025","0.00","9999999999.00","P","D","M","25.300000","0.000000","31.820000","0.000000","10.00","0.00","0.00","0.00","0.00","10.00","0.00","Y","N","","9/3/2025","55555","","","","","","","1","M","9999","M","",""
"76","11979","000104420000006","1","10/1/2025","10/1/2025","0.00","9999999999.00","P","D","M","25.400000","0.100000","31.920000","0.000000","10.00","0.00","0.00","0.00","0.00","10.00","0.00","Y","N","","10/1/2025","55555","","","","","","","1","M","9999","M","",""
"77","11980","000104420000006","1","11/1/2025","11/1/2025","0.00","9999999999.00","P","D","M","25.300000","-0.100000","31.820000","0.000000","10.00","0.00","0.00","0.00","0.00","10.00","0.00","Y","N","","11/1/2025","55555","","","","","","","1","M","9999","M","",""
"78","416","000104420000007","1","3/28/2024","9/1/2020","1.00","999999999999.00","P","D","M","0.000000","0.000000","20.100000","0.000000","10.00","0.00","0.00","0.00","0.00","10.00","0.00","Y","N","M3","12/30/2025","101","0-1-03/04/2024-20:15:47-192.167.001.031","","","5","0-1-31/12/2025-10:31:00-192.168.002.001","","1","M","9999","M","",""
"79","12559","000104420000007","1","10/13/2020","10/13/2020","0.00","9999999999.00","P","D","M","13.400000","0.000000","20.100000","0.000000","10.00","0.00","0.00","0.00","0.00","10.00","0.00","Y","N","","10/13/2020","55555","","","","","","","1","M","9999","M","",""
"80","12560","000104420000007","1","3/11/2021","3/11/2021","0.00","9999999999.00","P","D","M","12.000000","-1.400000","18.700000","0.000000","10.00","0.00","0.00","0.00","0.00","10.00","0.00","Y","N","","3/11/2021","55555","","","","","","","1","M","9999","M","",""
"81","12561","000104420000007","1","4/7/2021","4/7/2021","0.00","9999999999.00","P","D","M","12.000000","0.000000","18.700000","0.000000","10.00","0.00","0.00","0.00","0.00","10.00","0.00","Y","N","","4/7/2021","55555","","","","","","","1","M","9999","M","",""
"82","12562","000104420000007","1","11/25/2021","11/25/2021","0.00","9999999999.00","P","D","M","12.200000","0.200000","18.900000","0.000000","10.00","0.00","0.00","0.00","0.00","10.00","0.00","Y","N","","11/25/2021","55555","","","","","","","1","M","9999","M","",""
"83","12563","000104420000007","1","5/18/2022","5/18/2022","0.00","9999999999.00","P","D","M","12.200000","0.000000","18.900000","0.000000","10.00","0.00","0.00","0.00","0.00","10.00","0.00","Y","N","","5/18/2022","55555","","","","","","","1","M","9999","M","",""
"84","12564","000104420000007","1","7/4/2022","7/4/2022","0.00","9999999999.00","P","D","M","13.900000","1.700000","20.600000","0.000000","10.00","0.00","0.00","0.00","0.00","10.00","0.00","Y","N","","7/4/2022","55555","","","","","","","1","M","9999","M","",""
"85","12565","000104420000007","1","8/16/2022","8/16/2022","0.00","9999999999.00","P","D","M","13.900000","0.000000","20.600000","0.000000","10.00","0.00","0.00","0.00","0.00","10.00","0.00","Y","N","","8/16/2022","55555","","","","","","","1","M","9999","M","",""
"86","12566","000104420000007","1","9/14/2022","9/14/2022","0.00","9999999999.00","P","D","M","13.900000","0.000000","20.600000","0.000000","10.00","0.00","0.00","0.00","0.00","10.00","0.00","Y","N","","9/14/2022","55555","","","","","","","1","M","9999","M","",""
"87","12567","000104420000007","1","10/19/2022","10/19/2022","0.00","9999999999.00","P","D","M","13.900000","0.000000","20.600000","0.000000","10.00","0.00","0.00","0.00","0.00","10.00","0.00","Y","N","","10/19/2022","55555","","","","","","","1","M","9999","M","",""
"88","12568","000104420000007","1","2/13/2023","2/13/2023","0.00","9999999999.00","P","D","M","17.300000","3.400000","24.000000","0.000000","10.00","0.00","0.00","0.00","0.00","10.00","0.00","Y","N","","2/13/2023","55555","","","","","","","1","M","9999","M","",""
"89","12569","000104420000007","1","3/25/2024","3/25/2024","0.00","9999999999.00","P","D","M","24.900000","7.600000","31.600000","0.000000","10.00","0.00","0.00","0.00","0.00","10.00","0.00","Y","N","","3/25/2024","55555","","","","","","","1","M","9999","M","",""
"90","12570","000104420000007","1","7/16/2024","7/16/2024","0.00","9999999999.00","P","D","M","25.000000","0.100000","31.700000","0.000000","10.00","0.00","0.00","0.00","0.00","10.00","0.00","Y","N","","7/16/2024","55555","","","","","","","1","M","9999","M","",""
"91","12571","000104420000007","1","8/14/2024","8/14/2024","0.00","9999999999.00","P","D","M","25.000000","0.000000","31.700000","0.000000","10.00","0.00","0.00","0.00","0.00","10.00","0.00","Y","N","","8/14/2024","55555","","","","","","","1","M","9999","M","",""
"92","12572","000104420000007","1","9/16/2024","9/16/2024","0.00","9999999999.00","P","D","M","25.400000","0.400000","32.100000","0.000000","10.00","0.00","0.00","0.00","0.00","10.00","0.00","Y","N","","9/16/2024","55555","","","","","","","1","M","9999","M","",""
"93","12573","000104420000007","1","12/9/2024","12/9/2024","0.00","9999999999.00","P","D","M","25.300000","0.000000","32.100000","0.000000","10.00","0.00","0.00","0.00","0.00","10.00","0.00","Y","N","","12/9/2024","55555","","","","","","","1","M","9999","M","",""
"94","12574","000104420000007","1","12/10/2024","12/10/2024","0.00","9999999999.00","P","D","M","25.300000","-0.100000","32.000000","0.000000","10.00","0.00","0.00","0.00","0.00","10.00","0.00","Y","N","","12/10/2024","55555","","","","","","","1","M","9999","M","",""
"95","12575","000104420000007","1","4/14/2025","4/14/2025","0.00","9999999999.00","P","D","M","25.100000","-0.200000","31.800000","0.000000","10.00","0.00","0.00","0.00","0.00","10.00","0.00","Y","N","","4/14/2025","55555","","","","","","","1","M","9999","M","",""
"96","12576","000104420000007","1","4/16/2025","4/16/2025","0.00","9999999999.00","P","D","M","25.100000","0.000000","31.800000","0.000000","10.00","0.00","0.00","0.00","0.00","10.00","0.00","Y","N","","4/16/2025","55555","","","","","","","1","M","9999","M","",""
"97","12577","000104420000007","1","4/17/2025","4/17/2025","0.00","9999999999.00","P","D","M","25.100000","0.000000","31.800000","0.000000","10.00","0.00","0.00","0.00","0.00","10.00","0.00","Y","N","","4/17/2025","55555","","","","","","","1","M","9999","M","",""
"98","12578","000104420000007","1","4/22/2025","4/22/2025","0.00","9999999999.00","P","D","M","25.100000","0.000000","31.800000","0.000000","10.00","0.00","0.00","0.00","0.00","10.00","0.00","Y","N","","4/22/2025","55555","","","","","","","1","M","9999","M","",""
"99","12579","000104420000007","1","4/23/2025","4/23/2025","0.00","9999999999.00","P","D","M","25.100000","0.000000","31.800000","0.000000","10.00","0.00","0.00","0.00","0.00","10.00","0.00","Y","N","","4/23/2025","55555","","","","","","","1","M","9999","M","",""
"100","12580","000104420000007","1","4/30/2025","4/30/2025","0.00","9999999999.00","P","D","M","25.100000","0.000000","31.800000","0.000000","10.00","0.00","0.00","0.00","0.00","10.00","0.00","Y","N","","4/30/2025","55555","","","","","","","1","M","9999","M","",""
"101","12581","000104420000007","1","5/19/2025","5/19/2025","0.00","9999999999.00","P","D","M","25.100000","0.000000","31.800000","0.000000","10.00","0.00","0.00","0.00","0.00","10.00","0.00","Y","N","","5/19/2025","55555","","","","","","","1","M","9999","M","",""
"102","12582","000104420000007","1","5/22/2025","5/22/2025","0.00","9999999999.00","P","D","M","25.100000","0.000000","31.800000","0.000000","10.00","0.00","0.00","0.00","0.00","10.00","0.00","Y","N","","5/22/2025","55555","","","","","","","1","M","9999","M","",""
"103","12583","000104420000007","1","5/27/2025","5/27/2025","0.00","9999999999.00","P","D","M","25.200000","0.100000","31.900000","0.000000","10.00","0.00","0.00","0.00","0.00","10.00","0.00","Y","N","","5/27/2025","55555","","","","","","","1","M","9999","M","",""
"104","12584","000104420000007","1","5/28/2025","5/28/2025","0.00","9999999999.00","P","D","M","25.200000","0.000000","31.900000","0.000000","10.00","0.00","0.00","0.00","0.00","10.00","0.00","Y","N","","5/28/2025","55555","","","","","","","1","M","9999","M","",""
"105","12585","000104420000007","1","6/5/2025","6/5/2025","0.00","9999999999.00","P","D","M","25.200000","0.000000","31.900000","0.000000","10.00","0.00","0.00","0.00","0.00","10.00","0.00","Y","N","","6/5/2025","55555","","","","","","","1","M","9999","M","",""
"106","12586","000104420000007","1","6/16/2025","6/16/2025","0.00","9999999999.00","P","D","M","25.100000","-0.100000","31.800000","0.000000","10.00","0.00","0.00","0.00","0.00","10.00","0.00","Y","N","","6/16/2025","55555","","","","","","","1","M","9999","M","",""
"107","12587","000104420000007","1","7/8/2025","7/8/2025","0.00","9999999999.00","P","D","M","25.300000","0.200000","32.000000","0.000000","10.00","0.00","0.00","0.00","0.00","10.00","0.00","Y","N","","7/8/2025","55555","","","","","","","1","M","9999","M","",""
"108","12588","000104420000007","1","7/15/2025","7/15/2025","0.00","9999999999.00","P","D","M","25.300000","0.000000","32.000000","0.000000","10.00","0.00","0.00","0.00","0.00","10.00","0.00","Y","N","","7/15/2025","55555","","","","","","","1","M","9999","M","",""
"109","12589","000104420000007","1","7/16/2025","7/16/2025","0.00","9999999999.00","P","D","M","25.300000","0.000000","32.000000","0.000000","10.00","0.00","0.00","0.00","0.00","10.00","0.00","Y","N","","7/16/2025","55555","","","","","","","1","M","9999","M","",""
"110","12590","000104420000007","1","7/23/2025","7/23/2025","0.00","9999999999.00","P","D","M","25.300000","0.000000","32.000000","0.000000","10.00","0.00","0.00","0.00","0.00","10.00","0.00","Y","N","","7/23/2025","55555","","","","","","","1","M","9999","M","",""
"111","12591","000104420000007","1","9/3/2025","9/3/2025","0.00","9999999999.00","P","D","M","25.300000","0.000000","32.000000","0.000000","10.00","0.00","0.00","0.00","0.00","10.00","0.00","Y","N","","9/3/2025","55555","","","","","","","1","M","9999","M","",""
"112","12592","000104420000007","1","10/1/2025","10/1/2025","0.00","9999999999.00","P","D","M","25.400000","0.100000","32.100000","0.000000","10.00","0.00","0.00","0.00","0.00","10.00","0.00","Y","N","","10/1/2025","55555","","","","","","","1","M","9999","M","",""
"113","12593","000104420000007","1","11/1/2025","11/1/2025","0.00","9999999999.00","P","D","M","25.300000","-0.100000","32.000000","0.000000","10.00","0.00","0.00","0.00","0.00","10.00","0.00","Y","N","","11/1/2025","55555","","","","","","","1","M","9999","M","",""
"114","417","000104420000009","1","10/13/2020","10/13/2020","1.00","1E19","P","D","M","0.000000","0.000000","22.000000","0.000000","10.00","0.00","0.00","0.00","0.00","10.00","0.00","Y","N","M12","12/11/2025","101","0-1-03/04/2024-21:08:22-192.167.001.031","","","5","0-1-11/12/2025-11:29:22-192.168.002.001","","1","M","9999","M","",""
"115","12594","000104420000009","1","3/11/2021","3/11/2021","0.00","9999999999.00","P","D","M","12.000000","-1.400000","20.600000","0.000000","10.00","0.00","0.00","0.00","0.00","10.00","0.00","Y","N","","3/11/2021","55555","","","","","","","1","M","9999","M","",""
"116","12595","000104420000009","1","4/7/2021","4/7/2021","0.00","9999999999.00","P","D","M","12.000000","0.000000","20.600000","0.000000","10.00","0.00","0.00","0.00","0.00","10.00","0.00","Y","N","","4/7/2021","55555","","","","","","","1","M","9999","M","",""
"117","12596","000104420000009","1","11/25/2021","11/25/2021","0.00","9999999999.00","P","D","M","12.200000","0.200000","20.800000","0.000000","10.00","0.00","0.00","0.00","0.00","10.00","0.00","Y","N","","11/25/2021","55555","","","","","","","1","M","9999","M","",""
"118","12597","000104420000009","1","5/18/2022","5/18/2022","0.00","9999999999.00","P","D","M","12.200000","0.000000","20.800000","0.000000","10.00","0.00","0.00","0.00","0.00","10.00","0.00","Y","N","","5/18/2022","55555","","","","","","","1","M","9999","M","",""
"119","12598","000104420000009","1","7/4/2022","7/4/2022","0.00","9999999999.00","P","D","M","13.900000","1.700000","22.500000","0.000000","10.00","0.00","0.00","0.00","0.00","10.00","0.00","Y","N","","7/4/2022","55555","","","","","","","1","M","9999","M","",""
"120","12599","000104420000009","1","8/16/2022","8/16/2022","0.00","9999999999.00","P","D","M","13.900000","0.000000","22.500000","0.000000","10.00","0.00","0.00","0.00","0.00","10.00","0.00","Y","N","","8/16/2022","55555","","","","","","","1","M","9999","M","",""
"121","12600","000104420000009","1","9/14/2022","9/14/2022","0.00","9999999999.00","P","D","M","13.900000","0.000000","22.500000","0.000000","10.00","0.00","0.00","0.00","0.00","10.00","0.00","Y","N","","9/14/2022","55555","","","","","","","1","M","9999","M","",""
"122","12601","000104420000009","1","10/19/2022","10/19/2022","0.00","9999999999.00","P","D","M","13.900000","0.000000","22.500000","0.000000","10.00","0.00","0.00","0.00","0.00","10.00","0.00","Y","N","","10/19/2022","55555","","","","","","","1","M","9999","M","",""
"123","12602","000104420000009","1","2/13/2023","2/13/2023","0.00","9999999999.00","P","D","M","17.300000","3.400000","25.900000","0.000000","10.00","0.00","0.00","0.00","0.00","10.00","0.00","Y","N","","2/13/2023","55555","","","","","","","1","M","9999","M","",""
"124","12603","000104420000009","1","3/25/2024","3/25/2024","0.00","9999999999.00","P","D","M","24.900000","7.600000","33.500000","0.000000","10.00","0.00","0.00","0.00","0.00","10.00","0.00","Y","N","","3/25/2024","55555","","","","","","","1","M","9999","M","",""
"125","12604","000104420000009","1","7/16/2024","7/16/2024","0.00","9999999999.00","P","D","M","25.000000","0.100000","33.600000","0.000000","10.00","0.00","0.00","0.00","0.00","10.00","0.00","Y","N","","7/16/2024","55555","","","","","","","1","M","9999","M","",""
"126","12605","000104420000009","1","8/14/2024","8/14/2024","0.00","9999999999.00","P","D","M","25.000000","0.000000","33.600000","0.000000","10.00","0.00","0.00","0.00","0.00","10.00","0.00","Y","N","","8/14/2024","55555","","","","","","","1","M","9999","M","",""
"127","12606","000104420000009","1","9/16/2024","9/16/2024","0.00","9999999999.00","P","D","M","25.400000","0.400000","34.000000","0.000000","10.00","0.00","0.00","0.00","0.00","10.00","0.00","Y","N","","9/16/2024","55555","","","","","","","1","M","9999","M","",""
"128","12607","000104420000009","1","12/9/2024","12/9/2024","0.00","9999999999.00","P","D","M","25.300000","0.000000","34.000000","0.000000","10.00","0.00","0.00","0.00","0.00","10.00","0.00","Y","N","","12/9/2024","55555","","","","","","","1","M","9999","M","",""
"129","12608","000104420000009","1","12/10/2024","12/10/2024","0.00","9999999999.00","P","D","M","25.300000","-0.100000","33.900000","0.000000","10.00","0.00","0.00","0.00","0.00","10.00","0.00","Y","N","","12/10/2024","55555","","","","","","","1","M","9999","M","",""
"130","12609","000104420000009","1","4/14/2025","4/14/2025","0.00","9999999999.00","P","D","M","25.100000","-0.200000","33.700000","0.000000","10.00","0.00","0.00","0.00","0.00","10.00","0.00","Y","N","","4/14/2025","55555","","","","","","","1","M","9999","M","",""
"131","12610","000104420000009","1","4/16/2025","4/16/2025","0.00","9999999999.00","P","D","M","25.100000","0.000000","33.700000","0.000000","10.00","0.00","0.00","0.00","0.00","10.00","0.00","Y","N","","4/16/2025","55555","","","","","","","1","M","9999","M","",""
"132","12611","000104420000009","1","4/17/2025","4/17/2025","0.00","9999999999.00","P","D","M","25.100000","0.000000","33.700000","0.000000","10.00","0.00","0.00","0.00","0.00","10.00","0.00","Y","N","","4/17/2025","55555","","","","","","","1","M","9999","M","",""
"133","12612","000104420000009","1","4/22/2025","4/22/2025","0.00","9999999999.00","P","D","M","25.100000","0.000000","33.700000","0.000000","10.00","0.00","0.00","0.00","0.00","10.00","0.00","Y","N","","4/22/2025","55555","","","","","","","1","M","9999","M","",""
"134","12613","000104420000009","1","4/23/2025","4/23/2025","0.00","9999999999.00","P","D","M","25.100000","0.000000","33.700000","0.000000","10.00","0.00","0.00","0.00","0.00","10.00","0.00","Y","N","","4/23/2025","55555","","","","","","","1","M","9999","M","",""
"135","12614","000104420000009","1","4/30/2025","4/30/2025","0.00","9999999999.00","P","D","M","25.100000","0.000000","33.700000","0.000000","10.00","0.00","0.00","0.00","0.00","10.00","0.00","Y","N","","4/30/2025","55555","","","","","","","1","M","9999","M","",""
"136","12615","000104420000009","1","5/19/2025","5/19/2025","0.00","9999999999.00","P","D","M","25.100000","0.000000","33.700000","0.000000","10.00","0.00","0.00","0.00","0.00","10.00","0.00","Y","N","","5/19/2025","55555","","","","","","","1","M","9999","M","",""
"137","12616","000104420000009","1","5/22/2025","5/22/2025","0.00","9999999999.00","P","D","M","25.100000","0.000000","33.700000","0.000000","10.00","0.00","0.00","0.00","0.00","10.00","0.00","Y","N","","5/22/2025","55555","","","","","","","1","M","9999","M","",""
"138","12617","000104420000009","1","5/27/2025","5/27/2025","0.00","9999999999.00","P","D","M","25.200000","0.100000","33.800000","0.000000","10.00","0.00","0.00","0.00","0.00","10.00","0.00","Y","N","","5/27/2025","55555","","","","","","","1","M","9999","M","",""
"139","12618","000104420000009","1","5/28/2025","5/28/2025","0.00","9999999999.00","P","D","M","25.200000","0.000000","33.800000","0.000000","10.00","0.00","0.00","0.00","0.00","10.00","0.00","Y","N","","5/28/2025","55555","","","","","","","1","M","9999","M","",""
"140","12619","000104420000009","1","6/5/2025","6/5/2025","0.00","9999999999.00","P","D","M","25.200000","0.000000","33.800000","0.000000","10.00","0.00","0.00","0.00","0.00","10.00","0.00","Y","N","","6/5/2025","55555","","","","","","","1","M","9999","M","",""
"141","12620","000104420000009","1","6/16/2025","6/16/2025","0.00","9999999999.00","P","D","M","25.100000","-0.100000","33.700000","0.000000","10.00","0.00","0.00","0.00","0.00","10.00","0.00","Y","N","","6/16/2025","55555","","","","","","","1","M","9999","M","",""
"142","12621","000104420000009","1","7/8/2025","7/8/2025","0.00","9999999999.00","P","D","M","25.300000","0.200000","33.900000","0.000000","10.00","0.00","0.00","0.00","0.00","10.00","0.00","Y","N","","7/8/2025","55555","","","","","","","1","M","9999","M","",""
"143","12622","000104420000009","1","7/15/2025","7/15/2025","0.00","9999999999.00","P","D","M","25.300000","0.000000","33.900000","0.000000","10.00","0.00","0.00","0.00","0.00","10.00","0.00","Y","N","","7/15/2025","55555","","","","","","","1","M","9999","M","",""
"144","12623","000104420000009","1","7/16/2025","7/16/2025","0.00","9999999999.00","P","D","M","25.300000","0.000000","33.900000","0.000000","10.00","0.00","0.00","0.00","0.00","10.00","0.00","Y","N","","7/16/2025","55555","","","","","","","1","M","9999","M","",""
"145","12624","000104420000009","1","7/23/2025","7/23/2025","0.00","9999999999.00","P","D","M","25.300000","0.000000","33.900000","0.000000","10.00","0.00","0.00","0.00","0.00","10.00","0.00","Y","N","","7/23/2025","55555","","","","","","","1","M","9999","M","",""
"146","12625","000104420000009","1","9/3/2025","9/3/2025","0.00","9999999999.00","P","D","M","25.300000","0.000000","33.900000","0.000000","10.00","0.00","0.00","0.00","0.00","10.00","0.00","Y","N","","9/3/2025","55555","","","","","","","1","M","9999","M","",""
"147","12626","000104420000009","1","10/1/2025","10/1/2025","0.00","9999999999.00","P","D","M","25.400000","0.100000","34.000000","0.000000","10.00","0.00","0.00","0.00","0.00","10.00","0.00","Y","N","","10/1/2025","55555","","","","","","","1","M","9999","M","",""
"148","12627","000104420000009","1","11/1/2025","11/1/2025","0.00","9999999999.00","P","D","M","25.300000","-0.100000","33.900000","0.000000","10.00","0.00","0.00","0.00","0.00","10.00","0.00","Y","N","","11/1/2025","55555","","","","","","","1","M","9999","M","",""
"149","418","000104420000010","1","4/21/2021","4/21/2021","1.00","1E19","M","D","M","0.000000","0.000000","18.000000","0.000000","10.00","0.00","0.00","0.00","0.00","10.00","0.00","Y","N","N170","3/28/2024","101","0-1-03/04/2024-21:11:25-192.167.001.031","","","9998","0-1-04/04/2024-09:01:54-192.167.001.031","","1","M","9999","M","",""
"150","12765","000104420000010","1","11/25/2021","11/25/2021","0.00","9999999999.00","M","D","M","12.200000","0.200000","18.200000","0.000000","10.00","0.00","0.00","0.00","0.00","10.00","0.00","Y","N","","11/25/2021","55555","","","","","","","1","M","9999","M","",""
"151","12766","000104420000010","1","5/18/2022","5/18/2022","0.00","9999999999.00","M","D","M","12.200000","0.000000","18.200000","0.000000","10.00","0.00","0.00","0.00","0.00","10.00","0.00","Y","N","","5/18/2022","55555","","","","","","","1","M","9999","M","",""
"152","12767","000104420000010","1","7/4/2022","7/4/2022","0.00","9999999999.00","M","D","M","13.900000","1.700000","19.900000","0.000000","10.00","0.00","0.00","0.00","0.00","10.00","0.00","Y","N","","7/4/2022","55555","","","","","","","1","M","9999","M","",""
"153","12768","000104420000010","1","8/16/2022","8/16/2022","0.00","9999999999.00","M","D","M","13.900000","0.000000","19.900000","0.000000","10.00","0.00","0.00","0.00","0.00","10.00","0.00","Y","N","","8/16/2022","55555","","","","","","","1","M","9999","M","",""
"154","12769","000104420000010","1","9/14/2022","9/14/2022","0.00","9999999999.00","M","D","M","13.900000","0.000000","19.900000","0.000000","10.00","0.00","0.00","0.00","0.00","10.00","0.00","Y","N","","9/14/2022","55555","","","","","","","1","M","9999","M","",""
"155","12770","000104420000010","1","10/19/2022","10/19/2022","0.00","9999999999.00","M","D","M","13.900000","0.000000","19.900000","0.000000","10.00","0.00","0.00","0.00","0.00","10.00","0.00","Y","N","","10/19/2022","55555","","","","","","","1","M","9999","M","",""
"156","12771","000104420000010","1","2/13/2023","2/13/2023","0.00","9999999999.00","M","D","M","17.300000","3.400000","23.300000","0.000000","10.00","0.00","0.00","0.00","0.00","10.00","0.00","Y","N","","2/13/2023","55555","","","","","","","1","M","9999","M","",""
"157","12772","000104420000010","1","3/25/2024","3/25/2024","0.00","9999999999.00","M","D","M","24.900000","7.600000","30.900000","0.000000","10.00","0.00","0.00","0.00","0.00","10.00","0.00","Y","N","","3/25/2024","55555","","","","","","","1","M","9999","M","",""
"158","12773","000104420000010","1","7/16/2024","7/16/2024","0.00","9999999999.00","M","D","M","25.000000","0.100000","31.000000","0.000000","10.00","0.00","0.00","0.00","0.00","10.00","0.00","Y","N","","7/16/2024","55555","","","","","","","1","M","9999","M","",""
"159","12774","000104420000010","1","8/14/2024","8/14/2024","0.00","9999999999.00","M","D","M","25.000000","0.000000","31.000000","0.000000","10.00","0.00","0.00","0.00","0.00","10.00","0.00","Y","N","","8/14/2024","55555","","","","","","","1","M","9999","M","",""
"160","12775","000104420000010","1","9/16/2024","9/16/2024","0.00","9999999999.00","M","D","M","25.400000","0.400000","31.400000","0.000000","10.00","0.00","0.00","0.00","0.00","10.00","0.00","Y","N","","9/16/2024","55555","","","","","","","1","M","9999","M","",""
"161","12776","000104420000010","1","12/9/2024","12/9/2024","0.00","9999999999.00","M","D","M","25.300000","0.000000","31.400000","0.000000","10.00","0.00","0.00","0.00","0.00","10.00","0.00","Y","N","","12/9/2024","55555","","","","","","","1","M","9999","M","",""
"162","12777","000104420000010","1","12/10/2024","12/10/2024","0.00","9999999999.00","M","D","M","25.300000","-0.100000","31.300000","0.000000","10.00","0.00","0.00","0.00","0.00","10.00","0.00","Y","N","","12/10/2024","55555","","","","","","","1","M","9999","M","",""
"163","12778","000104420000010","1","4/14/2025","4/14/2025","0.00","9999999999.00","M","D","M","25.100000","-0.200000","31.100000","0.000000","10.00","0.00","0.00","0.00","0.00","10.00","0.00","Y","N","","4/14/2025","55555","","","","","","","1","M","9999","M","",""
"164","12779","000104420000010","1","4/16/2025","4/16/2025","0.00","9999999999.00","M","D","M","25.100000","0.000000","31.100000","0.000000","10.00","0.00","0.00","0.00","0.00","10.00","0.00","Y","N","","4/16/2025","55555","","","","","","","1","M","9999","M","",""
"165","12780","000104420000010","1","4/17/2025","4/17/2025","0.00","9999999999.00","M","D","M","25.100000","0.000000","31.100000","0.000000","10.00","0.00","0.00","0.00","0.00","10.00","0.00","Y","N","","4/17/2025","55555","","","","","","","1","M","9999","M","",""
"166","12781","000104420000010","1","4/22/2025","4/22/2025","0.00","9999999999.00","M","D","M","25.100000","0.000000","31.100000","0.000000","10.00","0.00","0.00","0.00","0.00","10.00","0.00","Y","N","","4/22/2025","55555","","","","","","","1","M","9999","M","",""
"167","12782","000104420000010","1","4/23/2025","4/23/2025","0.00","9999999999.00","M","D","M","25.100000","0.000000","31.100000","0.000000","10.00","0.00","0.00","0.00","0.00","10.00","0.00","Y","N","","4/23/2025","55555","","","","","","","1","M","9999","M","",""
"168","12783","000104420000010","1","4/30/2025","4/30/2025","0.00","9999999999.00","M","D","M","25.100000","0.000000","31.100000","0.000000","10.00","0.00","0.00","0.00","0.00","10.00","0.00","Y","N","","4/30/2025","55555","","","","","","","1","M","9999","M","",""
"169","12784","000104420000010","1","5/19/2025","5/19/2025","0.00","9999999999.00","M","D","M","25.100000","0.000000","31.100000","0.000000","10.00","0.00","0.00","0.00","0.00","10.00","0.00","Y","N","","5/19/2025","55555","","","","","","","1","M","9999","M","",""
"170","12785","000104420000010","1","5/22/2025","5/22/2025","0.00","9999999999.00","M","D","M","25.100000","0.000000","31.100000","0.000000","10.00","0.00","0.00","0.00","0.00","10.00","0.00","Y","N","","5/22/2025","55555","","","","","","","1","M","9999","M","",""
"171","12786","000104420000010","1","5/27/2025","5/27/2025","0.00","9999999999.00","M","D","M","25.200000","0.100000","31.200000","0.000000","10.00","0.00","0.00","0.00","0.00","10.00","0.00","Y","N","","5/27/2025","55555","","","","","","","1","M","9999","M","",""
"172","12787","000104420000010","1","5/28/2025","5/28/2025","0.00","9999999999.00","M","D","M","25.200000","0.000000","31.200000","0.000000","10.00","0.00","0.00","0.00","0.00","10.00","0.00","Y","N","","5/28/2025","55555","","","","","","","1","M","9999","M","",""
"173","12788","000104420000010","1","6/5/2025","6/5/2025","0.00","9999999999.00","M","D","M","25.200000","0.000000","31.200000","0.000000","10.00","0.00","0.00","0.00","0.00","10.00","0.00","Y","N","","6/5/2025","55555","","","","","","","1","M","9999","M","",""
"174","12789","000104420000010","1","6/16/2025","6/16/2025","0.00","9999999999.00","M","D","M","25.100000","-0.100000","31.100000","0.000000","10.00","0.00","0.00","0.00","0.00","10.00","0.00","Y","N","","6/16/2025","55555","","","","","","","1","M","9999","M","",""
"175","12790","000104420000010","1","7/8/2025","7/8/2025","0.00","9999999999.00","M","D","M","25.300000","0.200000","31.300000","0.000000","10.00","0.00","0.00","0.00","0.00","10.00","0.00","Y","N","","7/8/2025","55555","","","","","","","1","M","9999","M","",""
"176","12791","000104420000010","1","7/15/2025","7/15/2025","0.00","9999999999.00","M","D","M","25.300000","0.000000","31.300000","0.000000","10.00","0.00","0.00","0.00","0.00","10.00","0.00","Y","N","","7/15/2025","55555","","","","","","","1","M","9999","M","",""
"177","12792","000104420000010","1","7/16/2025","7/16/2025","0.00","9999999999.00","M","D","M","25.300000","0.000000","31.300000","0.000000","10.00","0.00","0.00","0.00","0.00","10.00","0.00","Y","N","","7/16/2025","55555","","","","","","","1","M","9999","M","",""
"178","12793","000104420000010","1","7/23/2025","7/23/2025","0.00","9999999999.00","M","D","M","25.300000","0.000000","31.300000","0.000000","10.00","0.00","0.00","0.00","0.00","10.00","0.00","Y","N","","7/23/2025","55555","","","","","","","1","M","9999","M","",""
"179","12794","000104420000010","1","9/3/2025","9/3/2025","0.00","9999999999.00","M","D","M","25.300000","0.000000","31.300000","0.000000","10.00","0.00","0.00","0.00","0.00","10.00","0.00","Y","N","","9/3/2025","55555","","","","","","","1","M","9999","M","",""
"180","12795","000104420000010","1","10/1/2025","10/1/2025","0.00","9999999999.00","M","D","M","25.400000","0.100000","31.400000","0.000000","10.00","0.00","0.00","0.00","0.00","10.00","0.00","Y","N","","10/1/2025","55555","","","","","","","1","M","9999","M","",""
"181","12796","000104420000010","1","11/1/2025","11/1/2025","0.00","9999999999.00","M","D","M","25.300000","-0.100000","31.300000","0.000000","10.00","0.00","0.00","0.00","0.00","10.00","0.00","Y","N","","11/1/2025","55555","","","","","","","1","M","9999","M","",""
"182","13046","000104420000010","1","2/4/2026","2/4/2026","0.00","9999999999.00","P","D","M","24.700000","-0.600000","30.700000","0.000000","10.00","0.00","0.00","0.00","0.00","10.00","0.00","N","Y","N1","2/4/2026","51","0-1-05/02/2026-11:13:13-192.168.002.001","","","","","","1","M","9999","M","",""
"183","13077","000104420000010","1","2/4/2026","2/4/2026","0.00","9999999999.00","P","D","M","24.700000","-0.600000","30.700000","0.000000","10.00","0.00","0.00","0.00","0.00","10.00","0.00","N","Y","N4","2/4/2026","55555","","","","","","","1","M","9999","M","",""
"184","13086","000104420000010","1","2/4/2026","2/4/2026","0.00","9999999999.00","P","D","M","24.700000","-0.600000","30.700000","0.000000","10.00","0.00","0.00","0.00","0.00","10.00","0.00","N","Y","N8","2/4/2026","55555","","","","","","","1","M","9999","M","",""
"185","13118","000104420000010","1","2/26/2026","2/4/2026","0.00","9999999999.00","P","D","M","24.700000","-0.600000","30.700000","0.000000","10.00","0.00","0.00","0.00","0.00","10.00","0.00","Y","N","N2","2/26/2026","9999","","","","","","","1","M","9999","M","",""
"186","13157","000104420000010","1","3/5/2026","3/5/2026","0.00","9999999999.00","P","D","M","23.700000","-1.000000","29.700000","0.000000","10.00","0.00","0.00","0.00","0.00","10.00","0.00","Y","N","N1","3/5/2026","51","0-1-09/03/2026-14:35:39-192.168.002.001","","","","","","1","M","9999","M","",""
"187","13187","000104420000010","1","3/9/2026","3/9/2026","0.00","9999999999.00","P","D","M","22.400000","-1.300000","28.400000","0.000000","10.00","0.00","0.00","0.00","0.00","10.00","0.00","Y","N","N1","3/9/2026","51","0-1-10/03/2026-10:28:31-192.168.002.001","","","","","","1","M","9999","M","",""
"188","13233","000104420000010","1","4/20/2026","4/20/2026","0.00","9999999999.00","P","D","M","20.800000","-1.600000","26.800000","0.000000","10.00","0.00","0.00","0.00","0.00","10.00","0.00","Y","N","N5","4/20/2026","51","0-1-23/04/2026-09:51:19-192.168.002.001","","","","","","1","M","9999","M","",""
"189","420","000104420000011","1","3/11/2021","3/11/2021","1.00","1E19","P","D","M","0.000000","0.000000","19.000000","0.000000","10.00","0.00","0.00","0.00","0.00","10.00","0.00","Y","N","M6","12/8/2025","101","0-1-03/04/2024-21:18:06-192.167.001.031","","","5","0-1-09/12/2025-17:31:15-192.168.002.001","","1","M","9999","M","",""
"190","12732","000104420000011","1","4/7/2021","4/7/2021","0.00","9999999999.00","P","D","M","12.000000","0.000000","19.000000","0.000000","10.00","0.00","0.00","0.00","0.00","10.00","0.00","Y","N","","4/7/2021","55555","","","","","","","1","M","9999","M","",""
"191","12733","000104420000011","1","11/25/2021","11/25/2021","0.00","9999999999.00","P","D","M","12.200000","0.200000","19.200000","0.000000","10.00","0.00","0.00","0.00","0.00","10.00","0.00","Y","N","","11/25/2021","55555","","","","","","","1","M","9999","M","",""
"192","12734","000104420000011","1","5/18/2022","5/18/2022","0.00","9999999999.00","P","D","M","12.200000","0.000000","19.200000","0.000000","10.00","0.00","0.00","0.00","0.00","10.00","0.00","Y","N","","5/18/2022","55555","","","","","","","1","M","9999","M","",""
"193","12735","000104420000011","1","7/4/2022","7/4/2022","0.00","9999999999.00","P","D","M","13.900000","1.700000","20.900000","0.000000","10.00","0.00","0.00","0.00","0.00","10.00","0.00","Y","N","","7/4/2022","55555","","","","","","","1","M","9999","M","",""
"194","12736","000104420000011","1","8/16/2022","8/16/2022","0.00","9999999999.00","P","D","M","13.900000","0.000000","20.900000","0.000000","10.00","0.00","0.00","0.00","0.00","10.00","0.00","Y","N","","8/16/2022","55555","","","","","","","1","M","9999","M","",""
"195","12737","000104420000011","1","9/14/2022","9/14/2022","0.00","9999999999.00","P","D","M","13.900000","0.000000","20.900000","0.000000","10.00","0.00","0.00","0.00","0.00","10.00","0.00","Y","N","","9/14/2022","55555","","","","","","","1","M","9999","M","",""
"196","12738","000104420000011","1","10/19/2022","10/19/2022","0.00","9999999999.00","P","D","M","13.900000","0.000000","20.900000","0.000000","10.00","0.00","0.00","0.00","0.00","10.00","0.00","Y","N","","10/19/2022","55555","","","","","","","1","M","9999","M","",""
"197","12739","000104420000011","1","2/13/2023","2/13/2023","0.00","9999999999.00","P","D","M","17.300000","3.400000","24.300000","0.000000","10.00","0.00","0.00","0.00","0.00","10.00","0.00","Y","N","","2/13/2023","55555","","","","","","","1","M","9999","M","",""
"198","12740","000104420000011","1","3/25/2024","3/25/2024","0.00","9999999999.00","P","D","M","24.900000","7.600000","31.900000","0.000000","10.00","0.00","0.00","0.00","0.00","10.00","0.00","Y","N","","3/25/2024","55555","","","","","","","1","M","9999","M","",""
"199","12741","000104420000011","1","7/16/2024","7/16/2024","0.00","9999999999.00","P","D","M","25.000000","0.100000","32.000000","0.000000","10.00","0.00","0.00","0.00","0.00","10.00","0.00","Y","N","","7/16/2024","55555","","","","","","","1","M","9999","M","",""
"200","12742","000104420000011","1","8/14/2024","8/14/2024","0.00","9999999999.00","P","D","M","25.000000","0.000000","32.000000","0.000000","10.00","0.00","0.00","0.00","0.00","10.00","0.00","Y","N","","8/14/2024","55555","","","","","","","1","M","9999","M","",""
"201","12743","000104420000011","1","9/16/2024","9/16/2024","0.00","9999999999.00","P","D","M","25.400000","0.400000","32.400000","0.000000","10.00","0.00","0.00","0.00","0.00","10.00","0.00","Y","N","","9/16/2024","55555","","","","","","","1","M","9999","M","",""
"202","12744","000104420000011","1","12/9/2024","12/9/2024","0.00","9999999999.00","P","D","M","25.300000","0.000000","32.400000","0.000000","10.00","0.00","0.00","0.00","0.00","10.00","0.00","Y","N","","12/9/2024","55555","","","","","","","1","M","9999","M","",""
"203","12745","000104420000011","1","12/10/2024","12/10/2024","0.00","9999999999.00","P","D","M","25.300000","-0.100000","32.300000","0.000000","10.00","0.00","0.00","0.00","0.00","10.00","0.00","Y","N","","12/10/2024","55555","","","","","","","1","M","9999","M","",""
"204","12746","000104420000011","1","4/14/2025","4/14/2025","0.00","9999999999.00","P","D","M","25.100000","-0.200000","32.100000","0.000000","10.00","0.00","0.00","0.00","0.00","10.00","0.00","Y","N","","4/14/2025","55555","","","","","","","1","M","9999","M","",""
"205","12747","000104420000011","1","4/16/2025","4/16/2025","0.00","9999999999.00","P","D","M","25.100000","0.000000","32.100000","0.000000","10.00","0.00","0.00","0.00","0.00","10.00","0.00","Y","N","","4/16/2025","55555","","","","","","","1","M","9999","M","",""
"206","12748","000104420000011","1","4/17/2025","4/17/2025","0.00","9999999999.00","P","D","M","25.100000","0.000000","32.100000","0.000000","10.00","0.00","0.00","0.00","0.00","10.00","0.00","Y","N","","4/17/2025","55555","","","","","","","1","M","9999","M","",""
"207","12749","000104420000011","1","4/22/2025","4/22/2025","0.00","9999999999.00","P","D","M","25.100000","0.000000","32.100000","0.000000","10.00","0.00","0.00","0.00","0.00","10.00","0.00","Y","N","","4/22/2025","55555","","","","","","","1","M","9999","M","",""
"208","12750","000104420000011","1","4/23/2025","4/23/2025","0.00","9999999999.00","P","D","M","25.100000","0.000000","32.100000","0.000000","10.00","0.00","0.00","0.00","0.00","10.00","0.00","Y","N","","4/23/2025","55555","","","","","","","1","M","9999","M","",""
"209","12751","000104420000011","1","4/30/2025","4/30/2025","0.00","9999999999.00","P","D","M","25.100000","0.000000","32.100000","0.000000","10.00","0.00","0.00","0.00","0.00","10.00","0.00","Y","N","","4/30/2025","55555","","","","","","","1","M","9999","M","",""
"210","12752","000104420000011","1","5/19/2025","5/19/2025","0.00","9999999999.00","P","D","M","25.100000","0.000000","32.100000","0.000000","10.00","0.00","0.00","0.00","0.00","10.00","0.00","Y","N","","5/19/2025","55555","","","","","","","1","M","9999","M","",""
"211","12753","000104420000011","1","5/22/2025","5/22/2025","0.00","9999999999.00","P","D","M","25.100000","0.000000","32.100000","0.000000","10.00","0.00","0.00","0.00","0.00","10.00","0.00","Y","N","","5/22/2025","55555","","","","","","","1","M","9999","M","",""
"212","12754","000104420000011","1","5/27/2025","5/27/2025","0.00","9999999999.00","P","D","M","25.200000","0.100000","32.200000","0.000000","10.00","0.00","0.00","0.00","0.00","10.00","0.00","Y","N","","5/27/2025","55555","","","","","","","1","M","9999","M","",""
"213","12755","000104420000011","1","5/28/2025","5/28/2025","0.00","9999999999.00","P","D","M","25.200000","0.000000","32.200000","0.000000","10.00","0.00","0.00","0.00","0.00","10.00","0.00","Y","N","","5/28/2025","55555","","","","","","","1","M","9999","M","",""
"214","12756","000104420000011","1","6/5/2025","6/5/2025","0.00","9999999999.00","P","D","M","25.200000","0.000000","32.200000","0.000000","10.00","0.00","0.00","0.00","0.00","10.00","0.00","Y","N","","6/5/2025","55555","","","","","","","1","M","9999","M","",""
"215","12757","000104420000011","1","6/16/2025","6/16/2025","0.00","9999999999.00","P","D","M","25.100000","-0.100000","32.100000","0.000000","10.00","0.00","0.00","0.00","0.00","10.00","0.00","Y","N","","6/16/2025","55555","","","","","","","1","M","9999","M","",""
"216","12758","000104420000011","1","7/8/2025","7/8/2025","0.00","9999999999.00","P","D","M","25.300000","0.200000","32.300000","0.000000","10.00","0.00","0.00","0.00","0.00","10.00","0.00","Y","N","","7/8/2025","55555","","","","","","","1","M","9999","M","",""
"217","12759","000104420000011","1","7/15/2025","7/15/2025","0.00","9999999999.00","P","D","M","25.300000","0.000000","32.300000","0.000000","10.00","0.00","0.00","0.00","0.00","10.00","0.00","Y","N","","7/15/2025","55555","","","","","","","1","M","9999","M","",""
"218","12760","000104420000011","1","7/16/2025","7/16/2025","0.00","9999999999.00","P","D","M","25.300000","0.000000","32.300000","0.000000","10.00","0.00","0.00","0.00","0.00","10.00","0.00","Y","N","","7/16/2025","55555","","","","","","","1","M","9999","M","",""
"219","12761","000104420000011","1","7/23/2025","7/23/2025","0.00","9999999999.00","P","D","M","25.300000","0.000000","32.300000","0.000000","10.00","0.00","0.00","0.00","0.00","10.00","0.00","Y","N","","7/23/2025","55555","","","","","","","1","M","9999","M","",""
"220","12762","000104420000011","1","9/3/2025","9/3/2025","0.00","9999999999.00","P","D","M","25.300000","0.000000","32.300000","0.000000","10.00","0.00","0.00","0.00","0.00","10.00","0.00","Y","N","","9/3/2025","55555","","","","","","","1","M","9999","M","",""
"221","12763","000104420000011","1","10/1/2025","10/1/2025","0.00","9999999999.00","P","D","M","25.400000","0.100000","32.400000","0.000000","10.00","0.00","0.00","0.00","0.00","10.00","0.00","Y","N","","10/1/2025","55555","","","","","","","1","M","9999","M","",""
"222","12764","000104420000011","1","11/1/2025","11/1/2025","0.00","9999999999.00","P","D","M","25.300000","-0.100000","32.300000","0.000000","10.00","0.00","0.00","0.00","0.00","10.00","0.00","Y","N","","11/1/2025","55555","","","","","","","1","M","9999","M","",""
"223","419","000104420000012","1","3/28/2024","7/23/2021","1.00","1E19","M","D","M","0.000000","0.000000","28.700000","0.000000","10.00","0.00","0.00","0.00","0.00","10.00","0.00","Y","Y","N171","3/28/2024","101","0-1-03/04/2024-21:14:55-192.167.001.031","","","9998","0-1-04/04/2024-09:01:00-192.167.001.031","","1","M","9999","M","",""
"224","11689","000104420000012","1","7/23/2021","7/23/2021","0.00","9999999999.00","P","D","M","0.000000","0.000000","18.000000","0.000000","10.00","0.00","0.00","0.00","0.00","10.00","0.00","Y","N","N19","8/5/2025","16","0-1-05/08/2025-13:37:58-192.168.002.001","","","","","","1","M","9999","M","",""
"225","12797","000104420000012","1","11/25/2021","11/25/2021","0.00","9999999999.00","P","D","M","12.200000","0.200000","18.200000","0.000000","10.00","0.00","0.00","0.00","0.00","10.00","0.00","Y","N","","11/25/2021","55555","","","","","","","1","M","9999","M","",""
"226","12798","000104420000012","1","5/18/2022","5/18/2022","0.00","9999999999.00","P","D","M","12.200000","0.000000","18.200000","0.000000","10.00","0.00","0.00","0.00","0.00","10.00","0.00","Y","N","","5/18/2022","55555","","","","","","","1","M","9999","M","",""
"227","12799","000104420000012","1","7/4/2022","7/4/2022","0.00","9999999999.00","P","D","M","13.900000","1.700000","19.900000","0.000000","10.00","0.00","0.00","0.00","0.00","10.00","0.00","Y","N","","7/4/2022","55555","","","","","","","1","M","9999","M","",""
"228","12800","000104420000012","1","8/16/2022","8/16/2022","0.00","9999999999.00","P","D","M","13.900000","0.000000","19.900000","0.000000","10.00","0.00","0.00","0.00","0.00","10.00","0.00","Y","N","","8/16/2022","55555","","","","","","","1","M","9999","M","",""
"229","12801","000104420000012","1","9/14/2022","9/14/2022","0.00","9999999999.00","P","D","M","13.900000","0.000000","19.900000","0.000000","10.00","0.00","0.00","0.00","0.00","10.00","0.00","Y","N","","9/14/2022","55555","","","","","","","1","M","9999","M","",""
"230","12802","000104420000012","1","10/19/2022","10/19/2022","0.00","9999999999.00","P","D","M","13.900000","0.000000","19.900000","0.000000","10.00","0.00","0.00","0.00","0.00","10.00","0.00","Y","N","","10/19/2022","55555","","","","","","","1","M","9999","M","",""
"231","12803","000104420000012","1","2/13/2023","2/13/2023","0.00","9999999999.00","P","D","M","17.300000","3.400000","23.300000","0.000000","10.00","0.00","0.00","0.00","0.00","10.00","0.00","Y","N","","2/13/2023","55555","","","","","","","1","M","9999","M","",""
"232","12804","000104420000012","1","3/25/2024","3/25/2024","0.00","9999999999.00","P","D","M","24.900000","7.600000","30.900000","0.000000","10.00","0.00","0.00","0.00","0.00","10.00","0.00","Y","N","","3/25/2024","55555","","","","","","","1","M","9999","M","",""
"233","1423","000104420000012","1","5/31/2024","5/1/2024","0.00","9999999999.00","P","D","M","25.000000","0.100000","31.000000","0.000000","10.00","0.00","0.00","0.00","0.00","10.00","0.00","N","Y","N53","5/31/2024","18","0-1-20/06/2024-10:51:10-192.167.001.145","","","","","","1","M","9999","M","",""
"234","12805","000104420000012","1","7/16/2024","7/16/2024","0.00","9999999999.00","P","D","M","25.000000","0.100000","31.000000","0.000000","10.00","0.00","0.00","0.00","0.00","10.00","0.00","Y","N","","7/16/2024","55555","","","","","","","1","M","9999","M","",""
"235","12806","000104420000012","1","8/14/2024","8/14/2024","0.00","9999999999.00","P","D","M","25.000000","0.000000","31.000000","0.000000","10.00","0.00","0.00","0.00","0.00","10.00","0.00","Y","N","","8/14/2024","55555","","","","","","","1","M","9999","M","",""
"236","12807","000104420000012","1","9/16/2024","9/16/2024","0.00","9999999999.00","P","D","M","25.400000","0.400000","31.400000","0.000000","10.00","0.00","0.00","0.00","0.00","10.00","0.00","Y","N","","9/16/2024","55555","","","","","","","1","M","9999","M","",""
"237","12808","000104420000012","1","12/9/2024","12/9/2024","0.00","9999999999.00","P","D","M","25.300000","0.000000","31.400000","0.000000","10.00","0.00","0.00","0.00","0.00","10.00","0.00","Y","N","","12/9/2024","55555","","","","","","","1","M","9999","M","",""
"238","12809","000104420000012","1","12/10/2024","12/10/2024","0.00","9999999999.00","P","D","M","25.300000","-0.100000","31.300000","0.000000","10.00","0.00","0.00","0.00","0.00","10.00","0.00","Y","N","","12/10/2024","55555","","","","","","","1","M","9999","M","",""
"239","12810","000104420000012","1","4/14/2025","4/14/2025","0.00","9999999999.00","P","D","M","25.100000","-0.200000","31.100000","0.000000","10.00","0.00","0.00","0.00","0.00","10.00","0.00","Y","N","","4/14/2025","55555","","","","","","","1","M","9999","M","",""
"240","12811","000104420000012","1","4/16/2025","4/16/2025","0.00","9999999999.00","P","D","M","25.100000","0.000000","31.100000","0.000000","10.00","0.00","0.00","0.00","0.00","10.00","0.00","Y","N","","4/16/2025","55555","","","","","","","1","M","9999","M","",""
"241","12812","000104420000012","1","4/17/2025","4/17/2025","0.00","9999999999.00","P","D","M","25.100000","0.000000","31.100000","0.000000","10.00","0.00","0.00","0.00","0.00","10.00","0.00","Y","N","","4/17/2025","55555","","","","","","","1","M","9999","M","",""
"242","12813","000104420000012","1","4/22/2025","4/22/2025","0.00","9999999999.00","P","D","M","25.100000","0.000000","31.100000","0.000000","10.00","0.00","0.00","0.00","0.00","10.00","0.00","Y","N","","4/22/2025","55555","","","","","","","1","M","9999","M","",""
"243","12814","000104420000012","1","4/23/2025","4/23/2025","0.00","9999999999.00","P","D","M","25.100000","0.000000","31.100000","0.000000","10.00","0.00","0.00","0.00","0.00","10.00","0.00","Y","N","","4/23/2025","55555","","","","","","","1","M","9999","M","",""
"244","12815","000104420000012","1","4/30/2025","4/30/2025","0.00","9999999999.00","P","D","M","25.100000","0.000000","31.100000","0.000000","10.00","0.00","0.00","0.00","0.00","10.00","0.00","Y","N","","4/30/2025","55555","","","","","","","1","M","9999","M","",""
"245","3866","000104420000012","1","5/7/2025","5/6/2025","0.00","9999999999.00","P","D","M","25.200000","0.200000","31.200000","0.000000","10.00","0.00","0.00","0.00","0.00","10.00","0.00","N","Y","N2","5/7/2025","16","0-1-07/05/2025-17:29:21-192.168.002.001","","","","","","1","M","9999","M","",""
"246","12816","000104420000012","1","5/19/2025","5/19/2025","0.00","9999999999.00","P","D","M","25.100000","0.000000","31.100000","0.000000","10.00","0.00","0.00","0.00","0.00","10.00","0.00","Y","N","","5/19/2025","55555","","","","","","","1","M","9999","M","",""
"247","12817","000104420000012","1","5/22/2025","5/22/2025","0.00","9999999999.00","P","D","M","25.100000","0.000000","31.100000","0.000000","10.00","0.00","0.00","0.00","0.00","10.00","0.00","Y","N","","5/22/2025","55555","","","","","","","1","M","9999","M","",""
"248","12818","000104420000012","1","5/27/2025","5/27/2025","0.00","9999999999.00","P","D","M","25.200000","0.100000","31.200000","0.000000","10.00","0.00","0.00","0.00","0.00","10.00","0.00","Y","N","","5/27/2025","55555","","","","","","","1","M","9999","M","",""
"249","12819","000104420000012","1","5/28/2025","5/28/2025","0.00","9999999999.00","P","D","M","25.200000","0.000000","31.200000","0.000000","10.00","0.00","0.00","0.00","0.00","10.00","0.00","Y","N","","5/28/2025","55555","","","","","","","1","M","9999","M","",""
"250","12820","000104420000012","1","6/5/2025","6/5/2025","0.00","9999999999.00","P","D","M","25.200000","0.000000","31.200000","0.000000","10.00","0.00","0.00","0.00","0.00","10.00","0.00","Y","N","","6/5/2025","55555","","","","","","","1","M","9999","M","",""
"251","12821","000104420000012","1","6/16/2025","6/16/2025","0.00","9999999999.00","P","D","M","25.100000","-0.100000","31.100000","0.000000","10.00","0.00","0.00","0.00","0.00","10.00","0.00","Y","N","","6/16/2025","55555","","","","","","","1","M","9999","M","",""
"252","12822","000104420000012","1","7/8/2025","7/8/2025","0.00","9999999999.00","P","D","M","25.300000","0.200000","31.300000","0.000000","10.00","0.00","0.00","0.00","0.00","10.00","0.00","Y","N","","7/8/2025","55555","","","","","","","1","M","9999","M","",""
"253","12823","000104420000012","1","7/15/2025","7/15/2025","0.00","9999999999.00","P","D","M","25.300000","0.000000","31.300000","0.000000","10.00","0.00","0.00","0.00","0.00","10.00","0.00","Y","N","","7/15/2025","55555","","","","","","","1","M","9999","M","",""
"254","12824","000104420000012","1","7/16/2025","7/16/2025","0.00","9999999999.00","P","D","M","25.300000","0.000000","31.300000","0.000000","10.00","0.00","0.00","0.00","0.00","10.00","0.00","Y","N","","7/16/2025","55555","","","","","","","1","M","9999","M","",""
"255","12825","000104420000012","1","7/23/2025","7/23/2025","0.00","9999999999.00","P","D","M","25.300000","0.000000","31.300000","0.000000","10.00","0.00","0.00","0.00","0.00","10.00","0.00","Y","N","","7/23/2025","55555","","","","","","","1","M","9999","M","",""
"256","12826","000104420000012","1","9/3/2025","9/3/2025","0.00","9999999999.00","P","D","M","25.300000","0.000000","31.300000","0.000000","10.00","0.00","0.00","0.00","0.00","10.00","0.00","Y","N","","9/3/2025","55555","","","","","","","1","M","9999","M","",""
"257","12827","000104420000012","1","10/1/2025","10/1/2025","0.00","9999999999.00","P","D","M","25.400000","0.100000","31.400000","0.000000","10.00","0.00","0.00","0.00","0.00","10.00","0.00","Y","N","","10/1/2025","55555","","","","","","","1","M","9999","M","",""
"258","12828","000104420000012","1","11/1/2025","11/1/2025","0.00","9999999999.00","P","D","M","25.300000","-0.100000","31.300000","0.000000","10.00","0.00","0.00","0.00","0.00","10.00","0.00","Y","N","","11/1/2025","55555","","","","","","","1","M","9999","M","",""
"259","13043","000104420000012","1","2/4/2026","2/4/2026","0.00","9999999999.00","P","D","M","24.700000","-0.600000","30.700000","0.000000","10.00","0.00","0.00","0.00","0.00","10.00","0.00","N","Y","N1","2/4/2026","51","0-1-05/02/2026-11:13:13-192.168.002.001","","","","","","1","M","9999","M","",""
"260","13074","000104420000012","1","2/4/2026","2/4/2026","0.00","9999999999.00","P","D","M","24.700000","-0.600000","30.700000","0.000000","10.00","0.00","0.00","0.00","0.00","10.00","0.00","N","Y","N4","2/4/2026","55555","","","","","","","1","M","9999","M","",""
"261","13083","000104420000012","1","2/4/2026","2/4/2026","0.00","9999999999.00","P","D","M","24.700000","-0.600000","30.700000","0.000000","10.00","0.00","0.00","0.00","0.00","10.00","0.00","N","Y","N8","2/4/2026","55555","","","","","","","1","M","9999","M","",""
"262","13115","000104420000012","1","2/26/2026","2/4/2026","0.00","9999999999.00","P","D","M","24.700000","-0.600000","30.700000","0.000000","10.00","0.00","0.00","0.00","0.00","10.00","0.00","Y","N","N2","2/26/2026","9999","","","","","","","1","M","9999","M","",""
"263","13154","000104420000012","1","3/5/2026","3/5/2026","0.00","9999999999.00","P","D","M","23.700000","-1.000000","29.700000","0.000000","10.00","0.00","0.00","0.00","0.00","10.00","0.00","Y","N","N1","3/5/2026","51","0-1-09/03/2026-14:35:39-192.168.002.001","","","","","","1","M","9999","M","",""
"264","13184","000104420000012","1","3/9/2026","3/9/2026","0.00","9999999999.00","P","D","M","22.400000","-1.300000","28.400000","0.000000","10.00","0.00","0.00","0.00","0.00","10.00","0.00","Y","N","N1","3/9/2026","51","0-1-10/03/2026-10:28:31-192.168.002.001","","","","","","1","M","9999","M","",""
"265","13230","000104420000012","1","4/20/2026","4/20/2026","0.00","9999999999.00","P","D","M","20.800000","-1.600000","26.800000","0.000000","10.00","0.00","0.00","0.00","0.00","10.00","0.00","Y","N","N5","4/20/2026","51","0-1-23/04/2026-09:51:19-192.168.002.001","","","","","","1","M","9999","M","",""
"266","13261","000104420000012","1","5/6/2026","5/6/2026","0.00","9999999999.00","P","D","M","20.600000","-0.200000","26.600000","0.000000","10.00","0.00","0.00","0.00","0.00","10.00","0.00","Y","N","N1","5/6/2026","51","0-1-12/05/2026-08:41:33-192.168.002.001","","","","","","1","M","9999","M","",""
"267","13295","000104420000012","1","6/3/2026","6/3/2026","0.00","9999999999.00","P","D","M","20.400000","-0.200000","26.400000","0.000000","10.00","0.00","0.00","0.00","0.00","10.00","0.00","Y","N","N1","6/3/2026","51","0-1-12/06/2026-17:50:15-172.016.016.016","","","","","","1","M","9999","M","",""
"268","13338","000104420000012","1","7/3/2026","7/3/2026","0.00","9999999999.00","P","D","M","20.500000","0.100000","26.500000","0.000000","10.00","0.00","0.00","0.00","0.00","10.00","0.00","Y","N","N1","7/3/2026","52","0-1-09/07/2026-10:33:22-192.168.002.001","","","","","","1","M","9999","M","",""
"269","421","000104420000032","1","5/18/2022","5/18/2022","1.00","9999999999.00","M","D","M","0.000000","0.000000","20.200000","0.000000","10.00","0.00","0.00","0.00","0.00","10.00","0.00","Y","N","N173","3/28/2024","101","0-1-03/04/2024-21:20:28-192.167.001.031","","","9998","0-1-04/04/2024-08:57:29-192.167.001.031","","1","M","9999","M","",""
"270","12829","000104420000032","1","7/4/2022","7/4/2022","0.00","9999999999.00","M","D","M","13.900000","1.700000","21.900000","0.000000","10.00","0.00","0.00","0.00","0.00","10.00","0.00","Y","N","","7/4/2022","55555","","","","","","","1","M","9999","M","",""
"271","12830","000104420000032","1","8/16/2022","8/16/2022","0.00","9999999999.00","M","D","M","13.900000","0.000000","21.900000","0.000000","10.00","0.00","0.00","0.00","0.00","10.00","0.00","Y","N","","8/16/2022","55555","","","","","","","1","M","9999","M","",""
"272","12831","000104420000032","1","9/14/2022","9/14/2022","0.00","9999999999.00","M","D","M","13.900000","0.000000","21.900000","0.000000","10.00","0.00","0.00","0.00","0.00","10.00","0.00","Y","N","","9/14/2022","55555","","","","","","","1","M","9999","M","",""
"273","12832","000104420000032","1","10/19/2022","10/19/2022","0.00","9999999999.00","M","D","M","13.900000","0.000000","21.900000","0.000000","10.00","0.00","0.00","0.00","0.00","10.00","0.00","Y","N","","10/19/2022","55555","","","","","","","1","M","9999","M","",""
"274","12833","000104420000032","1","2/13/2023","2/13/2023","0.00","9999999999.00","M","D","M","17.300000","3.400000","25.300000","0.000000","10.00","0.00","0.00","0.00","0.00","10.00","0.00","Y","N","","2/13/2023","55555","","","","","","","1","M","9999","M","",""
"275","12834","000104420000032","1","3/25/2024","3/25/2024","0.00","9999999999.00","M","D","M","24.900000","7.600000","32.900000","0.000000","10.00","0.00","0.00","0.00","0.00","10.00","0.00","Y","N","","3/25/2024","55555","","","","","","","1","M","9999","M","",""
"276","12835","000104420000032","1","7/16/2024","7/16/2024","0.00","9999999999.00","M","D","M","25.000000","0.100000","33.000000","0.000000","10.00","0.00","0.00","0.00","0.00","10.00","0.00","Y","N","","7/16/2024","55555","","","","","","","1","M","9999","M","",""
"277","12836","000104420000032","1","8/14/2024","8/14/2024","0.00","9999999999.00","M","D","M","25.000000","0.000000","33.000000","0.000000","10.00","0.00","0.00","0.00","0.00","10.00","0.00","Y","N","","8/14/2024","55555","","","","","","","1","M","9999","M","",""
"278","12837","000104420000032","1","9/16/2024","9/16/2024","0.00","9999999999.00","M","D","M","25.400000","0.400000","33.400000","0.000000","10.00","0.00","0.00","0.00","0.00","10.00","0.00","Y","N","","9/16/2024","55555","","","","","","","1","M","9999","M","",""
"279","12838","000104420000032","1","12/9/2024","12/9/2024","0.00","9999999999.00","M","D","M","25.300000","0.000000","33.400000","0.000000","10.00","0.00","0.00","0.00","0.00","10.00","0.00","Y","N","","12/9/2024","55555","","","","","","","1","M","9999","M","",""
"280","12839","000104420000032","1","12/10/2024","12/10/2024","0.00","9999999999.00","M","D","M","25.300000","-0.100000","33.300000","0.000000","10.00","0.00","0.00","0.00","0.00","10.00","0.00","Y","N","","12/10/2024","55555","","","","","","","1","M","9999","M","",""
"281","12840","000104420000032","1","4/14/2025","4/14/2025","0.00","9999999999.00","M","D","M","25.100000","-0.200000","33.100000","0.000000","10.00","0.00","0.00","0.00","0.00","10.00","0.00","Y","N","","4/14/2025","55555","","","","","","","1","M","9999","M","",""
"282","12841","000104420000032","1","4/16/2025","4/16/2025","0.00","9999999999.00","M","D","M","25.100000","0.000000","33.100000","0.000000","10.00","0.00","0.00","0.00","0.00","10.00","0.00","Y","N","","4/16/2025","55555","","","","","","","1","M","9999","M","",""
"283","12842","000104420000032","1","4/17/2025","4/17/2025","0.00","9999999999.00","M","D","M","25.100000","0.000000","33.100000","0.000000","10.00","0.00","0.00","0.00","0.00","10.00","0.00","Y","N","","4/17/2025","55555","","","","","","","1","M","9999","M","",""
"284","12843","000104420000032","1","4/22/2025","4/22/2025","0.00","9999999999.00","M","D","M","25.100000","0.000000","33.100000","0.000000","10.00","0.00","0.00","0.00","0.00","10.00","0.00","Y","N","","4/22/2025","55555","","","","","","","1","M","9999","M","",""
"285","12844","000104420000032","1","4/23/2025","4/23/2025","0.00","9999999999.00","M","D","M","25.100000","0.000000","33.100000","0.000000","10.00","0.00","0.00","0.00","0.00","10.00","0.00","Y","N","","4/23/2025","55555","","","","","","","1","M","9999","M","",""
"286","12845","000104420000032","1","4/30/2025","4/30/2025","0.00","9999999999.00","M","D","M","25.100000","0.000000","33.100000","0.000000","10.00","0.00","0.00","0.00","0.00","10.00","0.00","Y","N","","4/30/2025","55555","","","","","","","1","M","9999","M","",""
"287","12846","000104420000032","1","5/19/2025","5/19/2025","0.00","9999999999.00","M","D","M","25.100000","0.000000","33.100000","0.000000","10.00","0.00","0.00","0.00","0.00","10.00","0.00","Y","N","","5/19/2025","55555","","","","","","","1","M","9999","M","",""
"288","12847","000104420000032","1","5/22/2025","5/22/2025","0.00","9999999999.00","M","D","M","25.100000","0.000000","33.100000","0.000000","10.00","0.00","0.00","0.00","0.00","10.00","0.00","Y","N","","5/22/2025","55555","","","","","","","1","M","9999","M","",""
"289","12848","000104420000032","1","5/27/2025","5/27/2025","0.00","9999999999.00","M","D","M","25.200000","0.100000","33.200000","0.000000","10.00","0.00","0.00","0.00","0.00","10.00","0.00","Y","N","","5/27/2025","55555","","","","","","","1","M","9999","M","",""
"290","12849","000104420000032","1","5/28/2025","5/28/2025","0.00","9999999999.00","M","D","M","25.200000","0.000000","33.200000","0.000000","10.00","0.00","0.00","0.00","0.00","10.00","0.00","Y","N","","5/28/2025","55555","","","","","","","1","M","9999","M","",""
"291","12850","000104420000032","1","6/5/2025","6/5/2025","0.00","9999999999.00","M","D","M","25.200000","0.000000","33.200000","0.000000","10.00","0.00","0.00","0.00","0.00","10.00","0.00","Y","N","","6/5/2025","55555","","","","","","","1","M","9999","M","",""
"292","12851","000104420000032","1","6/16/2025","6/16/2025","0.00","9999999999.00","M","D","M","25.100000","-0.100000","33.100000","0.000000","10.00","0.00","0.00","0.00","0.00","10.00","0.00","Y","N","","6/16/2025","55555","","","","","","","1","M","9999","M","",""
"293","12852","000104420000032","1","7/8/2025","7/8/2025","0.00","9999999999.00","M","D","M","25.300000","0.200000","33.300000","0.000000","10.00","0.00","0.00","0.00","0.00","10.00","0.00","Y","N","","7/8/2025","55555","","","","","","","1","M","9999","M","",""
"294","12853","000104420000032","1","7/15/2025","7/15/2025","0.00","9999999999.00","M","D","M","25.300000","0.000000","33.300000","0.000000","10.00","0.00","0.00","0.00","0.00","10.00","0.00","Y","N","","7/15/2025","55555","","","","","","","1","M","9999","M","",""
"295","12854","000104420000032","1","7/16/2025","7/16/2025","0.00","9999999999.00","M","D","M","25.300000","0.000000","33.300000","0.000000","10.00","0.00","0.00","0.00","0.00","10.00","0.00","Y","N","","7/16/2025","55555","","","","","","","1","M","9999","M","",""
"296","12855","000104420000032","1","7/23/2025","7/23/2025","0.00","9999999999.00","M","D","M","25.300000","0.000000","33.300000","0.000000","10.00","0.00","0.00","0.00","0.00","10.00","0.00","Y","N","","7/23/2025","55555","","","","","","","1","M","9999","M","",""
"297","12856","000104420000032","1","9/3/2025","9/3/2025","0.00","9999999999.00","M","D","M","25.300000","0.000000","33.300000","0.000000","10.00","0.00","0.00","0.00","0.00","10.00","0.00","Y","N","","9/3/2025","55555","","","","","","","1","M","9999","M","",""
"298","12857","000104420000032","1","10/1/2025","10/1/2025","0.00","9999999999.00","M","D","M","25.400000","0.100000","33.400000","0.000000","10.00","0.00","0.00","0.00","0.00","10.00","0.00","Y","N","","10/1/2025","55555","","","","","","","1","M","9999","M","",""
"299","12858","000104420000032","1","11/1/2025","11/1/2025","0.00","9999999999.00","M","D","M","25.300000","-0.100000","33.300000","0.000000","10.00","0.00","0.00","0.00","0.00","10.00","0.00","Y","N","","11/1/2025","55555","","","","","","","1","M","9999","M","",""
"300","13041","000104420000032","1","2/4/2026","2/4/2026","0.00","9999999999.00","P","D","M","24.700000","-0.600000","32.700000","0.000000","10.00","0.00","0.00","0.00","0.00","10.00","0.00","N","Y","N1","2/4/2026","51","0-1-05/02/2026-11:13:13-192.168.002.001","","","","","","1","M","9999","M","",""
"301","13072","000104420000032","1","2/4/2026","2/4/2026","0.00","9999999999.00","P","D","M","24.700000","-0.600000","32.700000","0.000000","10.00","0.00","0.00","0.00","0.00","10.00","0.00","N","Y","N4","2/4/2026","55555","","","","","","","1","M","9999","M","",""
"302","13081","000104420000032","1","2/4/2026","2/4/2026","0.00","9999999999.00","P","D","M","24.700000","-0.600000","32.700000","0.000000","10.00","0.00","0.00","0.00","0.00","10.00","0.00","N","Y","N8","2/4/2026","55555","","","","","","","1","M","9999","M","",""
"303","13113","000104420000032","1","2/26/2026","2/4/2026","0.00","9999999999.00","P","D","M","24.700000","-0.600000","32.700000","0.000000","10.00","0.00","0.00","0.00","0.00","10.00","0.00","Y","N","N2","2/26/2026","9999","","","","","","","1","M","9999","M","",""
"304","13152","000104420000032","1","3/5/2026","3/5/2026","0.00","9999999999.00","P","D","M","23.700000","-1.000000","31.700000","0.000000","10.00","0.00","0.00","0.00","0.00","10.00","0.00","Y","N","N1","3/5/2026","51","0-1-09/03/2026-14:35:39-192.168.002.001","","","","","","1","M","9999","M","",""
"305","13182","000104420000032","1","3/9/2026","3/9/2026","0.00","9999999999.00","P","D","M","22.400000","-1.300000","30.400000","0.000000","10.00","0.00","0.00","0.00","0.00","10.00","0.00","Y","N","N1","3/9/2026","51","0-1-10/03/2026-10:28:31-192.168.002.001","","","","","","1","M","9999","M","",""
"306","13229","000104420000032","1","4/20/2026","4/20/2026","0.00","9999999999.00","P","D","M","20.800000","-1.600000","28.800000","0.000000","10.00","0.00","0.00","0.00","0.00","10.00","0.00","Y","N","N5","4/20/2026","51","0-1-23/04/2026-09:51:19-192.168.002.001","","","","","","1","M","9999","M","",""
"307","13260","000104420000032","1","5/6/2026","5/6/2026","0.00","9999999999.00","P","D","M","20.600000","-0.200000","28.600000","0.000000","10.00","0.00","0.00","0.00","0.00","10.00","0.00","Y","N","N1","5/6/2026","51","0-1-12/05/2026-08:41:33-192.168.002.001","","","","","","1","M","9999","M","",""
"308","13294","000104420000032","1","6/3/2026","6/3/2026","0.00","9999999999.00","P","D","M","20.400000","-0.200000","28.400000","0.000000","10.00","0.00","0.00","0.00","0.00","10.00","0.00","Y","N","N1","6/3/2026","51","0-1-12/06/2026-17:50:15-172.016.016.016","","","","","","1","M","9999","M","",""
"309","13337","000104420000032","1","7/3/2026","7/3/2026","0.00","9999999999.00","P","D","M","20.500000","0.100000","28.500000","0.000000","10.00","0.00","0.00","0.00","0.00","10.00","0.00","Y","N","N1","7/3/2026","52","0-1-09/07/2026-10:33:22-192.168.002.001","","","","","","1","M","9999","M","",""
"310","13368","000104420000032","1","8/5/2026","8/5/2026","0.00","9999999999.00","P","D","M","20.800000","0.300000","28.800000","0.000000","10.00","0.00","0.00","0.00","0.00","10.00","0.00","Y","N","N1","8/5/2026","51","0-1-10/08/2026-12:01:30-192.168.002.001","","","","","","1","M","9999","M","",""
"311","13399","000104420000032","1","9/3/2026","9/3/2026","0.00","9999999999.00","P","D","M","21.200000","0.400000","29.200000","0.000000","10.00","0.00","0.00","0.00","0.00","10.00","0.00","Y","N","N1","9/3/2026","52","0-1-10/09/2026-17:36:32-192.168.002.001","","","","","","1","M","9999","M","",""
"312","422","000104420000040","1","3/28/2024","2/1/2024","1.00","1E19","M","D","M","30.850000","1.300000","32.150000","0.000000","10.00","0.00","0.00","0.00","0.00","10.00","0.00","Y","N","N174","3/28/2024","101","0-1-03/04/2024-21:22:58-192.167.001.031","","","9998","0-1-04/04/2024-08:58:01-192.167.001.031","","1","M","9999","M","",""
"313","1420","000104420000040","1","5/31/2024","7/1/2024","0.00","9999999999.00","P","D","M","25.000000","0.100000","30.950000","0.000000","10.00","0.00","0.00","0.00","0.00","10.00","0.00","Y","N","N53","5/31/2024","18","0-1-20/06/2024-10:51:10-192.167.001.145","","","","","","1","M","9999","M","",""
"314","423","000104420000043","1","7/4/2022","7/4/2022","1.00","9999999999.00","P","D","M","0.000000","0.000000","21.900000","0.000000","10.00","0.00","0.00","0.00","0.00","10.00","0.00","Y","N","M1","3/12/2026","101","0-1-03/04/2024-21:25:24-192.167.001.031","","","22","0-1-12/03/2026-16:47:41-192.168.002.001","","1","M","9999","M","",""
"315","12859","000104420000043","1","8/16/2022","8/16/2022","0.00","9999999999.00","P","D","M","13.900000","0.000000","21.900000","0.000000","10.00","0.00","0.00","0.00","0.00","10.00","0.00","Y","N","M1","3/12/2026","55555","","","","22","0-1-12/03/2026-16:47:41-192.168.002.001","","1","M","9999","M","",""
"316","12860","000104420000043","1","9/14/2022","9/14/2022","0.00","9999999999.00","P","D","M","13.900000","0.000000","21.900000","0.000000","10.00","0.00","0.00","0.00","0.00","10.00","0.00","Y","N","M1","3/12/2026","55555","","","","22","0-1-12/03/2026-16:47:41-192.168.002.001","","1","M","9999","M","",""
"317","12861","000104420000043","1","10/19/2022","10/19/2022","0.00","9999999999.00","P","D","M","13.900000","0.000000","21.900000","0.000000","10.00","0.00","0.00","0.00","0.00","10.00","0.00","Y","N","M1","3/12/2026","55555","","","","22","0-1-12/03/2026-16:47:41-192.168.002.001","","1","M","9999","M","",""
"318","12862","000104420000043","1","2/13/2023","2/13/2023","0.00","9999999999.00","P","D","M","17.300000","3.400000","25.300000","0.000000","10.00","0.00","0.00","0.00","0.00","10.00","0.00","Y","N","M1","3/12/2026","55555","","","","22","0-1-12/03/2026-16:47:41-192.168.002.001","","1","M","9999","M","",""
"319","12863","000104420000043","1","3/25/2024","3/25/2024","0.00","9999999999.00","P","D","M","24.900000","7.600000","32.900000","0.000000","10.00","0.00","0.00","0.00","0.00","10.00","0.00","Y","N","M1","3/12/2026","55555","","","","22","0-1-12/03/2026-16:47:41-192.168.002.001","","1","M","9999","M","",""
"320","12864","000104420000043","1","7/16/2024","7/16/2024","0.00","9999999999.00","P","D","M","25.000000","0.100000","33.000000","0.000000","10.00","0.00","0.00","0.00","0.00","10.00","0.00","Y","N","M1","3/12/2026","55555","","","","22","0-1-12/03/2026-16:47:41-192.168.002.001","","1","M","9999","M","",""
"321","12865","000104420000043","1","8/14/2024","8/14/2024","0.00","9999999999.00","P","D","M","25.000000","0.000000","33.000000","0.000000","10.00","0.00","0.00","0.00","0.00","10.00","0.00","Y","N","M1","3/12/2026","55555","","","","22","0-1-12/03/2026-16:47:41-192.168.002.001","","1","M","9999","M","",""
"322","12866","000104420000043","1","9/16/2024","9/16/2024","0.00","9999999999.00","P","D","M","25.400000","0.400000","33.400000","0.000000","10.00","0.00","0.00","0.00","0.00","10.00","0.00","Y","N","M1","3/12/2026","55555","","","","22","0-1-12/03/2026-16:47:41-192.168.002.001","","1","M","9999","M","",""
"323","12867","000104420000043","1","12/9/2024","12/9/2024","0.00","9999999999.00","P","D","M","25.300000","0.000000","33.400000","0.000000","10.00","0.00","0.00","0.00","0.00","10.00","0.00","Y","N","M1","3/12/2026","55555","","","","22","0-1-12/03/2026-16:47:41-192.168.002.001","","1","M","9999","M","",""
"324","12868","000104420000043","1","12/10/2024","12/10/2024","0.00","9999999999.00","P","D","M","25.300000","-0.100000","33.300000","0.000000","10.00","0.00","0.00","0.00","0.00","10.00","0.00","Y","N","M1","3/12/2026","55555","","","","22","0-1-12/03/2026-16:47:41-192.168.002.001","","1","M","9999","M","",""
"325","12869","000104420000043","1","4/14/2025","4/14/2025","0.00","9999999999.00","P","D","M","25.100000","-0.200000","33.100000","0.000000","10.00","0.00","0.00","0.00","0.00","10.00","0.00","Y","N","M1","3/12/2026","55555","","","","22","0-1-12/03/2026-16:47:41-192.168.002.001","","1","M","9999","M","",""
"326","12870","000104420000043","1","4/16/2025","4/16/2025","0.00","9999999999.00","P","D","M","25.100000","0.000000","33.100000","0.000000","10.00","0.00","0.00","0.00","0.00","10.00","0.00","Y","N","M1","3/12/2026","55555","","","","22","0-1-12/03/2026-16:47:41-192.168.002.001","","1","M","9999","M","",""
"327","12871","000104420000043","1","4/17/2025","4/17/2025","0.00","9999999999.00","P","D","M","25.100000","0.000000","33.100000","0.000000","10.00","0.00","0.00","0.00","0.00","10.00","0.00","Y","N","M1","3/12/2026","55555","","","","22","0-1-12/03/2026-16:47:41-192.168.002.001","","1","M","9999","M","",""
"328","12872","000104420000043","1","4/22/2025","4/22/2025","0.00","9999999999.00","P","D","M","25.100000","0.000000","33.100000","0.000000","10.00","0.00","0.00","0.00","0.00","10.00","0.00","Y","N","M1","3/12/2026","55555","","","","22","0-1-12/03/2026-16:47:41-192.168.002.001","","1","M","9999","M","",""
"329","12873","000104420000043","1","4/23/2025","4/23/2025","0.00","9999999999.00","P","D","M","25.100000","0.000000","33.100000","0.000000","10.00","0.00","0.00","0.00","0.00","10.00","0.00","Y","N","M1","3/12/2026","55555","","","","22","0-1-12/03/2026-16:47:41-192.168.002.001","","1","M","9999","M","",""
"330","12874","000104420000043","1","4/30/2025","4/30/2025","0.00","9999999999.00","P","D","M","25.100000","0.000000","33.100000","0.000000","10.00","0.00","0.00","0.00","0.00","10.00","0.00","Y","N","M1","3/12/2026","55555","","","","22","0-1-12/03/2026-16:47:41-192.168.002.001","","1","M","9999","M","",""
"331","12875","000104420000043","1","5/19/2025","5/19/2025","0.00","9999999999.00","P","D","M","25.100000","0.000000","33.100000","0.000000","10.00","0.00","0.00","0.00","0.00","10.00","0.00","Y","N","M1","3/12/2026","55555","","","","22","0-1-12/03/2026-16:47:41-192.168.002.001","","1","M","9999","M","",""
"332","12876","000104420000043","1","5/22/2025","5/22/2025","0.00","9999999999.00","P","D","M","25.100000","0.000000","33.100000","0.000000","10.00","0.00","0.00","0.00","0.00","10.00","0.00","Y","N","M1","3/12/2026","55555","","","","22","0-1-12/03/2026-16:47:41-192.168.002.001","","1","M","9999","M","",""
"333","12877","000104420000043","1","5/27/2025","5/27/2025","0.00","9999999999.00","P","D","M","25.200000","0.100000","33.200000","0.000000","10.00","0.00","0.00","0.00","0.00","10.00","0.00","Y","N","M1","3/12/2026","55555","","","","22","0-1-12/03/2026-16:47:41-192.168.002.001","","1","M","9999","M","",""
"334","12878","000104420000043","1","5/28/2025","5/28/2025","0.00","9999999999.00","P","D","M","25.200000","0.000000","33.200000","0.000000","10.00","0.00","0.00","0.00","0.00","10.00","0.00","Y","N","M1","3/12/2026","55555","","","","22","0-1-12/03/2026-16:47:41-192.168.002.001","","1","M","9999","M","",""
"335","12879","000104420000043","1","6/5/2025","6/5/2025","0.00","9999999999.00","P","D","M","25.200000","0.000000","33.200000","0.000000","10.00","0.00","0.00","0.00","0.00","10.00","0.00","Y","N","M1","3/12/2026","55555","","","","22","0-1-12/03/2026-16:47:41-192.168.002.001","","1","M","9999","M","",""
"336","12880","000104420000043","1","6/16/2025","6/16/2025","0.00","9999999999.00","P","D","M","25.100000","-0.100000","33.100000","0.000000","10.00","0.00","0.00","0.00","0.00","10.00","0.00","Y","N","M1","3/12/2026","55555","","","","22","0-1-12/03/2026-16:47:41-192.168.002.001","","1","M","9999","M","",""
"337","12881","000104420000043","1","7/8/2025","7/8/2025","0.00","9999999999.00","P","D","M","25.300000","0.200000","33.300000","0.000000","10.00","0.00","0.00","0.00","0.00","10.00","0.00","Y","N","M1","3/12/2026","55555","","","","22","0-1-12/03/2026-16:47:41-192.168.002.001","","1","M","9999","M","",""
"338","12882","000104420000043","1","7/15/2025","7/15/2025","0.00","9999999999.00","P","D","M","25.300000","0.000000","33.300000","0.000000","10.00","0.00","0.00","0.00","0.00","10.00","0.00","Y","N","M1","3/12/2026","55555","","","","22","0-1-12/03/2026-16:47:41-192.168.002.001","","1","M","9999","M","",""
"339","12883","000104420000043","1","7/16/2025","7/16/2025","0.00","9999999999.00","P","D","M","25.300000","0.000000","33.300000","0.000000","10.00","0.00","0.00","0.00","0.00","10.00","0.00","Y","N","M1","3/12/2026","55555","","","","22","0-1-12/03/2026-16:47:41-192.168.002.001","","1","M","9999","M","",""
"340","12884","000104420000043","1","7/23/2025","7/23/2025","0.00","9999999999.00","P","D","M","25.300000","0.000000","33.300000","0.000000","10.00","0.00","0.00","0.00","0.00","10.00","0.00","Y","N","M1","3/12/2026","55555","","","","22","0-1-12/03/2026-16:47:41-192.168.002.001","","1","M","9999","M","",""
"341","12885","000104420000043","1","9/3/2025","9/3/2025","0.00","9999999999.00","P","D","M","25.300000","0.000000","33.300000","0.000000","10.00","0.00","0.00","0.00","0.00","10.00","0.00","Y","N","M1","3/12/2026","55555","","","","22","0-1-12/03/2026-16:47:41-192.168.002.001","","1","M","9999","M","",""
"342","12886","000104420000043","1","10/1/2025","10/1/2025","0.00","9999999999.00","P","D","M","25.400000","0.100000","33.400000","0.000000","10.00","0.00","0.00","0.00","0.00","10.00","0.00","Y","N","M1","3/12/2026","55555","","","","22","0-1-12/03/2026-16:47:41-192.168.002.001","","1","M","9999","M","",""
"343","12887","000104420000043","1","11/1/2025","11/1/2025","0.00","9999999999.00","P","D","M","25.300000","-0.100000","33.300000","0.000000","10.00","0.00","0.00","0.00","0.00","10.00","0.00","Y","N","M1","3/12/2026","55555","","","","22","0-1-12/03/2026-16:47:41-192.168.002.001","","1","M","9999","M","",""
"344","13042","000104420000043","1","2/4/2026","2/4/2026","0.00","9999999999.00","P","D","M","24.700000","-0.600000","32.700000","0.000000","10.00","0.00","0.00","0.00","0.00","10.00","0.00","N","Y","N1","2/4/2026","51","0-1-05/02/2026-11:13:13-192.168.002.001","","","","","","1","M","9999","M","",""
"345","13073","000104420000043","1","2/4/2026","2/4/2026","0.00","9999999999.00","P","D","M","24.700000","-0.600000","32.700000","0.000000","10.00","0.00","0.00","0.00","0.00","10.00","0.00","N","Y","N4","2/4/2026","55555","","","","","","","1","M","9999","M","",""
"346","13082","000104420000043","1","2/4/2026","2/4/2026","0.00","9999999999.00","P","D","M","24.700000","-0.600000","32.700000","0.000000","10.00","0.00","0.00","0.00","0.00","10.00","0.00","N","Y","N8","2/4/2026","55555","","","","","","","1","M","9999","M","",""
"347","13114","000104420000043","1","2/26/2026","2/4/2026","0.00","9999999999.00","P","D","M","24.700000","-0.600000","32.700000","0.000000","10.00","0.00","0.00","0.00","0.00","10.00","0.00","Y","N","N2","2/26/2026","9999","","","","","","","1","M","9999","M","",""
"348","13153","000104420000043","1","3/5/2026","3/5/2026","0.00","9999999999.00","P","D","M","23.700000","-1.000000","31.700000","0.000000","10.00","0.00","0.00","0.00","0.00","10.00","0.00","Y","N","N1","3/5/2026","51","0-1-09/03/2026-14:35:39-192.168.002.001","","","","","","1","M","9999","M","",""
"349","13183","000104420000043","1","3/9/2026","3/9/2026","0.00","9999999999.00","P","D","M","22.400000","-1.300000","30.400000","0.000000","10.00","0.00","0.00","0.00","0.00","10.00","0.00","Y","N","N1","3/9/2026","51","0-1-10/03/2026-10:28:31-192.168.002.001","","","","","","1","M","9999","M","",""
"350","424","000104420000044","1","3/28/2024","2/1/2024","1.00","99999999999.00","M","D","M","32.000000","1.300000","33.300000","0.000000","10.00","0.00","0.00","0.00","0.00","10.00","0.00","Y","N","N176","3/28/2024","101","0-1-03/04/2024-21:28:30-192.167.001.031","","","9998","0-1-04/04/2024-09:02:14-192.167.001.031","","1","M","9999","M","",""
"351","1427","000104420000044","1","5/31/2024","5/1/2024","0.00","9999999999.00","P","D","M","25.000000","0.100000","33.400000","0.000000","10.00","0.00","0.00","0.00","0.00","10.00","0.00","Y","N","N53","5/31/2024","18","0-1-20/06/2024-10:51:10-192.167.001.145","","","","","","1","M","9999","M","",""
"352","3870","000104420000044","1","5/7/2025","5/6/2025","0.00","9999999999.00","P","D","M","25.200000","0.200000","33.600000","0.000000","10.00","0.00","0.00","0.00","0.00","10.00","0.00","Y","N","N2","5/7/2025","16","0-1-07/05/2025-17:29:21-192.168.002.001","","","","","","1","M","9999","M","",""
"353","11693","000104420000044","1","8/5/2025","8/5/2025","0.00","9999999999.00","P","D","M","25.400000","0.100000","33.700000","0.000000","10.00","0.00","0.00","0.00","0.00","10.00","0.00","Y","N","N19","8/5/2025","16","0-1-05/08/2025-13:37:58-192.168.002.001","","","","","","1","M","9999","M","",""
"354","11729","000104420000052","1","8/16/2022","8/16/2022","0.00","9999999999.00","P","D","M","0.000000","0.000000","21.900000","0.000000","10.00","0.00","0.00","0.00","0.00","10.00","0.00","Y","N","N1","9/12/2025","51","0-1-12/09/2025-09:09:17-192.168.002.001","","","","","","1","M","9999","M","",""
"355","12888","000104420000052","1","9/14/2022","9/14/2022","0.00","9999999999.00","P","D","M","13.900000","0.000000","21.900000","0.000000","10.00","0.00","0.00","0.00","0.00","10.00","0.00","Y","N","","9/14/2022","55555","","","","","","","1","M","9999","M","",""
"356","12889","000104420000052","1","10/19/2022","10/19/2022","0.00","9999999999.00","P","D","M","13.900000","0.000000","21.900000","0.000000","10.00","0.00","0.00","0.00","0.00","10.00","0.00","Y","N","","10/19/2022","55555","","","","","","","1","M","9999","M","",""
"357","12890","000104420000052","1","2/13/2023","2/13/2023","0.00","9999999999.00","P","D","M","17.300000","3.400000","25.300000","0.000000","10.00","0.00","0.00","0.00","0.00","10.00","0.00","Y","N","","2/13/2023","55555","","","","","","","1","M","9999","M","",""
"358","425","000104420000052","1","3/28/2024","2/1/2024","1.00","9999999999.00","M","D","M","32.000000","1.300000","33.300000","0.000000","10.00","0.00","0.00","0.00","0.00","10.00","0.00","N","Y","N177","3/28/2024","101","0-1-03/04/2024-21:31:01-192.167.001.031","","","9998","0-1-04/04/2024-08:55:23-192.167.001.031","","1","M","9999","M","",""
"359","12891","000104420000052","1","3/25/2024","3/25/2024","0.00","9999999999.00","P","D","M","24.900000","7.600000","32.900000","0.000000","10.00","0.00","0.00","0.00","0.00","10.00","0.00","Y","N","","3/25/2024","55555","","","","","","","1","M","9999","M","",""
"360","1424","000104420000052","1","5/31/2024","7/1/2024","0.00","9999999999.00","P","D","M","25.000000","0.100000","33.800000","0.000000","10.00","0.00","0.00","0.00","0.00","10.00","0.00","N","Y","N53","5/31/2024","18","0-1-20/06/2024-10:51:10-192.167.001.145","","","","","","1","M","9999","M","",""
"361","12892","000104420000052","1","7/16/2024","7/16/2024","0.00","9999999999.00","P","D","M","25.000000","0.100000","33.000000","0.000000","10.00","0.00","0.00","0.00","0.00","10.00","0.00","Y","N","","7/16/2024","55555","","","","","","","1","M","9999","M","",""
"362","12893","000104420000052","1","8/14/2024","8/14/2024","0.00","9999999999.00","P","D","M","25.000000","0.000000","33.000000","0.000000","10.00","0.00","0.00","0.00","0.00","10.00","0.00","Y","N","","8/14/2024","55555","","","","","","","1","M","9999","M","",""
"363","12894","000104420000052","1","9/16/2024","9/16/2024","0.00","9999999999.00","P","D","M","25.400000","0.400000","33.400000","0.000000","10.00","0.00","0.00","0.00","0.00","10.00","0.00","Y","N","","9/16/2024","55555","","","","","","","1","M","9999","M","",""
"364","12895","000104420000052","1","12/9/2024","12/9/2024","0.00","9999999999.00","P","D","M","25.300000","0.000000","33.400000","0.000000","10.00","0.00","0.00","0.00","0.00","10.00","0.00","Y","N","","12/9/2024","55555","","","","","","","1","M","9999","M","",""
"365","12896","000104420000052","1","12/10/2024","12/10/2024","0.00","9999999999.00","P","D","M","25.300000","-0.100000","33.300000","0.000000","10.00","0.00","0.00","0.00","0.00","10.00","0.00","Y","N","","12/10/2024","55555","","","","","","","1","M","9999","M","",""
"366","12897","000104420000052","1","4/14/2025","4/14/2025","0.00","9999999999.00","P","D","M","25.100000","-0.200000","33.100000","0.000000","10.00","0.00","0.00","0.00","0.00","10.00","0.00","Y","N","","4/14/2025","55555","","","","","","","1","M","9999","M","",""
"367","12898","000104420000052","1","4/16/2025","4/16/2025","0.00","9999999999.00","P","D","M","25.100000","0.000000","33.100000","0.000000","10.00","0.00","0.00","0.00","0.00","10.00","0.00","Y","N","","4/16/2025","55555","","","","","","","1","M","9999","M","",""
"368","12899","000104420000052","1","4/17/2025","4/17/2025","0.00","9999999999.00","P","D","M","25.100000","0.000000","33.100000","0.000000","10.00","0.00","0.00","0.00","0.00","10.00","0.00","Y","N","","4/17/2025","55555","","","","","","","1","M","9999","M","",""
"369","12900","000104420000052","1","4/22/2025","4/22/2025","0.00","9999999999.00","P","D","M","25.100000","0.000000","33.100000","0.000000","10.00","0.00","0.00","0.00","0.00","10.00","0.00","Y","N","","4/22/2025","55555","","","","","","","1","M","9999","M","",""
"370","12901","000104420000052","1","4/23/2025","4/23/2025","0.00","9999999999.00","P","D","M","25.100000","0.000000","33.100000","0.000000","10.00","0.00","0.00","0.00","0.00","10.00","0.00","Y","N","","4/23/2025","55555","","","","","","","1","M","9999","M","",""
"371","12902","000104420000052","1","4/30/2025","4/30/2025","0.00","9999999999.00","P","D","M","25.100000","0.000000","33.100000","0.000000","10.00","0.00","0.00","0.00","0.00","10.00","0.00","Y","N","","4/30/2025","55555","","","","","","","1","M","9999","M","",""
"372","3867","000104420000052","1","5/7/2025","5/6/2025","0.00","9999999999.00","P","D","M","25.200000","0.200000","34.000000","0.000000","10.00","0.00","0.00","0.00","0.00","10.00","0.00","N","Y","N2","5/7/2025","16","0-1-07/05/2025-17:29:21-192.168.002.001","","","","","","1","M","9999","M","",""
"373","12903","000104420000052","1","5/19/2025","5/19/2025","0.00","9999999999.00","P","D","M","25.100000","0.000000","33.100000","0.000000","10.00","0.00","0.00","0.00","0.00","10.00","0.00","Y","N","","5/19/2025","55555","","","","","","","1","M","9999","M","",""
"374","12904","000104420000052","1","5/22/2025","5/22/2025","0.00","9999999999.00","P","D","M","25.100000","0.000000","33.100000","0.000000","10.00","0.00","0.00","0.00","0.00","10.00","0.00","Y","N","","5/22/2025","55555","","","","","","","1","M","9999","M","",""
"375","12905","000104420000052","1","5/27/2025","5/27/2025","0.00","9999999999.00","P","D","M","25.200000","0.100000","33.200000","0.000000","10.00","0.00","0.00","0.00","0.00","10.00","0.00","Y","N","","5/27/2025","55555","","","","","","","1","M","9999","M","",""
"376","12906","000104420000052","1","5/28/2025","5/28/2025","0.00","9999999999.00","P","D","M","25.200000","0.000000","33.200000","0.000000","10.00","0.00","0.00","0.00","0.00","10.00","0.00","Y","N","","5/28/2025","55555","","","","","","","1","M","9999","M","",""
"377","12907","000104420000052","1","6/5/2025","6/5/2025","0.00","9999999999.00","P","D","M","25.200000","0.000000","33.200000","0.000000","10.00","0.00","0.00","0.00","0.00","10.00","0.00","Y","N","","6/5/2025","55555","","","","","","","1","M","9999","M","",""
"378","12908","000104420000052","1","6/16/2025","6/16/2025","0.00","9999999999.00","P","D","M","25.100000","-0.100000","33.100000","0.000000","10.00","0.00","0.00","0.00","0.00","10.00","0.00","Y","N","","6/16/2025","55555","","","","","","","1","M","9999","M","",""
"379","12909","000104420000052","1","7/8/2025","7/8/2025","0.00","9999999999.00","P","D","M","25.300000","0.200000","33.300000","0.000000","10.00","0.00","0.00","0.00","0.00","10.00","0.00","Y","N","","7/8/2025","55555","","","","","","","1","M","9999","M","",""
"380","12910","000104420000052","1","7/15/2025","7/15/2025","0.00","9999999999.00","P","D","M","25.300000","0.000000","33.300000","0.000000","10.00","0.00","0.00","0.00","0.00","10.00","0.00","Y","N","","7/15/2025","55555","","","","","","","1","M","9999","M","",""
"381","12911","000104420000052","1","7/16/2025","7/16/2025","0.00","9999999999.00","P","D","M","25.300000","0.000000","33.300000","0.000000","10.00","0.00","0.00","0.00","0.00","10.00","0.00","Y","N","","7/16/2025","55555","","","","","","","1","M","9999","M","",""
"382","12912","000104420000052","1","7/23/2025","7/23/2025","0.00","9999999999.00","P","D","M","25.300000","0.000000","33.300000","0.000000","10.00","0.00","0.00","0.00","0.00","10.00","0.00","Y","N","","7/23/2025","55555","","","","","","","1","M","9999","M","",""
"383","11690","000104420000052","1","8/5/2025","8/5/2025","0.00","9999999999.00","P","D","M","25.400000","0.100000","34.100000","0.000000","10.00","0.00","0.00","0.00","0.00","10.00","0.00","N","Y","N19","8/5/2025","16","0-1-05/08/2025-13:37:58-192.168.002.001","","","","","","1","M","9999","M","",""
"384","12913","000104420000052","1","9/3/2025","9/3/2025","0.00","9999999999.00","P","D","M","25.300000","0.000000","33.300000","0.000000","10.00","0.00","0.00","0.00","0.00","10.00","0.00","Y","N","","9/3/2025","55555","","","","","","","1","M","9999","M","",""
"385","12914","000104420000052","1","10/1/2025","10/1/2025","0.00","9999999999.00","P","D","M","25.400000","0.100000","33.400000","0.000000","10.00","0.00","0.00","0.00","0.00","10.00","0.00","Y","N","","10/1/2025","55555","","","","","","","1","M","9999","M","",""
"386","12915","000104420000052","1","11/1/2025","11/1/2025","0.00","9999999999.00","P","D","M","25.300000","-0.100000","33.300000","0.000000","10.00","0.00","0.00","0.00","0.00","10.00","0.00","Y","N","","11/1/2025","55555","","","","","","","1","M","9999","M","",""
"387","13044","000104420000052","1","2/4/2026","2/4/2026","0.00","9999999999.00","P","D","M","24.700000","-0.600000","32.700000","0.000000","10.00","0.00","0.00","0.00","0.00","10.00","0.00","N","Y","N1","2/4/2026","51","0-1-05/02/2026-11:13:13-192.168.002.001","","","","","","1","M","9999","M","",""
"388","13075","000104420000052","1","2/4/2026","2/4/2026","0.00","9999999999.00","P","D","M","24.700000","-0.600000","32.700000","0.000000","10.00","0.00","0.00","0.00","0.00","10.00","0.00","N","Y","N4","2/4/2026","55555","","","","","","","1","M","9999","M","",""
"389","13084","000104420000052","1","2/4/2026","2/4/2026","0.00","9999999999.00","P","D","M","24.700000","-0.600000","32.700000","0.000000","10.00","0.00","0.00","0.00","0.00","10.00","0.00","N","Y","N8","2/4/2026","55555","","","","","","","1","M","9999","M","",""
"390","13116","000104420000052","1","2/26/2026","2/4/2026","0.00","9999999999.00","P","D","M","24.700000","-0.600000","32.700000","0.000000","10.00","0.00","0.00","0.00","0.00","10.00","0.00","Y","N","N2","2/26/2026","9999","","","","","","","1","M","9999","M","",""
"391","13155","000104420000052","1","3/5/2026","3/5/2026","0.00","9999999999.00","P","D","M","23.700000","-1.000000","31.700000","0.000000","10.00","0.00","0.00","0.00","0.00","10.00","0.00","Y","N","N1","3/5/2026","51","0-1-09/03/2026-14:35:39-192.168.002.001","","","","","","1","M","9999","M","",""
"392","13185","000104420000052","1","3/9/2026","3/9/2026","0.00","9999999999.00","P","D","M","22.400000","-1.300000","30.400000","0.000000","10.00","0.00","0.00","0.00","0.00","10.00","0.00","Y","N","N1","3/9/2026","51","0-1-10/03/2026-10:28:31-192.168.002.001","","","","","","1","M","9999","M","",""
"393","13231","000104420000052","1","4/20/2026","4/20/2026","0.00","9999999999.00","P","D","M","20.800000","-1.600000","28.800000","0.000000","10.00","0.00","0.00","0.00","0.00","10.00","0.00","Y","N","N5","4/20/2026","51","0-1-23/04/2026-09:51:19-192.168.002.001","","","","","","1","M","9999","M","",""
"394","13262","000104420000052","1","5/6/2026","5/6/2026","0.00","9999999999.00","P","D","M","20.600000","-0.200000","28.600000","0.000000","10.00","0.00","0.00","0.00","0.00","10.00","0.00","Y","N","N1","5/6/2026","51","0-1-12/05/2026-08:41:33-192.168.002.001","","","","","","1","M","9999","M","",""
"395","13296","000104420000052","1","6/3/2026","6/3/2026","0.00","9999999999.00","P","D","M","20.400000","-0.200000","28.400000","0.000000","10.00","0.00","0.00","0.00","0.00","10.00","0.00","Y","N","N1","6/3/2026","51","0-1-12/06/2026-17:50:15-172.016.016.016","","","","","","1","M","9999","M","",""
"396","13339","000104420000052","1","7/3/2026","7/3/2026","0.00","9999999999.00","P","D","M","20.500000","0.100000","28.500000","0.000000","10.00","0.00","0.00","0.00","0.00","10.00","0.00","Y","N","N1","7/3/2026","52","0-1-09/07/2026-10:33:22-192.168.002.001","","","","","","1","M","9999","M","",""
"397","13369","000104420000052","1","8/5/2026","8/5/2026","0.00","9999999999.00","P","D","M","20.800000","0.300000","28.800000","0.000000","10.00","0.00","0.00","0.00","0.00","10.00","0.00","Y","N","N1","8/5/2026","51","0-1-10/08/2026-12:01:30-192.168.002.001","","","","","","1","M","9999","M","",""
"398","426","000104420000062","1","9/14/2022","9/14/2022","1.00","1E19","M","D","M","0.000000","0.000000","21.900000","0.000000","10.00","0.00","0.00","0.00","0.00","10.00","0.00","Y","N","N178","3/28/2024","101","0-1-03/04/2024-21:33:59-192.167.001.031","","","9998","0-1-04/04/2024-09:01:19-192.167.001.031","","1","M","9999","M","",""
"399","12916","000104420000062","1","10/19/2022","10/19/2022","0.00","9999999999.00","M","D","M","13.900000","0.000000","21.900000","0.000000","10.00","0.00","0.00","0.00","0.00","10.00","0.00","Y","N","","10/19/2022","55555","","","","","","","1","M","9999","M","",""
"400","12917","000104420000062","1","2/13/2023","2/13/2023","0.00","9999999999.00","M","D","M","17.300000","3.400000","25.300000","0.000000","10.00","0.00","0.00","0.00","0.00","10.00","0.00","Y","N","","2/13/2023","55555","","","","","","","1","M","9999","M","",""
"401","12918","000104420000062","1","3/25/2024","3/25/2024","0.00","9999999999.00","M","D","M","24.900000","7.600000","32.900000","0.000000","10.00","0.00","0.00","0.00","0.00","10.00","0.00","Y","N","","3/25/2024","55555","","","","","","","1","M","9999","M","",""
"402","12919","000104420000062","1","7/16/2024","7/16/2024","0.00","9999999999.00","M","D","M","25.000000","0.100000","33.000000","0.000000","10.00","0.00","0.00","0.00","0.00","10.00","0.00","Y","N","","7/16/2024","55555","","","","","","","1","M","9999","M","",""
"403","12920","000104420000062","1","8/14/2024","8/14/2024","0.00","9999999999.00","M","D","M","25.000000","0.000000","33.000000","0.000000","10.00","0.00","0.00","0.00","0.00","10.00","0.00","Y","N","","8/14/2024","55555","","","","","","","1","M","9999","M","",""
"404","12921","000104420000062","1","9/16/2024","9/16/2024","0.00","9999999999.00","M","D","M","25.400000","0.400000","33.400000","0.000000","10.00","0.00","0.00","0.00","0.00","10.00","0.00","Y","N","","9/16/2024","55555","","","","","","","1","M","9999","M","",""
"405","12922","000104420000062","1","12/9/2024","12/9/2024","0.00","9999999999.00","M","D","M","25.300000","0.000000","33.400000","0.000000","10.00","0.00","0.00","0.00","0.00","10.00","0.00","Y","N","","12/9/2024","55555","","","","","","","1","M","9999","M","",""
"406","12923","000104420000062","1","12/10/2024","12/10/2024","0.00","9999999999.00","M","D","M","25.300000","-0.100000","33.300000","0.000000","10.00","0.00","0.00","0.00","0.00","10.00","0.00","Y","N","","12/10/2024","55555","","","","","","","1","M","9999","M","",""
"407","12924","000104420000062","1","4/14/2025","4/14/2025","0.00","9999999999.00","M","D","M","25.100000","-0.200000","33.100000","0.000000","10.00","0.00","0.00","0.00","0.00","10.00","0.00","Y","N","","4/14/2025","55555","","","","","","","1","M","9999","M","",""
"408","12925","000104420000062","1","4/16/2025","4/16/2025","0.00","9999999999.00","M","D","M","25.100000","0.000000","33.100000","0.000000","10.00","0.00","0.00","0.00","0.00","10.00","0.00","Y","N","","4/16/2025","55555","","","","","","","1","M","9999","M","",""
"409","12926","000104420000062","1","4/17/2025","4/17/2025","0.00","9999999999.00","M","D","M","25.100000","0.000000","33.100000","0.000000","10.00","0.00","0.00","0.00","0.00","10.00","0.00","Y","N","","4/17/2025","55555","","","","","","","1","M","9999","M","",""
"410","12927","000104420000062","1","4/22/2025","4/22/2025","0.00","9999999999.00","M","D","M","25.100000","0.000000","33.100000","0.000000","10.00","0.00","0.00","0.00","0.00","10.00","0.00","Y","N","","4/22/2025","55555","","","","","","","1","M","9999","M","",""
"411","12928","000104420000062","1","4/23/2025","4/23/2025","0.00","9999999999.00","M","D","M","25.100000","0.000000","33.100000","0.000000","10.00","0.00","0.00","0.00","0.00","10.00","0.00","Y","N","","4/23/2025","55555","","","","","","","1","M","9999","M","",""
"412","12929","000104420000062","1","4/30/2025","4/30/2025","0.00","9999999999.00","M","D","M","25.100000","0.000000","33.100000","0.000000","10.00","0.00","0.00","0.00","0.00","10.00","0.00","Y","N","","4/30/2025","55555","","","","","","","1","M","9999","M","",""
"413","12930","000104420000062","1","5/19/2025","5/19/2025","0.00","9999999999.00","M","D","M","25.100000","0.000000","33.100000","0.000000","10.00","0.00","0.00","0.00","0.00","10.00","0.00","Y","N","","5/19/2025","55555","","","","","","","1","M","9999","M","",""
"414","12931","000104420000062","1","5/22/2025","5/22/2025","0.00","9999999999.00","M","D","M","25.100000","0.000000","33.100000","0.000000","10.00","0.00","0.00","0.00","0.00","10.00","0.00","Y","N","","5/22/2025","55555","","","","","","","1","M","9999","M","",""
"415","12932","000104420000062","1","5/27/2025","5/27/2025","0.00","9999999999.00","M","D","M","25.200000","0.100000","33.200000","0.000000","10.00","0.00","0.00","0.00","0.00","10.00","0.00","Y","N","","5/27/2025","55555","","","","","","","1","M","9999","M","",""
"416","12933","000104420000062","1","5/28/2025","5/28/2025","0.00","9999999999.00","M","D","M","25.200000","0.000000","33.200000","0.000000","10.00","0.00","0.00","0.00","0.00","10.00","0.00","Y","N","","5/28/2025","55555","","","","","","","1","M","9999","M","",""
"417","12934","000104420000062","1","6/5/2025","6/5/2025","0.00","9999999999.00","M","D","M","25.200000","0.000000","33.200000","0.000000","10.00","0.00","0.00","0.00","0.00","10.00","0.00","Y","N","","6/5/2025","55555","","","","","","","1","M","9999","M","",""
"418","12935","000104420000062","1","6/16/2025","6/16/2025","0.00","9999999999.00","M","D","M","25.100000","-0.100000","33.100000","0.000000","10.00","0.00","0.00","0.00","0.00","10.00","0.00","Y","N","","6/16/2025","55555","","","","","","","1","M","9999","M","",""
"419","12936","000104420000062","1","7/8/2025","7/8/2025","0.00","9999999999.00","M","D","M","25.300000","0.200000","33.300000","0.000000","10.00","0.00","0.00","0.00","0.00","10.00","0.00","Y","N","","7/8/2025","55555","","","","","","","1","M","9999","M","",""
"420","12937","000104420000062","1","7/15/2025","7/15/2025","0.00","9999999999.00","M","D","M","25.300000","0.000000","33.300000","0.000000","10.00","0.00","0.00","0.00","0.00","10.00","0.00","Y","N","","7/15/2025","55555","","","","","","","1","M","9999","M","",""
"421","12938","000104420000062","1","7/16/2025","7/16/2025","0.00","9999999999.00","M","D","M","25.300000","0.000000","33.300000","0.000000","10.00","0.00","0.00","0.00","0.00","10.00","0.00","Y","N","","7/16/2025","55555","","","","","","","1","M","9999","M","",""
"422","12939","000104420000062","1","7/23/2025","7/23/2025","0.00","9999999999.00","M","D","M","25.300000","0.000000","33.300000","0.000000","10.00","0.00","0.00","0.00","0.00","10.00","0.00","Y","N","","7/23/2025","55555","","","","","","","1","M","9999","M","",""
"423","12940","000104420000062","1","9/3/2025","9/3/2025","0.00","9999999999.00","M","D","M","25.300000","0.000000","33.300000","0.000000","10.00","0.00","0.00","0.00","0.00","10.00","0.00","Y","N","","9/3/2025","55555","","","","","","","1","M","9999","M","",""
"424","12941","000104420000062","1","10/1/2025","10/1/2025","0.00","9999999999.00","M","D","M","25.400000","0.100000","33.400000","0.000000","10.00","0.00","0.00","0.00","0.00","10.00","0.00","Y","N","","10/1/2025","55555","","","","","","","1","M","9999","M","",""
"425","12942","000104420000062","1","11/1/2025","11/1/2025","0.00","9999999999.00","M","D","M","25.300000","-0.100000","33.300000","0.000000","10.00","0.00","0.00","0.00","0.00","10.00","0.00","Y","N","","11/1/2025","55555","","","","","","","1","M","9999","M","",""
"426","13045","000104420000062","1","2/4/2026","2/4/2026","0.00","9999999999.00","P","D","M","24.700000","-0.600000","32.700000","0.000000","10.00","0.00","0.00","0.00","0.00","10.00","0.00","N","Y","N1","2/4/2026","51","0-1-05/02/2026-11:13:13-192.168.002.001","","","","","","1","M","9999","M","",""
"427","13076","000104420000062","1","2/4/2026","2/4/2026","0.00","9999999999.00","P","D","M","24.700000","-0.600000","32.700000","0.000000","10.00","0.00","0.00","0.00","0.00","10.00","0.00","N","Y","N4","2/4/2026","55555","","","","","","","1","M","9999","M","",""
"428","13085","000104420000062","1","2/4/2026","2/4/2026","0.00","9999999999.00","P","D","M","24.700000","-0.600000","32.700000","0.000000","10.00","0.00","0.00","0.00","0.00","10.00","0.00","N","Y","N8","2/4/2026","55555","","","","","","","1","M","9999","M","",""
"429","13117","000104420000062","1","2/26/2026","2/4/2026","0.00","9999999999.00","P","D","M","24.700000","-0.600000","32.700000","0.000000","10.00","0.00","0.00","0.00","0.00","10.00","0.00","Y","N","N2","2/26/2026","9999","","","","","","","1","M","9999","M","",""
"430","13156","000104420000062","1","3/5/2026","3/5/2026","0.00","9999999999.00","P","D","M","23.700000","-1.000000","31.700000","0.000000","10.00","0.00","0.00","0.00","0.00","10.00","0.00","Y","N","N1","3/5/2026","51","0-1-09/03/2026-14:35:39-192.168.002.001","","","","","","1","M","9999","M","",""
"431","13186","000104420000062","1","3/9/2026","3/9/2026","0.00","9999999999.00","P","D","M","22.400000","-1.300000","30.400000","0.000000","10.00","0.00","0.00","0.00","0.00","10.00","0.00","Y","N","N1","3/9/2026","51","0-1-10/03/2026-10:28:31-192.168.002.001","","","","","","1","M","9999","M","",""
"432","13232","000104420000062","1","4/20/2026","4/20/2026","0.00","9999999999.00","P","D","M","20.800000","-1.600000","28.800000","0.000000","10.00","0.00","0.00","0.00","0.00","10.00","0.00","Y","N","N5","4/20/2026","51","0-1-23/04/2026-09:51:19-192.168.002.001","","","","","","1","M","9999","M","",""
"433","13263","000104420000062","1","5/6/2026","5/6/2026","0.00","9999999999.00","P","D","M","20.600000","-0.200000","28.600000","0.000000","10.00","0.00","0.00","0.00","0.00","10.00","0.00","Y","N","N1","5/6/2026","51","0-1-12/05/2026-08:41:33-192.168.002.001","","","","","","1","M","9999","M","",""
"434","13297","000104420000062","1","6/3/2026","6/3/2026","0.00","9999999999.00","P","D","M","20.400000","-0.200000","28.400000","0.000000","10.00","0.00","0.00","0.00","0.00","10.00","0.00","Y","N","N1","6/3/2026","51","0-1-12/06/2026-17:50:15-172.016.016.016","","","","","","1","M","9999","M","",""
"435","13340","000104420000062","1","7/3/2026","7/3/2026","0.00","9999999999.00","P","D","M","20.500000","0.100000","28.500000","0.000000","10.00","0.00","0.00","0.00","0.00","10.00","0.00","Y","N","N1","7/3/2026","52","0-1-09/07/2026-10:33:22-192.168.002.001","","","","","","1","M","9999","M","",""
"436","13370","000104420000062","1","8/5/2026","8/5/2026","0.00","9999999999.00","P","D","M","20.800000","0.300000","28.800000","0.000000","10.00","0.00","0.00","0.00","0.00","10.00","0.00","Y","N","N1","8/5/2026","51","0-1-10/08/2026-12:01:30-192.168.002.001","","","","","","1","M","9999","M","",""
"437","13400","000104420000062","1","9/3/2026","9/3/2026","0.00","9999999999.00","P","D","M","21.200000","0.400000","29.200000","0.000000","10.00","0.00","0.00","0.00","0.00","10.00","0.00","Y","N","N1","9/3/2026","52","0-1-10/09/2026-17:36:32-192.168.002.001","","","","","","1","M","9999","M","",""
"438","1482","000104420000063","1","7/16/2024","7/16/2024","1.00","99999999999999.00","P","D","M","0.000000","0.000000","33.000000","0.000000","10.00","0.00","0.00","0.00","0.00","10.00","0.00","Y","N","","8/6/2024","9999","Request From LOS Module","","","9999","Request From LOS Module","","1","M","9999","M","",""
"439","12496","000104420000063","1","8/14/2024","8/14/2024","0.00","9999999999.00","P","D","M","25.000000","0.000000","33.000000","0.000000","10.00","0.00","0.00","0.00","0.00","10.00","0.00","Y","N","","8/14/2024","55555","","","","","","","1","M","9999","M","",""
"440","12497","000104420000063","1","9/16/2024","9/16/2024","0.00","9999999999.00","P","D","M","25.400000","0.400000","33.400000","0.000000","10.00","0.00","0.00","0.00","0.00","10.00","0.00","Y","N","","9/16/2024","55555","","","","","","","1","M","9999","M","",""
"441","12498","000104420000063","1","12/9/2024","12/9/2024","0.00","9999999999.00","P","D","M","25.300000","0.000000","33.400000","0.000000","10.00","0.00","0.00","0.00","0.00","10.00","0.00","Y","N","","12/9/2024","55555","","","","","","","1","M","9999","M","",""
"442","12499","000104420000063","1","12/10/2024","12/10/2024","0.00","9999999999.00","P","D","M","25.300000","-0.100000","33.300000","0.000000","10.00","0.00","0.00","0.00","0.00","10.00","0.00","Y","N","","12/10/2024","55555","","","","","","","1","M","9999","M","",""
"443","12500","000104420000063","1","4/14/2025","4/14/2025","0.00","9999999999.00","P","D","M","25.100000","-0.200000","33.100000","0.000000","10.00","0.00","0.00","0.00","0.00","10.00","0.00","Y","N","","4/14/2025","55555","","","","","","","1","M","9999","M","",""
"444","12501","000104420000063","1","4/16/2025","4/16/2025","0.00","9999999999.00","P","D","M","25.100000","0.000000","33.100000","0.000000","10.00","0.00","0.00","0.00","0.00","10.00","0.00","Y","N","","4/16/2025","55555","","","","","","","1","M","9999","M","",""
"445","12502","000104420000063","1","4/17/2025","4/17/2025","0.00","9999999999.00","P","D","M","25.100000","0.000000","33.100000","0.000000","10.00","0.00","0.00","0.00","0.00","10.00","0.00","Y","N","","4/17/2025","55555","","","","","","","1","M","9999","M","",""
"446","12503","000104420000063","1","4/22/2025","4/22/2025","0.00","9999999999.00","P","D","M","25.100000","0.000000","33.100000","0.000000","10.00","0.00","0.00","0.00","0.00","10.00","0.00","Y","N","","4/22/2025","55555","","","","","","","1","M","9999","M","",""
"447","12504","000104420000063","1","4/23/2025","4/23/2025","0.00","9999999999.00","P","D","M","25.100000","0.000000","33.100000","0.000000","10.00","0.00","0.00","0.00","0.00","10.00","0.00","Y","N","","4/23/2025","55555","","","","","","","1","M","9999","M","",""
"448","12505","000104420000063","1","4/30/2025","4/30/2025","0.00","9999999999.00","P","D","M","25.100000","0.000000","33.100000","0.000000","10.00","0.00","0.00","0.00","0.00","10.00","0.00","Y","N","","4/30/2025","55555","","","","","","","1","M","9999","M","",""
"449","12506","000104420000063","1","5/19/2025","5/19/2025","0.00","9999999999.00","P","D","M","25.100000","0.000000","33.100000","0.000000","10.00","0.00","0.00","0.00","0.00","10.00","0.00","Y","N","","5/19/2025","55555","","","","","","","1","M","9999","M","",""
"450","12507","000104420000063","1","5/22/2025","5/22/2025","0.00","9999999999.00","P","D","M","25.100000","0.000000","33.100000","0.000000","10.00","0.00","0.00","0.00","0.00","10.00","0.00","Y","N","","5/22/2025","55555","","","","","","","1","M","9999","M","",""
"451","12508","000104420000063","1","5/27/2025","5/27/2025","0.00","9999999999.00","P","D","M","25.200000","0.100000","33.200000","0.000000","10.00","0.00","0.00","0.00","0.00","10.00","0.00","Y","N","","5/27/2025","55555","","","","","","","1","M","9999","M","",""
"452","12509","000104420000063","1","5/28/2025","5/28/2025","0.00","9999999999.00","P","D","M","25.200000","0.000000","33.200000","0.000000","10.00","0.00","0.00","0.00","0.00","10.00","0.00","Y","N","","5/28/2025","55555","","","","","","","1","M","9999","M","",""
"453","12510","000104420000063","1","6/5/2025","6/5/2025","0.00","9999999999.00","P","D","M","25.200000","0.000000","33.200000","0.000000","10.00","0.00","0.00","0.00","0.00","10.00","0.00","Y","N","","6/5/2025","55555","","","","","","","1","M","9999","M","",""
"454","12511","000104420000063","1","6/16/2025","6/16/2025","0.00","9999999999.00","P","D","M","25.100000","-0.100000","33.100000","0.000000","10.00","0.00","0.00","0.00","0.00","10.00","0.00","Y","N","","6/16/2025","55555","","","","","","","1","M","9999","M","",""
"455","12512","000104420000063","1","7/8/2025","7/8/2025","0.00","9999999999.00","P","D","M","25.300000","0.200000","33.300000","0.000000","10.00","0.00","0.00","0.00","0.00","10.00","0.00","Y","N","","7/8/2025","55555","","","","","","","1","M","9999","M","",""
"456","12513","000104420000063","1","7/15/2025","7/15/2025","0.00","9999999999.00","P","D","M","25.300000","0.000000","33.300000","0.000000","10.00","0.00","0.00","0.00","0.00","10.00","0.00","Y","N","","7/15/2025","55555","","","","","","","1","M","9999","M","",""
"457","12514","000104420000063","1","7/16/2025","7/16/2025","0.00","9999999999.00","P","D","M","25.300000","0.000000","33.300000","0.000000","10.00","0.00","0.00","0.00","0.00","10.00","0.00","Y","N","","7/16/2025","55555","","","","","","","1","M","9999","M","",""
"458","12515","000104420000063","1","7/23/2025","7/23/2025","0.00","9999999999.00","P","D","M","25.300000","0.000000","33.300000","0.000000","10.00","0.00","0.00","0.00","0.00","10.00","0.00","Y","N","","7/23/2025","55555","","","","","","","1","M","9999","M","",""
"459","12516","000104420000063","1","9/3/2025","9/3/2025","0.00","9999999999.00","P","D","M","25.300000","0.000000","33.300000","0.000000","10.00","0.00","0.00","0.00","0.00","10.00","0.00","Y","N","","9/3/2025","55555","","","","","","","1","M","9999","M","",""
"460","12517","000104420000063","1","10/1/2025","10/1/2025","0.00","9999999999.00","P","D","M","25.400000","0.100000","33.400000","0.000000","10.00","0.00","0.00","0.00","0.00","10.00","0.00","Y","N","","10/1/2025","55555","","","","","","","1","M","9999","M","",""
"461","12518","000104420000063","1","11/1/2025","11/1/2025","0.00","9999999999.00","P","D","M","25.300000","-0.100000","33.300000","0.000000","10.00","0.00","0.00","0.00","0.00","10.00","0.00","Y","N","","11/1/2025","55555","","","","","","","1","M","9999","M","",""
"462","11722","000104420000064","1","9/3/2025","9/3/2025","1.00","99999999999999.00","P","D","M","0.000000","0.000000","33.300000","0.000000","0.00","0.00","0.00","0.00","0.00","0.00","0.00","Y","N","","9/3/2025","9999","Request From LOS Module","","","9999","Request From LOS Module","","1","M","9999","M","",""
"463","12519","000104420000064","1","10/1/2025","10/1/2025","0.00","9999999999.00","P","D","M","25.400000","0.100000","33.400000","0.000000","0.00","0.00","0.00","0.00","0.00","0.00","0.00","Y","N","","10/1/2025","55555","","","","","","","1","M","9999","M","",""
"464","12520","000104420000064","1","11/1/2025","11/1/2025","0.00","9999999999.00","P","D","M","25.300000","-0.100000","33.300000","0.000000","0.00","0.00","0.00","0.00","0.00","0.00","0.00","Y","N","","11/1/2025","55555","","","","","","","1","M","9999","M","",""
"465","13047","000104420000064","1","2/4/2026","2/4/2026","0.00","9999999999.00","P","D","M","24.700000","-0.600000","32.700000","0.000000","0.00","0.00","0.00","0.00","0.00","0.00","0.00","N","Y","N1","2/4/2026","51","0-1-05/02/2026-11:13:13-192.168.002.001","","","","","","1","M","9999","M","",""
"466","13078","000104420000064","1","2/4/2026","2/4/2026","0.00","9999999999.00","P","D","M","24.700000","-0.600000","32.700000","0.000000","0.00","0.00","0.00","0.00","0.00","0.00","0.00","N","Y","N4","2/4/2026","55555","","","","","","","1","M","9999","M","",""
"467","13087","000104420000064","1","2/4/2026","2/4/2026","0.00","9999999999.00","P","D","M","24.700000","-0.600000","32.700000","0.000000","0.00","0.00","0.00","0.00","0.00","0.00","0.00","N","Y","N8","2/4/2026","55555","","","","","","","1","M","9999","M","",""
"468","13119","000104420000064","1","2/26/2026","2/4/2026","0.00","9999999999.00","P","D","M","24.700000","-0.600000","32.700000","0.000000","0.00","0.00","0.00","0.00","0.00","0.00","0.00","Y","N","N2","2/26/2026","9999","","","","","","","1","M","9999","M","",""
"469","13158","000104420000064","1","3/5/2026","3/5/2026","0.00","9999999999.00","P","D","M","23.700000","-1.000000","31.700000","0.000000","0.00","0.00","0.00","0.00","0.00","0.00","0.00","Y","N","N1","3/5/2026","51","0-1-09/03/2026-14:35:39-192.168.002.001","","","","","","1","M","9999","M","",""
"470","13188","000104420000064","1","3/9/2026","3/9/2026","0.00","9999999999.00","P","D","M","22.400000","-1.300000","30.400000","0.000000","0.00","0.00","0.00","0.00","0.00","0.00","0.00","Y","N","N1","3/9/2026","51","0-1-10/03/2026-10:28:31-192.168.002.001","","","","","","1","M","9999","M","",""
"471","13234","000104420000064","1","4/20/2026","4/20/2026","0.00","9999999999.00","P","D","M","20.800000","-1.600000","28.800000","0.000000","0.00","0.00","0.00","0.00","0.00","0.00","0.00","Y","N","N5","4/20/2026","51","0-1-23/04/2026-09:51:19-192.168.002.001","","","","","","1","M","9999","M","",""
"472","13264","000104420000064","1","5/6/2026","5/6/2026","0.00","9999999999.00","P","D","M","20.600000","-0.200000","28.600000","0.000000","0.00","0.00","0.00","0.00","0.00","0.00","0.00","Y","N","N1","5/6/2026","51","0-1-12/05/2026-08:41:33-192.168.002.001","","","","","","1","M","9999","M","",""
"473","13298","000104420000064","1","6/3/2026","6/3/2026","0.00","9999999999.00","P","D","M","20.400000","-0.200000","28.400000","0.000000","0.00","0.00","0.00","0.00","0.00","0.00","0.00","Y","N","N1","6/3/2026","51","0-1-12/06/2026-17:50:15-172.016.016.016","","","","","","1","M","9999","M","",""
"474","13341","000104420000064","1","7/3/2026","7/3/2026","0.00","9999999999.00","P","D","M","20.500000","0.100000","28.500000","0.000000","0.00","0.00","0.00","0.00","0.00","0.00","0.00","Y","N","N1","7/3/2026","52","0-1-09/07/2026-10:33:22-192.168.002.001","","","","","","1","M","9999","M","",""
"475","13371","000104420000064","1","8/5/2026","8/5/2026","0.00","9999999999.00","P","D","M","20.800000","0.300000","28.800000","0.000000","0.00","0.00","0.00","0.00","0.00","0.00","0.00","Y","N","N1","8/5/2026","51","0-1-10/08/2026-12:01:30-192.168.002.001","","","","","","1","M","9999","M","",""
"476","13401","000104420000064","1","9/3/2026","9/3/2026","0.00","9999999999.00","P","D","M","21.200000","0.400000","29.200000","0.000000","0.00","0.00","0.00","0.00","0.00","0.00","0.00","Y","N","N1","9/3/2026","52","0-1-10/09/2026-17:36:32-192.168.002.001","","","","","","1","M","9999","M","",""
"477","408","000104430000001","1","3/28/2024","10/1/2021","1.00","1E19","M","D","M","0.000000","0.000000","30.700000","0.000000","10.00","0.00","0.00","0.00","0.00","10.00","0.00","Y","N","N160","3/28/2024","101","0-1-03/04/2024-19:40:38-192.167.001.031","","","9998","0-1-04/04/2024-09:10:44-192.167.001.031","","1","M","9999","M","",""
"478","1430","000104430000001","1","5/31/2024","5/1/2024","0.00","9999999999.00","P","D","M","25.000000","0.100000","30.800000","0.000000","10.00","0.00","0.00","0.00","0.00","10.00","0.00","Y","N","N54","5/31/2024","18","0-1-20/06/2024-10:52:23-192.167.001.145","","","","","","1","M","9999","M","",""
"479","409","000104430000002","1","3/4/2020","3/4/2020","1.00","9999999999.00","M","D","M","0.000000","0.000000","19.190000","0.000000","10.00","0.00","0.00","0.00","0.00","10.00","0.00","Y","N","N161","3/28/2024","101","0-1-03/04/2024-19:42:45-192.167.001.031","","","9998","0-1-04/04/2024-09:11:11-192.167.001.031","","1","M","9999","M","",""
"480","12521","000104430000002","1","5/13/2020","5/13/2020","0.00","9999999999.00","M","D","M","13.300000","-0.100000","19.090000","0.000000","10.00","0.00","0.00","0.00","0.00","10.00","0.00","Y","N","","5/13/2020","55555","","","","","","","1","M","9999","M","",""
"481","12522","000104430000002","1","5/29/2020","5/29/2020","0.00","9999999999.00","M","D","M","13.300000","0.000000","19.090000","0.000000","10.00","0.00","0.00","0.00","0.00","10.00","0.00","Y","N","","5/29/2020","55555","","","","","","","1","M","9999","M","",""
"482","12523","000104430000002","1","9/1/2020","9/1/2020","0.00","9999999999.00","M","D","M","13.400000","0.100000","19.190000","0.000000","10.00","0.00","0.00","0.00","0.00","10.00","0.00","Y","N","","9/1/2020","55555","","","","","","","1","M","9999","M","",""
"483","12524","000104430000002","1","10/13/2020","10/13/2020","0.00","9999999999.00","M","D","M","13.400000","0.000000","19.190000","0.000000","10.00","0.00","0.00","0.00","0.00","10.00","0.00","Y","N","","10/13/2020","55555","","","","","","","1","M","9999","M","",""
"484","12525","000104430000002","1","3/11/2021","3/11/2021","0.00","9999999999.00","M","D","M","12.000000","-1.400000","17.790000","0.000000","10.00","0.00","0.00","0.00","0.00","10.00","0.00","Y","N","","3/11/2021","55555","","","","","","","1","M","9999","M","",""
"485","12526","000104430000002","1","4/7/2021","4/7/2021","0.00","9999999999.00","M","D","M","12.000000","0.000000","17.790000","0.000000","10.00","0.00","0.00","0.00","0.00","10.00","0.00","Y","N","","4/7/2021","55555","","","","","","","1","M","9999","M","",""
"486","12527","000104430000002","1","11/25/2021","11/25/2021","0.00","9999999999.00","M","D","M","12.200000","0.200000","17.990000","0.000000","10.00","0.00","0.00","0.00","0.00","10.00","0.00","Y","N","","11/25/2021","55555","","","","","","","1","M","9999","M","",""
"487","12528","000104430000002","1","5/18/2022","5/18/2022","0.00","9999999999.00","M","D","M","12.200000","0.000000","17.990000","0.000000","10.00","0.00","0.00","0.00","0.00","10.00","0.00","Y","N","","5/18/2022","55555","","","","","","","1","M","9999","M","",""
"488","12529","000104430000002","1","7/4/2022","7/4/2022","0.00","9999999999.00","M","D","M","13.900000","1.700000","19.690000","0.000000","10.00","0.00","0.00","0.00","0.00","10.00","0.00","Y","N","","7/4/2022","55555","","","","","","","1","M","9999","M","",""
"489","12530","000104430000002","1","8/16/2022","8/16/2022","0.00","9999999999.00","M","D","M","13.900000","0.000000","19.690000","0.000000","10.00","0.00","0.00","0.00","0.00","10.00","0.00","Y","N","","8/16/2022","55555","","","","","","","1","M","9999","M","",""
"490","12531","000104430000002","1","9/14/2022","9/14/2022","0.00","9999999999.00","M","D","M","13.900000","0.000000","19.690000","0.000000","10.00","0.00","0.00","0.00","0.00","10.00","0.00","Y","N","","9/14/2022","55555","","","","","","","1","M","9999","M","",""
"491","12532","000104430000002","1","10/19/2022","10/19/2022","0.00","9999999999.00","M","D","M","13.900000","0.000000","19.690000","0.000000","10.00","0.00","0.00","0.00","0.00","10.00","0.00","Y","N","","10/19/2022","55555","","","","","","","1","M","9999","M","",""
"492","12533","000104430000002","1","2/13/2023","2/13/2023","0.00","9999999999.00","M","D","M","17.300000","3.400000","23.090000","0.000000","10.00","0.00","0.00","0.00","0.00","10.00","0.00","Y","N","","2/13/2023","55555","","","","","","","1","M","9999","M","",""
"493","12534","000104430000002","1","3/25/2024","3/25/2024","0.00","9999999999.00","M","D","M","24.900000","7.600000","30.690000","0.000000","10.00","0.00","0.00","0.00","0.00","10.00","0.00","Y","N","","3/25/2024","55555","","","","","","","1","M","9999","M","",""
"494","12535","000104430000002","1","7/16/2024","7/16/2024","0.00","9999999999.00","M","D","M","25.000000","0.100000","30.790000","0.000000","10.00","0.00","0.00","0.00","0.00","10.00","0.00","Y","N","","7/16/2024","55555","","","","","","","1","M","9999","M","",""
"495","12536","000104430000002","1","8/14/2024","8/14/2024","0.00","9999999999.00","M","D","M","25.000000","0.000000","30.790000","0.000000","10.00","0.00","0.00","0.00","0.00","10.00","0.00","Y","N","","8/14/2024","55555","","","","","","","1","M","9999","M","",""
"496","12537","000104430000002","1","9/16/2024","9/16/2024","0.00","9999999999.00","M","D","M","25.400000","0.400000","31.190000","0.000000","10.00","0.00","0.00","0.00","0.00","10.00","0.00","Y","N","","9/16/2024","55555","","","","","","","1","M","9999","M","",""
"497","12538","000104430000002","1","12/9/2024","12/9/2024","0.00","9999999999.00","M","D","M","25.300000","0.000000","31.190000","0.000000","10.00","0.00","0.00","0.00","0.00","10.00","0.00","Y","N","","12/9/2024","55555","","","","","","","1","M","9999","M","",""
"498","12539","000104430000002","1","12/10/2024","12/10/2024","0.00","9999999999.00","M","D","M","25.300000","-0.100000","31.090000","0.000000","10.00","0.00","0.00","0.00","0.00","10.00","0.00","Y","N","","12/10/2024","55555","","","","","","","1","M","9999","M","",""
"499","12540","000104430000002","1","4/14/2025","4/14/2025","0.00","9999999999.00","M","D","M","25.100000","-0.200000","30.890000","0.000000","10.00","0.00","0.00","0.00","0.00","10.00","0.00","Y","N","","4/14/2025","55555","","","","","","","1","M","9999","M","",""
"500","12541","000104430000002","1","4/16/2025","4/16/2025","0.00","9999999999.00","M","D","M","25.100000","0.000000","30.890000","0.000000","10.00","0.00","0.00","0.00","0.00","10.00","0.00","Y","N","","4/16/2025","55555","","","","","","","1","M","9999","M","",""
"501","12542","000104430000002","1","4/17/2025","4/17/2025","0.00","9999999999.00","M","D","M","25.100000","0.000000","30.890000","0.000000","10.00","0.00","0.00","0.00","0.00","10.00","0.00","Y","N","","4/17/2025","55555","","","","","","","1","M","9999","M","",""
"502","12543","000104430000002","1","4/22/2025","4/22/2025","0.00","9999999999.00","M","D","M","25.100000","0.000000","30.890000","0.000000","10.00","0.00","0.00","0.00","0.00","10.00","0.00","Y","N","","4/22/2025","55555","","","","","","","1","M","9999","M","",""
"503","12544","000104430000002","1","4/23/2025","4/23/2025","0.00","9999999999.00","M","D","M","25.100000","0.000000","30.890000","0.000000","10.00","0.00","0.00","0.00","0.00","10.00","0.00","Y","N","","4/23/2025","55555","","","","","","","1","M","9999","M","",""
"504","12545","000104430000002","1","4/30/2025","4/30/2025","0.00","9999999999.00","M","D","M","25.100000","0.000000","30.890000","0.000000","10.00","0.00","0.00","0.00","0.00","10.00","0.00","Y","N","","4/30/2025","55555","","","","","","","1","M","9999","M","",""
"505","12546","000104430000002","1","5/19/2025","5/19/2025","0.00","9999999999.00","M","D","M","25.100000","0.000000","30.890000","0.000000","10.00","0.00","0.00","0.00","0.00","10.00","0.00","Y","N","","5/19/2025","55555","","","","","","","1","M","9999","M","",""
"506","12547","000104430000002","1","5/22/2025","5/22/2025","0.00","9999999999.00","M","D","M","25.100000","0.000000","30.890000","0.000000","10.00","0.00","0.00","0.00","0.00","10.00","0.00","Y","N","","5/22/2025","55555","","","","","","","1","M","9999","M","",""
"507","12548","000104430000002","1","5/27/2025","5/27/2025","0.00","9999999999.00","M","D","M","25.200000","0.100000","30.990000","0.000000","10.00","0.00","0.00","0.00","0.00","10.00","0.00","Y","N","","5/27/2025","55555","","","","","","","1","M","9999","M","",""
"508","12549","000104430000002","1","5/28/2025","5/28/2025","0.00","9999999999.00","M","D","M","25.200000","0.000000","30.990000","0.000000","10.00","0.00","0.00","0.00","0.00","10.00","0.00","Y","N","","5/28/2025","55555","","","","","","","1","M","9999","M","",""
"509","12550","000104430000002","1","6/5/2025","6/5/2025","0.00","9999999999.00","M","D","M","25.200000","0.000000","30.990000","0.000000","10.00","0.00","0.00","0.00","0.00","10.00","0.00","Y","N","","6/5/2025","55555","","","","","","","1","M","9999","M","",""
"510","12551","000104430000002","1","6/16/2025","6/16/2025","0.00","9999999999.00","M","D","M","25.100000","-0.100000","30.890000","0.000000","10.00","0.00","0.00","0.00","0.00","10.00","0.00","Y","N","","6/16/2025","55555","","","","","","","1","M","9999","M","",""
"511","12552","000104430000002","1","7/8/2025","7/8/2025","0.00","9999999999.00","M","D","M","25.300000","0.200000","31.090000","0.000000","10.00","0.00","0.00","0.00","0.00","10.00","0.00","Y","N","","7/8/2025","55555","","","","","","","1","M","9999","M","",""
"512","12553","000104430000002","1","7/15/2025","7/15/2025","0.00","9999999999.00","M","D","M","25.300000","0.000000","31.090000","0.000000","10.00","0.00","0.00","0.00","0.00","10.00","0.00","Y","N","","7/15/2025","55555","","","","","","","1","M","9999","M","",""
"513","12554","000104430000002","1","7/16/2025","7/16/2025","0.00","9999999999.00","M","D","M","25.300000","0.000000","31.090000","0.000000","10.00","0.00","0.00","0.00","0.00","10.00","0.00","Y","N","","7/16/2025","55555","","","","","","","1","M","9999","M","",""
"514","12555","000104430000002","1","7/23/2025","7/23/2025","0.00","9999999999.00","M","D","M","25.300000","0.000000","31.090000","0.000000","10.00","0.00","0.00","0.00","0.00","10.00","0.00","Y","N","","7/23/2025","55555","","","","","","","1","M","9999","M","",""
"515","12556","000104430000002","1","9/3/2025","9/3/2025","0.00","9999999999.00","M","D","M","25.300000","0.000000","31.090000","0.000000","10.00","0.00","0.00","0.00","0.00","10.00","0.00","Y","N","","9/3/2025","55555","","","","","","","1","M","9999","M","",""
"516","12557","000104430000002","1","10/1/2025","10/1/2025","0.00","9999999999.00","M","D","M","25.400000","0.100000","31.190000","0.000000","10.00","0.00","0.00","0.00","0.00","10.00","0.00","Y","N","","10/1/2025","55555","","","","","","","1","M","9999","M","",""
"517","12558","000104430000002","1","11/1/2025","11/1/2025","0.00","9999999999.00","M","D","M","25.300000","-0.100000","31.090000","0.000000","10.00","0.00","0.00","0.00","0.00","10.00","0.00","Y","N","","11/1/2025","55555","","","","","","","1","M","9999","M","",""
"518","410","000104430000004","1","11/25/2021","11/25/2021","1.00","99999999999.00","M","D","M","0.000000","0.000000","20.200000","0.000000","10.00","0.00","0.00","0.00","0.00","10.00","0.00","Y","N","N162","3/28/2024","101","0-1-03/04/2024-19:47:08-192.167.001.031","","","9998","0-1-04/04/2024-09:11:30-192.167.001.031","","1","M","9999","M","",""
"519","411","000104430000008","1","3/28/2024","2/1/2024","1.00","1E19","M","D","M","30.200000","1.300000","31.500000","0.000000","10.00","0.00","0.00","0.00","0.00","10.00","0.00","Y","N","N163","3/28/2024","101","0-1-03/04/2024-19:52:33-192.167.001.031","","","9998","0-1-04/04/2024-09:12:07-192.167.001.031","","1","M","9999","M","",""
"520","1326","000104430000008","1","5/31/2024","7/1/2024","0.00","9999999999.00","P","D","M","32.100000","0.100000","31.600000","0.000000","10.00","0.00","0.00","0.00","0.00","10.00","0.00","Y","N","N37","5/31/2024","9998","0-1-19/06/2024-15:05:23-192.167.001.034","","","","","","1","M","9999","M","",""
"521","481","000104430000021","1","3/28/2024","3/11/2022","1.00","1E19","M","D","M","0.000000","0.000000","9.360000","0.000000","10.00","0.00","0.00","0.00","0.00","10.00","0.00","Y","N","N233","3/28/2024","101","0-1-04/04/2024-10:27:29-192.167.001.031","","","9997","0-1-04/04/2024-11:18:48-192.167.001.031","","1","M","9999","M","",""
"522","1429","000104430000021","1","5/31/2024","5/1/2024","0.00","9999999999.00","P","D","M","25.000000","0.100000","9.460000","0.000000","10.00","0.00","0.00","0.00","0.00","10.00","0.00","Y","N","N54","5/31/2024","18","0-1-20/06/2024-10:52:23-192.167.001.145","","","","","","1","M","9999","M","",""
"523","412","000104430000054","1","10/19/2022","10/19/2022","1.00","1E19","M","D","M","0.000000","0.000000","21.900000","0.000000","10.00","0.00","0.00","0.00","0.00","10.00","0.00","Y","N","N164","3/28/2024","101","0-1-03/04/2024-19:55:34-192.167.001.031","","","9998","0-1-04/04/2024-09:11:48-192.167.001.031","","1","M","9999","M","",""
"524","12943","000104430000054","1","2/13/2023","2/13/2023","0.00","9999999999.00","M","D","M","17.300000","3.400000","25.300000","0.000000","10.00","0.00","0.00","0.00","0.00","10.00","0.00","Y","N","","2/13/2023","55555","","","","","","","1","M","9999","M","",""
"525","12944","000104430000054","1","3/25/2024","3/25/2024","0.00","9999999999.00","M","D","M","24.900000","7.600000","32.900000","0.000000","10.00","0.00","0.00","0.00","0.00","10.00","0.00","Y","N","","3/25/2024","55555","","","","","","","1","M","9999","M","",""
"526","12945","000104430000054","1","7/16/2024","7/16/2024","0.00","9999999999.00","M","D","M","25.000000","0.100000","33.000000","0.000000","10.00","0.00","0.00","0.00","0.00","10.00","0.00","Y","N","","7/16/2024","55555","","","","","","","1","M","9999","M","",""
"527","12946","000104430000054","1","8/14/2024","8/14/2024","0.00","9999999999.00","M","D","M","25.000000","0.000000","33.000000","0.000000","10.00","0.00","0.00","0.00","0.00","10.00","0.00","Y","N","","8/14/2024","55555","","","","","","","1","M","9999","M","",""
"528","12947","000104430000054","1","9/16/2024","9/16/2024","0.00","9999999999.00","M","D","M","25.400000","0.400000","33.400000","0.000000","10.00","0.00","0.00","0.00","0.00","10.00","0.00","Y","N","","9/16/2024","55555","","","","","","","1","M","9999","M","",""
"529","12948","000104430000054","1","12/9/2024","12/9/2024","0.00","9999999999.00","M","D","M","25.300000","0.000000","33.400000","0.000000","10.00","0.00","0.00","0.00","0.00","10.00","0.00","Y","N","","12/9/2024","55555","","","","","","","1","M","9999","M","",""
"530","12949","000104430000054","1","12/10/2024","12/10/2024","0.00","9999999999.00","M","D","M","25.300000","-0.100000","33.300000","0.000000","10.00","0.00","0.00","0.00","0.00","10.00","0.00","Y","N","","12/10/2024","55555","","","","","","","1","M","9999","M","",""
"531","12950","000104430000054","1","4/14/2025","4/14/2025","0.00","9999999999.00","M","D","M","25.100000","-0.200000","33.100000","0.000000","10.00","0.00","0.00","0.00","0.00","10.00","0.00","Y","N","","4/14/2025","55555","","","","","","","1","M","9999","M","",""
"532","12951","000104430000054","1","4/16/2025","4/16/2025","0.00","9999999999.00","M","D","M","25.100000","0.000000","33.100000","0.000000","10.00","0.00","0.00","0.00","0.00","10.00","0.00","Y","N","","4/16/2025","55555","","","","","","","1","M","9999","M","",""
"533","12952","000104430000054","1","4/17/2025","4/17/2025","0.00","9999999999.00","M","D","M","25.100000","0.000000","33.100000","0.000000","10.00","0.00","0.00","0.00","0.00","10.00","0.00","Y","N","","4/17/2025","55555","","","","","","","1","M","9999","M","",""
"534","12953","000104430000054","1","4/22/2025","4/22/2025","0.00","9999999999.00","M","D","M","25.100000","0.000000","33.100000","0.000000","10.00","0.00","0.00","0.00","0.00","10.00","0.00","Y","N","","4/22/2025","55555","","","","","","","1","M","9999","M","",""
"535","12954","000104430000054","1","4/23/2025","4/23/2025","0.00","9999999999.00","M","D","M","25.100000","0.000000","33.100000","0.000000","10.00","0.00","0.00","0.00","0.00","10.00","0.00","Y","N","","4/23/2025","55555","","","","","","","1","M","9999","M","",""
"536","12955","000104430000054","1","4/30/2025","4/30/2025","0.00","9999999999.00","M","D","M","25.100000","0.000000","33.100000","0.000000","10.00","0.00","0.00","0.00","0.00","10.00","0.00","Y","N","","4/30/2025","55555","","","","","","","1","M","9999","M","",""
"537","12956","000104430000054","1","5/19/2025","5/19/2025","0.00","9999999999.00","M","D","M","25.100000","0.000000","33.100000","0.000000","10.00","0.00","0.00","0.00","0.00","10.00","0.00","Y","N","","5/19/2025","55555","","","","","","","1","M","9999","M","",""
"538","12957","000104430000054","1","5/22/2025","5/22/2025","0.00","9999999999.00","M","D","M","25.100000","0.000000","33.100000","0.000000","10.00","0.00","0.00","0.00","0.00","10.00","0.00","Y","N","","5/22/2025","55555","","","","","","","1","M","9999","M","",""
"539","12958","000104430000054","1","5/27/2025","5/27/2025","0.00","9999999999.00","M","D","M","25.200000","0.100000","33.200000","0.000000","10.00","0.00","0.00","0.00","0.00","10.00","0.00","Y","N","","5/27/2025","55555","","","","","","","1","M","9999","M","",""
"540","12959","000104430000054","1","5/28/2025","5/28/2025","0.00","9999999999.00","M","D","M","25.200000","0.000000","33.200000","0.000000","10.00","0.00","0.00","0.00","0.00","10.00","0.00","Y","N","","5/28/2025","55555","","","","","","","1","M","9999","M","",""
"541","12960","000104430000054","1","6/5/2025","6/5/2025","0.00","9999999999.00","M","D","M","25.200000","0.000000","33.200000","0.000000","10.00","0.00","0.00","0.00","0.00","10.00","0.00","Y","N","","6/5/2025","55555","","","","","","","1","M","9999","M","",""
"542","12961","000104430000054","1","6/16/2025","6/16/2025","0.00","9999999999.00","M","D","M","25.100000","-0.100000","33.100000","0.000000","10.00","0.00","0.00","0.00","0.00","10.00","0.00","Y","N","","6/16/2025","55555","","","","","","","1","M","9999","M","",""
"543","12962","000104430000054","1","7/8/2025","7/8/2025","0.00","9999999999.00","M","D","M","25.300000","0.200000","33.300000","0.000000","10.00","0.00","0.00","0.00","0.00","10.00","0.00","Y","N","","7/8/2025","55555","","","","","","","1","M","9999","M","",""
"544","12963","000104430000054","1","7/15/2025","7/15/2025","0.00","9999999999.00","M","D","M","25.300000","0.000000","33.300000","0.000000","10.00","0.00","0.00","0.00","0.00","10.00","0.00","Y","N","","7/15/2025","55555","","","","","","","1","M","9999","M","",""
"545","12964","000104430000054","1","7/16/2025","7/16/2025","0.00","9999999999.00","M","D","M","25.300000","0.000000","33.300000","0.000000","10.00","0.00","0.00","0.00","0.00","10.00","0.00","Y","N","","7/16/2025","55555","","","","","","","1","M","9999","M","",""
"546","12965","000104430000054","1","7/23/2025","7/23/2025","0.00","9999999999.00","M","D","M","25.300000","0.000000","33.300000","0.000000","10.00","0.00","0.00","0.00","0.00","10.00","0.00","Y","N","","7/23/2025","55555","","","","","","","1","M","9999","M","",""
"547","12966","000104430000054","1","9/3/2025","9/3/2025","0.00","9999999999.00","M","D","M","25.300000","0.000000","33.300000","0.000000","10.00","0.00","0.00","0.00","0.00","10.00","0.00","Y","N","","9/3/2025","55555","","","","","","","1","M","9999","M","",""
"548","12967","000104430000054","1","10/1/2025","10/1/2025","0.00","9999999999.00","M","D","M","25.400000","0.100000","33.400000","0.000000","10.00","0.00","0.00","0.00","0.00","10.00","0.00","Y","N","","10/1/2025","55555","","","","","","","1","M","9999","M","",""
"549","12968","000104430000054","1","11/1/2025","11/1/2025","0.00","9999999999.00","M","D","M","25.300000","-0.100000","33.300000","0.000000","10.00","0.00","0.00","0.00","0.00","10.00","0.00","Y","N","","11/1/2025","55555","","","","","","","1","M","9999","M","",""
"550","13048","000104430000054","1","2/4/2026","2/4/2026","0.00","9999999999.00","P","D","M","24.700000","-0.600000","32.700000","0.000000","10.00","0.00","0.00","0.00","0.00","10.00","0.00","N","Y","N2","2/4/2026","51","0-1-05/02/2026-11:13:13-192.168.002.001","","","","","","1","M","9999","M","",""
"551","13088","000104430000054","1","2/4/2026","2/4/2026","0.00","9999999999.00","P","D","M","24.700000","-0.600000","32.700000","0.000000","10.00","0.00","0.00","0.00","0.00","10.00","0.00","N","Y","N9","2/4/2026","55555","","","","","","","1","M","9999","M","",""
"552","13120","000104430000054","1","2/26/2026","2/4/2026","0.00","9999999999.00","P","D","M","24.700000","-0.600000","32.700000","0.000000","10.00","0.00","0.00","0.00","0.00","10.00","0.00","Y","N","N3","2/26/2026","9999","","","","","","","1","M","9999","M","",""
"553","13159","000104430000054","1","3/5/2026","3/5/2026","0.00","9999999999.00","P","D","M","23.700000","-1.000000","31.700000","0.000000","10.00","0.00","0.00","0.00","0.00","10.00","0.00","Y","N","N2","3/5/2026","51","0-1-09/03/2026-14:35:39-192.168.002.001","","","","","","1","M","9999","M","",""
"554","13189","000104430000054","1","3/9/2026","3/9/2026","0.00","9999999999.00","P","D","M","22.400000","-1.300000","30.400000","0.000000","10.00","0.00","0.00","0.00","0.00","10.00","0.00","Y","N","N2","3/9/2026","51","0-1-10/03/2026-10:28:31-192.168.002.001","","","","","","1","M","9999","M","",""
"555","13235","000104430000054","1","4/20/2026","4/20/2026","0.00","9999999999.00","P","D","M","20.800000","-1.600000","28.800000","0.000000","10.00","0.00","0.00","0.00","0.00","10.00","0.00","Y","N","N6","4/20/2026","51","0-1-23/04/2026-09:51:19-192.168.002.001","","","","","","1","M","9999","M","",""
"556","13265","000104430000054","1","5/6/2026","5/6/2026","0.00","9999999999.00","P","D","M","20.600000","-0.200000","28.600000","0.000000","10.00","0.00","0.00","0.00","0.00","10.00","0.00","Y","N","N2","5/6/2026","51","0-1-12/05/2026-08:41:33-192.168.002.001","","","","","","1","M","9999","M","",""
"557","13299","000104430000054","1","6/3/2026","6/3/2026","0.00","9999999999.00","P","D","M","20.400000","-0.200000","28.400000","0.000000","10.00","0.00","0.00","0.00","0.00","10.00","0.00","Y","N","N2","6/3/2026","51","0-1-12/06/2026-17:50:15-172.016.016.016","","","","","","1","M","9999","M","",""
"558","13342","000104430000054","1","7/3/2026","7/3/2026","0.00","9999999999.00","P","D","M","20.500000","0.100000","28.500000","0.000000","10.00","0.00","0.00","0.00","0.00","10.00","0.00","Y","N","N2","7/3/2026","52","0-1-09/07/2026-10:33:22-192.168.002.001","","","","","","1","M","9999","M","",""
"559","13372","000104430000054","1","8/5/2026","8/5/2026","0.00","9999999999.00","P","D","M","20.800000","0.300000","28.800000","0.000000","10.00","0.00","0.00","0.00","0.00","10.00","0.00","Y","N","N2","8/5/2026","51","0-1-10/08/2026-12:01:30-192.168.002.001","","","","","","1","M","9999","M","",""
"560","13402","000104430000054","1","9/3/2026","9/3/2026","0.00","9999999999.00","P","D","M","21.200000","0.400000","29.200000","0.000000","10.00","0.00","0.00","0.00","0.00","10.00","0.00","Y","N","N2","9/3/2026","52","0-1-10/09/2026-17:36:32-192.168.002.001","","","","","","1","M","9999","M","",""
"561","1435","000104430000055","1","6/3/2024","6/3/2024","1.00","99999999999999.00","P","D","M","0.000000","0.000000","0.000000","0.000000","10.00","0.00","0.00","0.00","0.00","10.00","0.00","Y","N","","6/3/2024","9999","Request From LOS Module","","","9999","Request From LOS Module","","1","M","9999","M","",""
"562","1436","000104430000056","1","6/3/2024","6/3/2024","1.00","99999999999999.00","P","D","M","0.000000","0.000000","13.000000","0.000000","10.00","0.00","0.00","0.00","0.00","10.00","0.00","Y","N","","6/3/2024","9999","Request From LOS Module","","","9999","Request From LOS Module","","1","M","9999","M","",""
"563","1438","000104430000057","1","6/3/2024","6/3/2024","1.00","99999999999999.00","P","D","M","0.000000","0.000000","13.000000","0.000000","10.00","0.00","0.00","0.00","0.00","10.00","0.00","Y","N","","6/3/2024","9999","Request From LOS Module","","","9999","Request From LOS Module","","1","M","9999","M","",""
"564","1447","000104430000058","1","6/5/2024","6/5/2024","1.00","99999999999999.00","P","D","M","0.000000","0.000000","10.000000","0.000000","10.00","0.00","0.00","0.00","0.00","10.00","0.00","Y","N","","6/5/2024","9999","Request From LOS Module","","","9999","Request From LOS Module","","1","M","9999","M","",""
"565","1456","000104430000059","1","6/18/2024","7/1/2024","1.00","99999999999999.00","P","D","M","0.000000","0.000000","33.300000","0.000000","10.00","0.00","0.00","0.00","0.00","10.00","0.00","Y","N","","6/18/2024","9999","Request From LOS Module","","","9999","Request From LOS Module","","1","M","9999","M","",""
"566","1465","000104430000060","1","7/1/2024","7/1/2024","1.00","99999999999999.00","P","D","M","0.000000","0.000000","0.000000","0.000000","10.00","0.00","0.00","0.00","0.00","10.00","0.00","Y","N","","7/1/2024","9999","Request From LOS Module","","","9999","Request From LOS Module","","1","M","9999","M","",""
"567","1483","000104430000061","1","2/13/2023","2/13/2023","1.00","99999999999999.00","P","D","M","0.000000","0.000000","24.000000","0.000000","10.00","0.00","0.00","0.00","0.00","10.00","0.00","Y","N","","8/7/2024","9999","Request From LOS Module","","","9999","Request From LOS Module","","1","M","9999","M","",""
"568","12969","000104430000061","1","3/25/2024","3/25/2024","0.00","9999999999.00","P","D","M","24.900000","7.600000","31.600000","0.000000","10.00","0.00","0.00","0.00","0.00","10.00","0.00","Y","N","","3/25/2024","55555","","","","","","","1","M","9999","M","",""
"569","12970","000104430000061","1","7/16/2024","7/16/2024","0.00","9999999999.00","P","D","M","25.000000","0.100000","31.700000","0.000000","10.00","0.00","0.00","0.00","0.00","10.00","0.00","Y","N","","7/16/2024","55555","","","","","","","1","M","9999","M","",""
"570","12971","000104430000061","1","8/14/2024","8/14/2024","0.00","9999999999.00","P","D","M","25.000000","0.000000","31.700000","0.000000","10.00","0.00","0.00","0.00","0.00","10.00","0.00","Y","N","","8/14/2024","55555","","","","","","","1","M","9999","M","",""
"571","12972","000104430000061","1","9/16/2024","9/16/2024","0.00","9999999999.00","P","D","M","25.400000","0.400000","32.100000","0.000000","10.00","0.00","0.00","0.00","0.00","10.00","0.00","Y","N","","9/16/2024","55555","","","","","","","1","M","9999","M","",""
"572","12973","000104430000061","1","12/9/2024","12/9/2024","0.00","9999999999.00","P","D","M","25.300000","0.000000","32.100000","0.000000","10.00","0.00","0.00","0.00","0.00","10.00","0.00","Y","N","","12/9/2024","55555","","","","","","","1","M","9999","M","",""
"573","12974","000104430000061","1","12/10/2024","12/10/2024","0.00","9999999999.00","P","D","M","25.300000","-0.100000","32.000000","0.000000","10.00","0.00","0.00","0.00","0.00","10.00","0.00","Y","N","","12/10/2024","55555","","","","","","","1","M","9999","M","",""
"574","12975","000104430000061","1","4/14/2025","4/14/2025","0.00","9999999999.00","P","D","M","25.100000","-0.200000","31.800000","0.000000","10.00","0.00","0.00","0.00","0.00","10.00","0.00","Y","N","","4/14/2025","55555","","","","","","","1","M","9999","M","",""
"575","12976","000104430000061","1","4/16/2025","4/16/2025","0.00","9999999999.00","P","D","M","25.100000","0.000000","31.800000","0.000000","10.00","0.00","0.00","0.00","0.00","10.00","0.00","Y","N","","4/16/2025","55555","","","","","","","1","M","9999","M","",""
"576","12977","000104430000061","1","4/17/2025","4/17/2025","0.00","9999999999.00","P","D","M","25.100000","0.000000","31.800000","0.000000","10.00","0.00","0.00","0.00","0.00","10.00","0.00","Y","N","","4/17/2025","55555","","","","","","","1","M","9999","M","",""
"577","12978","000104430000061","1","4/22/2025","4/22/2025","0.00","9999999999.00","P","D","M","25.100000","0.000000","31.800000","0.000000","10.00","0.00","0.00","0.00","0.00","10.00","0.00","Y","N","","4/22/2025","55555","","","","","","","1","M","9999","M","",""
"578","12979","000104430000061","1","4/23/2025","4/23/2025","0.00","9999999999.00","P","D","M","25.100000","0.000000","31.800000","0.000000","10.00","0.00","0.00","0.00","0.00","10.00","0.00","Y","N","","4/23/2025","55555","","","","","","","1","M","9999","M","",""
"579","12980","000104430000061","1","4/30/2025","4/30/2025","0.00","9999999999.00","P","D","M","25.100000","0.000000","31.800000","0.000000","10.00","0.00","0.00","0.00","0.00","10.00","0.00","Y","N","","4/30/2025","55555","","","","","","","1","M","9999","M","",""
"580","12981","000104430000061","1","5/19/2025","5/19/2025","0.00","9999999999.00","P","D","M","25.100000","0.000000","31.800000","0.000000","10.00","0.00","0.00","0.00","0.00","10.00","0.00","Y","N","","5/19/2025","55555","","","","","","","1","M","9999","M","",""
"581","12982","000104430000061","1","5/22/2025","5/22/2025","0.00","9999999999.00","P","D","M","25.100000","0.000000","31.800000","0.000000","10.00","0.00","0.00","0.00","0.00","10.00","0.00","Y","N","","5/22/2025","55555","","","","","","","1","M","9999","M","",""
"582","12983","000104430000061","1","5/27/2025","5/27/2025","0.00","9999999999.00","P","D","M","25.200000","0.100000","31.900000","0.000000","10.00","0.00","0.00","0.00","0.00","10.00","0.00","Y","N","","5/27/2025","55555","","","","","","","1","M","9999","M","",""
"583","12984","000104430000061","1","5/28/2025","5/28/2025","0.00","9999999999.00","P","D","M","25.200000","0.000000","31.900000","0.000000","10.00","0.00","0.00","0.00","0.00","10.00","0.00","Y","N","","5/28/2025","55555","","","","","","","1","M","9999","M","",""
"584","12985","000104430000061","1","6/5/2025","6/5/2025","0.00","9999999999.00","P","D","M","25.200000","0.000000","31.900000","0.000000","10.00","0.00","0.00","0.00","0.00","10.00","0.00","Y","N","","6/5/2025","55555","","","","","","","1","M","9999","M","",""
"585","12986","000104430000061","1","6/16/2025","6/16/2025","0.00","9999999999.00","P","D","M","25.100000","-0.100000","31.800000","0.000000","10.00","0.00","0.00","0.00","0.00","10.00","0.00","Y","N","","6/16/2025","55555","","","","","","","1","M","9999","M","",""
"586","12987","000104430000061","1","7/8/2025","7/8/2025","0.00","9999999999.00","P","D","M","25.300000","0.200000","32.000000","0.000000","10.00","0.00","0.00","0.00","0.00","10.00","0.00","Y","N","","7/8/2025","55555","","","","","","","1","M","9999","M","",""
"587","12988","000104430000061","1","7/15/2025","7/15/2025","0.00","9999999999.00","P","D","M","25.300000","0.000000","32.000000","0.000000","10.00","0.00","0.00","0.00","0.00","10.00","0.00","Y","N","","7/15/2025","55555","","","","","","","1","M","9999","M","",""
"588","12989","000104430000061","1","7/16/2025","7/16/2025","0.00","9999999999.00","P","D","M","25.300000","0.000000","32.000000","0.000000","10.00","0.00","0.00","0.00","0.00","10.00","0.00","Y","N","","7/16/2025","55555","","","","","","","1","M","9999","M","",""
"589","12990","000104430000061","1","7/23/2025","7/23/2025","0.00","9999999999.00","P","D","M","25.300000","0.000000","32.000000","0.000000","10.00","0.00","0.00","0.00","0.00","10.00","0.00","Y","N","","7/23/2025","55555","","","","","","","1","M","9999","M","",""
"590","12991","000104430000061","1","9/3/2025","9/3/2025","0.00","9999999999.00","P","D","M","25.300000","0.000000","32.000000","0.000000","10.00","0.00","0.00","0.00","0.00","10.00","0.00","Y","N","","9/3/2025","55555","","","","","","","1","M","9999","M","",""
"591","12992","000104430000061","1","10/1/2025","10/1/2025","0.00","9999999999.00","P","D","M","25.400000","0.100000","32.100000","0.000000","10.00","0.00","0.00","0.00","0.00","10.00","0.00","Y","N","","10/1/2025","55555","","","","","","","1","M","9999","M","",""
"592","12993","000104430000061","1","11/1/2025","11/1/2025","0.00","9999999999.00","P","D","M","25.300000","-0.100000","32.000000","0.000000","10.00","0.00","0.00","0.00","0.00","10.00","0.00","Y","N","","11/1/2025","55555","","","","","","","1","M","9999","M","",""
"593","1910","000104430000062","1","5/13/2024","5/13/2024","1.00","9999999999.00","P","D","M","0.000000","0.000000","32.900000","0.000000","10.00","0.00","0.00","0.00","0.00","10.00","0.00","Y","N","N26","8/31/2024","9999","0-1-16/09/2024-17:34:26-192.167.001.040","","","9998","0-1-16/09/2024-17:36:50-192.167.001.040","","1","M","9999","M","",""
"594","12088","000104430000062","1","7/16/2024","7/16/2024","0.00","9999999999.00","P","D","M","25.000000","0.100000","33.000000","0.000000","10.00","0.00","0.00","0.00","0.00","10.00","0.00","Y","N","","7/16/2024","55555","","","","","","","1","M","9999","M","",""
"595","12089","000104430000062","1","8/14/2024","8/14/2024","0.00","9999999999.00","P","D","M","25.000000","0.000000","33.000000","0.000000","10.00","0.00","0.00","0.00","0.00","10.00","0.00","Y","N","","8/14/2024","55555","","","","","","","1","M","9999","M","",""
"596","12090","000104430000062","1","9/16/2024","9/16/2024","0.00","9999999999.00","P","D","M","25.400000","0.400000","33.400000","0.000000","10.00","0.00","0.00","0.00","0.00","10.00","0.00","Y","N","","9/16/2024","55555","","","","","","","1","M","9999","M","",""
"597","12091","000104430000062","1","12/9/2024","12/9/2024","0.00","9999999999.00","P","D","M","25.300000","0.000000","33.400000","0.000000","10.00","0.00","0.00","0.00","0.00","10.00","0.00","Y","N","","12/9/2024","55555","","","","","","","1","M","9999","M","",""
"598","12092","000104430000062","1","12/10/2024","12/10/2024","0.00","9999999999.00","P","D","M","25.300000","-0.100000","33.300000","0.000000","10.00","0.00","0.00","0.00","0.00","10.00","0.00","Y","N","","12/10/2024","55555","","","","","","","1","M","9999","M","",""
"599","12093","000104430000062","1","4/14/2025","4/14/2025","0.00","9999999999.00","P","D","M","25.100000","-0.200000","33.100000","0.000000","10.00","0.00","0.00","0.00","0.00","10.00","0.00","Y","N","","4/14/2025","55555","","","","","","","1","M","9999","M","",""
"600","12094","000104430000062","1","4/16/2025","4/16/2025","0.00","9999999999.00","P","D","M","25.100000","0.000000","33.100000","0.000000","10.00","0.00","0.00","0.00","0.00","10.00","0.00","Y","N","","4/16/2025","55555","","","","","","","1","M","9999","M","",""
"601","12095","000104430000062","1","4/17/2025","4/17/2025","0.00","9999999999.00","P","D","M","25.100000","0.000000","33.100000","0.000000","10.00","0.00","0.00","0.00","0.00","10.00","0.00","Y","N","","4/17/2025","55555","","","","","","","1","M","9999","M","",""
"602","12096","000104430000062","1","4/22/2025","4/22/2025","0.00","9999999999.00","P","D","M","25.100000","0.000000","33.100000","0.000000","10.00","0.00","0.00","0.00","0.00","10.00","0.00","Y","N","","4/22/2025","55555","","","","","","","1","M","9999","M","",""
"603","12097","000104430000062","1","4/23/2025","4/23/2025","0.00","9999999999.00","P","D","M","25.100000","0.000000","33.100000","0.000000","10.00","0.00","0.00","0.00","0.00","10.00","0.00","Y","N","","4/23/2025","55555","","","","","","","1","M","9999","M","",""
"604","12098","000104430000062","1","4/30/2025","4/30/2025","0.00","9999999999.00","P","D","M","25.100000","0.000000","33.100000","0.000000","10.00","0.00","0.00","0.00","0.00","10.00","0.00","Y","N","","4/30/2025","55555","","","","","","","1","M","9999","M","",""
"605","12099","000104430000062","1","5/19/2025","5/19/2025","0.00","9999999999.00","P","D","M","25.100000","0.000000","33.100000","0.000000","10.00","0.00","0.00","0.00","0.00","10.00","0.00","Y","N","","5/19/2025","55555","","","","","","","1","M","9999","M","",""
"606","12100","000104430000062","1","5/22/2025","5/22/2025","0.00","9999999999.00","P","D","M","25.100000","0.000000","33.100000","0.000000","10.00","0.00","0.00","0.00","0.00","10.00","0.00","Y","N","","5/22/2025","55555","","","","","","","1","M","9999","M","",""
"607","12101","000104430000062","1","5/27/2025","5/27/2025","0.00","9999999999.00","P","D","M","25.200000","0.100000","33.200000","0.000000","10.00","0.00","0.00","0.00","0.00","10.00","0.00","Y","N","","5/27/2025","55555","","","","","","","1","M","9999","M","",""
"608","12102","000104430000062","1","5/28/2025","5/28/2025","0.00","9999999999.00","P","D","M","25.200000","0.000000","33.200000","0.000000","10.00","0.00","0.00","0.00","0.00","10.00","0.00","Y","N","","5/28/2025","55555","","","","","","","1","M","9999","M","",""
"609","12103","000104430000062","1","6/5/2025","6/5/2025","0.00","9999999999.00","P","D","M","25.200000","0.000000","33.200000","0.000000","10.00","0.00","0.00","0.00","0.00","10.00","0.00","Y","N","","6/5/2025","55555","","","","","","","1","M","9999","M","",""
"610","12104","000104430000062","1","6/16/2025","6/16/2025","0.00","9999999999.00","P","D","M","25.100000","-0.100000","33.100000","0.000000","10.00","0.00","0.00","0.00","0.00","10.00","0.00","Y","N","","6/16/2025","55555","","","","","","","1","M","9999","M","",""
"611","12105","000104430000062","1","7/8/2025","7/8/2025","0.00","9999999999.00","P","D","M","25.300000","0.200000","33.300000","0.000000","10.00","0.00","0.00","0.00","0.00","10.00","0.00","Y","N","","7/8/2025","55555","","","","","","","1","M","9999","M","",""
"612","12106","000104430000062","1","7/15/2025","7/15/2025","0.00","9999999999.00","P","D","M","25.300000","0.000000","33.300000","0.000000","10.00","0.00","0.00","0.00","0.00","10.00","0.00","Y","N","","7/15/2025","55555","","","","","","","1","M","9999","M","",""
"613","12107","000104430000062","1","7/16/2025","7/16/2025","0.00","9999999999.00","P","D","M","25.300000","0.000000","33.300000","0.000000","10.00","0.00","0.00","0.00","0.00","10.00","0.00","Y","N","","7/16/2025","55555","","","","","","","1","M","9999","M","",""
"614","12108","000104430000062","1","7/23/2025","7/23/2025","0.00","9999999999.00","P","D","M","25.300000","0.000000","33.300000","0.000000","10.00","0.00","0.00","0.00","0.00","10.00","0.00","Y","N","","7/23/2025","55555","","","","","","","1","M","9999","M","",""
"615","12109","000104430000062","1","9/3/2025","9/3/2025","0.00","9999999999.00","P","D","M","25.300000","0.000000","33.300000","0.000000","10.00","0.00","0.00","0.00","0.00","10.00","0.00","Y","N","","9/3/2025","55555","","","","","","","1","M","9999","M","",""
"616","12110","000104430000062","1","10/1/2025","10/1/2025","0.00","9999999999.00","P","D","M","25.400000","0.100000","33.400000","0.000000","10.00","0.00","0.00","0.00","0.00","10.00","0.00","Y","N","","10/1/2025","55555","","","","","","","1","M","9999","M","",""
"617","12111","000104430000062","1","11/1/2025","11/1/2025","0.00","9999999999.00","P","D","M","25.300000","-0.100000","33.300000","0.000000","10.00","0.00","0.00","0.00","0.00","10.00","0.00","Y","N","","11/1/2025","55555","","","","","","","1","M","9999","M","",""
"618","13050","000104430000062","1","2/4/2026","2/4/2026","0.00","9999999999.00","P","D","M","24.700000","-0.600000","32.700000","0.000000","10.00","0.00","0.00","0.00","0.00","10.00","0.00","N","Y","N2","2/4/2026","51","0-1-05/02/2026-11:13:13-192.168.002.001","","","","","","1","M","9999","M","",""
"619","13090","000104430000062","1","2/4/2026","2/4/2026","0.00","9999999999.00","P","D","M","24.700000","-0.600000","32.700000","0.000000","10.00","0.00","0.00","0.00","0.00","10.00","0.00","N","Y","N9","2/4/2026","55555","","","","","","","1","M","9999","M","",""
"620","13121","000104430000062","1","2/26/2026","2/4/2026","0.00","9999999999.00","P","D","M","24.700000","-0.600000","32.700000","0.000000","10.00","0.00","0.00","0.00","0.00","10.00","0.00","Y","N","N3","2/26/2026","9999","","","","","","","1","M","9999","M","",""
"621","13161","000104430000062","1","3/5/2026","3/5/2026","0.00","9999999999.00","P","D","M","23.700000","-1.000000","31.700000","0.000000","10.00","0.00","0.00","0.00","0.00","10.00","0.00","Y","N","N2","3/5/2026","51","0-1-09/03/2026-14:35:39-192.168.002.001","","","","","","1","M","9999","M","",""
"622","13191","000104430000062","1","3/9/2026","3/9/2026","0.00","9999999999.00","P","D","M","22.400000","-1.300000","30.400000","0.000000","10.00","0.00","0.00","0.00","0.00","10.00","0.00","Y","N","N2","3/9/2026","51","0-1-10/03/2026-10:28:31-192.168.002.001","","","","","","1","M","9999","M","",""
"623","13237","000104430000062","1","4/20/2026","4/20/2026","0.00","9999999999.00","P","D","M","20.800000","-1.600000","28.800000","0.000000","10.00","0.00","0.00","0.00","0.00","10.00","0.00","Y","N","N6","4/20/2026","51","0-1-23/04/2026-09:51:19-192.168.002.001","","","","","","1","M","9999","M","",""
"624","13267","000104430000062","1","5/6/2026","5/6/2026","0.00","9999999999.00","P","D","M","20.600000","-0.200000","28.600000","0.000000","10.00","0.00","0.00","0.00","0.00","10.00","0.00","Y","N","N2","5/6/2026","51","0-1-12/05/2026-08:41:33-192.168.002.001","","","","","","1","M","9999","M","",""
"625","13301","000104430000062","1","6/3/2026","6/3/2026","0.00","9999999999.00","P","D","M","20.400000","-0.200000","28.400000","0.000000","10.00","0.00","0.00","0.00","0.00","10.00","0.00","Y","N","N2","6/3/2026","51","0-1-12/06/2026-17:50:15-172.016.016.016","","","","","","1","M","9999","M","",""
"626","13344","000104430000062","1","7/3/2026","7/3/2026","0.00","9999999999.00","P","D","M","20.500000","0.100000","28.500000","0.000000","10.00","0.00","0.00","0.00","0.00","10.00","0.00","Y","N","N2","7/3/2026","52","0-1-09/07/2026-10:33:22-192.168.002.001","","","","","","1","M","9999","M","",""
"627","13374","000104430000062","1","8/5/2026","8/5/2026","0.00","9999999999.00","P","D","M","20.800000","0.300000","28.800000","0.000000","10.00","0.00","0.00","0.00","0.00","10.00","0.00","Y","N","N2","8/5/2026","51","0-1-10/08/2026-12:01:30-192.168.002.001","","","","","","1","M","9999","M","",""
"628","13404","000104430000062","1","9/3/2026","9/3/2026","0.00","9999999999.00","P","D","M","21.200000","0.400000","29.200000","0.000000","10.00","0.00","0.00","0.00","0.00","10.00","0.00","Y","N","N2","9/3/2026","52","0-1-10/09/2026-17:36:32-192.168.002.001","","","","","","1","M","9999","M","",""
"629","2028","000104430000063","1","10/1/2024","10/1/2024","1.00","99999999999999.00","P","D","M","0.000000","0.000000","30.000000","0.000000","0.00","0.00","0.00","0.00","0.00","0.00","0.00","Y","N","","10/1/2024","9999","Request From LOS Module","","","9999","Request From LOS Module","","1","M","9999","M","",""
"630","2042","000104430000064","1","10/22/2024","10/22/2024","1.00","99999999999999.00","P","D","M","0.000000","0.000000","33.000000","0.000000","0.00","0.00","0.00","0.00","0.00","0.00","0.00","Y","N","","10/28/2024","9999","Request From LOS Module","","","9999","Request From LOS Module","","1","M","9999","M","",""
"631","12112","000104430000064","1","12/9/2024","12/9/2024","0.00","9999999999.00","P","D","M","25.300000","0.000000","33.000000","0.000000","0.00","0.00","0.00","0.00","0.00","0.00","0.00","Y","Y","","12/9/2024","55555","","55555","","","","","1","M","9999","M","",""
"632","12216","000104430000064","1","12/9/2024","12/9/2024","0.00","9999999999.00","P","D","M","25.300000","0.000000","33.000000","0.000000","0.00","0.00","0.00","0.00","0.00","0.00","0.00","Y","N","","12/9/2024","55555","","","","","","","1","M","9999","M","",""
"633","12113","000104430000064","1","12/10/2024","12/10/2024","0.00","9999999999.00","P","D","M","25.300000","-0.100000","32.900000","0.000000","0.00","0.00","0.00","0.00","0.00","0.00","0.00","Y","Y","","12/10/2024","55555","","55555","","","","","1","M","9999","M","",""
"634","12217","000104430000064","1","12/10/2024","12/10/2024","0.00","9999999999.00","P","D","M","25.300000","0.000000","33.000000","0.000000","0.00","0.00","0.00","0.00","0.00","0.00","0.00","Y","N","","12/10/2024","55555","","","","","","","1","M","9999","M","",""
"635","12114","000104430000064","1","4/14/2025","4/14/2025","0.00","9999999999.00","P","D","M","25.100000","-0.200000","32.700000","0.000000","0.00","0.00","0.00","0.00","0.00","0.00","0.00","Y","Y","","4/14/2025","55555","","55555","","","","","1","M","9999","M","",""
"636","12218","000104430000064","1","4/14/2025","4/14/2025","0.00","9999999999.00","P","D","M","25.100000","-0.200000","32.800000","0.000000","0.00","0.00","0.00","0.00","0.00","0.00","0.00","Y","N","","4/14/2025","55555","","","","","","","1","M","9999","M","",""
"637","12115","000104430000064","1","4/16/2025","4/16/2025","0.00","9999999999.00","P","D","M","25.100000","0.000000","32.700000","0.000000","0.00","0.00","0.00","0.00","0.00","0.00","0.00","Y","Y","","4/16/2025","55555","","55555","","","","","1","M","9999","M","",""
"638","12219","000104430000064","1","4/16/2025","4/16/2025","0.00","9999999999.00","P","D","M","25.100000","0.000000","32.800000","0.000000","0.00","0.00","0.00","0.00","0.00","0.00","0.00","Y","N","","4/16/2025","55555","","","","","","","1","M","9999","M","",""
"639","12116","000104430000064","1","4/17/2025","4/17/2025","0.00","9999999999.00","P","D","M","25.100000","0.000000","32.700000","0.000000","0.00","0.00","0.00","0.00","0.00","0.00","0.00","Y","Y","","4/17/2025","55555","","55555","","","","","1","M","9999","M","",""
"640","12220","000104430000064","1","4/17/2025","4/17/2025","0.00","9999999999.00","P","D","M","25.100000","0.000000","32.800000","0.000000","0.00","0.00","0.00","0.00","0.00","0.00","0.00","Y","N","","4/17/2025","55555","","","","","","","1","M","9999","M","",""
"641","12117","000104430000064","1","4/22/2025","4/22/2025","0.00","9999999999.00","P","D","M","25.100000","0.000000","32.700000","0.000000","0.00","0.00","0.00","0.00","0.00","0.00","0.00","Y","Y","","4/22/2025","55555","","55555","","","","","1","M","9999","M","",""
"642","12221","000104430000064","1","4/22/2025","4/22/2025","0.00","9999999999.00","P","D","M","25.100000","0.000000","32.800000","0.000000","0.00","0.00","0.00","0.00","0.00","0.00","0.00","Y","N","","4/22/2025","55555","","","","","","","1","M","9999","M","",""
"643","12118","000104430000064","1","4/23/2025","4/23/2025","0.00","9999999999.00","P","D","M","25.100000","0.000000","32.700000","0.000000","0.00","0.00","0.00","0.00","0.00","0.00","0.00","Y","Y","","4/23/2025","55555","","55555","","","","","1","M","9999","M","",""
"644","12222","000104430000064","1","4/23/2025","4/23/2025","0.00","9999999999.00","P","D","M","25.100000","0.000000","32.800000","0.000000","0.00","0.00","0.00","0.00","0.00","0.00","0.00","Y","N","","4/23/2025","55555","","","","","","","1","M","9999","M","",""
"645","12119","000104430000064","1","4/30/2025","4/30/2025","0.00","9999999999.00","P","D","M","25.100000","0.000000","32.700000","0.000000","0.00","0.00","0.00","0.00","0.00","0.00","0.00","Y","Y","","4/30/2025","55555","","55555","","","","","1","M","9999","M","",""
"646","12223","000104430000064","1","4/30/2025","4/30/2025","0.00","9999999999.00","P","D","M","25.100000","0.000000","32.800000","0.000000","0.00","0.00","0.00","0.00","0.00","0.00","0.00","Y","N","","4/30/2025","55555","","","","","","","1","M","9999","M","",""
"647","12120","000104430000064","1","5/19/2025","5/19/2025","0.00","9999999999.00","P","D","M","25.100000","0.000000","32.700000","0.000000","0.00","0.00","0.00","0.00","0.00","0.00","0.00","Y","Y","","5/19/2025","55555","","55555","","","","","1","M","9999","M","",""
"648","12224","000104430000064","1","5/19/2025","5/19/2025","0.00","9999999999.00","P","D","M","25.100000","0.000000","32.800000","0.000000","0.00","0.00","0.00","0.00","0.00","0.00","0.00","Y","N","","5/19/2025","55555","","","","","","","1","M","9999","M","",""
"649","12121","000104430000064","1","5/22/2025","5/22/2025","0.00","9999999999.00","P","D","M","25.100000","0.000000","32.700000","0.000000","0.00","0.00","0.00","0.00","0.00","0.00","0.00","Y","Y","","5/22/2025","55555","","55555","","","","","1","M","9999","M","",""
"650","12225","000104430000064","1","5/22/2025","5/22/2025","0.00","9999999999.00","P","D","M","25.100000","0.000000","32.800000","0.000000","0.00","0.00","0.00","0.00","0.00","0.00","0.00","Y","N","","5/22/2025","55555","","","","","","","1","M","9999","M","",""
"651","12122","000104430000064","1","5/27/2025","5/27/2025","0.00","9999999999.00","P","D","M","25.200000","0.100000","32.800000","0.000000","0.00","0.00","0.00","0.00","0.00","0.00","0.00","Y","Y","","5/27/2025","55555","","55555","","","","","1","M","9999","M","",""
"652","12226","000104430000064","1","5/27/2025","5/27/2025","0.00","9999999999.00","P","D","M","25.200000","0.100000","32.900000","0.000000","0.00","0.00","0.00","0.00","0.00","0.00","0.00","Y","N","","5/27/2025","55555","","","","","","","1","M","9999","M","",""
"653","12123","000104430000064","1","5/28/2025","5/28/2025","0.00","9999999999.00","P","D","M","25.200000","0.000000","32.800000","0.000000","0.00","0.00","0.00","0.00","0.00","0.00","0.00","Y","Y","","5/28/2025","55555","","55555","","","","","1","M","9999","M","",""
"654","12227","000104430000064","1","5/28/2025","5/28/2025","0.00","9999999999.00","P","D","M","25.200000","0.000000","32.900000","0.000000","0.00","0.00","0.00","0.00","0.00","0.00","0.00","Y","N","","5/28/2025","55555","","","","","","","1","M","9999","M","",""
"655","12124","000104430000064","1","6/5/2025","6/5/2025","0.00","9999999999.00","P","D","M","25.200000","0.000000","32.800000","0.000000","0.00","0.00","0.00","0.00","0.00","0.00","0.00","Y","Y","","6/5/2025","55555","","55555","","","","","1","M","9999","M","",""
"656","12228","000104430000064","1","6/5/2025","6/5/2025","0.00","9999999999.00","P","D","M","25.200000","0.000000","32.900000","0.000000","0.00","0.00","0.00","0.00","0.00","0.00","0.00","Y","N","","6/5/2025","55555","","","","","","","1","M","9999","M","",""
"657","12125","000104430000064","1","6/16/2025","6/16/2025","0.00","9999999999.00","P","D","M","25.100000","-0.100000","32.700000","0.000000","0.00","0.00","0.00","0.00","0.00","0.00","0.00","Y","Y","","6/16/2025","55555","","55555","","","","","1","M","9999","M","",""
"658","12229","000104430000064","1","6/16/2025","6/16/2025","0.00","9999999999.00","P","D","M","25.100000","-0.100000","32.800000","0.000000","0.00","0.00","0.00","0.00","0.00","0.00","0.00","Y","N","","6/16/2025","55555","","","","","","","1","M","9999","M","",""
"659","12126","000104430000064","1","7/8/2025","7/8/2025","0.00","9999999999.00","P","D","M","25.300000","0.200000","32.900000","0.000000","0.00","0.00","0.00","0.00","0.00","0.00","0.00","Y","Y","","7/8/2025","55555","","55555","","","","","1","M","9999","M","",""
"660","12230","000104430000064","1","7/8/2025","7/8/2025","0.00","9999999999.00","P","D","M","25.300000","0.200000","33.000000","0.000000","0.00","0.00","0.00","0.00","0.00","0.00","0.00","Y","N","","7/8/2025","55555","","","","","","","1","M","9999","M","",""
"661","12127","000104430000064","1","7/15/2025","7/15/2025","0.00","9999999999.00","P","D","M","25.300000","0.000000","32.900000","0.000000","0.00","0.00","0.00","0.00","0.00","0.00","0.00","Y","Y","","7/15/2025","55555","","55555","","","","","1","M","9999","M","",""
"662","12231","000104430000064","1","7/15/2025","7/15/2025","0.00","9999999999.00","P","D","M","25.300000","0.000000","33.000000","0.000000","0.00","0.00","0.00","0.00","0.00","0.00","0.00","Y","N","","7/15/2025","55555","","","","","","","1","M","9999","M","",""
"663","12128","000104430000064","1","7/16/2025","7/16/2025","0.00","9999999999.00","P","D","M","25.300000","0.000000","32.900000","0.000000","0.00","0.00","0.00","0.00","0.00","0.00","0.00","Y","Y","","7/16/2025","55555","","55555","","","","","1","M","9999","M","",""
"664","12232","000104430000064","1","7/16/2025","7/16/2025","0.00","9999999999.00","P","D","M","25.300000","0.000000","33.000000","0.000000","0.00","0.00","0.00","0.00","0.00","0.00","0.00","Y","N","","7/16/2025","55555","","","","","","","1","M","9999","M","",""
"665","12129","000104430000064","1","7/23/2025","7/23/2025","0.00","9999999999.00","P","D","M","25.300000","0.000000","32.900000","0.000000","0.00","0.00","0.00","0.00","0.00","0.00","0.00","Y","Y","","7/23/2025","55555","","55555","","","","","1","M","9999","M","",""
"666","12233","000104430000064","1","7/23/2025","7/23/2025","0.00","9999999999.00","P","D","M","25.300000","0.000000","33.000000","0.000000","0.00","0.00","0.00","0.00","0.00","0.00","0.00","Y","N","","7/23/2025","55555","","","","","","","1","M","9999","M","",""
"667","12130","000104430000064","1","9/3/2025","9/3/2025","0.00","9999999999.00","P","D","M","25.300000","0.000000","32.900000","0.000000","0.00","0.00","0.00","0.00","0.00","0.00","0.00","Y","Y","","9/3/2025","55555","","55555","","","","","1","M","9999","M","",""
"668","12234","000104430000064","1","9/3/2025","9/3/2025","0.00","9999999999.00","P","D","M","25.300000","0.000000","33.000000","0.000000","0.00","0.00","0.00","0.00","0.00","0.00","0.00","Y","N","","9/3/2025","55555","","","","","","","1","M","9999","M","",""
"669","12131","000104430000064","1","10/1/2025","10/1/2025","0.00","9999999999.00","P","D","M","25.400000","0.100000","33.000000","0.000000","0.00","0.00","0.00","0.00","0.00","0.00","0.00","Y","Y","","10/1/2025","55555","","55555","","","","","1","M","9999","M","",""
"670","12235","000104430000064","1","10/1/2025","10/1/2025","0.00","9999999999.00","P","D","M","25.400000","0.100000","33.100000","0.000000","0.00","0.00","0.00","0.00","0.00","0.00","0.00","Y","N","","10/1/2025","55555","","","","","","","1","M","9999","M","",""
"671","12132","000104430000064","1","11/1/2025","11/1/2025","0.00","9999999999.00","P","D","M","25.300000","-0.100000","32.900000","0.000000","0.00","0.00","0.00","0.00","0.00","0.00","0.00","Y","Y","","11/1/2025","55555","","55555","","","","","1","M","9999","M","",""
"672","12236","000104430000064","1","11/1/2025","11/1/2025","0.00","9999999999.00","P","D","M","25.300000","-0.100000","33.000000","0.000000","0.00","0.00","0.00","0.00","0.00","0.00","0.00","Y","N","","11/1/2025","55555","","","","","","","1","M","9999","M","",""
"673","13049","000104430000064","1","2/4/2026","2/4/2026","0.00","9999999999.00","P","D","M","24.700000","-0.600000","32.400000","0.000000","0.00","0.00","0.00","0.00","0.00","0.00","0.00","N","Y","N2","2/4/2026","51","0-1-05/02/2026-11:13:13-192.168.002.001","","","","","","1","M","9999","M","",""
"674","13089","000104430000064","1","2/4/2026","2/4/2026","0.00","9999999999.00","P","D","M","24.700000","-0.600000","32.400000","0.000000","0.00","0.00","0.00","0.00","0.00","0.00","0.00","N","Y","N9","2/4/2026","55555","","","","","","","1","M","9999","M","",""
"675","13112","000104430000064","1","2/12/2026","2/4/2026","0.00","9999999999.00","P","D","M","24.700000","-0.600000","32.400000","0.000000","0.00","0.00","0.00","0.00","0.00","0.00","0.00","Y","N","N3","2/12/2026","9999","","","","","","","1","M","9999","M","",""
"676","13160","000104430000064","1","3/5/2026","3/5/2026","0.00","9999999999.00","P","D","M","23.700000","-1.000000","31.400000","0.000000","0.00","0.00","0.00","0.00","0.00","0.00","0.00","Y","N","N2","3/5/2026","51","0-1-09/03/2026-14:35:39-192.168.002.001","","","","","","1","M","9999","M","",""
"677","13190","000104430000064","1","3/9/2026","3/9/2026","0.00","9999999999.00","P","D","M","22.400000","-1.300000","30.100000","0.000000","0.00","0.00","0.00","0.00","0.00","0.00","0.00","Y","N","N2","3/9/2026","51","0-1-10/03/2026-10:28:31-192.168.002.001","","","","","","1","M","9999","M","",""
"678","13236","000104430000064","1","4/20/2026","4/20/2026","0.00","9999999999.00","P","D","M","20.800000","-1.600000","28.500000","0.000000","0.00","0.00","0.00","0.00","0.00","0.00","0.00","Y","N","N6","4/20/2026","51","0-1-23/04/2026-09:51:19-192.168.002.001","","","","","","1","M","9999","M","",""
"679","13266","000104430000064","1","5/6/2026","5/6/2026","0.00","9999999999.00","P","D","M","20.600000","-0.200000","28.300000","0.000000","0.00","0.00","0.00","0.00","0.00","0.00","0.00","Y","N","N2","5/6/2026","51","0-1-12/05/2026-08:41:33-192.168.002.001","","","","","","1","M","9999","M","",""
"680","13300","000104430000064","1","6/3/2026","6/3/2026","0.00","9999999999.00","P","D","M","20.400000","-0.200000","28.100000","0.000000","0.00","0.00","0.00","0.00","0.00","0.00","0.00","Y","N","N2","6/3/2026","51","0-1-12/06/2026-17:50:15-172.016.016.016","","","","","","1","M","9999","M","",""
"681","13343","000104430000064","1","7/3/2026","7/3/2026","0.00","9999999999.00","P","D","M","20.500000","0.100000","28.200000","0.000000","0.00","0.00","0.00","0.00","0.00","0.00","0.00","Y","N","N2","7/3/2026","52","0-1-09/07/2026-10:33:22-192.168.002.001","","","","","","1","M","9999","M","",""
"682","13373","000104430000064","1","8/5/2026","8/5/2026","0.00","9999999999.00","P","D","M","20.800000","0.300000","28.500000","0.000000","0.00","0.00","0.00","0.00","0.00","0.00","0.00","Y","N","N2","8/5/2026","51","0-1-10/08/2026-12:01:30-192.168.002.001","","","","","","1","M","9999","M","",""
"683","13403","000104430000064","1","9/3/2026","9/3/2026","0.00","9999999999.00","P","D","M","21.200000","0.400000","28.900000","0.000000","0.00","0.00","0.00","0.00","0.00","0.00","0.00","Y","N","N2","9/3/2026","52","0-1-10/09/2026-17:36:32-192.168.002.001","","","","","","1","M","9999","M","",""
"684","2044","000104430000065","1","10/31/2024","10/31/2024","1.00","99999999999999.00","P","D","M","0.000000","0.000000","25.000000","0.000000","0.00","0.00","0.00","0.00","0.00","0.00","0.00","Y","N","","10/31/2024","9999","Request From LOS Module","","","9999","Request From LOS Module","","1","M","9999","M","",""
"685","2062","000104430000066","1","11/12/2024","11/12/2024","1.00","99999999999999.00","P","D","M","0.000000","0.000000","25.000000","0.000000","0.00","0.00","0.00","0.00","0.00","0.00","0.00","Y","N","","11/12/2024","9999","Request From LOS Module","","","9999","Request From LOS Module","","1","M","9999","M","",""
"686","2065","000104430000067","1","11/20/2024","11/20/2024","1.00","99999999999999.00","P","D","M","0.000000","0.000000","33.000000","0.000000","0.00","0.00","0.00","0.00","0.00","0.00","0.00","Y","N","","11/20/2024","9999","Request From LOS Module","","","9999","Request From LOS Module","","1","M","9999","M","",""
"687","2066","000104430000068","1","11/27/2024","8/14/2024","1.00","99999999999999.00","P","D","M","0.000000","0.000000","33.000000","0.000000","0.00","0.00","0.00","0.00","0.00","0.00","0.00","Y","N","","11/27/2024","9999","Request From LOS Module","","","9999","Request From LOS Module","","1","M","9999","M","",""
"688","12279","000104430000068","1","9/16/2024","9/16/2024","0.00","9999999999.00","P","D","M","25.400000","0.400000","33.400000","0.000000","0.00","0.00","0.00","0.00","0.00","0.00","0.00","Y","N","","9/16/2024","55555","","","","","","","1","M","9999","M","",""
"689","12280","000104430000068","1","12/9/2024","12/9/2024","0.00","9999999999.00","P","D","M","25.400000","0.000000","33.400000","0.000000","0.00","0.00","0.00","0.00","0.00","0.00","0.00","Y","N","","12/9/2024","55555","","","","","","","1","M","9999","M","",""
"690","12281","000104430000068","1","12/10/2024","12/10/2024","0.00","9999999999.00","P","D","M","25.300000","-0.100000","33.300000","0.000000","0.00","0.00","0.00","0.00","0.00","0.00","0.00","Y","N","","12/10/2024","55555","","","","","","","1","M","9999","M","",""
"691","12282","000104430000068","1","4/14/2025","4/14/2025","0.00","9999999999.00","P","D","M","25.100000","-0.200000","33.100000","0.000000","0.00","0.00","0.00","0.00","0.00","0.00","0.00","Y","N","","4/14/2025","55555","","","","","","","1","M","9999","M","",""
"692","12283","000104430000068","1","4/16/2025","4/16/2025","0.00","9999999999.00","P","D","M","25.100000","0.000000","33.100000","0.000000","0.00","0.00","0.00","0.00","0.00","0.00","0.00","Y","N","","4/16/2025","55555","","","","","","","1","M","9999","M","",""
"693","12284","000104430000068","1","4/17/2025","4/17/2025","0.00","9999999999.00","P","D","M","25.100000","0.000000","33.100000","0.000000","0.00","0.00","0.00","0.00","0.00","0.00","0.00","Y","N","","4/17/2025","55555","","","","","","","1","M","9999","M","",""
"694","12285","000104430000068","1","4/22/2025","4/22/2025","0.00","9999999999.00","P","D","M","25.100000","0.000000","33.100000","0.000000","0.00","0.00","0.00","0.00","0.00","0.00","0.00","Y","N","","4/22/2025","55555","","","","","","","1","M","9999","M","",""
"695","12286","000104430000068","1","4/23/2025","4/23/2025","0.00","9999999999.00","P","D","M","25.100000","0.000000","33.100000","0.000000","0.00","0.00","0.00","0.00","0.00","0.00","0.00","Y","N","","4/23/2025","55555","","","","","","","1","M","9999","M","",""
"696","12287","000104430000068","1","4/30/2025","4/30/2025","0.00","9999999999.00","P","D","M","25.100000","0.000000","33.100000","0.000000","0.00","0.00","0.00","0.00","0.00","0.00","0.00","Y","N","","4/30/2025","55555","","","","","","","1","M","9999","M","",""
"697","12288","000104430000068","1","5/19/2025","5/19/2025","0.00","9999999999.00","P","D","M","25.100000","0.000000","33.100000","0.000000","0.00","0.00","0.00","0.00","0.00","0.00","0.00","Y","N","","5/19/2025","55555","","","","","","","1","M","9999","M","",""
"698","12289","000104430000068","1","5/22/2025","5/22/2025","0.00","9999999999.00","P","D","M","25.100000","0.000000","33.100000","0.000000","0.00","0.00","0.00","0.00","0.00","0.00","0.00","Y","N","","5/22/2025","55555","","","","","","","1","M","9999","M","",""
"699","12290","000104430000068","1","5/27/2025","5/27/2025","0.00","9999999999.00","P","D","M","25.200000","0.100000","33.200000","0.000000","0.00","0.00","0.00","0.00","0.00","0.00","0.00","Y","N","","5/27/2025","55555","","","","","","","1","M","9999","M","",""
"700","12291","000104430000068","1","5/28/2025","5/28/2025","0.00","9999999999.00","P","D","M","25.200000","0.000000","33.200000","0.000000","0.00","0.00","0.00","0.00","0.00","0.00","0.00","Y","N","","5/28/2025","55555","","","","","","","1","M","9999","M","",""
"701","12292","000104430000068","1","6/5/2025","6/5/2025","0.00","9999999999.00","P","D","M","25.200000","0.000000","33.200000","0.000000","0.00","0.00","0.00","0.00","0.00","0.00","0.00","Y","N","","6/5/2025","55555","","","","","","","1","M","9999","M","",""
"702","12293","000104430000068","1","6/16/2025","6/16/2025","0.00","9999999999.00","P","D","M","25.100000","-0.100000","33.100000","0.000000","0.00","0.00","0.00","0.00","0.00","0.00","0.00","Y","N","","6/16/2025","55555","","","","","","","1","M","9999","M","",""
"703","12294","000104430000068","1","7/8/2025","7/8/2025","0.00","9999999999.00","P","D","M","25.300000","0.200000","33.300000","0.000000","0.00","0.00","0.00","0.00","0.00","0.00","0.00","Y","N","","7/8/2025","55555","","","","","","","1","M","9999","M","",""
"704","12295","000104430000068","1","7/15/2025","7/15/2025","0.00","9999999999.00","P","D","M","25.300000","0.000000","33.300000","0.000000","0.00","0.00","0.00","0.00","0.00","0.00","0.00","Y","N","","7/15/2025","55555","","","","","","","1","M","9999","M","",""
"705","12296","000104430000068","1","7/16/2025","7/16/2025","0.00","9999999999.00","P","D","M","25.300000","0.000000","33.300000","0.000000","0.00","0.00","0.00","0.00","0.00","0.00","0.00","Y","N","","7/16/2025","55555","","","","","","","1","M","9999","M","",""
"706","12297","000104430000068","1","7/23/2025","7/23/2025","0.00","9999999999.00","P","D","M","25.300000","0.000000","33.300000","0.000000","0.00","0.00","0.00","0.00","0.00","0.00","0.00","Y","N","","7/23/2025","55555","","","","","","","1","M","9999","M","",""
"707","12298","000104430000068","1","9/3/2025","9/3/2025","0.00","9999999999.00","P","D","M","25.300000","0.000000","33.300000","0.000000","0.00","0.00","0.00","0.00","0.00","0.00","0.00","Y","N","","9/3/2025","55555","","","","","","","1","M","9999","M","",""
"708","12299","000104430000068","1","10/1/2025","10/1/2025","0.00","9999999999.00","P","D","M","25.400000","0.100000","33.400000","0.000000","0.00","0.00","0.00","0.00","0.00","0.00","0.00","Y","N","","10/1/2025","55555","","","","","","","1","M","9999","M","",""
"709","12300","000104430000068","1","11/1/2025","11/1/2025","0.00","9999999999.00","P","D","M","25.300000","-0.100000","33.300000","0.000000","0.00","0.00","0.00","0.00","0.00","0.00","0.00","Y","N","","11/1/2025","55555","","","","","","","1","M","9999","M","",""
"710","13051","000104430000068","1","2/4/2026","2/4/2026","0.00","9999999999.00","P","D","M","24.700000","-0.600000","32.700000","0.000000","0.00","0.00","0.00","0.00","0.00","0.00","0.00","N","Y","N2","2/4/2026","51","0-1-05/02/2026-11:13:13-192.168.002.001","","","","","","1","M","9999","M","",""
"711","13091","000104430000068","1","2/4/2026","2/4/2026","0.00","9999999999.00","P","D","M","24.700000","-0.600000","32.700000","0.000000","0.00","0.00","0.00","0.00","0.00","0.00","0.00","N","Y","N9","2/4/2026","55555","","","","","","","1","M","9999","M","",""
"712","13122","000104430000068","1","2/26/2026","2/4/2026","0.00","9999999999.00","P","D","M","24.700000","-0.600000","32.700000","0.000000","0.00","0.00","0.00","0.00","0.00","0.00","0.00","Y","N","N3","2/26/2026","9999","","","","","","","1","M","9999","M","",""
"713","13162","000104430000068","1","3/5/2026","3/5/2026","0.00","9999999999.00","P","D","M","23.700000","-1.000000","31.700000","0.000000","0.00","0.00","0.00","0.00","0.00","0.00","0.00","Y","N","N2","3/5/2026","51","0-1-09/03/2026-14:35:39-192.168.002.001","","","","","","1","M","9999","M","",""
"714","13192","000104430000068","1","3/9/2026","3/9/2026","0.00","9999999999.00","P","D","M","22.400000","-1.300000","30.400000","0.000000","0.00","0.00","0.00","0.00","0.00","0.00","0.00","Y","N","N2","3/9/2026","51","0-1-10/03/2026-10:28:31-192.168.002.001","","","","","","1","M","9999","M","",""
"715","13238","000104430000068","1","4/20/2026","4/20/2026","0.00","9999999999.00","P","D","M","20.800000","-1.600000","28.800000","0.000000","0.00","0.00","0.00","0.00","0.00","0.00","0.00","Y","N","N6","4/20/2026","51","0-1-23/04/2026-09:51:19-192.168.002.001","","","","","","1","M","9999","M","",""
"716","13268","000104430000068","1","5/6/2026","5/6/2026","0.00","9999999999.00","P","D","M","20.600000","-0.200000","28.600000","0.000000","0.00","0.00","0.00","0.00","0.00","0.00","0.00","Y","N","N2","5/6/2026","51","0-1-12/05/2026-08:41:33-192.168.002.001","","","","","","1","M","9999","M","",""
"717","13302","000104430000068","1","6/3/2026","6/3/2026","0.00","9999999999.00","P","D","M","20.400000","-0.200000","28.400000","0.000000","0.00","0.00","0.00","0.00","0.00","0.00","0.00","Y","N","N2","6/3/2026","51","0-1-12/06/2026-17:50:15-172.016.016.016","","","","","","1","M","9999","M","",""
"718","13345","000104430000068","1","7/3/2026","7/3/2026","0.00","9999999999.00","P","D","M","20.500000","0.100000","28.500000","0.000000","0.00","0.00","0.00","0.00","0.00","0.00","0.00","Y","N","N2","7/3/2026","52","0-1-09/07/2026-10:33:22-192.168.002.001","","","","","","1","M","9999","M","",""
"719","13375","000104430000068","1","8/5/2026","8/5/2026","0.00","9999999999.00","P","D","M","20.800000","0.300000","28.800000","0.000000","0.00","0.00","0.00","0.00","0.00","0.00","0.00","Y","N","N2","8/5/2026","51","0-1-10/08/2026-12:01:30-192.168.002.001","","","","","","1","M","9999","M","",""
"720","13405","000104430000068","1","9/3/2026","9/3/2026","0.00","9999999999.00","P","D","M","21.200000","0.400000","29.200000","0.000000","0.00","0.00","0.00","0.00","0.00","0.00","0.00","Y","N","N2","9/3/2026","52","0-1-10/09/2026-17:36:32-192.168.002.001","","","","","","1","M","9999","M","",""
"721","2296","000104430000069","1","12/9/2024","12/9/2024","1.00","99999999999999.00","P","D","M","0.000000","0.000000","29.800000","0.000000","0.00","0.00","0.00","0.00","0.00","0.00","0.00","Y","N","","12/19/2024","9999","Request From LOS Module","","","9999","Request From LOS Module","","1","M","9999","M","",""
"722","12301","000104430000069","1","12/10/2024","12/10/2024","0.00","9999999999.00","P","D","M","25.300000","0.000000","29.800000","0.000000","0.00","0.00","0.00","0.00","0.00","0.00","0.00","Y","N","","12/10/2024","55555","","","","","","","1","M","9999","M","",""
"723","12302","000104430000069","1","4/14/2025","4/14/2025","0.00","9999999999.00","P","D","M","25.100000","-0.200000","29.600000","0.000000","0.00","0.00","0.00","0.00","0.00","0.00","0.00","Y","N","","4/14/2025","55555","","","","","","","1","M","9999","M","",""
"724","12303","000104430000069","1","4/16/2025","4/16/2025","0.00","9999999999.00","P","D","M","25.100000","0.000000","29.600000","0.000000","0.00","0.00","0.00","0.00","0.00","0.00","0.00","Y","N","","4/16/2025","55555","","","","","","","1","M","9999","M","",""
"725","12304","000104430000069","1","4/17/2025","4/17/2025","0.00","9999999999.00","P","D","M","25.100000","0.000000","29.600000","0.000000","0.00","0.00","0.00","0.00","0.00","0.00","0.00","Y","N","","4/17/2025","55555","","","","","","","1","M","9999","M","",""
"726","12305","000104430000069","1","4/22/2025","4/22/2025","0.00","9999999999.00","P","D","M","25.100000","0.000000","29.600000","0.000000","0.00","0.00","0.00","0.00","0.00","0.00","0.00","Y","N","","4/22/2025","55555","","","","","","","1","M","9999","M","",""
"727","12306","000104430000069","1","4/23/2025","4/23/2025","0.00","9999999999.00","P","D","M","25.100000","0.000000","29.600000","0.000000","0.00","0.00","0.00","0.00","0.00","0.00","0.00","Y","N","","4/23/2025","55555","","","","","","","1","M","9999","M","",""
"728","12307","000104430000069","1","4/30/2025","4/30/2025","0.00","9999999999.00","P","D","M","25.100000","0.000000","29.600000","0.000000","0.00","0.00","0.00","0.00","0.00","0.00","0.00","Y","N","","4/30/2025","55555","","","","","","","1","M","9999","M","",""
"729","12308","000104430000069","1","5/19/2025","5/19/2025","0.00","9999999999.00","P","D","M","25.100000","0.000000","29.600000","0.000000","0.00","0.00","0.00","0.00","0.00","0.00","0.00","Y","N","","5/19/2025","55555","","","","","","","1","M","9999","M","",""
"730","12309","000104430000069","1","5/22/2025","5/22/2025","0.00","9999999999.00","P","D","M","25.100000","0.000000","29.600000","0.000000","0.00","0.00","0.00","0.00","0.00","0.00","0.00","Y","N","","5/22/2025","55555","","","","","","","1","M","9999","M","",""
"731","12310","000104430000069","1","5/27/2025","5/27/2025","0.00","9999999999.00","P","D","M","25.200000","0.100000","29.700000","0.000000","0.00","0.00","0.00","0.00","0.00","0.00","0.00","Y","N","","5/27/2025","55555","","","","","","","1","M","9999","M","",""
"732","12311","000104430000069","1","5/28/2025","5/28/2025","0.00","9999999999.00","P","D","M","25.200000","0.000000","29.700000","0.000000","0.00","0.00","0.00","0.00","0.00","0.00","0.00","Y","N","","5/28/2025","55555","","","","","","","1","M","9999","M","",""
"733","12312","000104430000069","1","6/5/2025","6/5/2025","0.00","9999999999.00","P","D","M","25.200000","0.000000","29.700000","0.000000","0.00","0.00","0.00","0.00","0.00","0.00","0.00","Y","N","","6/5/2025","55555","","","","","","","1","M","9999","M","",""
"734","12313","000104430000069","1","6/16/2025","6/16/2025","0.00","9999999999.00","P","D","M","25.100000","-0.100000","29.600000","0.000000","0.00","0.00","0.00","0.00","0.00","0.00","0.00","Y","N","","6/16/2025","55555","","","","","","","1","M","9999","M","",""
"735","12314","000104430000069","1","7/8/2025","7/8/2025","0.00","9999999999.00","P","D","M","25.300000","0.200000","29.800000","0.000000","0.00","0.00","0.00","0.00","0.00","0.00","0.00","Y","N","","7/8/2025","55555","","","","","","","1","M","9999","M","",""
"736","12315","000104430000069","1","7/15/2025","7/15/2025","0.00","9999999999.00","P","D","M","25.300000","0.000000","29.800000","0.000000","0.00","0.00","0.00","0.00","0.00","0.00","0.00","Y","N","","7/15/2025","55555","","","","","","","1","M","9999","M","",""
"737","12316","000104430000069","1","7/16/2025","7/16/2025","0.00","9999999999.00","P","D","M","25.300000","0.000000","29.800000","0.000000","0.00","0.00","0.00","0.00","0.00","0.00","0.00","Y","N","","7/16/2025","55555","","","","","","","1","M","9999","M","",""
"738","12317","000104430000069","1","7/23/2025","7/23/2025","0.00","9999999999.00","P","D","M","25.300000","0.000000","29.800000","0.000000","0.00","0.00","0.00","0.00","0.00","0.00","0.00","Y","N","","7/23/2025","55555","","","","","","","1","M","9999","M","",""
"739","12318","000104430000069","1","9/3/2025","9/3/2025","0.00","9999999999.00","P","D","M","25.300000","0.000000","29.800000","0.000000","0.00","0.00","0.00","0.00","0.00","0.00","0.00","Y","N","","9/3/2025","55555","","","","","","","1","M","9999","M","",""
"740","12319","000104430000069","1","10/1/2025","10/1/2025","0.00","9999999999.00","P","D","M","25.400000","0.100000","29.900000","0.000000","0.00","0.00","0.00","0.00","0.00","0.00","0.00","Y","N","","10/1/2025","55555","","","","","","","1","M","9999","M","",""
"741","12320","000104430000069","1","11/1/2025","11/1/2025","0.00","9999999999.00","P","D","M","25.300000","-0.100000","29.800000","0.000000","0.00","0.00","0.00","0.00","0.00","0.00","0.00","Y","N","","11/1/2025","55555","","","","","","","1","M","9999","M","",""
"742","13064","000104430000069","1","2/4/2026","2/4/2026","0.00","9999999999.00","P","D","M","24.700000","-0.600000","29.200000","0.000000","0.00","0.00","0.00","0.00","0.00","0.00","0.00","N","Y","N2","2/4/2026","51","0-1-05/02/2026-11:13:13-192.168.002.001","","","","","","1","M","9999","M","",""
"743","13104","000104430000069","1","2/4/2026","2/4/2026","0.00","9999999999.00","P","D","M","24.700000","-0.600000","29.200000","0.000000","0.00","0.00","0.00","0.00","0.00","0.00","0.00","N","Y","N9","2/4/2026","55555","","","","","","","1","M","9999","M","",""
"744","13135","000104430000069","1","2/26/2026","2/4/2026","0.00","9999999999.00","P","D","M","24.700000","-0.600000","29.200000","0.000000","0.00","0.00","0.00","0.00","0.00","0.00","0.00","Y","N","N3","2/26/2026","9999","","","","","","","1","M","9999","M","",""
"745","13175","000104430000069","1","3/5/2026","3/5/2026","0.00","9999999999.00","P","D","M","23.700000","-1.000000","28.200000","0.000000","0.00","0.00","0.00","0.00","0.00","0.00","0.00","Y","N","N2","3/5/2026","51","0-1-09/03/2026-14:35:39-192.168.002.001","","","","","","1","M","9999","M","",""
"746","13205","000104430000069","1","3/9/2026","3/9/2026","0.00","9999999999.00","P","D","M","22.400000","-1.300000","26.900000","0.000000","0.00","0.00","0.00","0.00","0.00","0.00","0.00","Y","N","N2","3/9/2026","51","0-1-10/03/2026-10:28:31-192.168.002.001","","","","","","1","M","9999","M","",""
"747","13251","000104430000069","1","4/20/2026","4/20/2026","0.00","9999999999.00","P","D","M","20.800000","-1.600000","25.300000","0.000000","0.00","0.00","0.00","0.00","0.00","0.00","0.00","Y","N","N6","4/20/2026","51","0-1-23/04/2026-09:51:19-192.168.002.001","","","","","","1","M","9999","M","",""
"748","13281","000104430000069","1","5/6/2026","5/6/2026","0.00","9999999999.00","P","D","M","20.600000","-0.200000","25.100000","0.000000","0.00","0.00","0.00","0.00","0.00","0.00","0.00","Y","N","N2","5/6/2026","51","0-1-12/05/2026-08:41:33-192.168.002.001","","","","","","1","M","9999","M","",""
"749","13315","000104430000069","1","6/3/2026","6/3/2026","0.00","9999999999.00","P","D","M","20.400000","-0.200000","24.900000","0.000000","0.00","0.00","0.00","0.00","0.00","0.00","0.00","Y","N","N2","6/3/2026","51","0-1-12/06/2026-17:50:15-172.016.016.016","","","","","","1","M","9999","M","",""
"750","13358","000104430000069","1","7/3/2026","7/3/2026","0.00","9999999999.00","P","D","M","20.500000","0.100000","25.000000","0.000000","0.00","0.00","0.00","0.00","0.00","0.00","0.00","Y","N","N2","7/3/2026","52","0-1-09/07/2026-10:33:22-192.168.002.001","","","","","","1","M","9999","M","",""
"751","13388","000104430000069","1","8/5/2026","8/5/2026","0.00","9999999999.00","P","D","M","20.800000","0.300000","25.300000","0.000000","0.00","0.00","0.00","0.00","0.00","0.00","0.00","Y","N","N2","8/5/2026","51","0-1-10/08/2026-12:01:30-192.168.002.001","","","","","","1","M","9999","M","",""
"752","13418","000104430000069","1","9/3/2026","9/3/2026","0.00","9999999999.00","P","D","M","21.200000","0.400000","25.700000","0.000000","0.00","0.00","0.00","0.00","0.00","0.00","0.00","Y","N","N2","9/3/2026","52","0-1-10/09/2026-17:36:32-192.168.002.001","","","","","","1","M","9999","M","",""
"753","2658","000104430000070","1","12/9/2024","12/9/2024","1.00","99999999999999.00","P","D","M","0.000000","0.000000","31.300000","0.000000","0.00","0.00","0.00","0.00","0.00","0.00","0.00","Y","N","","1/23/2025","9999","Request From LOS Module","","","9999","Request From LOS Module","","1","M","9999","M","",""
"754","12321","000104430000070","1","12/10/2024","12/10/2024","0.00","9999999999.00","P","D","M","25.300000","0.000000","31.300000","0.000000","0.00","0.00","0.00","0.00","0.00","0.00","0.00","Y","N","","12/10/2024","55555","","","","","","","1","M","9999","M","",""
"755","12322","000104430000070","1","4/14/2025","4/14/2025","0.00","9999999999.00","P","D","M","25.100000","-0.200000","31.100000","0.000000","0.00","0.00","0.00","0.00","0.00","0.00","0.00","Y","N","","4/14/2025","55555","","","","","","","1","M","9999","M","",""
"756","12323","000104430000070","1","4/16/2025","4/16/2025","0.00","9999999999.00","P","D","M","25.100000","0.000000","31.100000","0.000000","0.00","0.00","0.00","0.00","0.00","0.00","0.00","Y","N","","4/16/2025","55555","","","","","","","1","M","9999","M","",""
"757","12324","000104430000070","1","4/17/2025","4/17/2025","0.00","9999999999.00","P","D","M","25.100000","0.000000","31.100000","0.000000","0.00","0.00","0.00","0.00","0.00","0.00","0.00","Y","N","","4/17/2025","55555","","","","","","","1","M","9999","M","",""
"758","12325","000104430000070","1","4/22/2025","4/22/2025","0.00","9999999999.00","P","D","M","25.100000","0.000000","31.100000","0.000000","0.00","0.00","0.00","0.00","0.00","0.00","0.00","Y","N","","4/22/2025","55555","","","","","","","1","M","9999","M","",""
"759","12326","000104430000070","1","4/23/2025","4/23/2025","0.00","9999999999.00","P","D","M","25.100000","0.000000","31.100000","0.000000","0.00","0.00","0.00","0.00","0.00","0.00","0.00","Y","N","","4/23/2025","55555","","","","","","","1","M","9999","M","",""
"760","12327","000104430000070","1","4/30/2025","4/30/2025","0.00","9999999999.00","P","D","M","25.100000","0.000000","31.100000","0.000000","0.00","0.00","0.00","0.00","0.00","0.00","0.00","Y","N","","4/30/2025","55555","","","","","","","1","M","9999","M","",""
"761","12328","000104430000070","1","5/19/2025","5/19/2025","0.00","9999999999.00","P","D","M","25.100000","0.000000","31.100000","0.000000","0.00","0.00","0.00","0.00","0.00","0.00","0.00","Y","N","","5/19/2025","55555","","","","","","","1","M","9999","M","",""
"762","12329","000104430000070","1","5/22/2025","5/22/2025","0.00","9999999999.00","P","D","M","25.100000","0.000000","31.100000","0.000000","0.00","0.00","0.00","0.00","0.00","0.00","0.00","Y","N","","5/22/2025","55555","","","","","","","1","M","9999","M","",""
"763","12330","000104430000070","1","5/27/2025","5/27/2025","0.00","9999999999.00","P","D","M","25.200000","0.100000","31.200000","0.000000","0.00","0.00","0.00","0.00","0.00","0.00","0.00","Y","N","","5/27/2025","55555","","","","","","","1","M","9999","M","",""
"764","12331","000104430000070","1","5/28/2025","5/28/2025","0.00","9999999999.00","P","D","M","25.200000","0.000000","31.200000","0.000000","0.00","0.00","0.00","0.00","0.00","0.00","0.00","Y","N","","5/28/2025","55555","","","","","","","1","M","9999","M","",""
"765","12332","000104430000070","1","6/5/2025","6/5/2025","0.00","9999999999.00","P","D","M","25.200000","0.000000","31.200000","0.000000","0.00","0.00","0.00","0.00","0.00","0.00","0.00","Y","N","","6/5/2025","55555","","","","","","","1","M","9999","M","",""
"766","12333","000104430000070","1","6/16/2025","6/16/2025","0.00","9999999999.00","P","D","M","25.100000","-0.100000","31.100000","0.000000","0.00","0.00","0.00","0.00","0.00","0.00","0.00","Y","N","","6/16/2025","55555","","","","","","","1","M","9999","M","",""
"767","12334","000104430000070","1","7/8/2025","7/8/2025","0.00","9999999999.00","P","D","M","25.300000","0.200000","31.300000","0.000000","0.00","0.00","0.00","0.00","0.00","0.00","0.00","Y","N","","7/8/2025","55555","","","","","","","1","M","9999","M","",""
"768","12335","000104430000070","1","7/15/2025","7/15/2025","0.00","9999999999.00","P","D","M","25.300000","0.000000","31.300000","0.000000","0.00","0.00","0.00","0.00","0.00","0.00","0.00","Y","N","","7/15/2025","55555","","","","","","","1","M","9999","M","",""
"769","12336","000104430000070","1","7/16/2025","7/16/2025","0.00","9999999999.00","P","D","M","25.300000","0.000000","31.300000","0.000000","0.00","0.00","0.00","0.00","0.00","0.00","0.00","Y","N","","7/16/2025","55555","","","","","","","1","M","9999","M","",""
"770","12337","000104430000070","1","7/23/2025","7/23/2025","0.00","9999999999.00","P","D","M","25.300000","0.000000","31.300000","0.000000","0.00","0.00","0.00","0.00","0.00","0.00","0.00","Y","N","","7/23/2025","55555","","","","","","","1","M","9999","M","",""
"771","12338","000104430000070","1","9/3/2025","9/3/2025","0.00","9999999999.00","P","D","M","25.300000","0.000000","31.300000","0.000000","0.00","0.00","0.00","0.00","0.00","0.00","0.00","Y","N","","9/3/2025","55555","","","","","","","1","M","9999","M","",""
"772","12339","000104430000070","1","10/1/2025","10/1/2025","0.00","9999999999.00","P","D","M","25.400000","0.100000","31.400000","0.000000","0.00","0.00","0.00","0.00","0.00","0.00","0.00","Y","N","","10/1/2025","55555","","","","","","","1","M","9999","M","",""
"773","12340","000104430000070","1","11/1/2025","11/1/2025","0.00","9999999999.00","P","D","M","25.300000","-0.100000","31.300000","0.000000","0.00","0.00","0.00","0.00","0.00","0.00","0.00","Y","N","","11/1/2025","55555","","","","","","","1","M","9999","M","",""
"774","13066","000104430000070","1","2/4/2026","2/4/2026","0.00","9999999999.00","P","D","M","24.700000","-0.600000","30.700000","0.000000","0.00","0.00","0.00","0.00","0.00","0.00","0.00","N","Y","N2","2/4/2026","51","0-1-05/02/2026-11:13:13-192.168.002.001","","","","","","1","M","9999","M","",""
"775","13106","000104430000070","1","2/4/2026","2/4/2026","0.00","9999999999.00","P","D","M","24.700000","-0.600000","30.700000","0.000000","0.00","0.00","0.00","0.00","0.00","0.00","0.00","N","Y","N9","2/4/2026","55555","","","","","","","1","M","9999","M","",""
"776","13137","000104430000070","1","2/26/2026","2/4/2026","0.00","9999999999.00","P","D","M","24.700000","-0.600000","30.700000","0.000000","0.00","0.00","0.00","0.00","0.00","0.00","0.00","Y","N","N3","2/26/2026","9999","","","","","","","1","M","9999","M","",""
"777","13177","000104430000070","1","3/5/2026","3/5/2026","0.00","9999999999.00","P","D","M","23.700000","-1.000000","29.700000","0.000000","0.00","0.00","0.00","0.00","0.00","0.00","0.00","Y","N","N2","3/5/2026","51","0-1-09/03/2026-14:35:39-192.168.002.001","","","","","","1","M","9999","M","",""
"778","13207","000104430000070","1","3/9/2026","3/9/2026","0.00","9999999999.00","P","D","M","22.400000","-1.300000","28.400000","0.000000","0.00","0.00","0.00","0.00","0.00","0.00","0.00","Y","N","N2","3/9/2026","51","0-1-10/03/2026-10:28:31-192.168.002.001","","","","","","1","M","9999","M","",""
"779","13253","000104430000070","1","4/20/2026","4/20/2026","0.00","9999999999.00","P","D","M","20.800000","-1.600000","26.800000","0.000000","0.00","0.00","0.00","0.00","0.00","0.00","0.00","Y","N","N6","4/20/2026","51","0-1-23/04/2026-09:51:19-192.168.002.001","","","","","","1","M","9999","M","",""
"780","13283","000104430000070","1","5/6/2026","5/6/2026","0.00","9999999999.00","P","D","M","20.600000","-0.200000","26.600000","0.000000","0.00","0.00","0.00","0.00","0.00","0.00","0.00","Y","N","N2","5/6/2026","51","0-1-12/05/2026-08:41:33-192.168.002.001","","","","","","1","M","9999","M","",""
"781","13317","000104430000070","1","6/3/2026","6/3/2026","0.00","9999999999.00","P","D","M","20.400000","-0.200000","26.400000","0.000000","0.00","0.00","0.00","0.00","0.00","0.00","0.00","Y","N","N2","6/3/2026","51","0-1-12/06/2026-17:50:15-172.016.016.016","","","","","","1","M","9999","M","",""
"782","13360","000104430000070","1","7/3/2026","7/3/2026","0.00","9999999999.00","P","D","M","20.500000","0.100000","26.500000","0.000000","0.00","0.00","0.00","0.00","0.00","0.00","0.00","Y","N","N2","7/3/2026","52","0-1-09/07/2026-10:33:22-192.168.002.001","","","","","","1","M","9999","M","",""
"783","13390","000104430000070","1","8/5/2026","8/5/2026","0.00","9999999999.00","P","D","M","20.800000","0.300000","26.800000","0.000000","0.00","0.00","0.00","0.00","0.00","0.00","0.00","Y","N","N2","8/5/2026","51","0-1-10/08/2026-12:01:30-192.168.002.001","","","","","","1","M","9999","M","",""
"784","13420","000104430000070","1","9/3/2026","9/3/2026","0.00","9999999999.00","P","D","M","21.200000","0.400000","27.200000","0.000000","0.00","0.00","0.00","0.00","0.00","0.00","0.00","Y","N","N2","9/3/2026","52","0-1-10/09/2026-17:36:32-192.168.002.001","","","","","","1","M","9999","M","",""
"785","3857","000104430000071","1","4/16/2025","4/16/2025","1.00","99999999999999.00","P","D","M","0.000000","0.000000","30.000000","0.000000","0.00","0.00","0.00","0.00","0.00","0.00","0.00","Y","Y","","5/2/2025","9999","Request From LOS Module","55555","","9999","Request From LOS Module","","1","M","9999","M","",""
"786","12341","000104430000071","1","4/16/2025","4/16/2025","0.00","9999999999.00","P","D","M","25.100000","0.000000","30.000000","0.000000","0.00","0.00","0.00","0.00","0.00","0.00","0.00","Y","N","","4/16/2025","55555","","","","","","","1","M","9999","M","",""
"787","12342","000104430000071","1","4/17/2025","4/17/2025","0.00","9999999999.00","P","D","M","25.100000","0.000000","30.000000","0.000000","0.00","0.00","0.00","0.00","0.00","0.00","0.00","Y","N","","4/17/2025","55555","","","","","","","1","M","9999","M","",""
"788","12343","000104430000071","1","4/22/2025","4/22/2025","0.00","9999999999.00","P","D","M","25.100000","0.000000","30.000000","0.000000","0.00","0.00","0.00","0.00","0.00","0.00","0.00","Y","N","","4/22/2025","55555","","","","","","","1","M","9999","M","",""
"789","12344","000104430000071","1","4/23/2025","4/23/2025","0.00","9999999999.00","P","D","M","25.100000","0.000000","30.000000","0.000000","0.00","0.00","0.00","0.00","0.00","0.00","0.00","Y","N","","4/23/2025","55555","","","","","","","1","M","9999","M","",""
"790","12345","000104430000071","1","4/30/2025","4/30/2025","0.00","9999999999.00","P","D","M","25.100000","0.000000","30.000000","0.000000","0.00","0.00","0.00","0.00","0.00","0.00","0.00","Y","N","","4/30/2025","55555","","","","","","","1","M","9999","M","",""
"791","12346","000104430000071","1","5/19/2025","5/19/2025","0.00","9999999999.00","P","D","M","25.100000","0.000000","30.000000","0.000000","0.00","0.00","0.00","0.00","0.00","0.00","0.00","Y","N","","5/19/2025","55555","","","","","","","1","M","9999","M","",""
"792","12347","000104430000071","1","5/22/2025","5/22/2025","0.00","9999999999.00","P","D","M","25.100000","0.000000","30.000000","0.000000","0.00","0.00","0.00","0.00","0.00","0.00","0.00","Y","N","","5/22/2025","55555","","","","","","","1","M","9999","M","",""
"793","12348","000104430000071","1","5/27/2025","5/27/2025","0.00","9999999999.00","P","D","M","25.200000","0.100000","30.100000","0.000000","0.00","0.00","0.00","0.00","0.00","0.00","0.00","Y","N","","5/27/2025","55555","","","","","","","1","M","9999","M","",""
"794","12349","000104430000071","1","5/28/2025","5/28/2025","0.00","9999999999.00","P","D","M","25.200000","0.000000","30.100000","0.000000","0.00","0.00","0.00","0.00","0.00","0.00","0.00","Y","N","","5/28/2025","55555","","","","","","","1","M","9999","M","",""
"795","12350","000104430000071","1","6/5/2025","6/5/2025","0.00","9999999999.00","P","D","M","25.200000","0.000000","30.100000","0.000000","0.00","0.00","0.00","0.00","0.00","0.00","0.00","Y","N","","6/5/2025","55555","","","","","","","1","M","9999","M","",""
"796","12351","000104430000071","1","6/16/2025","6/16/2025","0.00","9999999999.00","P","D","M","25.100000","-0.100000","30.000000","0.000000","0.00","0.00","0.00","0.00","0.00","0.00","0.00","Y","N","","6/16/2025","55555","","","","","","","1","M","9999","M","",""
"797","12352","000104430000071","1","7/8/2025","7/8/2025","0.00","9999999999.00","P","D","M","25.300000","0.200000","30.200000","0.000000","0.00","0.00","0.00","0.00","0.00","0.00","0.00","Y","N","","7/8/2025","55555","","","","","","","1","M","9999","M","",""
"798","12353","000104430000071","1","7/15/2025","7/15/2025","0.00","9999999999.00","P","D","M","25.300000","0.000000","30.200000","0.000000","0.00","0.00","0.00","0.00","0.00","0.00","0.00","Y","N","","7/15/2025","55555","","","","","","","1","M","9999","M","",""
"799","12354","000104430000071","1","7/16/2025","7/16/2025","0.00","9999999999.00","P","D","M","25.300000","0.000000","30.200000","0.000000","0.00","0.00","0.00","0.00","0.00","0.00","0.00","Y","N","","7/16/2025","55555","","","","","","","1","M","9999","M","",""
"800","12355","000104430000071","1","7/23/2025","7/23/2025","0.00","9999999999.00","P","D","M","25.300000","0.000000","30.200000","0.000000","0.00","0.00","0.00","0.00","0.00","0.00","0.00","Y","N","","7/23/2025","55555","","","","","","","1","M","9999","M","",""
"801","12356","000104430000071","1","9/3/2025","9/3/2025","0.00","9999999999.00","P","D","M","25.300000","0.000000","30.200000","0.000000","0.00","0.00","0.00","0.00","0.00","0.00","0.00","Y","N","","9/3/2025","55555","","","","","","","1","M","9999","M","",""
"802","12357","000104430000071","1","10/1/2025","10/1/2025","0.00","9999999999.00","P","D","M","25.400000","0.100000","30.300000","0.000000","0.00","0.00","0.00","0.00","0.00","0.00","0.00","Y","N","","10/1/2025","55555","","","","","","","1","M","9999","M","",""
"803","12358","000104430000071","1","11/1/2025","11/1/2025","0.00","9999999999.00","P","D","M","25.300000","-0.100000","30.200000","0.000000","0.00","0.00","0.00","0.00","0.00","0.00","0.00","Y","N","","11/1/2025","55555","","","","","","","1","M","9999","M","",""
"804","13055","000104430000071","1","2/4/2026","2/4/2026","0.00","9999999999.00","P","D","M","24.700000","-0.600000","29.600000","0.000000","0.00","0.00","0.00","0.00","0.00","0.00","0.00","N","Y","N2","2/4/2026","51","0-1-05/02/2026-11:13:13-192.168.002.001","","","","","","1","M","9999","M","",""
"805","13095","000104430000071","1","2/4/2026","2/4/2026","0.00","9999999999.00","P","D","M","24.700000","-0.600000","29.600000","0.000000","0.00","0.00","0.00","0.00","0.00","0.00","0.00","N","Y","N9","2/4/2026","55555","","","","","","","1","M","9999","M","",""
"806","13126","000104430000071","1","2/26/2026","2/4/2026","0.00","9999999999.00","P","D","M","24.700000","-0.600000","29.600000","0.000000","0.00","0.00","0.00","0.00","0.00","0.00","0.00","Y","N","N3","2/26/2026","9999","","","","","","","1","M","9999","M","",""
"807","13166","000104430000071","1","3/5/2026","3/5/2026","0.00","9999999999.00","P","D","M","23.700000","-1.000000","28.600000","0.000000","0.00","0.00","0.00","0.00","0.00","0.00","0.00","Y","N","N2","3/5/2026","51","0-1-09/03/2026-14:35:39-192.168.002.001","","","","","","1","M","9999","M","",""
"808","13196","000104430000071","1","3/9/2026","3/9/2026","0.00","9999999999.00","P","D","M","22.400000","-1.300000","27.300000","0.000000","0.00","0.00","0.00","0.00","0.00","0.00","0.00","Y","N","N2","3/9/2026","51","0-1-10/03/2026-10:28:31-192.168.002.001","","","","","","1","M","9999","M","",""
"809","13242","000104430000071","1","4/20/2026","4/20/2026","0.00","9999999999.00","P","D","M","20.800000","-1.600000","25.700000","0.000000","0.00","0.00","0.00","0.00","0.00","0.00","0.00","Y","N","N6","4/20/2026","51","0-1-23/04/2026-09:51:19-192.168.002.001","","","","","","1","M","9999","M","",""
"810","13272","000104430000071","1","5/6/2026","5/6/2026","0.00","9999999999.00","P","D","M","20.600000","-0.200000","25.500000","0.000000","0.00","0.00","0.00","0.00","0.00","0.00","0.00","Y","N","N2","5/6/2026","51","0-1-12/05/2026-08:41:33-192.168.002.001","","","","","","1","M","9999","M","",""
"811","13306","000104430000071","1","6/3/2026","6/3/2026","0.00","9999999999.00","P","D","M","20.400000","-0.200000","25.300000","0.000000","0.00","0.00","0.00","0.00","0.00","0.00","0.00","Y","N","N2","6/3/2026","51","0-1-12/06/2026-17:50:15-172.016.016.016","","","","","","1","M","9999","M","",""
"812","13349","000104430000071","1","7/3/2026","7/3/2026","0.00","9999999999.00","P","D","M","20.500000","0.100000","25.400000","0.000000","0.00","0.00","0.00","0.00","0.00","0.00","0.00","Y","N","N2","7/3/2026","52","0-1-09/07/2026-10:33:22-192.168.002.001","","","","","","1","M","9999","M","",""
"813","13379","000104430000071","1","8/5/2026","8/5/2026","0.00","9999999999.00","P","D","M","20.800000","0.300000","25.700000","0.000000","0.00","0.00","0.00","0.00","0.00","0.00","0.00","Y","N","N2","8/5/2026","51","0-1-10/08/2026-12:01:30-192.168.002.001","","","","","","1","M","9999","M","",""
"814","13409","000104430000071","1","9/3/2026","9/3/2026","0.00","9999999999.00","P","D","M","21.200000","0.400000","26.100000","0.000000","0.00","0.00","0.00","0.00","0.00","0.00","0.00","Y","N","N2","9/3/2026","52","0-1-10/09/2026-17:36:32-192.168.002.001","","","","","","1","M","9999","M","",""
"815","3859","000104430000072","1","4/22/2025","4/22/2025","1.00","99999999999999.00","P","D","M","0.000000","0.000000","30.000000","0.000000","0.00","0.00","0.00","0.00","0.00","0.00","0.00","Y","N","","5/7/2025","9999","Request From LOS Module","","","9999","Request From LOS Module","","1","M","9999","M","",""
"816","12359","000104430000072","1","4/23/2025","4/23/2025","0.00","9999999999.00","P","D","M","25.100000","0.000000","30.000000","0.000000","0.00","0.00","0.00","0.00","0.00","0.00","0.00","Y","N","","4/23/2025","55555","","","","","","","1","M","9999","M","",""
"817","12360","000104430000072","1","4/30/2025","4/30/2025","0.00","9999999999.00","P","D","M","25.100000","0.000000","30.000000","0.000000","0.00","0.00","0.00","0.00","0.00","0.00","0.00","Y","N","","4/30/2025","55555","","","","","","","1","M","9999","M","",""
"818","12361","000104430000072","1","5/19/2025","5/19/2025","0.00","9999999999.00","P","D","M","25.100000","0.000000","30.000000","0.000000","0.00","0.00","0.00","0.00","0.00","0.00","0.00","Y","N","","5/19/2025","55555","","","","","","","1","M","9999","M","",""
"819","12362","000104430000072","1","5/22/2025","5/22/2025","0.00","9999999999.00","P","D","M","25.100000","0.000000","30.000000","0.000000","0.00","0.00","0.00","0.00","0.00","0.00","0.00","Y","N","","5/22/2025","55555","","","","","","","1","M","9999","M","",""
"820","12363","000104430000072","1","5/27/2025","5/27/2025","0.00","9999999999.00","P","D","M","25.200000","0.100000","30.100000","0.000000","0.00","0.00","0.00","0.00","0.00","0.00","0.00","Y","N","","5/27/2025","55555","","","","","","","1","M","9999","M","",""
"821","12364","000104430000072","1","5/28/2025","5/28/2025","0.00","9999999999.00","P","D","M","25.200000","0.000000","30.100000","0.000000","0.00","0.00","0.00","0.00","0.00","0.00","0.00","Y","N","","5/28/2025","55555","","","","","","","1","M","9999","M","",""
"822","12365","000104430000072","1","6/5/2025","6/5/2025","0.00","9999999999.00","P","D","M","25.200000","0.000000","30.100000","0.000000","0.00","0.00","0.00","0.00","0.00","0.00","0.00","Y","N","","6/5/2025","55555","","","","","","","1","M","9999","M","",""
"823","12366","000104430000072","1","6/16/2025","6/16/2025","0.00","9999999999.00","P","D","M","25.100000","-0.100000","30.000000","0.000000","0.00","0.00","0.00","0.00","0.00","0.00","0.00","Y","N","","6/16/2025","55555","","","","","","","1","M","9999","M","",""
"824","12367","000104430000072","1","7/8/2025","7/8/2025","0.00","9999999999.00","P","D","M","25.300000","0.200000","30.200000","0.000000","0.00","0.00","0.00","0.00","0.00","0.00","0.00","Y","N","","7/8/2025","55555","","","","","","","1","M","9999","M","",""
"825","12368","000104430000072","1","7/15/2025","7/15/2025","0.00","9999999999.00","P","D","M","25.300000","0.000000","30.200000","0.000000","0.00","0.00","0.00","0.00","0.00","0.00","0.00","Y","N","","7/15/2025","55555","","","","","","","1","M","9999","M","",""
"826","12369","000104430000072","1","7/16/2025","7/16/2025","0.00","9999999999.00","P","D","M","25.300000","0.000000","30.200000","0.000000","0.00","0.00","0.00","0.00","0.00","0.00","0.00","Y","N","","7/16/2025","55555","","","","","","","1","M","9999","M","",""
"827","12370","000104430000072","1","7/23/2025","7/23/2025","0.00","9999999999.00","P","D","M","25.300000","0.000000","30.200000","0.000000","0.00","0.00","0.00","0.00","0.00","0.00","0.00","Y","N","","7/23/2025","55555","","","","","","","1","M","9999","M","",""
"828","12371","000104430000072","1","9/3/2025","9/3/2025","0.00","9999999999.00","P","D","M","25.300000","0.000000","30.200000","0.000000","0.00","0.00","0.00","0.00","0.00","0.00","0.00","Y","N","","9/3/2025","55555","","","","","","","1","M","9999","M","",""
"829","12372","000104430000072","1","10/1/2025","10/1/2025","0.00","9999999999.00","P","D","M","25.400000","0.100000","30.300000","0.000000","0.00","0.00","0.00","0.00","0.00","0.00","0.00","Y","N","","10/1/2025","55555","","","","","","","1","M","9999","M","",""
"830","12373","000104430000072","1","11/1/2025","11/1/2025","0.00","9999999999.00","P","D","M","25.300000","-0.100000","30.200000","0.000000","0.00","0.00","0.00","0.00","0.00","0.00","0.00","Y","N","","11/1/2025","55555","","","","","","","1","M","9999","M","",""
"831","3906","000104430000073","1","4/23/2025","4/23/2025","1.00","99999999999999.00","P","D","M","0.000000","0.000000","30.100000","0.000000","0.00","0.00","0.00","0.00","0.00","0.00","0.00","Y","N","","5/16/2025","9999","Request From LOS Module","","","9999","Request From LOS Module","","1","M","9999","M","",""
"832","12374","000104430000073","1","4/30/2025","4/30/2025","0.00","9999999999.00","P","D","M","25.100000","0.000000","30.100000","0.000000","0.00","0.00","0.00","0.00","0.00","0.00","0.00","Y","N","","4/30/2025","55555","","","","","","","1","M","9999","M","",""
"833","12375","000104430000073","1","5/19/2025","5/19/2025","0.00","9999999999.00","P","D","M","25.100000","0.000000","30.100000","0.000000","0.00","0.00","0.00","0.00","0.00","0.00","0.00","Y","N","","5/19/2025","55555","","","","","","","1","M","9999","M","",""
"834","12376","000104430000073","1","5/22/2025","5/22/2025","0.00","9999999999.00","P","D","M","25.100000","0.000000","30.100000","0.000000","0.00","0.00","0.00","0.00","0.00","0.00","0.00","Y","N","","5/22/2025","55555","","","","","","","1","M","9999","M","",""
"835","12377","000104430000073","1","5/27/2025","5/27/2025","0.00","9999999999.00","P","D","M","25.200000","0.100000","30.200000","0.000000","0.00","0.00","0.00","0.00","0.00","0.00","0.00","Y","N","","5/27/2025","55555","","","","","","","1","M","9999","M","",""
"836","12378","000104430000073","1","5/28/2025","5/28/2025","0.00","9999999999.00","P","D","M","25.200000","0.000000","30.200000","0.000000","0.00","0.00","0.00","0.00","0.00","0.00","0.00","Y","N","","5/28/2025","55555","","","","","","","1","M","9999","M","",""
"837","12379","000104430000073","1","6/5/2025","6/5/2025","0.00","9999999999.00","P","D","M","25.200000","0.000000","30.200000","0.000000","0.00","0.00","0.00","0.00","0.00","0.00","0.00","Y","N","","6/5/2025","55555","","","","","","","1","M","9999","M","",""
"838","12380","000104430000073","1","6/16/2025","6/16/2025","0.00","9999999999.00","P","D","M","25.100000","-0.100000","30.100000","0.000000","0.00","0.00","0.00","0.00","0.00","0.00","0.00","Y","N","","6/16/2025","55555","","","","","","","1","M","9999","M","",""
"839","12381","000104430000073","1","7/8/2025","7/8/2025","0.00","9999999999.00","P","D","M","25.300000","0.200000","30.300000","0.000000","0.00","0.00","0.00","0.00","0.00","0.00","0.00","Y","N","","7/8/2025","55555","","","","","","","1","M","9999","M","",""
"840","12382","000104430000073","1","7/15/2025","7/15/2025","0.00","9999999999.00","P","D","M","25.300000","0.000000","30.300000","0.000000","0.00","0.00","0.00","0.00","0.00","0.00","0.00","Y","N","","7/15/2025","55555","","","","","","","1","M","9999","M","",""
"841","12383","000104430000073","1","7/16/2025","7/16/2025","0.00","9999999999.00","P","D","M","25.300000","0.000000","30.300000","0.000000","0.00","0.00","0.00","0.00","0.00","0.00","0.00","Y","N","","7/16/2025","55555","","","","","","","1","M","9999","M","",""
"842","12384","000104430000073","1","7/23/2025","7/23/2025","0.00","9999999999.00","P","D","M","25.300000","0.000000","30.300000","0.000000","0.00","0.00","0.00","0.00","0.00","0.00","0.00","Y","N","","7/23/2025","55555","","","","","","","1","M","9999","M","",""
"843","12385","000104430000073","1","9/3/2025","9/3/2025","0.00","9999999999.00","P","D","M","25.300000","0.000000","30.300000","0.000000","0.00","0.00","0.00","0.00","0.00","0.00","0.00","Y","N","","9/3/2025","55555","","","","","","","1","M","9999","M","",""
"844","12386","000104430000073","1","10/1/2025","10/1/2025","0.00","9999999999.00","P","D","M","25.400000","0.100000","30.400000","0.000000","0.00","0.00","0.00","0.00","0.00","0.00","0.00","Y","N","","10/1/2025","55555","","","","","","","1","M","9999","M","",""
"845","12387","000104430000073","1","11/1/2025","11/1/2025","0.00","9999999999.00","P","D","M","25.300000","-0.100000","30.300000","0.000000","0.00","0.00","0.00","0.00","0.00","0.00","0.00","Y","N","","11/1/2025","55555","","","","","","","1","M","9999","M","",""
"846","13070","000104430000073","1","2/4/2026","2/4/2026","0.00","9999999999.00","P","D","M","24.700000","-0.600000","29.700000","0.000000","0.00","0.00","0.00","0.00","0.00","0.00","0.00","N","Y","N2","2/4/2026","51","0-1-05/02/2026-11:13:13-192.168.002.001","","","","","","1","M","9999","M","",""
"847","13110","000104430000073","1","2/4/2026","2/4/2026","0.00","9999999999.00","P","D","M","24.700000","-0.600000","29.700000","0.000000","0.00","0.00","0.00","0.00","0.00","0.00","0.00","N","Y","N9","2/4/2026","55555","","","","","","","1","M","9999","M","",""
"848","13141","000104430000073","1","2/26/2026","2/4/2026","0.00","9999999999.00","P","D","M","24.700000","-0.600000","29.700000","0.000000","0.00","0.00","0.00","0.00","0.00","0.00","0.00","Y","N","N3","2/26/2026","9999","","","","","","","1","M","9999","M","",""
"849","13181","000104430000073","1","3/5/2026","3/5/2026","0.00","9999999999.00","P","D","M","23.700000","-1.000000","28.700000","0.000000","0.00","0.00","0.00","0.00","0.00","0.00","0.00","Y","N","N2","3/5/2026","51","0-1-09/03/2026-14:35:39-192.168.002.001","","","","","","1","M","9999","M","",""
"850","13211","000104430000073","1","3/9/2026","3/9/2026","0.00","9999999999.00","P","D","M","22.400000","-1.300000","27.400000","0.000000","0.00","0.00","0.00","0.00","0.00","0.00","0.00","Y","N","N2","3/9/2026","51","0-1-10/03/2026-10:28:31-192.168.002.001","","","","","","1","M","9999","M","",""
"851","13257","000104430000073","1","4/20/2026","4/20/2026","0.00","9999999999.00","P","D","M","20.800000","-1.600000","25.800000","0.000000","0.00","0.00","0.00","0.00","0.00","0.00","0.00","Y","N","N6","4/20/2026","51","0-1-23/04/2026-09:51:19-192.168.002.001","","","","","","1","M","9999","M","",""
"852","13287","000104430000073","1","5/6/2026","5/6/2026","0.00","9999999999.00","P","D","M","20.600000","-0.200000","25.600000","0.000000","0.00","0.00","0.00","0.00","0.00","0.00","0.00","Y","N","N2","5/6/2026","51","0-1-12/05/2026-08:41:33-192.168.002.001","","","","","","1","M","9999","M","",""
"853","13320","000104430000073","1","6/3/2026","6/3/2026","0.00","9999999999.00","P","D","M","20.400000","-0.200000","25.400000","0.000000","0.00","0.00","0.00","0.00","0.00","0.00","0.00","Y","N","N2","6/3/2026","51","0-1-12/06/2026-17:50:15-172.016.016.016","","","","","","1","M","9999","M","",""
"854","13363","000104430000073","1","7/3/2026","7/3/2026","0.00","9999999999.00","P","D","M","20.500000","0.100000","25.500000","0.000000","0.00","0.00","0.00","0.00","0.00","0.00","0.00","Y","N","N2","7/3/2026","52","0-1-09/07/2026-10:33:22-192.168.002.001","","","","","","1","M","9999","M","",""
"855","13393","000104430000073","1","8/5/2026","8/5/2026","0.00","9999999999.00","P","D","M","20.800000","0.300000","25.800000","0.000000","0.00","0.00","0.00","0.00","0.00","0.00","0.00","Y","N","N2","8/5/2026","51","0-1-10/08/2026-12:01:30-192.168.002.001","","","","","","1","M","9999","M","",""
"856","13423","000104430000073","1","9/3/2026","9/3/2026","0.00","9999999999.00","P","D","M","21.200000","0.400000","26.200000","0.000000","0.00","0.00","0.00","0.00","0.00","0.00","0.00","Y","N","N2","9/3/2026","52","0-1-10/09/2026-17:36:32-192.168.002.001","","","","","","1","M","9999","M","",""
"857","3908","000104430000074","1","4/30/2025","4/30/2025","1.00","99999999999999.00","P","D","M","0.000000","0.000000","30.000000","0.000000","0.00","0.00","0.00","0.00","0.00","0.00","0.00","Y","N","","5/16/2025","9999","Request From LOS Module","","","9999","Request From LOS Module","","1","M","9999","M","",""
"858","12406","000104430000074","1","5/19/2025","5/19/2025","0.00","9999999999.00","P","D","M","25.100000","0.000000","30.000000","0.000000","0.00","0.00","0.00","0.00","0.00","0.00","0.00","Y","N","","5/19/2025","55555","","","","","","","1","M","9999","M","",""
"859","12407","000104430000074","1","5/22/2025","5/22/2025","0.00","9999999999.00","P","D","M","25.100000","0.000000","30.000000","0.000000","0.00","0.00","0.00","0.00","0.00","0.00","0.00","Y","N","","5/22/2025","55555","","","","","","","1","M","9999","M","",""
"860","12408","000104430000074","1","5/27/2025","5/27/2025","0.00","9999999999.00","P","D","M","25.200000","0.100000","30.100000","0.000000","0.00","0.00","0.00","0.00","0.00","0.00","0.00","Y","N","","5/27/2025","55555","","","","","","","1","M","9999","M","",""
"861","12409","000104430000074","1","5/28/2025","5/28/2025","0.00","9999999999.00","P","D","M","25.200000","0.000000","30.100000","0.000000","0.00","0.00","0.00","0.00","0.00","0.00","0.00","Y","N","","5/28/2025","55555","","","","","","","1","M","9999","M","",""
"862","12410","000104430000074","1","6/5/2025","6/5/2025","0.00","9999999999.00","P","D","M","25.200000","0.000000","30.100000","0.000000","0.00","0.00","0.00","0.00","0.00","0.00","0.00","Y","N","","6/5/2025","55555","","","","","","","1","M","9999","M","",""
"863","12411","000104430000074","1","6/16/2025","6/16/2025","0.00","9999999999.00","P","D","M","25.100000","-0.100000","30.000000","0.000000","0.00","0.00","0.00","0.00","0.00","0.00","0.00","Y","N","","6/16/2025","55555","","","","","","","1","M","9999","M","",""
"864","12412","000104430000074","1","7/8/2025","7/8/2025","0.00","9999999999.00","P","D","M","25.300000","0.200000","30.200000","0.000000","0.00","0.00","0.00","0.00","0.00","0.00","0.00","Y","N","","7/8/2025","55555","","","","","","","1","M","9999","M","",""
"865","12413","000104430000074","1","7/15/2025","7/15/2025","0.00","9999999999.00","P","D","M","25.300000","0.000000","30.200000","0.000000","0.00","0.00","0.00","0.00","0.00","0.00","0.00","Y","N","","7/15/2025","55555","","","","","","","1","M","9999","M","",""
"866","12414","000104430000074","1","7/16/2025","7/16/2025","0.00","9999999999.00","P","D","M","25.300000","0.000000","30.200000","0.000000","0.00","0.00","0.00","0.00","0.00","0.00","0.00","Y","N","","7/16/2025","55555","","","","","","","1","M","9999","M","",""
"867","12415","000104430000074","1","7/23/2025","7/23/2025","0.00","9999999999.00","P","D","M","25.300000","0.000000","30.200000","0.000000","0.00","0.00","0.00","0.00","0.00","0.00","0.00","Y","N","","7/23/2025","55555","","","","","","","1","M","9999","M","",""
"868","12416","000104430000074","1","9/3/2025","9/3/2025","0.00","9999999999.00","P","D","M","25.300000","0.000000","30.200000","0.000000","0.00","0.00","0.00","0.00","0.00","0.00","0.00","Y","N","","9/3/2025","55555","","","","","","","1","M","9999","M","",""
"869","12417","000104430000074","1","10/1/2025","10/1/2025","0.00","9999999999.00","P","D","M","25.400000","0.100000","30.300000","0.000000","0.00","0.00","0.00","0.00","0.00","0.00","0.00","Y","N","","10/1/2025","55555","","","","","","","1","M","9999","M","",""
"870","12418","000104430000074","1","11/1/2025","11/1/2025","0.00","9999999999.00","P","D","M","25.300000","-0.100000","30.200000","0.000000","0.00","0.00","0.00","0.00","0.00","0.00","0.00","Y","N","","11/1/2025","55555","","","","","","","1","M","9999","M","",""
"871","13067","000104430000074","1","2/4/2026","2/4/2026","0.00","9999999999.00","P","D","M","24.700000","-0.600000","29.600000","0.000000","0.00","0.00","0.00","0.00","0.00","0.00","0.00","N","Y","N2","2/4/2026","51","0-1-05/02/2026-11:13:13-192.168.002.001","","","","","","1","M","9999","M","",""
"872","13107","000104430000074","1","2/4/2026","2/4/2026","0.00","9999999999.00","P","D","M","24.700000","-0.600000","29.600000","0.000000","0.00","0.00","0.00","0.00","0.00","0.00","0.00","N","Y","N9","2/4/2026","55555","","","","","","","1","M","9999","M","",""
"873","13138","000104430000074","1","2/26/2026","2/4/2026","0.00","9999999999.00","P","D","M","24.700000","-0.600000","29.600000","0.000000","0.00","0.00","0.00","0.00","0.00","0.00","0.00","N","Y","N3","2/26/2026","9999","","","","","","","1","M","9999","M","",""
"874","13143","000104430000074","1","2/26/2026","2/4/2026","0.00","9999999999.00","P","D","M","24.700000","-0.600000","29.600000","0.000000","0.00","0.00","0.00","0.00","0.00","0.00","0.00","N","Y","N5","2/26/2026","9999","","","","","","","1","M","9999","M","",""
"875","13144","000104430000074","1","2/26/2026","2/4/2026","0.00","9999999999.00","P","D","M","24.700000","-0.600000","29.600000","0.000000","0.00","0.00","0.00","0.00","0.00","0.00","0.00","N","Y","N7","2/26/2026","9999","","","","","","","1","M","9999","M","",""
"876","13145","000104430000074","1","2/26/2026","2/4/2026","0.00","9999999999.00","P","D","M","24.700000","-0.600000","29.600000","0.000000","0.00","0.00","0.00","0.00","0.00","0.00","0.00","N","Y","N8","2/26/2026","9999","","","","","","","1","M","9999","M","",""
"877","13146","000104430000074","1","2/26/2026","2/4/2026","0.00","9999999999.00","P","D","M","24.700000","-0.600000","29.600000","0.000000","0.00","0.00","0.00","0.00","0.00","0.00","0.00","N","Y","N9","2/26/2026","9999","","","","","","","1","M","9999","M","",""
"878","13147","000104430000074","1","2/26/2026","2/4/2026","0.00","9999999999.00","P","D","M","24.700000","-0.600000","29.600000","0.000000","0.00","0.00","0.00","0.00","0.00","0.00","0.00","N","Y","N10","2/26/2026","9999","","","","","","","1","M","9999","M","",""
"879","13151","000104430000074","1","2/27/2026","2/4/2026","0.00","9999999999.00","P","D","M","24.700000","-0.600000","29.600000","0.000000","0.00","0.00","0.00","0.00","0.00","0.00","0.00","Y","N","N3","2/27/2026","9999","","","","","","","1","M","9999","M","",""
"880","13178","000104430000074","1","3/5/2026","3/5/2026","0.00","9999999999.00","P","D","M","23.700000","-1.000000","28.600000","0.000000","0.00","0.00","0.00","0.00","0.00","0.00","0.00","Y","N","N2","3/5/2026","51","0-1-09/03/2026-14:35:39-192.168.002.001","","","","","","1","M","9999","M","",""
"881","13208","000104430000074","1","3/9/2026","3/9/2026","0.00","9999999999.00","P","D","M","22.400000","-1.300000","27.300000","0.000000","0.00","0.00","0.00","0.00","0.00","0.00","0.00","Y","N","N2","3/9/2026","51","0-1-10/03/2026-10:28:31-192.168.002.001","","","","","","1","M","9999","M","",""
"882","13254","000104430000074","1","4/20/2026","4/20/2026","0.00","9999999999.00","P","D","M","20.800000","-1.600000","25.700000","0.000000","0.00","0.00","0.00","0.00","0.00","0.00","0.00","Y","N","N6","4/20/2026","51","0-1-23/04/2026-09:51:19-192.168.002.001","","","","","","1","M","9999","M","",""
"883","13284","000104430000074","1","5/6/2026","5/6/2026","0.00","9999999999.00","P","D","M","20.600000","-0.200000","25.500000","0.000000","0.00","0.00","0.00","0.00","0.00","0.00","0.00","Y","N","N2","5/6/2026","51","0-1-12/05/2026-08:41:33-192.168.002.001","","","","","","1","M","9999","M","",""
"884","13318","000104430000074","1","6/3/2026","6/3/2026","0.00","9999999999.00","P","D","M","20.400000","-0.200000","25.300000","0.000000","0.00","0.00","0.00","0.00","0.00","0.00","0.00","Y","N","N2","6/3/2026","51","0-1-12/06/2026-17:50:15-172.016.016.016","","","","","","1","M","9999","M","",""
"885","13361","000104430000074","1","7/3/2026","7/3/2026","0.00","9999999999.00","P","D","M","20.500000","0.100000","25.400000","0.000000","0.00","0.00","0.00","0.00","0.00","0.00","0.00","Y","N","N2","7/3/2026","52","0-1-09/07/2026-10:33:22-192.168.002.001","","","","","","1","M","9999","M","",""
"886","13391","000104430000074","1","8/5/2026","8/5/2026","0.00","9999999999.00","P","D","M","20.800000","0.300000","25.700000","0.000000","0.00","0.00","0.00","0.00","0.00","0.00","0.00","Y","N","N2","8/5/2026","51","0-1-10/08/2026-12:01:30-192.168.002.001","","","","","","1","M","9999","M","",""
"887","13421","000104430000074","1","9/3/2026","9/3/2026","0.00","9999999999.00","P","D","M","21.200000","0.400000","26.100000","0.000000","0.00","0.00","0.00","0.00","0.00","0.00","0.00","Y","N","N2","9/3/2026","52","0-1-10/09/2026-17:36:32-192.168.002.001","","","","","","1","M","9999","M","",""
"888","4010","000104430000075","1","4/14/2025","4/14/2025","1.00","99999999999999.00","P","D","M","0.000000","0.000000","32.100000","0.000000","0.00","0.00","0.00","0.00","0.00","0.00","0.00","Y","N","","5/23/2025","9999","Request From LOS Module","","","9999","Request From LOS Module","","1","M","9999","M","",""
"889","12388","000104430000075","1","4/16/2025","4/16/2025","0.00","9999999999.00","P","D","M","25.100000","0.000000","32.100000","0.000000","0.00","0.00","0.00","0.00","0.00","0.00","0.00","Y","N","","4/16/2025","55555","","","","","","","1","M","9999","M","",""
"890","12389","000104430000075","1","4/17/2025","4/17/2025","0.00","9999999999.00","P","D","M","25.100000","0.000000","32.100000","0.000000","0.00","0.00","0.00","0.00","0.00","0.00","0.00","Y","N","","4/17/2025","55555","","","","","","","1","M","9999","M","",""
"891","12390","000104430000075","1","4/22/2025","4/22/2025","0.00","9999999999.00","P","D","M","25.100000","0.000000","32.100000","0.000000","0.00","0.00","0.00","0.00","0.00","0.00","0.00","Y","N","","4/22/2025","55555","","","","","","","1","M","9999","M","",""
"892","12391","000104430000075","1","4/23/2025","4/23/2025","0.00","9999999999.00","P","D","M","25.100000","0.000000","32.100000","0.000000","0.00","0.00","0.00","0.00","0.00","0.00","0.00","Y","N","","4/23/2025","55555","","","","","","","1","M","9999","M","",""
"893","12392","000104430000075","1","4/30/2025","4/30/2025","0.00","9999999999.00","P","D","M","25.100000","0.000000","32.100000","0.000000","0.00","0.00","0.00","0.00","0.00","0.00","0.00","Y","N","","4/30/2025","55555","","","","","","","1","M","9999","M","",""
"894","12393","000104430000075","1","5/19/2025","5/19/2025","0.00","9999999999.00","P","D","M","25.100000","0.000000","32.100000","0.000000","0.00","0.00","0.00","0.00","0.00","0.00","0.00","Y","N","","5/19/2025","55555","","","","","","","1","M","9999","M","",""
"895","12394","000104430000075","1","5/22/2025","5/22/2025","0.00","9999999999.00","P","D","M","25.100000","0.000000","32.100000","0.000000","0.00","0.00","0.00","0.00","0.00","0.00","0.00","Y","N","","5/22/2025","55555","","","","","","","1","M","9999","M","",""
"896","12395","000104430000075","1","5/27/2025","5/27/2025","0.00","9999999999.00","P","D","M","25.200000","0.100000","32.200000","0.000000","0.00","0.00","0.00","0.00","0.00","0.00","0.00","Y","N","","5/27/2025","55555","","","","","","","1","M","9999","M","",""
"897","12396","000104430000075","1","5/28/2025","5/28/2025","0.00","9999999999.00","P","D","M","25.200000","0.000000","32.200000","0.000000","0.00","0.00","0.00","0.00","0.00","0.00","0.00","Y","N","","5/28/2025","55555","","","","","","","1","M","9999","M","",""
"898","12397","000104430000075","1","6/5/2025","6/5/2025","0.00","9999999999.00","P","D","M","25.200000","0.000000","32.200000","0.000000","0.00","0.00","0.00","0.00","0.00","0.00","0.00","Y","N","","6/5/2025","55555","","","","","","","1","M","9999","M","",""
"899","12398","000104430000075","1","6/16/2025","6/16/2025","0.00","9999999999.00","P","D","M","25.100000","-0.100000","32.100000","0.000000","0.00","0.00","0.00","0.00","0.00","0.00","0.00","Y","N","","6/16/2025","55555","","","","","","","1","M","9999","M","",""
"900","12399","000104430000075","1","7/8/2025","7/8/2025","0.00","9999999999.00","P","D","M","25.300000","0.200000","32.300000","0.000000","0.00","0.00","0.00","0.00","0.00","0.00","0.00","Y","N","","7/8/2025","55555","","","","","","","1","M","9999","M","",""
"901","12400","000104430000075","1","7/15/2025","7/15/2025","0.00","9999999999.00","P","D","M","25.300000","0.000000","32.300000","0.000000","0.00","0.00","0.00","0.00","0.00","0.00","0.00","Y","N","","7/15/2025","55555","","","","","","","1","M","9999","M","",""
"902","12401","000104430000075","1","7/16/2025","7/16/2025","0.00","9999999999.00","P","D","M","25.300000","0.000000","32.300000","0.000000","0.00","0.00","0.00","0.00","0.00","0.00","0.00","Y","N","","7/16/2025","55555","","","","","","","1","M","9999","M","",""
"903","12402","000104430000075","1","7/23/2025","7/23/2025","0.00","9999999999.00","P","D","M","25.300000","0.000000","32.300000","0.000000","0.00","0.00","0.00","0.00","0.00","0.00","0.00","Y","N","","7/23/2025","55555","","","","","","","1","M","9999","M","",""
"904","12403","000104430000075","1","9/3/2025","9/3/2025","0.00","9999999999.00","P","D","M","25.300000","0.000000","32.300000","0.000000","0.00","0.00","0.00","0.00","0.00","0.00","0.00","Y","N","","9/3/2025","55555","","","","","","","1","M","9999","M","",""
"905","12404","000104430000075","1","10/1/2025","10/1/2025","0.00","9999999999.00","P","D","M","25.400000","0.100000","32.400000","0.000000","0.00","0.00","0.00","0.00","0.00","0.00","0.00","Y","N","","10/1/2025","55555","","","","","","","1","M","9999","M","",""
"906","12405","000104430000075","1","11/1/2025","11/1/2025","0.00","9999999999.00","P","D","M","25.300000","-0.100000","32.300000","0.000000","0.00","0.00","0.00","0.00","0.00","0.00","0.00","Y","N","","11/1/2025","55555","","","","","","","1","M","9999","M","",""
"907","13056","000104430000075","1","2/4/2026","2/4/2026","0.00","9999999999.00","P","D","M","24.700000","-0.600000","31.700000","0.000000","0.00","0.00","0.00","0.00","0.00","0.00","0.00","N","Y","N2","2/4/2026","51","0-1-05/02/2026-11:13:13-192.168.002.001","","","","","","1","M","9999","M","",""
"908","13096","000104430000075","1","2/4/2026","2/4/2026","0.00","9999999999.00","P","D","M","24.700000","-0.600000","31.700000","0.000000","0.00","0.00","0.00","0.00","0.00","0.00","0.00","N","Y","N9","2/4/2026","55555","","","","","","","1","M","9999","M","",""
"909","13127","000104430000075","1","2/26/2026","2/4/2026","0.00","9999999999.00","P","D","M","24.700000","-0.600000","31.700000","0.000000","0.00","0.00","0.00","0.00","0.00","0.00","0.00","Y","N","N3","2/26/2026","9999","","","","","","","1","M","9999","M","",""
"910","13167","000104430000075","1","3/5/2026","3/5/2026","0.00","9999999999.00","P","D","M","23.700000","-1.000000","30.700000","0.000000","0.00","0.00","0.00","0.00","0.00","0.00","0.00","Y","N","N2","3/5/2026","51","0-1-09/03/2026-14:35:39-192.168.002.001","","","","","","1","M","9999","M","",""
"911","13197","000104430000075","1","3/9/2026","3/9/2026","0.00","9999999999.00","P","D","M","22.400000","-1.300000","29.400000","0.000000","0.00","0.00","0.00","0.00","0.00","0.00","0.00","Y","N","N2","3/9/2026","51","0-1-10/03/2026-10:28:31-192.168.002.001","","","","","","1","M","9999","M","",""
"912","13243","000104430000075","1","4/20/2026","4/20/2026","0.00","9999999999.00","P","D","M","20.800000","-1.600000","27.800000","0.000000","0.00","0.00","0.00","0.00","0.00","0.00","0.00","Y","N","N6","4/20/2026","51","0-1-23/04/2026-09:51:19-192.168.002.001","","","","","","1","M","9999","M","",""
"913","13273","000104430000075","1","5/6/2026","5/6/2026","0.00","9999999999.00","P","D","M","20.600000","-0.200000","27.600000","0.000000","0.00","0.00","0.00","0.00","0.00","0.00","0.00","Y","N","N2","5/6/2026","51","0-1-12/05/2026-08:41:33-192.168.002.001","","","","","","1","M","9999","M","",""
"914","13307","000104430000075","1","6/3/2026","6/3/2026","0.00","9999999999.00","P","D","M","20.400000","-0.200000","27.400000","0.000000","0.00","0.00","0.00","0.00","0.00","0.00","0.00","Y","N","N2","6/3/2026","51","0-1-12/06/2026-17:50:15-172.016.016.016","","","","","","1","M","9999","M","",""
"915","13350","000104430000075","1","7/3/2026","7/3/2026","0.00","9999999999.00","P","D","M","20.500000","0.100000","27.500000","0.000000","0.00","0.00","0.00","0.00","0.00","0.00","0.00","Y","N","N2","7/3/2026","52","0-1-09/07/2026-10:33:22-192.168.002.001","","","","","","1","M","9999","M","",""
"916","13380","000104430000075","1","8/5/2026","8/5/2026","0.00","9999999999.00","P","D","M","20.800000","0.300000","27.800000","0.000000","0.00","0.00","0.00","0.00","0.00","0.00","0.00","Y","N","N2","8/5/2026","51","0-1-10/08/2026-12:01:30-192.168.002.001","","","","","","1","M","9999","M","",""
"917","13410","000104430000075","1","9/3/2026","9/3/2026","0.00","9999999999.00","P","D","M","21.200000","0.400000","28.200000","0.000000","0.00","0.00","0.00","0.00","0.00","0.00","0.00","Y","N","N2","9/3/2026","52","0-1-10/09/2026-17:36:32-192.168.002.001","","","","","","1","M","9999","M","",""
"918","5661","000104430000076","1","4/17/2025","4/17/2025","1.00","99999999999999.00","P","D","M","0.000000","0.000000","33.100000","0.000000","0.00","0.00","0.00","0.00","0.00","0.00","0.00","Y","N","","6/11/2025","9999","Request From LOS Module","","","9999","Request From LOS Module","","1","M","9999","M","",""
"919","12994","000104430000076","1","4/22/2025","4/22/2025","0.00","9999999999.00","P","D","M","25.100000","0.000000","33.100000","0.000000","0.00","0.00","0.00","0.00","0.00","0.00","0.00","Y","N","","4/22/2025","55555","","","","","","","1","M","9999","M","",""
"920","12995","000104430000076","1","4/23/2025","4/23/2025","0.00","9999999999.00","P","D","M","25.100000","0.000000","33.100000","0.000000","0.00","0.00","0.00","0.00","0.00","0.00","0.00","Y","N","","4/23/2025","55555","","","","","","","1","M","9999","M","",""
"921","12996","000104430000076","1","4/30/2025","4/30/2025","0.00","9999999999.00","P","D","M","25.100000","0.000000","33.100000","0.000000","0.00","0.00","0.00","0.00","0.00","0.00","0.00","Y","N","","4/30/2025","55555","","","","","","","1","M","9999","M","",""
"922","12997","000104430000076","1","5/19/2025","5/19/2025","0.00","9999999999.00","P","D","M","25.100000","0.000000","33.100000","0.000000","0.00","0.00","0.00","0.00","0.00","0.00","0.00","Y","N","","5/19/2025","55555","","","","","","","1","M","9999","M","",""
"923","12998","000104430000076","1","5/22/2025","5/22/2025","0.00","9999999999.00","P","D","M","25.100000","0.000000","33.100000","0.000000","0.00","0.00","0.00","0.00","0.00","0.00","0.00","Y","N","","5/22/2025","55555","","","","","","","1","M","9999","M","",""
"924","12999","000104430000076","1","5/27/2025","5/27/2025","0.00","9999999999.00","P","D","M","25.200000","0.100000","33.200000","0.000000","0.00","0.00","0.00","0.00","0.00","0.00","0.00","Y","N","","5/27/2025","55555","","","","","","","1","M","9999","M","",""
"925","13000","000104430000076","1","5/28/2025","5/28/2025","0.00","9999999999.00","P","D","M","25.200000","0.000000","33.200000","0.000000","0.00","0.00","0.00","0.00","0.00","0.00","0.00","Y","N","","5/28/2025","55555","","","","","","","1","M","9999","M","",""
"926","13001","000104430000076","1","6/5/2025","6/5/2025","0.00","9999999999.00","P","D","M","25.200000","0.000000","33.200000","0.000000","0.00","0.00","0.00","0.00","0.00","0.00","0.00","Y","N","","6/5/2025","55555","","","","","","","1","M","9999","M","",""
"927","13002","000104430000076","1","6/16/2025","6/16/2025","0.00","9999999999.00","P","D","M","25.100000","-0.100000","33.100000","0.000000","0.00","0.00","0.00","0.00","0.00","0.00","0.00","Y","N","","6/16/2025","55555","","","","","","","1","M","9999","M","",""
"928","13003","000104430000076","1","7/8/2025","7/8/2025","0.00","9999999999.00","P","D","M","25.300000","0.200000","33.300000","0.000000","0.00","0.00","0.00","0.00","0.00","0.00","0.00","Y","N","","7/8/2025","55555","","","","","","","1","M","9999","M","",""
"929","13004","000104430000076","1","7/15/2025","7/15/2025","0.00","9999999999.00","P","D","M","25.300000","0.000000","33.300000","0.000000","0.00","0.00","0.00","0.00","0.00","0.00","0.00","Y","N","","7/15/2025","55555","","","","","","","1","M","9999","M","",""
"930","13005","000104430000076","1","7/16/2025","7/16/2025","0.00","9999999999.00","P","D","M","25.300000","0.000000","33.300000","0.000000","0.00","0.00","0.00","0.00","0.00","0.00","0.00","Y","N","","7/16/2025","55555","","","","","","","1","M","9999","M","",""
"931","13006","000104430000076","1","7/23/2025","7/23/2025","0.00","9999999999.00","P","D","M","25.300000","0.000000","33.300000","0.000000","0.00","0.00","0.00","0.00","0.00","0.00","0.00","Y","N","","7/23/2025","55555","","","","","","","1","M","9999","M","",""
"932","13007","000104430000076","1","9/3/2025","9/3/2025","0.00","9999999999.00","P","D","M","25.300000","0.000000","33.300000","0.000000","0.00","0.00","0.00","0.00","0.00","0.00","0.00","Y","N","","9/3/2025","55555","","","","","","","1","M","9999","M","",""
"933","13008","000104430000076","1","10/1/2025","10/1/2025","0.00","9999999999.00","P","D","M","25.400000","0.100000","33.400000","0.000000","0.00","0.00","0.00","0.00","0.00","0.00","0.00","Y","N","","10/1/2025","55555","","","","","","","1","M","9999","M","",""
"934","13009","000104430000076","1","11/1/2025","11/1/2025","0.00","9999999999.00","P","D","M","25.300000","-0.100000","33.300000","0.000000","0.00","0.00","0.00","0.00","0.00","0.00","0.00","Y","N","","11/1/2025","55555","","","","","","","1","M","9999","M","",""
"935","13061","000104430000076","1","2/4/2026","2/4/2026","0.00","9999999999.00","P","D","M","24.700000","-0.600000","32.700000","0.000000","0.00","0.00","0.00","0.00","0.00","0.00","0.00","N","Y","N2","2/4/2026","51","0-1-05/02/2026-11:13:13-192.168.002.001","","","","","","1","M","9999","M","",""
"936","13101","000104430000076","1","2/4/2026","2/4/2026","0.00","9999999999.00","P","D","M","24.700000","-0.600000","32.700000","0.000000","0.00","0.00","0.00","0.00","0.00","0.00","0.00","N","Y","N9","2/4/2026","55555","","","","","","","1","M","9999","M","",""
"937","13132","000104430000076","1","2/26/2026","2/4/2026","0.00","9999999999.00","P","D","M","24.700000","-0.600000","32.700000","0.000000","0.00","0.00","0.00","0.00","0.00","0.00","0.00","Y","N","N3","2/26/2026","9999","","","","","","","1","M","9999","M","",""
"938","13172","000104430000076","1","3/5/2026","3/5/2026","0.00","9999999999.00","P","D","M","23.700000","-1.000000","31.700000","0.000000","0.00","0.00","0.00","0.00","0.00","0.00","0.00","Y","N","N2","3/5/2026","51","0-1-09/03/2026-14:35:39-192.168.002.001","","","","","","1","M","9999","M","",""
"939","13202","000104430000076","1","3/9/2026","3/9/2026","0.00","9999999999.00","P","D","M","22.400000","-1.300000","30.400000","0.000000","0.00","0.00","0.00","0.00","0.00","0.00","0.00","Y","N","N2","3/9/2026","51","0-1-10/03/2026-10:28:31-192.168.002.001","","","","","","1","M","9999","M","",""
"940","13248","000104430000076","1","4/20/2026","4/20/2026","0.00","9999999999.00","P","D","M","20.800000","-1.600000","28.800000","0.000000","0.00","0.00","0.00","0.00","0.00","0.00","0.00","Y","N","N6","4/20/2026","51","0-1-23/04/2026-09:51:19-192.168.002.001","","","","","","1","M","9999","M","",""
"941","13278","000104430000076","1","5/6/2026","5/6/2026","0.00","9999999999.00","P","D","M","20.600000","-0.200000","28.600000","0.000000","0.00","0.00","0.00","0.00","0.00","0.00","0.00","Y","N","N2","5/6/2026","51","0-1-12/05/2026-08:41:33-192.168.002.001","","","","","","1","M","9999","M","",""
"942","13312","000104430000076","1","6/3/2026","6/3/2026","0.00","9999999999.00","P","D","M","20.400000","-0.200000","28.400000","0.000000","0.00","0.00","0.00","0.00","0.00","0.00","0.00","Y","N","N2","6/3/2026","51","0-1-12/06/2026-17:50:15-172.016.016.016","","","","","","1","M","9999","M","",""
"943","13355","000104430000076","1","7/3/2026","7/3/2026","0.00","9999999999.00","P","D","M","20.500000","0.100000","28.500000","0.000000","0.00","0.00","0.00","0.00","0.00","0.00","0.00","Y","N","N2","7/3/2026","52","0-1-09/07/2026-10:33:22-192.168.002.001","","","","","","1","M","9999","M","",""
"944","13385","000104430000076","1","8/5/2026","8/5/2026","0.00","9999999999.00","P","D","M","20.800000","0.300000","28.800000","0.000000","0.00","0.00","0.00","0.00","0.00","0.00","0.00","Y","N","N2","8/5/2026","51","0-1-10/08/2026-12:01:30-192.168.002.001","","","","","","1","M","9999","M","",""
"945","13415","000104430000076","1","9/3/2026","9/3/2026","0.00","9999999999.00","P","D","M","21.200000","0.400000","29.200000","0.000000","0.00","0.00","0.00","0.00","0.00","0.00","0.00","Y","N","N2","9/3/2026","52","0-1-10/09/2026-17:36:32-192.168.002.001","","","","","","1","M","9999","M","",""
"946","8033","000104430000077","1","6/5/2025","6/5/2025","1.00","99999999999999.00","P","D","M","0.000000","0.000000","30.200000","0.000000","0.00","0.00","0.00","0.00","0.00","0.00","0.00","Y","N","","6/19/2025","9999","Request From LOS Module","","","9999","Request From LOS Module","","1","M","9999","M","",""
"947","12461","000104430000077","1","6/16/2025","6/16/2025","0.00","9999999999.00","P","D","M","25.100000","-0.100000","30.100000","0.000000","0.00","0.00","0.00","0.00","0.00","0.00","0.00","Y","N","","6/16/2025","55555","","","","","","","1","M","9999","M","",""
"948","12462","000104430000077","1","7/8/2025","7/8/2025","0.00","9999999999.00","P","D","M","25.300000","0.200000","30.300000","0.000000","0.00","0.00","0.00","0.00","0.00","0.00","0.00","Y","N","","7/8/2025","55555","","","","","","","1","M","9999","M","",""
"949","12463","000104430000077","1","7/15/2025","7/15/2025","0.00","9999999999.00","P","D","M","25.300000","0.000000","30.300000","0.000000","0.00","0.00","0.00","0.00","0.00","0.00","0.00","Y","N","","7/15/2025","55555","","","","","","","1","M","9999","M","",""
"950","12464","000104430000077","1","7/16/2025","7/16/2025","0.00","9999999999.00","P","D","M","25.300000","0.000000","30.300000","0.000000","0.00","0.00","0.00","0.00","0.00","0.00","0.00","Y","N","","7/16/2025","55555","","","","","","","1","M","9999","M","",""
"951","12465","000104430000077","1","7/23/2025","7/23/2025","0.00","9999999999.00","P","D","M","25.300000","0.000000","30.300000","0.000000","0.00","0.00","0.00","0.00","0.00","0.00","0.00","Y","N","","7/23/2025","55555","","","","","","","1","M","9999","M","",""
"952","12466","000104430000077","1","9/3/2025","9/3/2025","0.00","9999999999.00","P","D","M","25.300000","0.000000","30.300000","0.000000","0.00","0.00","0.00","0.00","0.00","0.00","0.00","Y","N","","9/3/2025","55555","","","","","","","1","M","9999","M","",""
"953","12467","000104430000077","1","10/1/2025","10/1/2025","0.00","9999999999.00","P","D","M","25.400000","0.100000","30.400000","0.000000","0.00","0.00","0.00","0.00","0.00","0.00","0.00","Y","N","","10/1/2025","55555","","","","","","","1","M","9999","M","",""
"954","12468","000104430000077","1","11/1/2025","11/1/2025","0.00","9999999999.00","P","D","M","25.300000","-0.100000","30.300000","0.000000","0.00","0.00","0.00","0.00","0.00","0.00","0.00","Y","N","","11/1/2025","55555","","","","","","","1","M","9999","M","",""
"955","13052","000104430000077","1","2/4/2026","2/4/2026","0.00","9999999999.00","P","D","M","24.700000","-0.600000","29.700000","0.000000","0.00","0.00","0.00","0.00","0.00","0.00","0.00","N","Y","N2","2/4/2026","51","0-1-05/02/2026-11:13:13-192.168.002.001","","","","","","1","M","9999","M","",""
"956","13092","000104430000077","1","2/4/2026","2/4/2026","0.00","9999999999.00","P","D","M","24.700000","-0.600000","29.700000","0.000000","0.00","0.00","0.00","0.00","0.00","0.00","0.00","N","Y","N9","2/4/2026","55555","","","","","","","1","M","9999","M","",""
"957","13123","000104430000077","1","2/26/2026","2/4/2026","0.00","9999999999.00","P","D","M","24.700000","-0.600000","29.700000","0.000000","0.00","0.00","0.00","0.00","0.00","0.00","0.00","Y","N","N3","2/26/2026","9999","","","","","","","1","M","9999","M","",""
"958","13163","000104430000077","1","3/5/2026","3/5/2026","0.00","9999999999.00","P","D","M","23.700000","-1.000000","28.700000","0.000000","0.00","0.00","0.00","0.00","0.00","0.00","0.00","Y","N","N2","3/5/2026","51","0-1-09/03/2026-14:35:39-192.168.002.001","","","","","","1","M","9999","M","",""
"959","13193","000104430000077","1","3/9/2026","3/9/2026","0.00","9999999999.00","P","D","M","22.400000","-1.300000","27.400000","0.000000","0.00","0.00","0.00","0.00","0.00","0.00","0.00","Y","N","N2","3/9/2026","51","0-1-10/03/2026-10:28:31-192.168.002.001","","","","","","1","M","9999","M","",""
"960","13239","000104430000077","1","4/20/2026","4/20/2026","0.00","9999999999.00","P","D","M","20.800000","-1.600000","25.800000","0.000000","0.00","0.00","0.00","0.00","0.00","0.00","0.00","Y","N","N6","4/20/2026","51","0-1-23/04/2026-09:51:19-192.168.002.001","","","","","","1","M","9999","M","",""
"961","13269","000104430000077","1","5/6/2026","5/6/2026","0.00","9999999999.00","P","D","M","20.600000","-0.200000","25.600000","0.000000","0.00","0.00","0.00","0.00","0.00","0.00","0.00","Y","N","N2","5/6/2026","51","0-1-12/05/2026-08:41:33-192.168.002.001","","","","","","1","M","9999","M","",""
"962","13303","000104430000077","1","6/3/2026","6/3/2026","0.00","9999999999.00","P","D","M","20.400000","-0.200000","25.400000","0.000000","0.00","0.00","0.00","0.00","0.00","0.00","0.00","Y","N","N2","6/3/2026","51","0-1-12/06/2026-17:50:15-172.016.016.016","","","","","","1","M","9999","M","",""
"963","13346","000104430000077","1","7/3/2026","7/3/2026","0.00","9999999999.00","P","D","M","20.500000","0.100000","25.500000","0.000000","0.00","0.00","0.00","0.00","0.00","0.00","0.00","Y","N","N2","7/3/2026","52","0-1-09/07/2026-10:33:22-192.168.002.001","","","","","","1","M","9999","M","",""
"964","13376","000104430000077","1","8/5/2026","8/5/2026","0.00","9999999999.00","P","D","M","20.800000","0.300000","25.800000","0.000000","0.00","0.00","0.00","0.00","0.00","0.00","0.00","Y","N","N2","8/5/2026","51","0-1-10/08/2026-12:01:30-192.168.002.001","","","","","","1","M","9999","M","",""
"965","13406","000104430000077","1","9/3/2026","9/3/2026","0.00","9999999999.00","P","D","M","21.200000","0.400000","26.200000","0.000000","0.00","0.00","0.00","0.00","0.00","0.00","0.00","Y","N","N2","9/3/2026","52","0-1-10/09/2026-17:36:32-192.168.002.001","","","","","","1","M","9999","M","",""
"966","8227","000104430000078","1","5/28/2025","5/28/2025","1.00","99999999999999.00","P","D","M","0.000000","0.000000","32.200000","0.000000","0.00","0.00","0.00","0.00","0.00","0.00","0.00","Y","N","","6/30/2025","9999","Request From LOS Module","","","9999","Request From LOS Module","","1","M","9999","M","",""
"967","12452","000104430000078","1","6/5/2025","6/5/2025","0.00","9999999999.00","P","D","M","25.200000","0.000000","32.200000","0.000000","0.00","0.00","0.00","0.00","0.00","0.00","0.00","Y","N","","6/5/2025","55555","","","","","","","1","M","9999","M","",""
"968","12453","000104430000078","1","6/16/2025","6/16/2025","0.00","9999999999.00","P","D","M","25.100000","-0.100000","32.100000","0.000000","0.00","0.00","0.00","0.00","0.00","0.00","0.00","Y","N","","6/16/2025","55555","","","","","","","1","M","9999","M","",""
"969","12454","000104430000078","1","7/8/2025","7/8/2025","0.00","9999999999.00","P","D","M","25.300000","0.200000","32.300000","0.000000","0.00","0.00","0.00","0.00","0.00","0.00","0.00","Y","N","","7/8/2025","55555","","","","","","","1","M","9999","M","",""
"970","12455","000104430000078","1","7/15/2025","7/15/2025","0.00","9999999999.00","P","D","M","25.300000","0.000000","32.300000","0.000000","0.00","0.00","0.00","0.00","0.00","0.00","0.00","Y","N","","7/15/2025","55555","","","","","","","1","M","9999","M","",""
"971","12456","000104430000078","1","7/16/2025","7/16/2025","0.00","9999999999.00","P","D","M","25.300000","0.000000","32.300000","0.000000","0.00","0.00","0.00","0.00","0.00","0.00","0.00","Y","N","","7/16/2025","55555","","","","","","","1","M","9999","M","",""
"972","12457","000104430000078","1","7/23/2025","7/23/2025","0.00","9999999999.00","P","D","M","25.300000","0.000000","32.300000","0.000000","0.00","0.00","0.00","0.00","0.00","0.00","0.00","Y","N","","7/23/2025","55555","","","","","","","1","M","9999","M","",""
"973","12458","000104430000078","1","9/3/2025","9/3/2025","0.00","9999999999.00","P","D","M","25.300000","0.000000","32.300000","0.000000","0.00","0.00","0.00","0.00","0.00","0.00","0.00","Y","N","","9/3/2025","55555","","","","","","","1","M","9999","M","",""
"974","12459","000104430000078","1","10/1/2025","10/1/2025","0.00","9999999999.00","P","D","M","25.400000","0.100000","32.400000","0.000000","0.00","0.00","0.00","0.00","0.00","0.00","0.00","Y","N","","10/1/2025","55555","","","","","","","1","M","9999","M","",""
"975","12460","000104430000078","1","11/1/2025","11/1/2025","0.00","9999999999.00","P","D","M","25.300000","-0.100000","32.300000","0.000000","0.00","0.00","0.00","0.00","0.00","0.00","0.00","Y","N","","11/1/2025","55555","","","","","","","1","M","9999","M","",""
"976","13068","000104430000078","1","2/4/2026","2/4/2026","0.00","9999999999.00","P","D","M","24.700000","-0.600000","31.700000","0.000000","0.00","0.00","0.00","0.00","0.00","0.00","0.00","N","Y","N2","2/4/2026","51","0-1-05/02/2026-11:13:13-192.168.002.001","","","","","","1","M","9999","M","",""
"977","13108","000104430000078","1","2/4/2026","2/4/2026","0.00","9999999999.00","P","D","M","24.700000","-0.600000","31.700000","0.000000","0.00","0.00","0.00","0.00","0.00","0.00","0.00","N","Y","N9","2/4/2026","55555","","","","","","","1","M","9999","M","",""
"978","13139","000104430000078","1","2/26/2026","2/4/2026","0.00","9999999999.00","P","D","M","24.700000","-0.600000","31.700000","0.000000","0.00","0.00","0.00","0.00","0.00","0.00","0.00","Y","N","N3","2/26/2026","9999","","","","","","","1","M","9999","M","",""
"979","13179","000104430000078","1","3/5/2026","3/5/2026","0.00","9999999999.00","P","D","M","23.700000","-1.000000","30.700000","0.000000","0.00","0.00","0.00","0.00","0.00","0.00","0.00","Y","N","N2","3/5/2026","51","0-1-09/03/2026-14:35:39-192.168.002.001","","","","","","1","M","9999","M","",""
"980","13209","000104430000078","1","3/9/2026","3/9/2026","0.00","9999999999.00","P","D","M","22.400000","-1.300000","29.400000","0.000000","0.00","0.00","0.00","0.00","0.00","0.00","0.00","Y","N","N2","3/9/2026","51","0-1-10/03/2026-10:28:31-192.168.002.001","","","","","","1","M","9999","M","",""
"981","13255","000104430000078","1","4/20/2026","4/20/2026","0.00","9999999999.00","P","D","M","20.800000","-1.600000","27.800000","0.000000","0.00","0.00","0.00","0.00","0.00","0.00","0.00","Y","N","N6","4/20/2026","51","0-1-23/04/2026-09:51:19-192.168.002.001","","","","","","1","M","9999","M","",""
"982","13285","000104430000078","1","5/6/2026","5/6/2026","0.00","9999999999.00","P","D","M","20.600000","-0.200000","27.600000","0.000000","0.00","0.00","0.00","0.00","0.00","0.00","0.00","Y","N","N2","5/6/2026","51","0-1-12/05/2026-08:41:33-192.168.002.001","","","","","","1","M","9999","M","",""
"983","8339","000104430000079","1","5/22/2025","5/22/2025","1.00","99999999999999.00","P","D","M","0.000000","0.000000","32.100000","0.000000","0.00","0.00","0.00","0.00","0.00","0.00","0.00","Y","N","","7/10/2025","9999","Request From LOS Module","","","9999","Request From LOS Module","","1","M","9999","M","",""
"984","12431","000104430000079","1","5/27/2025","5/27/2025","0.00","9999999999.00","P","D","M","25.200000","0.100000","32.200000","0.000000","0.00","0.00","0.00","0.00","0.00","0.00","0.00","Y","N","","5/27/2025","55555","","","","","","","1","M","9999","M","",""
"985","12432","000104430000079","1","5/28/2025","5/28/2025","0.00","9999999999.00","P","D","M","25.200000","0.000000","32.200000","0.000000","0.00","0.00","0.00","0.00","0.00","0.00","0.00","Y","N","","5/28/2025","55555","","","","","","","1","M","9999","M","",""
"986","12433","000104430000079","1","6/5/2025","6/5/2025","0.00","9999999999.00","P","D","M","25.200000","0.000000","32.200000","0.000000","0.00","0.00","0.00","0.00","0.00","0.00","0.00","Y","N","","6/5/2025","55555","","","","","","","1","M","9999","M","",""
"987","12434","000104430000079","1","6/16/2025","6/16/2025","0.00","9999999999.00","P","D","M","25.100000","-0.100000","32.100000","0.000000","0.00","0.00","0.00","0.00","0.00","0.00","0.00","Y","N","","6/16/2025","55555","","","","","","","1","M","9999","M","",""
"988","12435","000104430000079","1","7/8/2025","7/8/2025","0.00","9999999999.00","P","D","M","25.300000","0.200000","32.300000","0.000000","0.00","0.00","0.00","0.00","0.00","0.00","0.00","Y","N","","7/8/2025","55555","","","","","","","1","M","9999","M","",""
"989","12436","000104430000079","1","7/15/2025","7/15/2025","0.00","9999999999.00","P","D","M","25.300000","0.000000","32.300000","0.000000","0.00","0.00","0.00","0.00","0.00","0.00","0.00","Y","N","","7/15/2025","55555","","","","","","","1","M","9999","M","",""
"990","12437","000104430000079","1","7/16/2025","7/16/2025","0.00","9999999999.00","P","D","M","25.300000","0.000000","32.300000","0.000000","0.00","0.00","0.00","0.00","0.00","0.00","0.00","Y","N","","7/16/2025","55555","","","","","","","1","M","9999","M","",""
"991","12438","000104430000079","1","7/23/2025","7/23/2025","0.00","9999999999.00","P","D","M","25.300000","0.000000","32.300000","0.000000","0.00","0.00","0.00","0.00","0.00","0.00","0.00","Y","N","","7/23/2025","55555","","","","","","","1","M","9999","M","",""
"992","12439","000104430000079","1","9/3/2025","9/3/2025","0.00","9999999999.00","P","D","M","25.300000","0.000000","32.300000","0.000000","0.00","0.00","0.00","0.00","0.00","0.00","0.00","Y","N","","9/3/2025","55555","","","","","","","1","M","9999","M","",""
"993","12440","000104430000079","1","10/1/2025","10/1/2025","0.00","9999999999.00","P","D","M","25.400000","0.100000","32.400000","0.000000","0.00","0.00","0.00","0.00","0.00","0.00","0.00","Y","N","","10/1/2025","55555","","","","","","","1","M","9999","M","",""
"994","12441","000104430000079","1","11/1/2025","11/1/2025","0.00","9999999999.00","P","D","M","25.300000","-0.100000","32.300000","0.000000","0.00","0.00","0.00","0.00","0.00","0.00","0.00","Y","N","","11/1/2025","55555","","","","","","","1","M","9999","M","",""
"995","13063","000104430000079","1","2/4/2026","2/4/2026","0.00","9999999999.00","P","D","M","24.700000","-0.600000","31.700000","0.000000","0.00","0.00","0.00","0.00","0.00","0.00","0.00","N","Y","N2","2/4/2026","51","0-1-05/02/2026-11:13:13-192.168.002.001","","","","","","1","M","9999","M","",""
"996","13103","000104430000079","1","2/4/2026","2/4/2026","0.00","9999999999.00","P","D","M","24.700000","-0.600000","31.700000","0.000000","0.00","0.00","0.00","0.00","0.00","0.00","0.00","N","Y","N9","2/4/2026","55555","","","","","","","1","M","9999","M","",""
"997","13134","000104430000079","1","2/26/2026","2/4/2026","0.00","9999999999.00","P","D","M","24.700000","-0.600000","31.700000","0.000000","0.00","0.00","0.00","0.00","0.00","0.00","0.00","Y","N","N3","2/26/2026","9999","","","","","","","1","M","9999","M","",""
"998","13174","000104430000079","1","3/5/2026","3/5/2026","0.00","9999999999.00","P","D","M","23.700000","-1.000000","30.700000","0.000000","0.00","0.00","0.00","0.00","0.00","0.00","0.00","Y","N","N2","3/5/2026","51","0-1-09/03/2026-14:35:39-192.168.002.001","","","","","","1","M","9999","M","",""
"999","13204","000104430000079","1","3/9/2026","3/9/2026","0.00","9999999999.00","P","D","M","22.400000","-1.300000","29.400000","0.000000","0.00","0.00","0.00","0.00","0.00","0.00","0.00","Y","N","N2","3/9/2026","51","0-1-10/03/2026-10:28:31-192.168.002.001","","","","","","1","M","9999","M","",""
"1000","13250","000104430000079","1","4/20/2026","4/20/2026","0.00","9999999999.00","P","D","M","20.800000","-1.600000","27.800000","0.000000","0.00","0.00","0.00","0.00","0.00","0.00","0.00","Y","N","N6","4/20/2026","51","0-1-23/04/2026-09:51:19-192.168.002.001","","","","","","1","M","9999","M","",""
"1001","13280","000104430000079","1","5/6/2026","5/6/2026","0.00","9999999999.00","P","D","M","20.600000","-0.200000","27.600000","0.000000","0.00","0.00","0.00","0.00","0.00","0.00","0.00","Y","N","N2","5/6/2026","51","0-1-12/05/2026-08:41:33-192.168.002.001","","","","","","1","M","9999","M","",""
"1002","13314","000104430000079","1","6/3/2026","6/3/2026","0.00","9999999999.00","P","D","M","20.400000","-0.200000","27.400000","0.000000","0.00","0.00","0.00","0.00","0.00","0.00","0.00","Y","N","N2","6/3/2026","51","0-1-12/06/2026-17:50:15-172.016.016.016","","","","","","1","M","9999","M","",""
"1003","13357","000104430000079","1","7/3/2026","7/3/2026","0.00","9999999999.00","P","D","M","20.500000","0.100000","27.500000","0.000000","0.00","0.00","0.00","0.00","0.00","0.00","0.00","Y","N","N2","7/3/2026","52","0-1-09/07/2026-10:33:22-192.168.002.001","","","","","","1","M","9999","M","",""
"1004","13387","000104430000079","1","8/5/2026","8/5/2026","0.00","9999999999.00","P","D","M","20.800000","0.300000","27.800000","0.000000","0.00","0.00","0.00","0.00","0.00","0.00","0.00","Y","N","N2","8/5/2026","51","0-1-10/08/2026-12:01:30-192.168.002.001","","","","","","1","M","9999","M","",""
"1005","13417","000104430000079","1","9/3/2026","9/3/2026","0.00","9999999999.00","P","D","M","21.200000","0.400000","28.200000","0.000000","0.00","0.00","0.00","0.00","0.00","0.00","0.00","Y","N","N2","9/3/2026","52","0-1-10/09/2026-17:36:32-192.168.002.001","","","","","","1","M","9999","M","",""
"1006","11507","000104430000080","1","5/27/2025","5/27/2025","1.00","99999999999999.00","P","D","M","0.000000","0.000000","33.100000","0.000000","0.00","0.00","0.00","0.00","0.00","0.00","0.00","Y","N","","7/18/2025","9999","Request From LOS Module","","","9999","Request From LOS Module","","1","M","9999","M","",""
"1007","12442","000104430000080","1","5/28/2025","5/28/2025","0.00","9999999999.00","P","D","M","25.200000","0.000000","33.100000","0.000000","0.00","0.00","0.00","0.00","0.00","0.00","0.00","Y","N","","5/28/2025","55555","","","","","","","1","M","9999","M","",""
"1008","12443","000104430000080","1","6/5/2025","6/5/2025","0.00","9999999999.00","P","D","M","25.200000","0.000000","33.100000","0.000000","0.00","0.00","0.00","0.00","0.00","0.00","0.00","Y","N","","6/5/2025","55555","","","","","","","1","M","9999","M","",""
"1009","12444","000104430000080","1","6/16/2025","6/16/2025","0.00","9999999999.00","P","D","M","25.100000","-0.100000","33.000000","0.000000","0.00","0.00","0.00","0.00","0.00","0.00","0.00","Y","N","","6/16/2025","55555","","","","","","","1","M","9999","M","",""
"1010","12445","000104430000080","1","7/8/2025","7/8/2025","0.00","9999999999.00","P","D","M","25.300000","0.200000","33.200000","0.000000","0.00","0.00","0.00","0.00","0.00","0.00","0.00","Y","N","","7/8/2025","55555","","","","","","","1","M","9999","M","",""
"1011","12446","000104430000080","1","7/15/2025","7/15/2025","0.00","9999999999.00","P","D","M","25.300000","0.000000","33.200000","0.000000","0.00","0.00","0.00","0.00","0.00","0.00","0.00","Y","N","","7/15/2025","55555","","","","","","","1","M","9999","M","",""
"1012","12447","000104430000080","1","7/16/2025","7/16/2025","0.00","9999999999.00","P","D","M","25.300000","0.000000","33.200000","0.000000","0.00","0.00","0.00","0.00","0.00","0.00","0.00","Y","N","","7/16/2025","55555","","","","","","","1","M","9999","M","",""
"1013","12448","000104430000080","1","7/23/2025","7/23/2025","0.00","9999999999.00","P","D","M","25.300000","0.000000","33.200000","0.000000","0.00","0.00","0.00","0.00","0.00","0.00","0.00","Y","N","","7/23/2025","55555","","","","","","","1","M","9999","M","",""
"1014","12449","000104430000080","1","9/3/2025","9/3/2025","0.00","9999999999.00","P","D","M","25.300000","0.000000","33.200000","0.000000","0.00","0.00","0.00","0.00","0.00","0.00","0.00","Y","N","","9/3/2025","55555","","","","","","","1","M","9999","M","",""
"1015","12450","000104430000080","1","10/1/2025","10/1/2025","0.00","9999999999.00","P","D","M","25.400000","0.100000","33.300000","0.000000","0.00","0.00","0.00","0.00","0.00","0.00","0.00","Y","N","","10/1/2025","55555","","","","","","","1","M","9999","M","",""
"1016","12451","000104430000080","1","11/1/2025","11/1/2025","0.00","9999999999.00","P","D","M","25.300000","-0.100000","33.200000","0.000000","0.00","0.00","0.00","0.00","0.00","0.00","0.00","Y","N","","11/1/2025","55555","","","","","","","1","M","9999","M","",""
"1017","11509","000104430000081","1","7/24/2025","7/24/2025","1.00","99999999999999.00","P","D","M","0.000000","0.000000","31.000000","0.000000","0.00","0.00","0.00","0.00","0.00","0.00","0.00","Y","N","","7/24/2025","9999","Request From LOS Module","","","9999","Request From LOS Module","","1","M","9999","M","",""
"1018","11703","000104430000081","1","8/5/2025","8/5/2025","0.00","9999999999.00","P","D","M","25.400000","0.100000","31.100000","0.000000","0.00","0.00","0.00","0.00","0.00","0.00","0.00","Y","N","N20","8/5/2025","16","0-1-05/08/2025-13:37:58-192.168.002.001","","","","","","1","M","9999","M","",""
"1019","11743","000104430000081","1","9/12/2025","9/3/2025","0.00","9999999999.00","P","D","M","25.300000","-0.100000","31.000000","0.000000","0.00","0.00","0.00","0.00","0.00","0.00","0.00","Y","N","N2","9/12/2025","51","0-1-12/09/2025-09:09:17-192.168.002.001","","","","","","1","M","9999","M","",""
"1020","13057","000104430000081","1","2/4/2026","2/4/2026","0.00","9999999999.00","P","D","M","24.700000","-0.600000","30.400000","0.000000","0.00","0.00","0.00","0.00","0.00","0.00","0.00","N","Y","N2","2/4/2026","51","0-1-05/02/2026-11:13:13-192.168.002.001","","","","","","1","M","9999","M","",""
"1021","13097","000104430000081","1","2/4/2026","2/4/2026","0.00","9999999999.00","P","D","M","24.700000","-0.600000","30.400000","0.000000","0.00","0.00","0.00","0.00","0.00","0.00","0.00","N","Y","N9","2/4/2026","55555","","","","","","","1","M","9999","M","",""
"1022","13128","000104430000081","1","2/26/2026","2/4/2026","0.00","9999999999.00","P","D","M","24.700000","-0.600000","30.400000","0.000000","0.00","0.00","0.00","0.00","0.00","0.00","0.00","Y","N","N3","2/26/2026","9999","","","","","","","1","M","9999","M","",""
"1023","13168","000104430000081","1","3/5/2026","3/5/2026","0.00","9999999999.00","P","D","M","23.700000","-1.000000","29.400000","0.000000","0.00","0.00","0.00","0.00","0.00","0.00","0.00","Y","N","N2","3/5/2026","51","0-1-09/03/2026-14:35:39-192.168.002.001","","","","","","1","M","9999","M","",""
"1024","13198","000104430000081","1","3/9/2026","3/9/2026","0.00","9999999999.00","P","D","M","22.400000","-1.300000","28.100000","0.000000","0.00","0.00","0.00","0.00","0.00","0.00","0.00","Y","N","N2","3/9/2026","51","0-1-10/03/2026-10:28:31-192.168.002.001","","","","","","1","M","9999","M","",""
"1025","13244","000104430000081","1","4/20/2026","4/20/2026","0.00","9999999999.00","P","D","M","20.800000","-1.600000","26.500000","0.000000","0.00","0.00","0.00","0.00","0.00","0.00","0.00","Y","N","N6","4/20/2026","51","0-1-23/04/2026-09:51:19-192.168.002.001","","","","","","1","M","9999","M","",""
"1026","13274","000104430000081","1","5/6/2026","5/6/2026","0.00","9999999999.00","P","D","M","20.600000","-0.200000","26.300000","0.000000","0.00","0.00","0.00","0.00","0.00","0.00","0.00","Y","N","N2","5/6/2026","51","0-1-12/05/2026-08:41:33-192.168.002.001","","","","","","1","M","9999","M","",""
"1027","13308","000104430000081","1","6/3/2026","6/3/2026","0.00","9999999999.00","P","D","M","20.400000","-0.200000","26.100000","0.000000","0.00","0.00","0.00","0.00","0.00","0.00","0.00","Y","N","N2","6/3/2026","51","0-1-12/06/2026-17:50:15-172.016.016.016","","","","","","1","M","9999","M","",""
"1028","13351","000104430000081","1","7/3/2026","7/3/2026","0.00","9999999999.00","P","D","M","20.500000","0.100000","26.200000","0.000000","0.00","0.00","0.00","0.00","0.00","0.00","0.00","Y","N","N2","7/3/2026","52","0-1-09/07/2026-10:33:22-192.168.002.001","","","","","","1","M","9999","M","",""
"1029","13381","000104430000081","1","8/5/2026","8/5/2026","0.00","9999999999.00","P","D","M","20.800000","0.300000","26.500000","0.000000","0.00","0.00","0.00","0.00","0.00","0.00","0.00","Y","N","N2","8/5/2026","51","0-1-10/08/2026-12:01:30-192.168.002.001","","","","","","1","M","9999","M","",""
"1030","13411","000104430000081","1","9/3/2026","9/3/2026","0.00","9999999999.00","P","D","M","21.200000","0.400000","26.900000","0.000000","0.00","0.00","0.00","0.00","0.00","0.00","0.00","Y","N","N2","9/3/2026","52","0-1-10/09/2026-17:36:32-192.168.002.001","","","","","","1","M","9999","M","",""
"1031","11510","000104430000082","1","5/19/2025","5/19/2025","1.00","99999999999999.00","P","D","M","0.000000","0.000000","31.000000","0.000000","0.00","0.00","0.00","0.00","0.00","0.00","0.00","Y","N","","7/25/2025","9999","Request From LOS Module","","","9999","Request From LOS Module","","1","M","9999","M","",""
"1032","12419","000104430000082","1","5/22/2025","5/22/2025","0.00","9999999999.00","P","D","M","25.100000","0.000000","31.000000","0.000000","0.00","0.00","0.00","0.00","0.00","0.00","0.00","Y","N","","5/22/2025","55555","","","","","","","1","M","9999","M","",""
"1033","12420","000104430000082","1","5/27/2025","5/27/2025","0.00","9999999999.00","P","D","M","25.200000","0.100000","31.100000","0.000000","0.00","0.00","0.00","0.00","0.00","0.00","0.00","Y","N","","5/27/2025","55555","","","","","","","1","M","9999","M","",""
"1034","12421","000104430000082","1","5/28/2025","5/28/2025","0.00","9999999999.00","P","D","M","25.200000","0.000000","31.100000","0.000000","0.00","0.00","0.00","0.00","0.00","0.00","0.00","Y","N","","5/28/2025","55555","","","","","","","1","M","9999","M","",""
"1035","12422","000104430000082","1","6/5/2025","6/5/2025","0.00","9999999999.00","P","D","M","25.200000","0.000000","31.100000","0.000000","0.00","0.00","0.00","0.00","0.00","0.00","0.00","Y","N","","6/5/2025","55555","","","","","","","1","M","9999","M","",""
"1036","12423","000104430000082","1","6/16/2025","6/16/2025","0.00","9999999999.00","P","D","M","25.100000","-0.100000","31.000000","0.000000","0.00","0.00","0.00","0.00","0.00","0.00","0.00","Y","N","","6/16/2025","55555","","","","","","","1","M","9999","M","",""
"1037","12424","000104430000082","1","7/8/2025","7/8/2025","0.00","9999999999.00","P","D","M","25.300000","0.200000","31.200000","0.000000","0.00","0.00","0.00","0.00","0.00","0.00","0.00","Y","N","","7/8/2025","55555","","","","","","","1","M","9999","M","",""
"1038","12425","000104430000082","1","7/15/2025","7/15/2025","0.00","9999999999.00","P","D","M","25.300000","0.000000","31.200000","0.000000","0.00","0.00","0.00","0.00","0.00","0.00","0.00","Y","N","","7/15/2025","55555","","","","","","","1","M","9999","M","",""
"1039","12426","000104430000082","1","7/16/2025","7/16/2025","0.00","9999999999.00","P","D","M","25.300000","0.000000","31.200000","0.000000","0.00","0.00","0.00","0.00","0.00","0.00","0.00","Y","N","","7/16/2025","55555","","","","","","","1","M","9999","M","",""
"1040","12427","000104430000082","1","7/23/2025","7/23/2025","0.00","9999999999.00","P","D","M","25.300000","0.000000","31.200000","0.000000","0.00","0.00","0.00","0.00","0.00","0.00","0.00","Y","N","","7/23/2025","55555","","","","","","","1","M","9999","M","",""
"1041","12428","000104430000082","1","9/3/2025","9/3/2025","0.00","9999999999.00","P","D","M","25.300000","0.000000","31.200000","0.000000","0.00","0.00","0.00","0.00","0.00","0.00","0.00","Y","N","","9/3/2025","55555","","","","","","","1","M","9999","M","",""
"1042","12429","000104430000082","1","10/1/2025","10/1/2025","0.00","9999999999.00","P","D","M","25.400000","0.100000","31.300000","0.000000","0.00","0.00","0.00","0.00","0.00","0.00","0.00","Y","N","","10/1/2025","55555","","","","","","","1","M","9999","M","",""
"1043","12430","000104430000082","1","11/1/2025","11/1/2025","0.00","9999999999.00","P","D","M","25.300000","-0.100000","31.200000","0.000000","0.00","0.00","0.00","0.00","0.00","0.00","0.00","Y","N","","11/1/2025","55555","","","","","","","1","M","9999","M","",""
"1044","13062","000104430000082","1","2/4/2026","2/4/2026","0.00","9999999999.00","P","D","M","24.700000","-0.600000","30.600000","0.000000","0.00","0.00","0.00","0.00","0.00","0.00","0.00","N","Y","N2","2/4/2026","51","0-1-05/02/2026-11:13:13-192.168.002.001","","","","","","1","M","9999","M","",""
"1045","13102","000104430000082","1","2/4/2026","2/4/2026","0.00","9999999999.00","P","D","M","24.700000","-0.600000","30.600000","0.000000","0.00","0.00","0.00","0.00","0.00","0.00","0.00","N","Y","N9","2/4/2026","55555","","","","","","","1","M","9999","M","",""
"1046","13133","000104430000082","1","2/26/2026","2/4/2026","0.00","9999999999.00","P","D","M","24.700000","-0.600000","30.600000","0.000000","0.00","0.00","0.00","0.00","0.00","0.00","0.00","Y","N","N3","2/26/2026","9999","","","","","","","1","M","9999","M","",""
"1047","13173","000104430000082","1","3/5/2026","3/5/2026","0.00","9999999999.00","P","D","M","23.700000","-1.000000","29.600000","0.000000","0.00","0.00","0.00","0.00","0.00","0.00","0.00","Y","N","N2","3/5/2026","51","0-1-09/03/2026-14:35:39-192.168.002.001","","","","","","1","M","9999","M","",""
"1048","13203","000104430000082","1","3/9/2026","3/9/2026","0.00","9999999999.00","P","D","M","22.400000","-1.300000","28.300000","0.000000","0.00","0.00","0.00","0.00","0.00","0.00","0.00","Y","N","N2","3/9/2026","51","0-1-10/03/2026-10:28:31-192.168.002.001","","","","","","1","M","9999","M","",""
"1049","13249","000104430000082","1","4/20/2026","4/20/2026","0.00","9999999999.00","P","D","M","20.800000","-1.600000","26.700000","0.000000","0.00","0.00","0.00","0.00","0.00","0.00","0.00","Y","N","N6","4/20/2026","51","0-1-23/04/2026-09:51:19-192.168.002.001","","","","","","1","M","9999","M","",""
"1050","13279","000104430000082","1","5/6/2026","5/6/2026","0.00","9999999999.00","P","D","M","20.600000","-0.200000","26.500000","0.000000","0.00","0.00","0.00","0.00","0.00","0.00","0.00","Y","N","N2","5/6/2026","51","0-1-12/05/2026-08:41:33-192.168.002.001","","","","","","1","M","9999","M","",""
"1051","13313","000104430000082","1","6/3/2026","6/3/2026","0.00","9999999999.00","P","D","M","20.400000","-0.200000","26.300000","0.000000","0.00","0.00","0.00","0.00","0.00","0.00","0.00","Y","N","N2","6/3/2026","51","0-1-12/06/2026-17:50:15-172.016.016.016","","","","","","1","M","9999","M","",""
"1052","13356","000104430000082","1","7/3/2026","7/3/2026","0.00","9999999999.00","P","D","M","20.500000","0.100000","26.400000","0.000000","0.00","0.00","0.00","0.00","0.00","0.00","0.00","Y","N","N2","7/3/2026","52","0-1-09/07/2026-10:33:22-192.168.002.001","","","","","","1","M","9999","M","",""
"1053","13386","000104430000082","1","8/5/2026","8/5/2026","0.00","9999999999.00","P","D","M","20.800000","0.300000","26.700000","0.000000","0.00","0.00","0.00","0.00","0.00","0.00","0.00","Y","N","N2","8/5/2026","51","0-1-10/08/2026-12:01:30-192.168.002.001","","","","","","1","M","9999","M","",""
"1054","13416","000104430000082","1","9/3/2026","9/3/2026","0.00","9999999999.00","P","D","M","21.200000","0.400000","27.100000","0.000000","0.00","0.00","0.00","0.00","0.00","0.00","0.00","Y","N","N2","9/3/2026","52","0-1-10/09/2026-17:36:32-192.168.002.001","","","","","","1","M","9999","M","",""
"1055","11514","000104430000083","1","8/5/2025","8/5/2025","1.00","99999999999999.00","P","D","M","0.000000","0.000000","33.000000","0.000000","0.00","0.00","0.00","0.00","0.00","0.00","0.00","Y","N","","8/5/2025","9999","Request From LOS Module","","","9999","Request From LOS Module","","1","M","9999","M","",""
"1056","11749","000104430000083","1","9/12/2025","9/3/2025","0.00","9999999999.00","P","D","M","25.300000","-0.100000","32.900000","0.000000","0.00","0.00","0.00","0.00","0.00","0.00","0.00","Y","N","N2","9/12/2025","51","0-1-12/09/2025-09:09:17-192.168.002.001","","","","","","1","M","9999","M","",""
"1057","13065","000104430000083","1","2/4/2026","2/4/2026","0.00","9999999999.00","P","D","M","24.700000","-0.600000","32.300000","0.000000","0.00","0.00","0.00","0.00","0.00","0.00","0.00","N","Y","N2","2/4/2026","51","0-1-05/02/2026-11:13:13-192.168.002.001","","","","","","1","M","9999","M","",""
"1058","13105","000104430000083","1","2/4/2026","2/4/2026","0.00","9999999999.00","P","D","M","24.700000","-0.600000","32.300000","0.000000","0.00","0.00","0.00","0.00","0.00","0.00","0.00","N","Y","N9","2/4/2026","55555","","","","","","","1","M","9999","M","",""
"1059","13136","000104430000083","1","2/26/2026","2/4/2026","0.00","9999999999.00","P","D","M","24.700000","-0.600000","32.300000","0.000000","0.00","0.00","0.00","0.00","0.00","0.00","0.00","Y","N","N3","2/26/2026","9999","","","","","","","1","M","9999","M","",""
"1060","13176","000104430000083","1","3/5/2026","3/5/2026","0.00","9999999999.00","P","D","M","23.700000","-1.000000","31.300000","0.000000","0.00","0.00","0.00","0.00","0.00","0.00","0.00","Y","N","N2","3/5/2026","51","0-1-09/03/2026-14:35:39-192.168.002.001","","","","","","1","M","9999","M","",""
"1061","13206","000104430000083","1","3/9/2026","3/9/2026","0.00","9999999999.00","P","D","M","22.400000","-1.300000","30.000000","0.000000","0.00","0.00","0.00","0.00","0.00","0.00","0.00","Y","N","N2","3/9/2026","51","0-1-10/03/2026-10:28:31-192.168.002.001","","","","","","1","M","9999","M","",""
"1062","13252","000104430000083","1","4/20/2026","4/20/2026","0.00","9999999999.00","P","D","M","20.800000","-1.600000","28.400000","0.000000","0.00","0.00","0.00","0.00","0.00","0.00","0.00","Y","N","N6","4/20/2026","51","0-1-23/04/2026-09:51:19-192.168.002.001","","","","","","1","M","9999","M","",""
"1063","13282","000104430000083","1","5/6/2026","5/6/2026","0.00","9999999999.00","P","D","M","20.600000","-0.200000","28.200000","0.000000","0.00","0.00","0.00","0.00","0.00","0.00","0.00","Y","N","N2","5/6/2026","51","0-1-12/05/2026-08:41:33-192.168.002.001","","","","","","1","M","9999","M","",""
"1064","13316","000104430000083","1","6/3/2026","6/3/2026","0.00","9999999999.00","P","D","M","20.400000","-0.200000","28.000000","0.000000","0.00","0.00","0.00","0.00","0.00","0.00","0.00","Y","N","N2","6/3/2026","51","0-1-12/06/2026-17:50:15-172.016.016.016","","","","","","1","M","9999","M","",""
"1065","13359","000104430000083","1","7/3/2026","7/3/2026","0.00","9999999999.00","P","D","M","20.500000","0.100000","28.100000","0.000000","0.00","0.00","0.00","0.00","0.00","0.00","0.00","Y","N","N2","7/3/2026","52","0-1-09/07/2026-10:33:22-192.168.002.001","","","","","","1","M","9999","M","",""
"1066","13389","000104430000083","1","8/5/2026","8/5/2026","0.00","9999999999.00","P","D","M","20.800000","0.300000","28.400000","0.000000","0.00","0.00","0.00","0.00","0.00","0.00","0.00","Y","N","N2","8/5/2026","51","0-1-10/08/2026-12:01:30-192.168.002.001","","","","","","1","M","9999","M","",""
"1067","13419","000104430000083","1","9/3/2026","9/3/2026","0.00","9999999999.00","P","D","M","21.200000","0.400000","28.800000","0.000000","0.00","0.00","0.00","0.00","0.00","0.00","0.00","Y","N","N2","9/3/2026","52","0-1-10/09/2026-17:36:32-192.168.002.001","","","","","","1","M","9999","M","",""
"1068","11714","000104430000084","1","7/15/2025","7/15/2025","1.00","99999999999999.00","P","D","M","0.000000","0.000000","31.200000","0.000000","0.00","0.00","0.00","0.00","0.00","0.00","0.00","Y","N","","8/8/2025","9999","Request From LOS Module","","","9999","Request From LOS Module","","1","M","9999","M","",""
"1069","12469","000104430000084","1","7/16/2025","7/16/2025","0.00","9999999999.00","P","D","M","25.300000","0.000000","31.200000","0.000000","0.00","0.00","0.00","0.00","0.00","0.00","0.00","Y","N","","7/16/2025","55555","","","","","","","1","M","9999","M","",""
"1070","12470","000104430000084","1","7/23/2025","7/23/2025","0.00","9999999999.00","P","D","M","25.300000","0.000000","31.200000","0.000000","0.00","0.00","0.00","0.00","0.00","0.00","0.00","Y","N","","7/23/2025","55555","","","","","","","1","M","9999","M","",""
"1071","12471","000104430000084","1","9/3/2025","9/3/2025","0.00","9999999999.00","P","D","M","25.300000","0.000000","31.200000","0.000000","0.00","0.00","0.00","0.00","0.00","0.00","0.00","Y","N","","9/3/2025","55555","","","","","","","1","M","9999","M","",""
"1072","12472","000104430000084","1","10/1/2025","10/1/2025","0.00","9999999999.00","P","D","M","25.400000","0.100000","31.300000","0.000000","0.00","0.00","0.00","0.00","0.00","0.00","0.00","Y","N","","10/1/2025","55555","","","","","","","1","M","9999","M","",""
"1073","12473","000104430000084","1","11/1/2025","11/1/2025","0.00","9999999999.00","P","D","M","25.300000","-0.100000","31.200000","0.000000","0.00","0.00","0.00","0.00","0.00","0.00","0.00","Y","N","","11/1/2025","55555","","","","","","","1","M","9999","M","",""
"1074","13053","000104430000084","1","2/4/2026","2/4/2026","0.00","9999999999.00","P","D","M","24.700000","-0.600000","30.600000","0.000000","0.00","0.00","0.00","0.00","0.00","0.00","0.00","N","Y","N2","2/4/2026","51","0-1-05/02/2026-11:13:13-192.168.002.001","","","","","","1","M","9999","M","",""
"1075","13093","000104430000084","1","2/4/2026","2/4/2026","0.00","9999999999.00","P","D","M","24.700000","-0.600000","30.600000","0.000000","0.00","0.00","0.00","0.00","0.00","0.00","0.00","N","Y","N9","2/4/2026","55555","","","","","","","1","M","9999","M","",""
"1076","13124","000104430000084","1","2/26/2026","2/4/2026","0.00","9999999999.00","P","D","M","24.700000","-0.600000","30.600000","0.000000","0.00","0.00","0.00","0.00","0.00","0.00","0.00","Y","N","N3","2/26/2026","9999","","","","","","","1","M","9999","M","",""
"1077","13164","000104430000084","1","3/5/2026","3/5/2026","0.00","9999999999.00","P","D","M","23.700000","-1.000000","29.600000","0.000000","0.00","0.00","0.00","0.00","0.00","0.00","0.00","Y","N","N2","3/5/2026","51","0-1-09/03/2026-14:35:39-192.168.002.001","","","","","","1","M","9999","M","",""
"1078","13194","000104430000084","1","3/9/2026","3/9/2026","0.00","9999999999.00","P","D","M","22.400000","-1.300000","28.300000","0.000000","0.00","0.00","0.00","0.00","0.00","0.00","0.00","Y","N","N2","3/9/2026","51","0-1-10/03/2026-10:28:31-192.168.002.001","","","","","","1","M","9999","M","",""
"1079","13240","000104430000084","1","4/20/2026","4/20/2026","0.00","9999999999.00","P","D","M","20.800000","-1.600000","26.700000","0.000000","0.00","0.00","0.00","0.00","0.00","0.00","0.00","Y","N","N6","4/20/2026","51","0-1-23/04/2026-09:51:19-192.168.002.001","","","","","","1","M","9999","M","",""
"1080","13270","000104430000084","1","5/6/2026","5/6/2026","0.00","9999999999.00","P","D","M","20.600000","-0.200000","26.500000","0.000000","0.00","0.00","0.00","0.00","0.00","0.00","0.00","Y","N","N2","5/6/2026","51","0-1-12/05/2026-08:41:33-192.168.002.001","","","","","","1","M","9999","M","",""
"1081","13304","000104430000084","1","6/3/2026","6/3/2026","0.00","9999999999.00","P","D","M","20.400000","-0.200000","26.300000","0.000000","0.00","0.00","0.00","0.00","0.00","0.00","0.00","Y","N","N2","6/3/2026","51","0-1-12/06/2026-17:50:15-172.016.016.016","","","","","","1","M","9999","M","",""
"1082","13347","000104430000084","1","7/3/2026","7/3/2026","0.00","9999999999.00","P","D","M","20.500000","0.100000","26.400000","0.000000","0.00","0.00","0.00","0.00","0.00","0.00","0.00","Y","N","N2","7/3/2026","52","0-1-09/07/2026-10:33:22-192.168.002.001","","","","","","1","M","9999","M","",""
"1083","13377","000104430000084","1","8/5/2026","8/5/2026","0.00","9999999999.00","P","D","M","20.800000","0.300000","26.700000","0.000000","0.00","0.00","0.00","0.00","0.00","0.00","0.00","Y","N","N2","8/5/2026","51","0-1-10/08/2026-12:01:30-192.168.002.001","","","","","","1","M","9999","M","",""
"1084","13407","000104430000084","1","9/3/2026","9/3/2026","0.00","9999999999.00","P","D","M","21.200000","0.400000","27.100000","0.000000","0.00","0.00","0.00","0.00","0.00","0.00","0.00","Y","N","N2","9/3/2026","52","0-1-10/09/2026-17:36:32-192.168.002.001","","","","","","1","M","9999","M","",""
"1085","11716","000104430000085","1","7/15/2025","7/15/2025","1.00","99999999999999.00","P","D","M","0.000000","0.000000","33.100000","0.000000","0.00","0.00","0.00","0.00","0.00","0.00","0.00","Y","N","","8/8/2025","9999","Request From LOS Module","","","9999","Request From LOS Module","","1","M","9999","M","",""
"1086","12491","000104430000085","1","7/16/2025","7/16/2025","0.00","9999999999.00","P","D","M","25.300000","0.000000","33.100000","0.000000","0.00","0.00","0.00","0.00","0.00","0.00","0.00","Y","N","","7/16/2025","55555","","","","","","","1","M","9999","M","",""
"1087","12492","000104430000085","1","7/23/2025","7/23/2025","0.00","9999999999.00","P","D","M","25.300000","0.000000","33.100000","0.000000","0.00","0.00","0.00","0.00","0.00","0.00","0.00","Y","N","","7/23/2025","55555","","","","","","","1","M","9999","M","",""
"1088","12493","000104430000085","1","9/3/2025","9/3/2025","0.00","9999999999.00","P","D","M","25.300000","0.000000","33.100000","0.000000","0.00","0.00","0.00","0.00","0.00","0.00","0.00","Y","N","","9/3/2025","55555","","","","","","","1","M","9999","M","",""
"1089","12494","000104430000085","1","10/1/2025","10/1/2025","0.00","9999999999.00","P","D","M","25.400000","0.100000","33.200000","0.000000","0.00","0.00","0.00","0.00","0.00","0.00","0.00","Y","N","","10/1/2025","55555","","","","","","","1","M","9999","M","",""
"1090","12495","000104430000085","1","11/1/2025","11/1/2025","0.00","9999999999.00","P","D","M","25.300000","-0.100000","33.100000","0.000000","0.00","0.00","0.00","0.00","0.00","0.00","0.00","Y","N","","11/1/2025","55555","","","","","","","1","M","9999","M","",""
"1091","13069","000104430000085","1","2/4/2026","2/4/2026","0.00","9999999999.00","P","D","M","24.700000","-0.600000","32.500000","0.000000","0.00","0.00","0.00","0.00","0.00","0.00","0.00","N","Y","N2","2/4/2026","51","0-1-05/02/2026-11:13:13-192.168.002.001","","","","","","1","M","9999","M","",""
"1092","13109","000104430000085","1","2/4/2026","2/4/2026","0.00","9999999999.00","P","D","M","24.700000","-0.600000","32.500000","0.000000","0.00","0.00","0.00","0.00","0.00","0.00","0.00","N","Y","N9","2/4/2026","55555","","","","","","","1","M","9999","M","",""
"1093","13140","000104430000085","1","2/26/2026","2/4/2026","0.00","9999999999.00","P","D","M","24.700000","-0.600000","32.500000","0.000000","0.00","0.00","0.00","0.00","0.00","0.00","0.00","Y","N","N3","2/26/2026","9999","","","","","","","1","M","9999","M","",""
"1094","13180","000104430000085","1","3/5/2026","3/5/2026","0.00","9999999999.00","P","D","M","23.700000","-1.000000","31.500000","0.000000","0.00","0.00","0.00","0.00","0.00","0.00","0.00","Y","N","N2","3/5/2026","51","0-1-09/03/2026-14:35:39-192.168.002.001","","","","","","1","M","9999","M","",""
"1095","13210","000104430000085","1","3/9/2026","3/9/2026","0.00","9999999999.00","P","D","M","22.400000","-1.300000","30.200000","0.000000","0.00","0.00","0.00","0.00","0.00","0.00","0.00","Y","N","N2","3/9/2026","51","0-1-10/03/2026-10:28:31-192.168.002.001","","","","","","1","M","9999","M","",""
"1096","13256","000104430000085","1","4/20/2026","4/20/2026","0.00","9999999999.00","P","D","M","20.800000","-1.600000","28.600000","0.000000","0.00","0.00","0.00","0.00","0.00","0.00","0.00","Y","N","N6","4/20/2026","51","0-1-23/04/2026-09:51:19-192.168.002.001","","","","","","1","M","9999","M","",""
"1097","13286","000104430000085","1","5/6/2026","5/6/2026","0.00","9999999999.00","P","D","M","20.600000","-0.200000","28.400000","0.000000","0.00","0.00","0.00","0.00","0.00","0.00","0.00","Y","N","N2","5/6/2026","51","0-1-12/05/2026-08:41:33-192.168.002.001","","","","","","1","M","9999","M","",""
"1098","13319","000104430000085","1","6/3/2026","6/3/2026","0.00","9999999999.00","P","D","M","20.400000","-0.200000","28.200000","0.000000","0.00","0.00","0.00","0.00","0.00","0.00","0.00","Y","N","N2","6/3/2026","51","0-1-12/06/2026-17:50:15-172.016.016.016","","","","","","1","M","9999","M","",""
"1099","13362","000104430000085","1","7/3/2026","7/3/2026","0.00","9999999999.00","P","D","M","20.500000","0.100000","28.300000","0.000000","0.00","0.00","0.00","0.00","0.00","0.00","0.00","Y","N","N2","7/3/2026","52","0-1-09/07/2026-10:33:22-192.168.002.001","","","","","","1","M","9999","M","",""
"1100","13392","000104430000085","1","8/5/2026","8/5/2026","0.00","9999999999.00","P","D","M","20.800000","0.300000","28.600000","0.000000","0.00","0.00","0.00","0.00","0.00","0.00","0.00","Y","N","N2","8/5/2026","51","0-1-10/08/2026-12:01:30-192.168.002.001","","","","","","1","M","9999","M","",""
"1101","13422","000104430000085","1","9/3/2026","9/3/2026","0.00","9999999999.00","P","D","M","21.200000","0.400000","29.000000","0.000000","0.00","0.00","0.00","0.00","0.00","0.00","0.00","Y","N","N2","9/3/2026","52","0-1-10/09/2026-17:36:32-192.168.002.001","","","","","","1","M","9999","M","",""
"1102","11718","000104430000086","1","7/8/2025","7/8/2025","1.00","99999999999999.00","P","D","M","0.000000","0.000000","31.300000","0.000000","0.00","0.00","0.00","0.00","0.00","0.00","0.00","Y","N","","8/27/2025","9999","Request From LOS Module","","","9999","Request From LOS Module","","1","M","9999","M","",""
"1103","12482","000104430000086","1","7/15/2025","7/15/2025","0.00","9999999999.00","P","D","M","25.300000","0.000000","31.300000","0.000000","0.00","0.00","0.00","0.00","0.00","0.00","0.00","Y","N","","7/15/2025","55555","","","","","","","1","M","9999","M","",""
"1104","12483","000104430000086","1","7/16/2025","7/16/2025","0.00","9999999999.00","P","D","M","25.300000","0.000000","31.300000","0.000000","0.00","0.00","0.00","0.00","0.00","0.00","0.00","Y","N","","7/16/2025","55555","","","","","","","1","M","9999","M","",""
"1105","12484","000104430000086","1","7/23/2025","7/23/2025","0.00","9999999999.00","P","D","M","25.300000","0.000000","31.300000","0.000000","0.00","0.00","0.00","0.00","0.00","0.00","0.00","Y","N","","7/23/2025","55555","","","","","","","1","M","9999","M","",""
"1106","12485","000104430000086","1","9/3/2025","9/3/2025","0.00","9999999999.00","P","D","M","25.300000","0.000000","31.300000","0.000000","0.00","0.00","0.00","0.00","0.00","0.00","0.00","Y","N","","9/3/2025","55555","","","","","","","1","M","9999","M","",""
"1107","12486","000104430000086","1","10/1/2025","10/1/2025","0.00","9999999999.00","P","D","M","25.400000","0.100000","31.400000","0.000000","0.00","0.00","0.00","0.00","0.00","0.00","0.00","Y","N","","10/1/2025","55555","","","","","","","1","M","9999","M","",""
"1108","12487","000104430000086","1","11/1/2025","11/1/2025","0.00","9999999999.00","P","D","M","25.300000","-0.100000","31.300000","0.000000","0.00","0.00","0.00","0.00","0.00","0.00","0.00","Y","N","","11/1/2025","55555","","","","","","","1","M","9999","M","",""
"1109","13060","000104430000086","1","2/4/2026","2/4/2026","0.00","9999999999.00","P","D","M","24.700000","-0.600000","30.700000","0.000000","0.00","0.00","0.00","0.00","0.00","0.00","0.00","N","Y","N2","2/4/2026","51","0-1-05/02/2026-11:13:13-192.168.002.001","","","","","","1","M","9999","M","",""
"1110","13100","000104430000086","1","2/4/2026","2/4/2026","0.00","9999999999.00","P","D","M","24.700000","-0.600000","30.700000","0.000000","0.00","0.00","0.00","0.00","0.00","0.00","0.00","N","Y","N9","2/4/2026","55555","","","","","","","1","M","9999","M","",""
"1111","13131","000104430000086","1","2/26/2026","2/4/2026","0.00","9999999999.00","P","D","M","24.700000","-0.600000","30.700000","0.000000","0.00","0.00","0.00","0.00","0.00","0.00","0.00","Y","N","N3","2/26/2026","9999","","","","","","","1","M","9999","M","",""
"1112","13171","000104430000086","1","3/5/2026","3/5/2026","0.00","9999999999.00","P","D","M","23.700000","-1.000000","29.700000","0.000000","0.00","0.00","0.00","0.00","0.00","0.00","0.00","Y","N","N2","3/5/2026","51","0-1-09/03/2026-14:35:39-192.168.002.001","","","","","","1","M","9999","M","",""
"1113","13201","000104430000086","1","3/9/2026","3/9/2026","0.00","9999999999.00","P","D","M","22.400000","-1.300000","28.400000","0.000000","0.00","0.00","0.00","0.00","0.00","0.00","0.00","Y","N","N2","3/9/2026","51","0-1-10/03/2026-10:28:31-192.168.002.001","","","","","","1","M","9999","M","",""
"1114","13247","000104430000086","1","4/20/2026","4/20/2026","0.00","9999999999.00","P","D","M","20.800000","-1.600000","26.800000","0.000000","0.00","0.00","0.00","0.00","0.00","0.00","0.00","Y","N","N6","4/20/2026","51","0-1-23/04/2026-09:51:19-192.168.002.001","","","","","","1","M","9999","M","",""
"1115","13277","000104430000086","1","5/6/2026","5/6/2026","0.00","9999999999.00","P","D","M","20.600000","-0.200000","26.600000","0.000000","0.00","0.00","0.00","0.00","0.00","0.00","0.00","Y","N","N2","5/6/2026","51","0-1-12/05/2026-08:41:33-192.168.002.001","","","","","","1","M","9999","M","",""
"1116","13311","000104430000086","1","6/3/2026","6/3/2026","0.00","9999999999.00","P","D","M","20.400000","-0.200000","26.400000","0.000000","0.00","0.00","0.00","0.00","0.00","0.00","0.00","Y","N","N2","6/3/2026","51","0-1-12/06/2026-17:50:15-172.016.016.016","","","","","","1","M","9999","M","",""
"1117","13354","000104430000086","1","7/3/2026","7/3/2026","0.00","9999999999.00","P","D","M","20.500000","0.100000","26.500000","0.000000","0.00","0.00","0.00","0.00","0.00","0.00","0.00","Y","N","N2","7/3/2026","52","0-1-09/07/2026-10:33:22-192.168.002.001","","","","","","1","M","9999","M","",""
"1118","13384","000104430000086","1","8/5/2026","8/5/2026","0.00","9999999999.00","P","D","M","20.800000","0.300000","26.800000","0.000000","0.00","0.00","0.00","0.00","0.00","0.00","0.00","Y","N","N2","8/5/2026","51","0-1-10/08/2026-12:01:30-192.168.002.001","","","","","","1","M","9999","M","",""
"1119","13414","000104430000086","1","9/3/2026","9/3/2026","0.00","9999999999.00","P","D","M","21.200000","0.400000","27.200000","0.000000","0.00","0.00","0.00","0.00","0.00","0.00","0.00","Y","N","N2","9/3/2026","52","0-1-10/09/2026-17:36:32-192.168.002.001","","","","","","1","M","9999","M","",""
"1120","11757","000104430000087","1","7/23/2025","7/23/2025","1.00","99999999999999.00","P","D","M","0.000000","0.000000","33.300000","0.000000","0.00","0.00","0.00","0.00","0.00","0.00","0.00","Y","N","","9/30/2025","9999","Request From LOS Module","","","9999","Request From LOS Module","","1","M","9999","M","",""
"1121","12488","000104430000087","1","9/3/2025","9/3/2025","0.00","9999999999.00","P","D","M","25.300000","0.000000","33.300000","0.000000","0.00","0.00","0.00","0.00","0.00","0.00","0.00","Y","N","","9/3/2025","55555","","","","","","","1","M","9999","M","",""
"1122","12489","000104430000087","1","10/1/2025","10/1/2025","0.00","9999999999.00","P","D","M","25.400000","0.100000","33.400000","0.000000","0.00","0.00","0.00","0.00","0.00","0.00","0.00","Y","N","","10/1/2025","55555","","","","","","","1","M","9999","M","",""
"1123","12490","000104430000087","1","11/1/2025","11/1/2025","0.00","9999999999.00","P","D","M","25.300000","-0.100000","33.300000","0.000000","0.00","0.00","0.00","0.00","0.00","0.00","0.00","Y","N","","11/1/2025","55555","","","","","","","1","M","9999","M","",""
"1124","13058","000104430000087","1","2/4/2026","2/4/2026","0.00","9999999999.00","P","D","M","24.700000","-0.600000","32.700000","0.000000","0.00","0.00","0.00","0.00","0.00","0.00","0.00","N","Y","N2","2/4/2026","51","0-1-05/02/2026-11:13:13-192.168.002.001","","","","","","1","M","9999","M","",""
"1125","13098","000104430000087","1","2/4/2026","2/4/2026","0.00","9999999999.00","P","D","M","24.700000","-0.600000","32.700000","0.000000","0.00","0.00","0.00","0.00","0.00","0.00","0.00","N","Y","N9","2/4/2026","55555","","","","","","","1","M","9999","M","",""
"1126","13129","000104430000087","1","2/26/2026","2/4/2026","0.00","9999999999.00","P","D","M","24.700000","-0.600000","32.700000","0.000000","0.00","0.00","0.00","0.00","0.00","0.00","0.00","Y","N","N3","2/26/2026","9999","","","","","","","1","M","9999","M","",""
"1127","13169","000104430000087","1","3/5/2026","3/5/2026","0.00","9999999999.00","P","D","M","23.700000","-1.000000","31.700000","0.000000","0.00","0.00","0.00","0.00","0.00","0.00","0.00","Y","N","N2","3/5/2026","51","0-1-09/03/2026-14:35:39-192.168.002.001","","","","","","1","M","9999","M","",""
"1128","13199","000104430000087","1","3/9/2026","3/9/2026","0.00","9999999999.00","P","D","M","22.400000","-1.300000","30.400000","0.000000","0.00","0.00","0.00","0.00","0.00","0.00","0.00","Y","N","N2","3/9/2026","51","0-1-10/03/2026-10:28:31-192.168.002.001","","","","","","1","M","9999","M","",""
"1129","13245","000104430000087","1","4/20/2026","4/20/2026","0.00","9999999999.00","P","D","M","20.800000","-1.600000","28.800000","0.000000","0.00","0.00","0.00","0.00","0.00","0.00","0.00","Y","N","N6","4/20/2026","51","0-1-23/04/2026-09:51:19-192.168.002.001","","","","","","1","M","9999","M","",""
"1130","13275","000104430000087","1","5/6/2026","5/6/2026","0.00","9999999999.00","P","D","M","20.600000","-0.200000","28.600000","0.000000","0.00","0.00","0.00","0.00","0.00","0.00","0.00","Y","N","N2","5/6/2026","51","0-1-12/05/2026-08:41:33-192.168.002.001","","","","","","1","M","9999","M","",""
"1131","13309","000104430000087","1","6/3/2026","6/3/2026","0.00","9999999999.00","P","D","M","20.400000","-0.200000","28.400000","0.000000","0.00","0.00","0.00","0.00","0.00","0.00","0.00","Y","N","N2","6/3/2026","51","0-1-12/06/2026-17:50:15-172.016.016.016","","","","","","1","M","9999","M","",""
"1132","13352","000104430000087","1","7/3/2026","7/3/2026","0.00","9999999999.00","P","D","M","20.500000","0.100000","28.500000","0.000000","0.00","0.00","0.00","0.00","0.00","0.00","0.00","Y","N","N2","7/3/2026","52","0-1-09/07/2026-10:33:22-192.168.002.001","","","","","","1","M","9999","M","",""
"1133","13382","000104430000087","1","8/5/2026","8/5/2026","0.00","9999999999.00","P","D","M","20.800000","0.300000","28.800000","0.000000","0.00","0.00","0.00","0.00","0.00","0.00","0.00","Y","N","N2","8/5/2026","51","0-1-10/08/2026-12:01:30-192.168.002.001","","","","","","1","M","9999","M","",""
"1134","13412","000104430000087","1","9/3/2026","9/3/2026","0.00","9999999999.00","P","D","M","21.200000","0.400000","29.200000","0.000000","0.00","0.00","0.00","0.00","0.00","0.00","0.00","Y","N","N2","9/3/2026","52","0-1-10/09/2026-17:36:32-192.168.002.001","","","","","","1","M","9999","M","",""
"1135","11759","000104430000088","1","10/29/2025","10/29/2025","1.00","99999999999999.00","P","D","M","0.000000","0.000000","32.000000","0.000000","0.00","0.00","0.00","0.00","0.00","0.00","0.00","Y","N","","10/29/2025","9999","Request From LOS Module","","","9999","Request From LOS Module","","1","M","9999","M","",""
"1136","13059","000104430000088","1","2/4/2026","2/4/2026","0.00","9999999999.00","P","D","M","24.700000","-0.600000","31.400000","0.000000","0.00","0.00","0.00","0.00","0.00","0.00","0.00","N","Y","N2","2/4/2026","51","0-1-05/02/2026-11:13:13-192.168.002.001","","","","","","1","M","9999","M","",""
"1137","13099","000104430000088","1","2/4/2026","2/4/2026","0.00","9999999999.00","P","D","M","24.700000","-0.600000","31.400000","0.000000","0.00","0.00","0.00","0.00","0.00","0.00","0.00","N","Y","N9","2/4/2026","55555","","","","","","","1","M","9999","M","",""
"1138","13130","000104430000088","1","2/26/2026","2/4/2026","0.00","9999999999.00","P","D","M","24.700000","-0.600000","31.400000","0.000000","0.00","0.00","0.00","0.00","0.00","0.00","0.00","Y","N","N3","2/26/2026","9999","","","","","","","1","M","9999","M","",""
"1139","13170","000104430000088","1","3/5/2026","3/5/2026","0.00","9999999999.00","P","D","M","23.700000","-1.000000","30.400000","0.000000","0.00","0.00","0.00","0.00","0.00","0.00","0.00","Y","N","N2","3/5/2026","51","0-1-09/03/2026-14:35:39-192.168.002.001","","","","","","1","M","9999","M","",""
"1140","13200","000104430000088","1","3/9/2026","3/9/2026","0.00","9999999999.00","P","D","M","22.400000","-1.300000","29.100000","0.000000","0.00","0.00","0.00","0.00","0.00","0.00","0.00","Y","N","N2","3/9/2026","51","0-1-10/03/2026-10:28:31-192.168.002.001","","","","","","1","M","9999","M","",""
"1141","13246","000104430000088","1","4/20/2026","4/20/2026","0.00","9999999999.00","P","D","M","20.800000","-1.600000","27.500000","0.000000","0.00","0.00","0.00","0.00","0.00","0.00","0.00","Y","N","N6","4/20/2026","51","0-1-23/04/2026-09:51:19-192.168.002.001","","","","","","1","M","9999","M","",""
"1142","13276","000104430000088","1","5/6/2026","5/6/2026","0.00","9999999999.00","P","D","M","20.600000","-0.200000","27.300000","0.000000","0.00","0.00","0.00","0.00","0.00","0.00","0.00","Y","N","N2","5/6/2026","51","0-1-12/05/2026-08:41:33-192.168.002.001","","","","","","1","M","9999","M","",""
"1143","13310","000104430000088","1","6/3/2026","6/3/2026","0.00","9999999999.00","P","D","M","20.400000","-0.200000","27.100000","0.000000","0.00","0.00","0.00","0.00","0.00","0.00","0.00","Y","N","N2","6/3/2026","51","0-1-12/06/2026-17:50:15-172.016.016.016","","","","","","1","M","9999","M","",""
"1144","13353","000104430000088","1","7/3/2026","7/3/2026","0.00","9999999999.00","P","D","M","20.500000","0.100000","27.200000","0.000000","0.00","0.00","0.00","0.00","0.00","0.00","0.00","Y","N","N2","7/3/2026","52","0-1-09/07/2026-10:33:22-192.168.002.001","","","","","","1","M","9999","M","",""
"1145","13383","000104430000088","1","8/5/2026","8/5/2026","0.00","9999999999.00","P","D","M","20.800000","0.300000","27.500000","0.000000","0.00","0.00","0.00","0.00","0.00","0.00","0.00","Y","N","N2","8/5/2026","51","0-1-10/08/2026-12:01:30-192.168.002.001","","","","","","1","M","9999","M","",""
"1146","13413","000104430000088","1","9/3/2026","9/3/2026","0.00","9999999999.00","P","D","M","21.200000","0.400000","27.900000","0.000000","0.00","0.00","0.00","0.00","0.00","0.00","0.00","Y","N","N2","9/3/2026","52","0-1-10/09/2026-17:36:32-192.168.002.001","","","","","","1","M","9999","M","",""
"1147","11760","000104430000089","1","6/16/2025","6/16/2025","1.00","99999999999999.00","P","D","M","0.000000","0.000000","32.100000","0.000000","0.00","0.00","0.00","0.00","0.00","0.00","0.00","Y","N","","10/30/2025","9999","Request From LOS Module","","","9999","Request From LOS Module","","1","M","9999","M","",""
"1148","12475","000104430000089","1","7/8/2025","7/8/2025","0.00","9999999999.00","P","D","M","25.300000","0.200000","32.300000","0.000000","0.00","0.00","0.00","0.00","0.00","0.00","0.00","Y","N","","7/8/2025","55555","","","","","","","1","M","9999","M","",""
"1149","12476","000104430000089","1","7/15/2025","7/15/2025","0.00","9999999999.00","P","D","M","25.300000","0.000000","32.300000","0.000000","0.00","0.00","0.00","0.00","0.00","0.00","0.00","Y","N","","7/15/2025","55555","","","","","","","1","M","9999","M","",""
"1150","12477","000104430000089","1","7/16/2025","7/16/2025","0.00","9999999999.00","P","D","M","25.300000","0.000000","32.300000","0.000000","0.00","0.00","0.00","0.00","0.00","0.00","0.00","Y","N","","7/16/2025","55555","","","","","","","1","M","9999","M","",""
"1151","12478","000104430000089","1","7/23/2025","7/23/2025","0.00","9999999999.00","P","D","M","25.300000","0.000000","32.300000","0.000000","0.00","0.00","0.00","0.00","0.00","0.00","0.00","Y","N","","7/23/2025","55555","","","","","","","1","M","9999","M","",""
"1152","12479","000104430000089","1","9/3/2025","9/3/2025","0.00","9999999999.00","P","D","M","25.300000","0.000000","32.300000","0.000000","0.00","0.00","0.00","0.00","0.00","0.00","0.00","Y","N","","9/3/2025","55555","","","","","","","1","M","9999","M","",""
"1153","12480","000104430000089","1","10/1/2025","10/1/2025","0.00","9999999999.00","P","D","M","25.400000","0.100000","32.400000","0.000000","0.00","0.00","0.00","0.00","0.00","0.00","0.00","Y","N","","10/1/2025","55555","","","","","","","1","M","9999","M","",""
"1154","12481","000104430000089","1","11/1/2025","11/1/2025","0.00","9999999999.00","P","D","M","25.300000","-0.100000","32.300000","0.000000","0.00","0.00","0.00","0.00","0.00","0.00","0.00","Y","N","","11/1/2025","55555","","","","","","","1","M","9999","M","",""
"1155","13054","000104430000089","1","2/4/2026","2/4/2026","0.00","9999999999.00","P","D","M","24.700000","-0.600000","31.700000","0.000000","0.00","0.00","0.00","0.00","0.00","0.00","0.00","N","Y","N2","2/4/2026","51","0-1-05/02/2026-11:13:13-192.168.002.001","","","","","","1","M","9999","M","",""
"1156","13094","000104430000089","1","2/4/2026","2/4/2026","0.00","9999999999.00","P","D","M","24.700000","-0.600000","31.700000","0.000000","0.00","0.00","0.00","0.00","0.00","0.00","0.00","N","Y","N9","2/4/2026","55555","","","","","","","1","M","9999","M","",""
"1157","13125","000104430000089","1","2/26/2026","2/4/2026","0.00","9999999999.00","P","D","M","24.700000","-0.600000","31.700000","0.000000","0.00","0.00","0.00","0.00","0.00","0.00","0.00","Y","N","N3","2/26/2026","9999","","","","","","","1","M","9999","M","",""
"1158","13165","000104430000089","1","3/5/2026","3/5/2026","0.00","9999999999.00","P","D","M","23.700000","-1.000000","30.700000","0.000000","0.00","0.00","0.00","0.00","0.00","0.00","0.00","Y","N","N2","3/5/2026","51","0-1-09/03/2026-14:35:39-192.168.002.001","","","","","","1","M","9999","M","",""
"1159","13195","000104430000089","1","3/9/2026","3/9/2026","0.00","9999999999.00","P","D","M","22.400000","-1.300000","29.400000","0.000000","0.00","0.00","0.00","0.00","0.00","0.00","0.00","Y","N","N2","3/9/2026","51","0-1-10/03/2026-10:28:31-192.168.002.001","","","","","","1","M","9999","M","",""
"1160","13241","000104430000089","1","4/20/2026","4/20/2026","0.00","9999999999.00","P","D","M","20.800000","-1.600000","27.800000","0.000000","0.00","0.00","0.00","0.00","0.00","0.00","0.00","Y","N","N6","4/20/2026","51","0-1-23/04/2026-09:51:19-192.168.002.001","","","","","","1","M","9999","M","",""
"1161","13271","000104430000089","1","5/6/2026","5/6/2026","0.00","9999999999.00","P","D","M","20.600000","-0.200000","27.600000","0.000000","0.00","0.00","0.00","0.00","0.00","0.00","0.00","Y","N","N2","5/6/2026","51","0-1-12/05/2026-08:41:33-192.168.002.001","","","","","","1","M","9999","M","",""
"1162","13305","000104430000089","1","6/3/2026","6/3/2026","0.00","9999999999.00","P","D","M","20.400000","-0.200000","27.400000","0.000000","0.00","0.00","0.00","0.00","0.00","0.00","0.00","Y","N","N2","6/3/2026","51","0-1-12/06/2026-17:50:15-172.016.016.016","","","","","","1","M","9999","M","",""
"1163","13348","000104430000089","1","7/3/2026","7/3/2026","0.00","9999999999.00","P","D","M","20.500000","0.100000","27.500000","0.000000","0.00","0.00","0.00","0.00","0.00","0.00","0.00","Y","N","N2","7/3/2026","52","0-1-09/07/2026-10:33:22-192.168.002.001","","","","","","1","M","9999","M","",""
"1164","13378","000104430000089","1","8/5/2026","8/5/2026","0.00","9999999999.00","P","D","M","20.800000","0.300000","27.800000","0.000000","0.00","0.00","0.00","0.00","0.00","0.00","0.00","Y","N","N2","8/5/2026","51","0-1-10/08/2026-12:01:30-192.168.002.001","","","","","","1","M","9999","M","",""
"1165","13408","000104430000089","1","9/3/2026","9/3/2026","0.00","9999999999.00","P","D","M","21.200000","0.400000","28.200000","0.000000","0.00","0.00","0.00","0.00","0.00","0.00","0.00","Y","N","N2","9/3/2026","52","0-1-10/09/2026-17:36:32-192.168.002.001","","","","","","1","M","9999","M","",""
"1166","2025","000104440000005","1","10/1/2024","10/1/2024","1.00","99999999999999.00","S","D","M","0.000000","0.000000","19.000000","0.000000","3.00","3.00","0.00","0.00","0.00","0.00","0.00","Y","N","","10/1/2024","9999","Request From LOS Module","","","9999","Request From LOS Module","","1","M","9999","M","",""
"1167","2029","000104440000006","1","10/1/2024","10/1/2024","1.00","99999999999999.00","S","D","M","0.000000","0.000000","24.000000","0.000000","3.00","3.00","0.00","0.00","0.00","0.00","0.00","Y","N","","10/1/2024","9999","Request From LOS Module","","","9999","Request From LOS Module","","1","M","9999","M","",""
"1168","2063","000104440000007","1","11/18/2024","11/18/2024","0.00","1E21","S","D","M","0.000000","0.000000","19.000000","0.000000","3.00","3.00","0.00","0.00","0.00","0.00","0.00","Y","Y","N2","11/18/2024","9997","0-1-20/11/2024-17:10:08-192.167.001.040","9999","0-1-20/11/2024-17:22:24-192.167.001.040","9999","0-1-20/11/2024-17:22:24-192.167.001.040","","1","M","9999","M","",""
"1169","2064","000104440000008","1","11/18/2024","11/18/2024","0.00","1E21","S","D","M","0.000000","0.000000","19.000000","0.000000","3.00","3.00","0.00","0.00","0.00","0.00","0.00","Y","Y","N3","11/18/2024","9998","0-1-20/11/2024-17:29:11-192.167.001.156","16","0-1-25/11/2024-15:13:06-172.016.001.015","16","0-1-25/11/2024-15:13:06-172.016.001.015","","1","M","9999","M","",""
"1170","343","000104450000012","1","3/28/2024","3/28/2024","0.00","1E21","S","D","M","0.000000","0.000000","10.000000","0.000000","0.00","0.00","0.00","0.00","0.00","0.00","0.00","Y","N","N91","3/28/2024","9999","0-1-03/04/2024-14:53:54-192.167.001.214","","","101","0-1-03/04/2024-16:51:27-192.167.001.031","","1","M","9999","M","",""
"1171","344","000104450000013","1","3/28/2024","3/28/2024","0.00","1E21","S","D","M","0.000000","0.000000","10.000000","0.000000","0.00","0.00","0.00","0.00","0.00","0.00","0.00","Y","N","N92","3/28/2024","9999","0-1-03/04/2024-14:56:51-192.167.001.214","","","9998","0-1-04/04/2024-09:12:25-192.167.001.031","","1","M","9999","M","",""
"1172","345","000104450000015","1","3/28/2024","3/28/2024","0.00","1E21","S","D","M","0.000000","0.000000","10.000000","0.000000","0.00","0.00","0.00","0.00","0.00","0.00","0.00","Y","N","N93","3/28/2024","9999","0-1-03/04/2024-15:05:25-192.167.001.214","","","101","0-1-03/04/2024-16:37:56-192.167.001.031","","1","M","9999","M","",""
"1173","346","000104450000016","1","3/28/2024","3/28/2024","0.00","1E21","S","D","M","0.000000","0.000000","10.000000","0.000000","0.00","0.00","0.00","0.00","0.00","0.00","0.00","Y","N","N94","3/28/2024","9999","0-1-03/04/2024-15:08:00-192.167.001.214","","","101","0-1-03/04/2024-16:50:48-192.167.001.031","","1","M","9999","M","",""
"1174","347","000104450000018","1","3/28/2024","3/28/2024","0.00","1E21","S","D","M","0.000000","0.000000","10.000000","0.000000","0.00","0.00","0.00","0.00","0.00","0.00","0.00","Y","N","N95","3/28/2024","9999","0-1-03/04/2024-15:09:56-192.167.001.214","","","101","0-1-03/04/2024-16:37:12-192.167.001.031","","1","M","9999","M","",""
"1175","348","000104450000020","1","3/28/2024","3/28/2024","0.00","1E21","S","D","M","0.000000","0.000000","10.000000","0.000000","0.00","0.00","0.00","0.00","0.00","0.00","0.00","Y","N","N96","3/28/2024","9999","0-1-03/04/2024-15:11:55-192.167.001.214","","","101","0-1-03/04/2024-16:36:28-192.167.001.031","","1","M","9999","M","",""
"1176","349","000104450000022","1","3/28/2024","3/28/2024","0.00","1E21","S","D","M","0.000000","0.000000","10.000000","0.000000","0.00","0.00","0.00","0.00","0.00","0.00","0.00","Y","N","N97","3/28/2024","9999","0-1-03/04/2024-15:14:02-192.167.001.214","","","101","0-1-03/04/2024-16:50:31-192.167.001.031","","1","M","9999","M","",""
"1177","350","000104450000023","1","3/28/2024","3/28/2024","0.00","1E21","S","D","M","0.000000","0.000000","10.000000","0.000000","0.00","0.00","0.00","0.00","0.00","0.00","0.00","Y","N","N100","3/28/2024","9999","0-1-03/04/2024-15:18:56-192.167.001.214","","","101","0-1-03/04/2024-16:31:21-192.167.001.031","","1","M","9999","M","",""
"1178","351","000104450000025","1","3/28/2024","3/28/2024","0.00","1E21","S","D","M","0.000000","0.000000","10.000000","0.000000","0.00","0.00","0.00","0.00","0.00","0.00","0.00","Y","N","N101","3/28/2024","9999","0-1-03/04/2024-15:20:49-192.167.001.214","","","101","0-1-03/04/2024-16:31:44-192.167.001.031","","1","M","9999","M","",""
"1179","352","000104450000026","1","3/28/2024","3/28/2024","0.00","1E21","S","D","M","0.000000","0.000000","10.000000","0.000000","0.00","0.00","0.00","0.00","0.00","0.00","0.00","Y","N","N102","3/28/2024","9999","0-1-03/04/2024-15:22:27-192.167.001.214","","","101","0-1-03/04/2024-16:41:21-192.167.001.031","","1","M","9999","M","",""
"1180","353","000104450000027","1","3/28/2024","3/28/2024","0.00","1E21","S","D","M","0.000000","0.000000","10.000000","0.000000","0.00","0.00","0.00","0.00","0.00","0.00","0.00","Y","N","N103","3/28/2024","9999","0-1-03/04/2024-15:24:43-192.167.001.214","","","101","0-1-03/04/2024-16:39:29-192.167.001.031","","1","M","9999","M","",""
"1181","354","000104450000028","1","3/28/2024","3/28/2024","0.00","1E21","S","D","M","0.000000","0.000000","10.000000","0.000000","0.00","0.00","0.00","0.00","0.00","0.00","0.00","Y","N","N104","3/28/2024","9999","0-1-03/04/2024-15:31:52-192.167.001.214","","","101","0-1-03/04/2024-16:50:15-192.167.001.031","","1","M","9999","M","",""
"1182","355","000104450000030","1","3/28/2024","3/28/2024","0.00","1E21","S","D","M","0.000000","0.000000","10.000000","0.000000","0.00","0.00","0.00","0.00","0.00","0.00","0.00","Y","N","N105","3/28/2024","9999","0-1-03/04/2024-15:34:23-192.167.001.214","","","101","0-1-03/04/2024-16:35:43-192.167.001.031","","1","M","9999","M","",""
"1183","356","000104450000033","1","3/28/2024","3/28/2024","0.00","1E21","S","D","M","0.000000","0.000000","10.000000","0.000000","0.00","0.00","0.00","0.00","0.00","0.00","0.00","Y","N","N106","3/28/2024","9999","0-1-03/04/2024-15:36:10-192.167.001.214","","","101","0-1-03/04/2024-16:49:57-192.167.001.031","","1","M","9999","M","",""
"1184","357","000104450000034","1","3/28/2024","3/28/2024","0.00","1E21","S","D","M","0.000000","0.000000","10.000000","0.000000","0.00","0.00","0.00","0.00","0.00","0.00","0.00","Y","N","N107","3/28/2024","9999","0-1-03/04/2024-15:38:02-192.167.001.214","","","101","0-1-03/04/2024-16:34:07-192.167.001.031","","1","M","9999","M","",""
"1185","358","000104450000035","1","3/28/2024","3/28/2024","0.00","1E21","S","D","M","0.000000","0.000000","10.000000","0.000000","0.00","0.00","0.00","0.00","0.00","0.00","0.00","Y","N","N108","3/28/2024","9999","0-1-03/04/2024-15:39:40-192.167.001.214","","","101","0-1-03/04/2024-16:39:08-192.167.001.031","","1","M","9999","M","",""
"1186","359","000104450000036","1","3/28/2024","3/28/2024","0.00","1E21","S","D","M","0.000000","0.000000","10.000000","0.000000","0.00","0.00","0.00","0.00","0.00","0.00","0.00","Y","N","N109","3/28/2024","9999","0-1-03/04/2024-15:50:04-192.167.001.214","","","101","0-1-03/04/2024-16:38:36-192.167.001.031","","1","M","9999","M","",""
"1187","360","000104450000037","1","3/28/2024","3/28/2024","0.00","1E21","S","D","M","0.000000","0.000000","10.000000","0.000000","0.00","0.00","0.00","0.00","0.00","0.00","0.00","Y","N","N110","3/28/2024","9999","0-1-03/04/2024-15:55:58-192.167.001.214","","","101","0-1-03/04/2024-16:40:53-192.167.001.031","","1","M","9999","M","",""
"1188","361","000104450000038","1","3/28/2024","3/28/2024","0.00","1E21","S","D","M","0.000000","0.000000","10.000000","0.000000","0.00","0.00","0.00","0.00","0.00","0.00","0.00","Y","N","N111","3/28/2024","9999","0-1-03/04/2024-15:58:04-192.167.001.214","","","101","0-1-03/04/2024-16:49:39-192.167.001.031","","1","M","9999","M","",""
"1189","362","000104450000039","1","3/28/2024","3/28/2024","0.00","1E21","S","D","M","0.000000","0.000000","10.000000","0.000000","0.00","0.00","0.00","0.00","0.00","0.00","0.00","Y","N","N112","3/28/2024","9999","0-1-03/04/2024-15:59:58-192.167.001.214","","","101","0-1-03/04/2024-16:49:22-192.167.001.031","","1","M","9999","M","",""
"1190","363","000104450000041","1","3/28/2024","3/28/2024","0.00","1E21","S","D","M","0.000000","0.000000","10.000000","0.000000","0.00","0.00","0.00","0.00","0.00","0.00","0.00","Y","N","N115","3/28/2024","9999","0-1-03/04/2024-16:01:45-192.167.001.214","","","101","0-1-03/04/2024-16:35:11-192.167.001.031","","1","M","9999","M","",""
"1191","364","000104450000042","1","3/28/2024","3/28/2024","0.00","1E21","S","D","M","0.000000","0.000000","10.000000","0.000000","0.00","0.00","0.00","0.00","0.00","0.00","0.00","Y","N","N116","3/28/2024","9999","0-1-03/04/2024-16:03:17-192.167.001.214","","","101","0-1-03/04/2024-16:49:06-192.167.001.031","","1","M","9999","M","",""
"1192","365","000104450000045","1","3/28/2024","3/28/2024","0.00","1E21","S","D","M","0.000000","0.000000","10.000000","0.000000","0.00","0.00","0.00","0.00","0.00","0.00","0.00","Y","N","N117","3/28/2024","9999","0-1-03/04/2024-16:04:43-192.167.001.214","","","101","0-1-03/04/2024-16:48:46-192.167.001.031","","1","M","9999","M","",""
"1193","366","000104450000046","1","3/28/2024","3/28/2024","0.00","1E21","S","D","M","0.000000","0.000000","10.000000","0.000000","0.00","0.00","0.00","0.00","0.00","0.00","0.00","Y","N","N118","3/28/2024","9999","0-1-03/04/2024-16:06:12-192.167.001.214","","","101","0-1-03/04/2024-16:48:13-192.167.001.031","","1","M","9999","M","",""
"1194","367","000104450000047","1","3/28/2024","3/28/2024","0.00","1E21","S","D","M","0.000000","0.000000","10.000000","0.000000","0.00","0.00","0.00","0.00","0.00","0.00","0.00","Y","N","N119","3/28/2024","9999","0-1-03/04/2024-16:07:36-192.167.001.214","","","101","0-1-03/04/2024-16:47:51-192.167.001.031","","1","M","9999","M","",""
"1195","368","000104450000048","1","3/28/2024","3/28/2024","0.00","1E21","S","D","M","0.000000","0.000000","10.000000","0.000000","0.00","0.00","0.00","0.00","0.00","0.00","0.00","Y","N","N120","3/28/2024","9999","0-1-03/04/2024-16:08:49-192.167.001.214","","","101","0-1-03/04/2024-16:34:37-192.167.001.031","","1","M","9999","M","",""
"1196","369","000104450000049","1","3/28/2024","3/28/2024","0.00","1E21","S","D","M","0.000000","0.000000","10.000000","0.000000","0.00","0.00","0.00","0.00","0.00","0.00","0.00","Y","N","N121","3/28/2024","9999","0-1-03/04/2024-16:10:12-192.167.001.214","","","101","0-1-03/04/2024-16:47:29-192.167.001.031","","1","M","9999","M","",""
"1197","370","000104450000050","1","3/28/2024","3/28/2024","0.00","1E21","S","D","M","0.000000","0.000000","10.000000","0.000000","0.00","0.00","0.00","0.00","0.00","0.00","0.00","Y","N","N122","3/28/2024","9999","0-1-03/04/2024-16:11:40-192.167.001.214","","","101","0-1-03/04/2024-16:47:06-192.167.001.031","","1","M","9999","M","",""
"1198","371","000104450000051","1","3/28/2024","3/28/2024","0.00","1E21","S","D","M","0.000000","0.000000","10.000000","0.000000","0.00","0.00","0.00","0.00","0.00","0.00","0.00","Y","N","N123","3/28/2024","9999","0-1-03/04/2024-16:16:13-192.167.001.214","","","101","0-1-03/04/2024-16:46:00-192.167.001.031","","1","M","9999","M","",""
"1199","372","000104450000053","1","3/28/2024","3/28/2024","0.00","1E21","S","D","M","0.000000","0.000000","10.000000","0.000000","0.00","0.00","0.00","0.00","0.00","0.00","0.00","Y","N","N124","3/28/2024","9999","0-1-03/04/2024-16:19:19-192.167.001.214","","","101","0-1-03/04/2024-16:45:28-192.167.001.031","","1","M","9999","M","",""
"1200","373","000104450000056","1","3/28/2024","3/28/2024","0.00","1E21","S","D","M","0.000000","0.000000","10.000000","0.000000","0.00","0.00","0.00","0.00","0.00","0.00","0.00","Y","N","N125","3/28/2024","9999","0-1-03/04/2024-16:21:10-192.167.001.214","","","101","0-1-03/04/2024-16:44:12-192.167.001.031","","1","M","9999","M","",""
"1201","374","000104450000057","1","3/28/2024","3/28/2024","0.00","1E21","S","D","M","0.000000","0.000000","10.000000","0.000000","0.00","0.00","0.00","0.00","0.00","0.00","0.00","Y","N","N126","3/28/2024","9999","0-1-03/04/2024-16:22:25-192.167.001.214","","","101","0-1-03/04/2024-16:40:33-192.167.001.031","","1","M","9999","M","",""
"1202","483","000104450000060","1","3/28/2024","3/28/2024","0.00","1E21","S","D","M","0.000000","0.000000","10.000000","0.000000","0.00","0.00","0.00","0.00","0.00","0.00","0.00","Y","N","N236","3/28/2024","101","0-1-04/04/2024-10:44:01-192.167.001.031","","","9997","0-1-04/04/2024-11:17:34-192.167.001.031","","1","M","9999","M","",""
"1203","375","000104450000063","1","3/28/2024","3/28/2024","0.00","1E21","S","D","M","0.000000","0.000000","10.000000","0.000000","0.00","0.00","0.00","0.00","0.00","0.00","0.00","Y","N","N127","3/28/2024","9999","0-1-03/04/2024-16:23:49-192.167.001.214","","","101","0-1-03/04/2024-16:40:11-192.167.001.031","","1","M","9999","M","",""
"1204","376","000104450000067","1","3/28/2024","3/28/2024","0.00","1E21","S","D","M","0.000000","0.000000","10.000000","0.000000","0.00","0.00","0.00","0.00","0.00","0.00","0.00","Y","N","N128","3/28/2024","9999","0-1-03/04/2024-16:25:10-192.167.001.214","","","101","0-1-03/04/2024-16:43:50-192.167.001.031","","1","M","9999","M","",""
"1205","484","000104450000068","1","3/28/2024","3/28/2024","0.00","1E21","S","D","M","0.000000","0.000000","10.000000","0.000000","0.00","0.00","0.00","0.00","0.00","0.00","0.00","Y","N","N237","3/28/2024","101","0-1-04/04/2024-10:47:20-192.167.001.031","","","9997","0-1-04/04/2024-11:15:42-192.167.001.031","","1","M","9999","M","",""
"1206","377","000104450000069","1","3/28/2024","3/28/2024","0.00","1E21","S","D","M","0.000000","0.000000","10.000000","0.000000","0.00","0.00","0.00","0.00","0.00","0.00","0.00","Y","N","N129","3/28/2024","9999","0-1-03/04/2024-16:29:36-192.167.001.214","","","101","0-1-03/04/2024-16:43:30-192.167.001.031","","1","M","9999","M","",""
"1207","378","000104450000072","1","3/28/2024","3/28/2024","0.00","1E21","S","D","M","0.000000","0.000000","10.000000","0.000000","0.00","0.00","0.00","0.00","0.00","0.00","0.00","Y","N","N130","3/28/2024","9999","0-1-03/04/2024-16:30:50-192.167.001.214","","","101","0-1-03/04/2024-16:42:50-192.167.001.031","","1","M","9999","M","",""
"1208","379","000104450000074","1","3/28/2024","3/28/2024","0.00","1E21","S","D","M","0.000000","0.000000","10.000000","0.000000","0.00","0.00","0.00","0.00","0.00","0.00","0.00","Y","N","N131","3/28/2024","9999","0-1-03/04/2024-16:34:13-192.167.001.214","","","101","0-1-03/04/2024-16:42:28-192.167.001.031","","1","M","9999","M","",""
"1209","486","000104450000076","1","3/28/2024","3/28/2024","0.00","1E21","S","D","M","0.000000","0.000000","10.000000","0.000000","0.00","0.00","0.00","0.00","0.00","0.00","0.00","Y","N","N239","3/28/2024","101","0-1-04/04/2024-10:52:40-192.167.001.031","","","9997","0-1-04/04/2024-11:17:01-192.167.001.031","","1","M","9999","M","",""
"1210","487","000104450000077","1","3/28/2024","3/28/2024","0.00","1E21","S","D","M","0.000000","0.000000","10.000000","0.000000","0.00","0.00","0.00","0.00","0.00","0.00","0.00","Y","N","N241","3/28/2024","101","0-1-04/04/2024-11:00:52-192.167.001.031","","","9997","0-1-04/04/2024-11:18:11-192.167.001.031","","1","M","9999","M","",""
"1211","380","000104450000082","1","3/28/2024","3/28/2024","0.00","1E21","S","D","M","0.000000","0.000000","10.000000","0.000000","0.00","0.00","0.00","0.00","0.00","0.00","0.00","Y","N","N132","3/28/2024","9999","0-1-03/04/2024-16:36:37-192.167.001.214","","","101","0-1-03/04/2024-16:42:06-192.167.001.031","","1","M","9999","M","",""
"1212","381","000104450000084","1","3/28/2024","3/28/2024","0.00","1E21","S","D","M","0.000000","0.000000","10.000000","0.000000","0.00","0.00","0.00","0.00","0.00","0.00","0.00","Y","N","N133","3/28/2024","9999","0-1-03/04/2024-16:39:22-192.167.001.214","","","101","0-1-03/04/2024-16:39:50-192.167.001.031","","1","M","9999","M","",""
"1213","382","000104450000085","1","3/28/2024","3/28/2024","0.00","1E21","S","D","M","0.000000","0.000000","10.000000","0.000000","0.00","0.00","0.00","0.00","0.00","0.00","0.00","Y","N","N134","3/28/2024","9999","0-1-03/04/2024-16:41:05-192.167.001.214","","","101","0-1-03/04/2024-16:41:43-192.167.001.031","","1","M","9999","M","",""
"1214","383","000104450000086","1","3/28/2024","3/28/2024","0.00","1E21","S","D","M","0.000000","0.000000","10.000000","0.000000","0.00","0.00","0.00","0.00","0.00","0.00","0.00","Y","N","N135","3/28/2024","9999","0-1-03/04/2024-16:42:48-192.167.001.214","","","101","0-1-03/04/2024-16:43:11-192.167.001.031","","1","M","9999","M","",""
"1215","490","000104450000090","1","3/31/2024","3/31/2024","0.00","1E21","S","D","M","0.000000","0.000000","10.000000","0.000000","0.00","0.00","0.00","0.00","0.00","0.00","0.00","Y","N","N103","3/31/2024","9998","0-1-08/04/2024-16:51:14-192.167.001.213","","","9999","0-1-08/04/2024-16:54:12-192.167.001.213","","1","M","9999","M","",""
"1216","384","000104450000091","1","3/28/2024","3/28/2024","0.00","1E21","S","D","M","0.000000","0.000000","10.000000","0.000000","0.00","0.00","0.00","0.00","0.00","0.00","0.00","Y","N","N136","3/28/2024","9999","0-1-03/04/2024-16:43:59-192.167.001.214","","","101","0-1-03/04/2024-16:44:43-192.167.001.031","","1","M","9999","M","",""
"1217","1276","000104450000095","1","4/30/2024","4/30/2024","0.00","1E21","S","D","M","0.000000","0.000000","10.000000","0.000000","0.00","0.00","0.00","0.00","0.00","0.00","0.00","Y","N","N22","4/30/2024","9998","0-1-15/05/2024-12:19:07-192.167.001.217","","","101","0-1-15/05/2024-12:22:14-192.167.001.217","","1","M","9999","M","",""
"1218","2026","000104450000096","1","10/1/2024","10/1/2024","1.00","99999999999999.00","S","D","M","0.000000","0.000000","10.000000","0.000000","3.00","3.00","0.00","0.00","0.00","0.00","0.00","Y","N","","10/1/2024","9999","Request From LOS Module","","","9999","Request From LOS Module","","1","M","9999","M","",""
"1219","2030","000104450000097","1","10/1/2024","10/1/2024","1.00","99999999999999.00","S","D","M","0.000000","0.000000","15.000000","0.000000","3.00","3.00","0.00","0.00","0.00","0.00","0.00","Y","N","","10/1/2024","9999","Request From LOS Module","","","9999","Request From LOS Module","","1","M","9999","M","",""
"1220","13395","000104450000098","1","8/19/2026","8/19/2026","1.00","99999999999999.00","S","D","M","0.000000","0.000000","10.000000","0.000000","3.00","3.00","0.00","0.00","0.00","0.00","0.00","Y","N","","8/19/2026","9999","Request From LOS Module","","","9999","Request From LOS Module","","1","M","9999","M","",""
"1221","385","000104460000014","1","3/28/2024","3/28/2024","0.00","1E21","S","D","M","0.000000","0.000000","10.000000","0.000000","0.00","0.00","0.00","0.00","0.00","0.00","0.00","Y","N","N137","3/28/2024","101","0-1-03/04/2024-17:18:06-192.167.001.031","","","9998","0-1-04/04/2024-09:02:32-192.167.001.031","","1","M","9999","M","",""
"1222","386","000104460000017","1","3/28/2024","3/28/2024","0.00","1E21","S","D","M","0.000000","0.000000","10.000000","0.000000","0.00","0.00","0.00","0.00","0.00","0.00","0.00","Y","N","N138","3/28/2024","101","0-1-03/04/2024-17:21:36-192.167.001.031","","","9998","0-1-04/04/2024-09:02:51-192.167.001.031","","1","M","9999","M","",""
"1223","387","000104460000019","1","3/28/2024","3/28/2024","0.00","1E21","S","D","M","0.000000","0.000000","10.000000","0.000000","0.00","0.00","0.00","0.00","0.00","0.00","0.00","Y","N","N139","3/28/2024","101","0-1-03/04/2024-17:23:48-192.167.001.031","","","9998","0-1-04/04/2024-09:08:29-192.167.001.031","","1","M","9999","M","",""
"1224","388","000104460000024","1","3/28/2024","3/28/2024","0.00","1E21","S","D","M","0.000000","0.000000","10.000000","0.000000","0.00","0.00","0.00","0.00","0.00","0.00","0.00","Y","N","N140","3/28/2024","101","0-1-03/04/2024-17:25:47-192.167.001.031","","","9998","0-1-04/04/2024-08:50:29-192.167.001.031","","1","M","9999","M","",""
"1225","389","000104460000029","1","3/28/2024","3/28/2024","0.00","1E21","S","D","M","0.000000","0.000000","10.000000","0.000000","0.00","0.00","0.00","0.00","0.00","0.00","0.00","Y","N","N141","3/28/2024","101","0-1-03/04/2024-17:28:56-192.167.001.031","","","9998","0-1-04/04/2024-08:51:26-192.167.001.031","","1","M","9999","M","",""
"1226","482","000104460000031","1","3/28/2024","3/28/2024","0.00","1E21","S","D","M","0.000000","0.000000","10.000000","0.000000","0.00","0.00","0.00","0.00","0.00","0.00","0.00","Y","N","N234","3/28/2024","101","0-1-04/04/2024-10:29:42-192.167.001.031","","","9997","0-1-04/04/2024-11:13:47-192.167.001.031","","1","M","9999","M","",""
"1227","390","000104460000055","1","3/28/2024","3/28/2024","0.00","1E21","S","D","M","0.000000","0.000000","10.000000","0.000000","0.00","0.00","0.00","0.00","0.00","0.00","0.00","Y","N","N142","3/28/2024","101","0-1-03/04/2024-17:31:42-192.167.001.031","","","9998","0-1-04/04/2024-09:08:49-192.167.001.031","","1","M","9999","M","",""
"1228","391","000104460000058","1","3/28/2024","3/28/2024","0.00","1E21","S","D","M","0.000000","0.000000","10.000000","0.000000","0.00","0.00","0.00","0.00","0.00","0.00","0.00","Y","N","N143","3/28/2024","101","0-1-03/04/2024-17:34:28-192.167.001.031","","","9998","0-1-04/04/2024-09:04:50-192.167.001.031","","1","M","9999","M","",""
"1229","392","000104460000059","1","3/28/2024","3/28/2024","0.00","1E21","S","D","M","0.000000","0.000000","10.000000","0.000000","0.00","0.00","0.00","0.00","0.00","0.00","0.00","Y","N","N144","3/28/2024","101","0-1-03/04/2024-17:36:39-192.167.001.031","","","9998","0-1-04/04/2024-09:09:09-192.167.001.031","","1","M","9999","M","",""
"1230","393","000104460000061","1","3/28/2024","3/28/2024","0.00","1E21","S","D","M","0.000000","0.000000","10.000000","0.000000","0.00","0.00","0.00","0.00","0.00","0.00","0.00","Y","N","N145","3/28/2024","101","0-1-03/04/2024-17:39:02-192.167.001.031","","","9998","0-1-04/04/2024-09:07:43-192.167.001.031","","1","M","9999","M","",""
"1231","394","000104460000064","1","3/28/2024","3/28/2024","0.00","1E21","S","D","M","0.000000","0.000000","10.000000","0.000000","0.00","0.00","0.00","0.00","0.00","0.00","0.00","Y","N","N146","3/28/2024","101","0-1-03/04/2024-17:44:50-192.167.001.031","","","9998","0-1-04/04/2024-08:54:32-192.167.001.031","","1","M","9999","M","",""
"1232","395","000104460000065","1","3/28/2024","3/28/2024","0.00","1E21","S","D","M","0.000000","0.000000","10.000000","0.000000","0.00","0.00","0.00","0.00","0.00","0.00","0.00","Y","N","N147","3/28/2024","101","0-1-03/04/2024-17:47:18-192.167.001.031","","","9998","0-1-04/04/2024-09:03:07-192.167.001.031","","1","M","9999","M","",""
"1233","396","000104460000066","1","3/28/2024","3/28/2024","0.00","1E21","S","D","M","0.000000","0.000000","10.000000","0.000000","0.00","0.00","0.00","0.00","0.00","0.00","0.00","Y","N","N148","3/28/2024","101","0-1-03/04/2024-17:49:37-192.167.001.031","","","9998","0-1-04/04/2024-09:09:32-192.167.001.031","","1","M","9999","M","",""
"1234","397","000104460000070","1","3/28/2024","3/28/2024","0.00","1E21","S","D","M","0.000000","0.000000","10.000000","0.000000","0.00","0.00","0.00","0.00","0.00","0.00","0.00","Y","N","N149","3/28/2024","101","0-1-03/04/2024-17:53:47-192.167.001.031","","","9998","0-1-04/04/2024-09:05:08-192.167.001.031","","1","M","9999","M","",""
"1235","398","000104460000071","1","3/28/2024","3/28/2024","0.00","1E21","S","D","M","0.000000","0.000000","10.000000","0.000000","0.00","0.00","0.00","0.00","0.00","0.00","0.00","Y","N","N150","3/28/2024","101","0-1-03/04/2024-18:17:53-192.167.001.031","","","9998","0-1-04/04/2024-09:09:54-192.167.001.031","","1","M","9999","M","",""
"1236","399","000104460000073","1","3/28/2024","3/28/2024","0.00","1E21","S","D","M","0.000000","0.000000","10.000000","0.000000","0.00","0.00","0.00","0.00","0.00","0.00","0.00","Y","N","N151","3/28/2024","101","0-1-03/04/2024-18:25:53-192.167.001.031","","","9998","0-1-04/04/2024-09:03:27-192.167.001.031","","1","M","9999","M","",""
"1237","485","000104460000075","1","3/28/2024","3/28/2024","0.00","1E21","S","D","M","0.000000","0.000000","10.000000","0.000000","0.00","0.00","0.00","0.00","0.00","0.00","0.00","Y","N","N238","3/28/2024","101","0-1-04/04/2024-10:50:20-192.167.001.031","","","9997","0-1-04/04/2024-11:15:15-192.167.001.031","","1","M","9999","M","",""
"1238","400","000104460000078","1","3/28/2024","3/28/2024","0.00","1E21","S","D","M","0.000000","0.000000","10.000000","0.000000","0.00","0.00","0.00","0.00","0.00","0.00","0.00","Y","N","N152","3/28/2024","101","0-1-03/04/2024-18:28:36-192.167.001.031","","","9998","0-1-04/04/2024-09:06:20-192.167.001.031","","1","M","9999","M","",""
"1239","401","000104460000079","1","3/28/2024","3/28/2024","0.00","1E21","S","D","M","0.000000","0.000000","10.000000","0.000000","0.00","0.00","0.00","0.00","0.00","0.00","0.00","Y","N","N153","3/28/2024","101","0-1-03/04/2024-18:38:02-192.167.001.031","","","9998","0-1-04/04/2024-09:03:45-192.167.001.031","","1","M","9999","M","",""
"1240","402","000104460000080","1","3/28/2024","3/28/2024","0.00","1E21","S","D","M","0.000000","0.000000","10.000000","0.000000","0.00","0.00","0.00","0.00","0.00","0.00","0.00","Y","N","N154","3/28/2024","101","0-1-03/04/2024-18:41:49-192.167.001.031","","","9998","0-1-04/04/2024-09:04:06-192.167.001.031","","1","M","9999","M","",""
"1241","403","000104460000081","1","3/28/2024","3/28/2024","0.00","1E21","S","D","M","0.000000","0.000000","10.000000","0.000000","0.00","0.00","0.00","0.00","0.00","0.00","0.00","Y","N","N155","3/28/2024","101","0-1-03/04/2024-18:44:26-192.167.001.031","","","9998","0-1-04/04/2024-09:04:29-192.167.001.031","","1","M","9999","M","",""
"1242","404","000104460000083","1","3/28/2024","3/28/2024","0.00","1E21","S","D","M","0.000000","0.000000","10.000000","0.000000","0.00","0.00","0.00","0.00","0.00","0.00","0.00","Y","N","N156","3/28/2024","101","0-1-03/04/2024-18:47:00-192.167.001.031","","","9998","0-1-04/04/2024-09:05:26-192.167.001.031","","1","M","9999","M","",""
"1243","405","000104460000087","1","3/28/2024","3/28/2024","0.00","1E21","S","D","M","0.000000","0.000000","10.000000","0.000000","0.00","0.00","0.00","0.00","0.00","0.00","0.00","Y","N","N157","3/28/2024","101","0-1-03/04/2024-19:03:24-192.167.001.031","","","9998","0-1-04/04/2024-09:05:44-192.167.001.031","","1","M","9999","M","",""
"1244","406","000104460000088","1","3/28/2024","3/28/2024","0.00","1E21","S","D","M","0.000000","0.000000","10.000000","0.000000","0.00","0.00","0.00","0.00","0.00","0.00","0.00","Y","N","N158","3/28/2024","101","0-1-03/04/2024-19:05:12-192.167.001.031","","","9998","0-1-04/04/2024-09:08:06-192.167.001.031","","1","M","9999","M","",""
"1245","407","000104460000089","1","3/28/2024","3/28/2024","0.00","1E21","S","D","M","0.000000","0.000000","10.000000","0.000000","0.00","0.00","0.00","0.00","0.00","0.00","0.00","Y","N","N159","3/28/2024","101","0-1-03/04/2024-19:13:32-192.167.001.031","","","9998","0-1-04/04/2024-09:06:03-192.167.001.031","","1","M","9999","M","",""
"1246","488","000104460000092","1","3/28/2024","3/28/2024","0.00","1E21","S","D","M","0.000000","0.000000","10.000000","0.000000","0.00","0.00","0.00","0.00","0.00","0.00","0.00","Y","N","N243","3/28/2024","101","0-1-04/04/2024-11:06:10-192.167.001.031","","","9997","0-1-04/04/2024-11:14:14-192.167.001.031","","1","M","9999","M","",""
"1247","489","000104460000093","1","3/28/2024","3/28/2024","0.00","1E21","S","D","M","0.000000","0.000000","10.000000","0.000000","0.00","0.00","0.00","0.00","0.00","0.00","0.00","Y","N","N245","3/28/2024","101","0-1-04/04/2024-11:10:15-192.167.001.031","","","9997","0-1-04/04/2024-11:14:48-192.167.001.031","","1","M","9999","M","",""
"1248","1275","000104460000096","1","4/30/2024","4/30/2024","0.00","1E21","S","D","M","0.000000","0.000000","10.000000","0.000000","0.00","0.00","0.00","0.00","0.00","0.00","0.00","Y","N","N21","4/30/2024","9998","0-1-15/05/2024-12:14:18-192.167.001.217","","","101","0-1-15/05/2024-12:21:22-192.167.001.217","","1","M","9999","M","",""
"1249","1298","000104460000098","1","5/31/2024","5/31/2024","1.00","99999999999999.00","S","D","M","0.000000","0.000000","10.000000","0.000000","0.00","0.00","0.00","0.00","0.00","0.00","0.00","Y","N","","5/31/2024","9999","Request From LOS Module","","","9999","Request From LOS Module","","1","M","9999","M","",""
"1250","1446","000104460000099","1","6/5/2024","6/5/2024","1.00","99999999999999.00","S","D","M","0.000000","0.000000","10.000000","0.000000","0.00","0.00","0.00","0.00","0.00","0.00","0.00","Y","N","","6/5/2024","9999","Request From LOS Module","","","9999","Request From LOS Module","","1","M","9999","M","",""
"1251","1448","000104460000100","1","6/5/2024","6/5/2024","1.00","99999999999999.00","S","D","M","0.000000","0.000000","10.000000","0.000000","0.00","0.00","0.00","0.00","0.00","0.00","0.00","Y","N","","6/5/2024","9999","Request From LOS Module","","","9999","Request From LOS Module","","1","M","9999","M","",""
"1252","1494","000104460000101","1","8/16/2024","8/16/2024","0.00","1E21","S","D","M","0.000000","0.000000","10.000000","0.000000","0.00","0.00","0.00","0.00","0.00","0.00","0.00","Y","N","N4","8/16/2024","9999","0-1-27/08/2024-14:06:24-192.167.001.040","","","9998","0-1-27/08/2024-14:18:11-192.167.001.040","","1","M","9999","M","",""
"1253","1909","000104460000102","1","8/1/2024","8/1/2024","1.00","99999999999999.00","S","D","M","0.000000","0.000000","10.000000","0.000000","0.00","0.00","0.00","0.00","0.00","0.00","0.00","Y","N","","8/1/2024","9999","Request From LOS Module","","","9999","Request From LOS Module","","1","M","9999","M","",""
"1254","2024","000104460000103","1","10/1/2024","10/1/2024","1.00","99999999999999.00","S","D","M","0.000000","0.000000","10.000000","0.000000","3.00","3.00","0.00","0.00","0.00","0.00","0.00","Y","N","","10/1/2024","9999","Request From LOS Module","","","9999","Request From LOS Module","","1","M","9999","M","",""
"1255","2041","000104460000104","1","10/28/2024","10/28/2024","1.00","99999999999999.00","S","D","M","0.000000","0.000000","10.000000","0.000000","3.00","3.00","0.00","0.00","0.00","0.00","0.00","Y","N","","10/28/2024","9999","Request From LOS Module","","","9999","Request From LOS Module","","1","M","9999","M","",""
"1256","2060","000104460000105","1","10/31/2024","10/31/2024","1.00","99999999999999.00","S","D","M","0.000000","0.000000","10.000000","0.000000","3.00","3.00","0.00","0.00","0.00","0.00","0.00","Y","N","","10/31/2024","9999","Request From LOS Module","","","9999","Request From LOS Module","","1","M","9999","M","",""
"1257","2061","000104460000106","1","11/5/2024","11/5/2024","1.00","99999999999999.00","S","D","M","0.000000","0.000000","10.000000","0.000000","3.00","3.00","0.00","0.00","0.00","0.00","0.00","Y","N","","11/5/2024","9999","Request From LOS Module","","","9999","Request From LOS Module","","1","M","9999","M","",""
"1258","2393","000104460000107","1","12/31/2024","12/31/2024","1.00","99999999999999.00","S","D","M","0.000000","0.000000","10.000000","0.000000","3.00","3.00","0.00","0.00","0.00","0.00","0.00","Y","N","","12/31/2024","9999","Request From LOS Module","","","9999","Request From LOS Module","","1","M","9999","M","",""
"1259","2659","000104460000108","1","1/23/2025","1/23/2025","1.00","99999999999999.00","S","D","M","0.000000","0.000000","10.000000","0.000000","3.00","3.00","0.00","0.00","0.00","0.00","0.00","Y","N","","1/23/2025","9999","Request From LOS Module","","","9999","Request From LOS Module","","1","M","9999","M","",""
"1260","3898","000104460000109","1","5/9/2025","5/9/2025","1.00","99999999999999.00","S","D","M","0.000000","0.000000","10.000000","0.000000","3.00","3.00","0.00","0.00","0.00","0.00","0.00","Y","N","","5/9/2025","9999","Request From LOS Module","","","9999","Request From LOS Module","","1","M","9999","M","",""
"1261","3900","000104460000110","1","5/9/2025","5/9/2025","1.00","99999999999999.00","S","D","M","0.000000","0.000000","10.000000","0.000000","3.00","3.00","0.00","0.00","0.00","0.00","0.00","Y","N","","5/9/2025","9999","Request From LOS Module","","","9999","Request From LOS Module","","1","M","9999","M","",""
"1262","4011","000104460000111","1","5/26/2025","5/26/2025","1.00","99999999999999.00","S","D","M","0.000000","0.000000","0.000000","0.000000","3.00","3.00","0.00","0.00","0.00","0.00","0.00","Y","N","","5/26/2025","9999","Request From LOS Module","","","9999","Request From LOS Module","","1","M","9999","M","",""
"1263","11505","000104460000112","1","7/17/2025","7/17/2025","1.00","99999999999999.00","S","D","M","0.000000","0.000000","10.000000","0.000000","3.00","3.00","0.00","0.00","0.00","0.00","0.00","Y","N","","7/17/2025","9999","Request From LOS Module","","","9999","Request From LOS Module","","1","M","9999","M","",""
"1264","11762","000104460000113","1","11/30/2025","11/30/2025","1.00","99999999999999.00","S","D","M","0.000000","0.000000","10.000000","0.000000","3.00","3.00","0.00","0.00","0.00","0.00","0.00","Y","N","","11/30/2025","9999","Request From LOS Module","","","9999","Request From LOS Module","","1","M","9999","M","",""
"1265","11764","000104460000114","1","11/30/2025","11/30/2025","1.00","99999999999999.00","S","D","M","0.000000","0.000000","10.000000","0.000000","3.00","3.00","0.00","0.00","0.00","0.00","0.00","Y","N","","11/30/2025","9999","Request From LOS Module","","","9999","Request From LOS Module","","1","M","9999","M","",""
"1266","11770","000104460000115","1","12/12/2025","12/12/2025","1.00","99999999999999.00","S","D","M","0.000000","0.000000","10.000000","0.000000","3.00","3.00","0.00","0.00","0.00","0.00","0.00","Y","N","","12/12/2025","9999","Request From LOS Module","","","9999","Request From LOS Module","","1","M","9999","M","",""
"1267","11771","000104460000116","1","12/16/2025","12/16/2025","1.00","99999999999999.00","S","D","M","0.000000","0.000000","10.000000","0.000000","3.00","3.00","0.00","0.00","0.00","0.00","0.00","Y","N","","12/16/2025","9999","Request From LOS Module","","","9999","Request From LOS Module","","1","M","9999","M","",""
"1268","11773","000104460000117","1","12/17/2025","12/17/2025","1.00","99999999999999.00","S","D","M","0.000000","0.000000","10.000000","0.000000","3.00","3.00","0.00","0.00","0.00","0.00","0.00","Y","N","","12/17/2025","9999","Request From LOS Module","","","9999","Request From LOS Module","","1","M","9999","M","",""
"1269","11775","000104460000118","1","12/23/2025","12/23/2025","1.00","99999999999999.00","S","D","M","0.000000","0.000000","10.000000","0.000000","3.00","3.00","0.00","0.00","0.00","0.00","0.00","Y","N","","12/23/2025","9999","Request From LOS Module","","","9999","Request From LOS Module","","1","M","9999","M","",""
"1270","11777","000104460000119","1","12/31/2025","12/31/2025","1.00","99999999999999.00","S","D","M","0.000000","0.000000","10.000000","0.000000","3.00","3.00","0.00","0.00","0.00","0.00","0.00","Y","N","","12/31/2025","9999","Request From LOS Module","","","9999","Request From LOS Module","","1","M","9999","M","",""
"1271","13214","000104460000120","1","3/30/2026","3/30/2026","1.00","99999999999999.00","S","D","M","0.000000","0.000000","10.000000","0.000000","3.00","3.00","0.00","0.00","0.00","0.00","0.00","Y","N","","3/30/2026","9999","Request From LOS Module","","","9999","Request From LOS Module","","1","M","9999","M","",""
"1272","951","000104470000004","1","3/31/2024","3/31/2024","0.00","1E21","S","D","M","0.000000","0.000000","19.000000","0.000000","0.00","0.00","0.00","0.00","0.00","0.00","0.00","Y","N","N159","3/31/2024","9999","0-1-11/04/2024-09:38:14-192.167.001.031","","","102","0-1-11/04/2024-09:50:22-192.167.001.031","","1","M","9999","M","",""
"1273","2027","000105810000001","1","10/1/2024","10/1/2024","1.00","99999999999999.00","S","D","M","0.000000","0.000000","19.000000","0.000000","3.00","3.00","0.00","0.00","0.00","0.00","0.00","Y","N","","10/1/2024","9999","Request From LOS Module","","","9999","Request From LOS Module","","1","M","9999","M","",""
"1274","2349","000105810000002","1","12/19/2024","12/19/2024","1.00","99999999999999.00","S","D","M","0.000000","0.000000","19.000000","0.000000","3.00","3.00","0.00","0.00","0.00","0.00","0.00","Y","N","","12/19/2024","9999","Request From LOS Module","","","9999","Request From LOS Module","","1","M","9999","M","",""
"1275","3904","000105810000003","1","5/16/2025","5/16/2025","1.00","99999999999999.00","S","D","M","0.000000","0.000000","10.000000","0.000000","3.00","3.00","0.00","0.00","0.00","0.00","0.00","Y","N","","5/16/2025","9999","Request From LOS Module","","","9999","Request From LOS Module","","1","M","9999","M","",""
"1276","3910","000105810000004","1","5/22/2025","5/22/2025","1.00","99999999999999.00","S","D","M","0.000000","0.000000","19.000000","0.000000","3.00","3.00","0.00","0.00","0.00","0.00","0.00","Y","N","","5/22/2025","9999","Request From LOS Module","","","9999","Request From LOS Module","","1","M","9999","M","",""
"1277","11765","000106050000001","1","11/7/2025","11/7/2025","1.00","99999999999999.00","S","D","M","0.000000","0.000000","34.450000","0.000000","0.00","0.00","0.00","0.00","0.00","0.00","0.00","Y","N","","11/30/2025","9999","Request From LOS Module","","","9999","Request From LOS Module","","1","M","9999","M","",""
"1278","11766","000106050000002","1","11/17/2025","11/17/2025","1.00","99999999999999.00","S","D","M","0.000000","0.000000","34.950000","0.000000","0.00","0.00","0.00","0.00","0.00","0.00","0.00","Y","N","","11/30/2025","9999","Request From LOS Module","","","9999","Request From LOS Module","","1","M","9999","M","",""
"1279","11767","000106050000003","1","11/24/2025","11/24/2025","1.00","99999999999999.00","S","D","M","0.000000","0.000000","35.000000","0.000000","0.00","0.00","0.00","0.00","0.00","0.00","0.00","Y","N","","11/24/2025","9999","Request From LOS Module","","","9999","Request From LOS Module","","1","M","9999","M","",""
"1280","11768","000106050000004","1","11/13/2025","11/13/2025","1.00","99999999999999.00","S","D","M","0.000000","0.000000","34.450000","0.000000","0.00","0.00","0.00","0.00","0.00","0.00","0.00","Y","N","","11/30/2025","9999","Request From LOS Module","","","9999","Request From LOS Module","","1","M","9999","M","",""
"1281","11774","000106050000005","1","12/18/2025","12/18/2025","1.00","99999999999999.00","S","D","M","0.000000","0.000000","35.050000","0.000000","0.00","0.00","0.00","0.00","0.00","0.00","0.00","Y","N","","12/18/2025","9999","Request From LOS Module","","","9999","Request From LOS Module","","1","M","9999","M","",""
"1282","13039","000106050000006","1","1/16/2026","1/16/2026","1.00","99999999999999.00","S","D","M","0.000000","0.000000","34.750000","0.000000","0.00","0.00","0.00","0.00","0.00","0.00","0.00","Y","N","","1/16/2026","9999","Request From LOS Module","","","9999","Request From LOS Module","","1","M","9999","M","",""
"1283","13212","000106050000007","1","3/16/2026","3/16/2026","1.00","99999999999999.00","S","D","M","0.000000","0.000000","34.750000","0.000000","0.00","0.00","0.00","0.00","0.00","0.00","0.00","Y","N","","3/16/2026","9999","Request From LOS Module","","","9999","Request From LOS Module","","1","M","9999","M","",""
"1284","13228","000106050000008","1","4/20/2026","4/20/2026","1.00","99999999999999.00","S","D","M","0.000000","0.000000","34.500000","0.000000","0.00","0.00","0.00","0.00","0.00","0.00","0.00","Y","N","","4/20/2026","9999","Request From LOS Module","","","9999","Request From LOS Module","","1","M","9999","M","",""
"1285","13258","000106050000009","1","4/20/2026","4/20/2026","1.00","99999999999999.00","S","D","M","0.000000","0.000000","34.750000","0.000000","0.00","0.00","0.00","0.00","0.00","0.00","0.00","Y","N","","4/20/2026","9999","Request From LOS Module","","","9999","Request From LOS Module","","1","M","9999","M","",""
"1286","13288","000106050000010","1","5/13/2026","5/13/2026","1.00","99999999999999.00","S","D","M","0.000000","0.000000","35.500000","0.000000","0.00","0.00","0.00","0.00","0.00","0.00","0.00","Y","N","","5/13/2026","9999","Request From LOS Module","","","9999","Request From LOS Module","","1","M","9999","M","",""
"1287","13289","000106050000011","1","5/15/2026","5/15/2026","1.00","99999999999999.00","S","D","M","0.000000","0.000000","34.500000","0.000000","0.00","0.00","0.00","0.00","0.00","0.00","0.00","Y","N","","5/15/2026","9999","Request From LOS Module","","","9999","Request From LOS Module","","1","M","9999","M","",""
"1288","13290","000106050000012","1","5/19/2026","5/19/2026","1.00","99999999999999.00","S","D","M","0.000000","0.000000","34.500000","0.000000","0.00","0.00","0.00","0.00","0.00","0.00","0.00","Y","N","","5/19/2026","9999","Request From LOS Module","","","9999","Request From LOS Module","","1","M","9999","M","",""
"1289","13334","000106050000013","1","6/29/2026","6/29/2026","1.00","99999999999999.00","S","D","M","0.000000","0.000000","34.950000","0.000000","0.00","0.00","0.00","0.00","0.00","0.00","0.00","Y","N","","6/29/2026","9999","Request From LOS Module","","","9999","Request From LOS Module","","1","M","9999","M","",""
"1290","13367","000106050000014","1","8/1/2026","8/1/2026","1.00","99999999999999.00","S","D","M","0.000000","0.000000","30.000000","0.000000","0.00","0.00","0.00","0.00","0.00","0.00","0.00","Y","N","","8/1/2026","9999","Request From LOS Module","","","9999","Request From LOS Module","","1","M","9999","M","",""
"1291","13396","000106050000015","1","8/28/2026","8/28/2026","1.00","99999999999999.00","S","D","M","0.000000","0.000000","33.000000","0.000000","0.00","0.00","0.00","0.00","0.00","0.00","0.00","Y","N","","8/28/2026","9999","Request From LOS Module","","","9999","Request From LOS Module","","1","M","9999","M","",""
