"   ","LO_DISB_CHARG_DET_ID","DISB_CHARGES_NAME","NEW_AC_NUMBER","SUB_AC_NUMBER","ACTUAL_CHARGES_AMT","APLLI_CHARGES_AMT","STAX_PER","STAX_AMOUNT","SBC_PER","SBC_AMOUNT","POST_FLAG","ENTER_USER_ID","ENTER_DESC","POST_USERID","BATCH_NUMBER","PARTICULAR","INCOME_GL"
"1","9985","Agreement Fee (%)","000104420000064","1","7500000.00","7500000.00","","0.00","0.00","0.00","N","9999","Request From LOS Module","","","",""
"2","9986","Legal Fee (%)","000104420000064","1","4075000.00","4075000.00","","0.00","0.00","0.00","N","9999","Request From LOS Module","","","",""
"3","9987","Other Fee (%)","000104420000064","1","0.00","0.00","","0.00","0.00","0.00","N","9999","Request From LOS Module","","","",""
"4","19","Agreement Fee (%)","000104430000063","1","8000.00","8000.00","","0.00","0.00","0.00","N","9999","Request From LOS Module","","","",""
"5","20","Legal Fee (%)","000104430000063","1","8000.00","8000.00","","0.00","0.00","0.00","N","9999","Request From LOS Module","","","",""
"6","21","Other Fee (%)","000104430000063","1","0.00","0.00","","0.00","0.00","0.00","N","9999","Request From LOS Module","","","",""
"7","34","Agreement Fee (%)","000104430000064","1","638850.00","638850.00","","0.00","0.00","0.00","N","9999","Request From LOS Module","","","",""
"8","35","Legal Fee (%)","000104430000064","1","1205000.00","1205000.00","","0.00","0.00","0.00","N","9999","Request From LOS Module","","","",""
"9","36","Other Fee (%)","000104430000064","1","0.00","0.00","","0.00","0.00","0.00","N","9999","Request From LOS Module","","","",""
"10","37","Agreement Fee (%)","000104430000065","1","20000.00","20000.00","","0.00","0.00","0.00","N","9999","Request From LOS Module","","","",""
"11","38","Legal Fee (%)","000104430000065","1","1480000.00","1480000.00","","0.00","0.00","0.00","N","9999","Request From LOS Module","","","",""
"12","39","Other Fee (%)","000104430000065","1","740000.00","740000.00","","0.00","0.00","0.00","N","9999","Request From LOS Module","","","",""
"13","49","Agreement Fee (%)","000104430000066","1","1800000.00","1800000.00","","0.00","0.00","0.00","N","9999","Request From LOS Module","","","",""
"14","50","Legal Fee (%)","000104430000066","1","600000.00","600000.00","","0.00","0.00","0.00","N","9999","Request From LOS Module","","","",""
"15","51","Other Fee (%)","000104430000066","1","0.00","0.00","","0.00","0.00","0.00","N","9999","Request From LOS Module","","","",""
"16","52","Agreement Fee (%)","000104430000067","1","0.00","0.00","","0.00","0.00","0.00","N","9999","Request From LOS Module","","","",""
"17","53","Legal Fee (%)","000104430000067","1","0.00","0.00","","0.00","0.00","0.00","N","9999","Request From LOS Module","","","",""
"18","54","Other Fee (%)","000104430000067","1","0.00","0.00","","0.00","0.00","0.00","N","9999","Request From LOS Module","","","",""
"19","55","Agreement Fee (%)","000104430000068","1","6000000.00","6000000.00","","0.00","0.00","0.00","N","9999","Request From LOS Module","","","",""
"20","56","Legal Fee (%)","000104430000068","1","3200000.00","3200000.00","","0.00","0.00","0.00","N","9999","Request From LOS Module","","","",""
"21","57","Other Fee (%)","000104430000068","1","20000.00","20000.00","","0.00","0.00","0.00","N","9999","Request From LOS Module","","","",""
"22","745","Agreement Fee (%)","000104430000069","1","0.00","0.00","","0.00","0.00","0.00","N","9999","Request From LOS Module","","","",""
"23","746","Legal Fee (%)","000104430000069","1","0.00","0.00","","0.00","0.00","0.00","N","9999","Request From LOS Module","","","",""
"24","747","Other Fee (%)","000104430000069","1","0.00","0.00","","0.00","0.00","0.00","N","9999","Request From LOS Module","","","",""
"25","1819","Agreement Fee (%)","000104430000070","1","0.00","0.00","","0.00","0.00","0.00","N","9999","Request From LOS Module","","","",""
"26","1820","Legal Fee (%)","000104430000070","1","0.00","0.00","","0.00","0.00","0.00","N","9999","Request From LOS Module","","","",""
"27","1821","Other Fee (%)","000104430000070","1","0.00","0.00","","0.00","0.00","0.00","N","9999","Request From LOS Module","","","",""
"28","3418","Agreement Fee (%)","000104430000071","1","0.00","0.00","","0.00","0.00","0.00","N","9999","Request From LOS Module","","","",""
"29","3419","Legal Fee (%)","000104430000071","1","0.00","0.00","","0.00","0.00","0.00","N","9999","Request From LOS Module","","","",""
"30","3420","Other Fee (%)","000104430000071","1","0.00","0.00","","0.00","0.00","0.00","N","9999","Request From LOS Module","","","",""
"31","3421","Agreement Fee (%)","000104430000072","1","30000000.00","30000000.00","","0.00","0.00","0.00","N","9999","Request From LOS Module","","","",""
"32","3422","Legal Fee (%)","000104430000072","1","16210000.00","16210000.00","","0.00","0.00","0.00","N","9999","Request From LOS Module","","","",""
"33","3423","Other Fee (%)","000104430000072","1","0.00","0.00","","0.00","0.00","0.00","N","9999","Request From LOS Module","","","",""
"34","3433","Agreement Fee (%)","000104430000073","1","15000000.00","15000000.00","","0.00","0.00","0.00","N","9999","Request From LOS Module","","","",""
"35","3434","Legal Fee (%)","000104430000073","1","8100000.00","8100000.00","","0.00","0.00","0.00","N","9999","Request From LOS Module","","","",""
"36","3435","Other Fee (%)","000104430000073","1","0.00","0.00","","0.00","0.00","0.00","N","9999","Request From LOS Module","","","",""
"37","3436","Agreement Fee (%)","000104430000074","1","8585100.00","8585100.00","","0.00","0.00","0.00","N","9999","Request From LOS Module","","","",""
"38","3437","Legal Fee (%)","000104430000074","1","4578720.00","4578720.00","","0.00","0.00","0.00","N","9999","Request From LOS Module","","","",""
"39","3438","Other Fee (%)","000104430000074","1","0.00","0.00","","0.00","0.00","0.00","N","9999","Request From LOS Module","","","",""
"40","3589","Agreement Fee (%)","000104430000075","1","3000000.00","3000000.00","","0.00","0.00","0.00","N","9999","Request From LOS Module","","","",""
"41","3590","Legal Fee (%)","000104430000075","1","1610000.00","1610000.00","","0.00","0.00","0.00","N","9999","Request From LOS Module","","","",""
"42","3591","Other Fee (%)","000104430000075","1","0.00","0.00","","0.00","0.00","0.00","N","9999","Request From LOS Module","","","",""
"43","6067","Agreement Fee (%)","000104430000076","1","4500000.00","4500000.00","","0.00","0.00","0.00","N","9999","Request From LOS Module","","","",""
"44","6068","Legal Fee (%)","000104430000076","1","2400000.00","2400000.00","","0.00","0.00","0.00","N","9999","Request From LOS Module","","","",""
"45","6069","Other Fee (%)","000104430000076","1","50000.00","50000.00","","0.00","0.00","0.00","N","9999","Request From LOS Module","","","",""
"46","9652","Agreement Fee (%)","000104430000077","1","0.00","0.00","","0.00","0.00","0.00","N","9999","Request From LOS Module","","","",""
"47","9653","Legal Fee (%)","000104430000077","1","0.00","0.00","","0.00","0.00","0.00","N","9999","Request From LOS Module","","","",""
"48","9654","Other Fee (%)","000104430000077","1","0.00","0.00","","0.00","0.00","0.00","N","9999","Request From LOS Module","","","",""
"49","9949","Agreement Fee (%)","000104430000078","1","1500000.00","1500000.00","","0.00","0.00","0.00","N","9999","Request From LOS Module","","","",""
"50","9950","Legal Fee (%)","000104430000078","1","855000.00","855000.00","","0.00","0.00","0.00","N","9999","Request From LOS Module","","","",""
"51","9951","Other Fee (%)","000104430000078","1","0.00","0.00","","0.00","0.00","0.00","N","9999","Request From LOS Module","","","",""
"52","9952","Agreement Fee (%)","000104430000079","1","3000000.00","3000000.00","","0.00","0.00","0.00","N","9999","Request From LOS Module","","","",""
"53","9953","Legal Fee (%)","000104430000079","1","1610000.00","1610000.00","","0.00","0.00","0.00","N","9999","Request From LOS Module","","","",""
"54","9954","Other Fee (%)","000104430000079","1","0.00","0.00","","0.00","0.00","0.00","N","9999","Request From LOS Module","","","",""
"55","9958","Agreement Fee (%)","000104430000080","1","1500000.00","1500000.00","","0.00","0.00","0.00","N","9999","Request From LOS Module","","","",""
"56","9959","Legal Fee (%)","000104430000080","1","855000.00","855000.00","","0.00","0.00","0.00","N","9999","Request From LOS Module","","","",""
"57","9960","Other Fee (%)","000104430000080","1","0.00","0.00","","0.00","0.00","0.00","N","9999","Request From LOS Module","","","",""
"58","9961","Agreement Fee (%)","000104430000081","1","30000000.00","30000000.00","","0.00","0.00","0.00","N","9999","Request From LOS Module","","","",""
"59","9962","Legal Fee (%)","000104430000081","1","16000000.00","16000000.00","","0.00","0.00","0.00","N","9999","Request From LOS Module","","","",""
"60","9963","Other Fee (%)","000104430000081","1","111250.00","111250.00","","0.00","0.00","0.00","N","9999","Request From LOS Module","","","",""
"61","9964","Agreement Fee (%)","000104430000082","1","0.00","0.00","","0.00","0.00","0.00","N","9999","Request From LOS Module","","","",""
"62","9965","Legal Fee (%)","000104430000082","1","0.00","0.00","","0.00","0.00","0.00","N","9999","Request From LOS Module","","","",""
"63","9966","Other Fee (%)","000104430000082","1","0.00","0.00","","0.00","0.00","0.00","N","9999","Request From LOS Module","","","",""
"64","9970","Agreement Fee (%)","000104430000083","1","6000000.00","6000000.00","","0.00","0.00","0.00","N","9999","Request From LOS Module","","","",""
"65","9971","Legal Fee (%)","000104430000083","1","3270000.00","3270000.00","","0.00","0.00","0.00","N","9999","Request From LOS Module","","","",""
"66","9972","Other Fee (%)","000104430000083","1","0.00","0.00","","0.00","0.00","0.00","N","9999","Request From LOS Module","","","",""
"67","9973","Agreement Fee (%)","000104430000084","1","9000000.00","9000000.00","","0.00","0.00","0.00","N","9999","Request From LOS Module","","","",""
"68","9974","Legal Fee (%)","000104430000084","1","3090000.00","3090000.00","","0.00","0.00","0.00","N","9999","Request From LOS Module","","","",""
"69","9975","Other Fee (%)","000104430000084","1","2810900.00","2810900.00","","0.00","0.00","0.00","N","9999","Request From LOS Module","","","",""
"70","9976","Agreement Fee (%)","000104430000085","1","0.00","0.00","","0.00","0.00","0.00","N","9999","Request From LOS Module","","","",""
"71","9977","Legal Fee (%)","000104430000085","1","0.00","0.00","","0.00","0.00","0.00","N","9999","Request From LOS Module","","","",""
"72","9978","Other Fee (%)","000104430000085","1","0.00","0.00","","0.00","0.00","0.00","N","9999","Request From LOS Module","","","",""
"73","9979","Agreement Fee (%)","000104430000086","1","7500000.00","7500000.00","","0.00","0.00","0.00","N","9999","Request From LOS Module","","","",""
"74","9980","Legal Fee (%)","000104430000086","1","3265000.00","3265000.00","","0.00","0.00","0.00","N","9999","Request From LOS Module","","","",""
"75","9981","Other Fee (%)","000104430000086","1","0.00","0.00","","0.00","0.00","0.00","N","9999","Request From LOS Module","","","",""
"76","9988","Agreement Fee (%)","000104430000087","1","6000000.00","6000000.00","","0.00","0.00","0.00","N","9999","Request From LOS Module","","","",""
"77","9989","Legal Fee (%)","000104430000087","1","3336236.00","3336236.00","","0.00","0.00","0.00","N","9999","Request From LOS Module","","","",""
"78","9990","Other Fee (%)","000104430000087","1","0.00","0.00","","0.00","0.00","0.00","N","9999","Request From LOS Module","","","",""
"79","9991","Agreement Fee (%)","000104430000088","1","9000000.00","9000000.00","","0.00","0.00","0.00","N","9999","Request From LOS Module","","","",""
"80","9992","Legal Fee (%)","000104430000088","1","4830000.00","4830000.00","","0.00","0.00","0.00","N","9999","Request From LOS Module","","","",""
"81","9993","Other Fee (%)","000104430000088","1","0.00","0.00","","0.00","0.00","0.00","N","9999","Request From LOS Module","","","",""
"82","9994","Agreement Fee (%)","000104430000089","1","9000000.00","9000000.00","","0.00","0.00","0.00","N","9999","Request From LOS Module","","","",""
"83","9995","Legal Fee (%)","000104430000089","1","4655000.00","4655000.00","","0.00","0.00","0.00","N","9999","Request From LOS Module","","","",""
"84","9996","Other Fee (%)","000104430000089","1","0.00","0.00","","0.00","0.00","0.00","N","9999","Request From LOS Module","","","",""
"85","10","Agreement Fee (%)","000104440000005","1","1380000.00","1380000.00","","0.00","0.00","0.00","N","9999","Request From LOS Module","","","",""
"86","11","Legal Fee (%)","000104440000005","1","690000.00","690000.00","","0.00","0.00","0.00","N","9999","Request From LOS Module","","","",""
"87","12","Other Fee (%)","000104440000005","1","690000.00","690000.00","","0.00","0.00","0.00","N","9999","Request From LOS Module","","","",""
"88","22","Agreement Fee (%)","000104440000006","1","1640.00","1640.00","","0.00","0.00","0.00","N","9999","Request From LOS Module","","","",""
"89","23","Legal Fee (%)","000104440000006","1","820.00","820.00","","0.00","0.00","0.00","N","9999","Request From LOS Module","","","",""
"90","24","Other Fee (%)","000104440000006","1","820.00","820.00","","0.00","0.00","0.00","N","9999","Request From LOS Module","","","",""
"91","13","Agreement Fee (%)","000104450000096","1","880000.00","880000.00","","0.00","0.00","0.00","N","9999","Request From LOS Module","","","",""
"92","14","Legal Fee (%)","000104450000096","1","880000.00","880000.00","","0.00","0.00","0.00","N","9999","Request From LOS Module","","","",""
"93","15","Other Fee (%)","000104450000096","1","1760000.00","1760000.00","","0.00","0.00","0.00","N","9999","Request From LOS Module","","","",""
"94","25","Agreement Fee (%)","000104450000097","1","0.00","0.00","","0.00","0.00","0.00","N","9999","Request From LOS Module","","","",""
"95","26","Legal Fee (%)","000104450000097","1","0.00","0.00","","0.00","0.00","0.00","N","9999","Request From LOS Module","","","",""
"96","27","Other Fee (%)","000104450000097","1","0.00","0.00","","0.00","0.00","0.00","N","9999","Request From LOS Module","","","",""
"97","10063","Agreement Fee (%)","000104450000098","1","3300000.00","3300000.00","","0.00","0.00","0.00","N","9999","Request From LOS Module","","","",""
"98","10064","Legal Fee (%)","000104450000098","1","5363000.00","5363000.00","","0.00","0.00","0.00","N","9999","Request From LOS Module","","","",""
"99","10065","Other Fee (%)","000104450000098","1","0.00","0.00","","0.00","0.00","0.00","N","9999","Request From LOS Module","","","",""
"100","5","Agreement Fee (%)","000104460000098","1","8000000.00","8000000.00","2.00","0.00","0.00","0.00","N","9999","Request From LOS Module","","","",""
"101","6","Legal Fee (%)","000104460000098","1","6000000.00","6000000.00","1.50","0.00","0.00","0.00","N","9999","Request From LOS Module","","","",""
"102","7","Agreement Fee (%)","000104460000103","1","950000.00","950000.00","","0.00","0.00","0.00","N","9999","Request From LOS Module","","","",""
"103","8","Legal Fee (%)","000104460000103","1","1140000.00","1140000.00","","0.00","0.00","0.00","N","9999","Request From LOS Module","","","",""
"104","9","Other Fee (%)","000104460000103","1","2850000.00","2850000.00","","0.00","0.00","0.00","N","9999","Request From LOS Module","","","",""
"105","31","Agreement Fee (%)","000104460000104","1","0.00","0.00","","0.00","0.00","0.00","N","9999","Request From LOS Module","","","",""
"106","32","Legal Fee (%)","000104460000104","1","0.00","0.00","","0.00","0.00","0.00","N","9999","Request From LOS Module","","","",""
"107","33","Other Fee (%)","000104460000104","1","0.00","0.00","","0.00","0.00","0.00","N","9999","Request From LOS Module","","","",""
"108","43","Agreement Fee (%)","000104460000105","1","0.00","0.00","","0.00","0.00","0.00","N","9999","Request From LOS Module","","","",""
"109","44","Legal Fee (%)","000104460000105","1","0.00","0.00","","0.00","0.00","0.00","N","9999","Request From LOS Module","","","",""
"110","45","Other Fee (%)","000104460000105","1","0.00","0.00","","0.00","0.00","0.00","N","9999","Request From LOS Module","","","",""
"111","46","Agreement Fee (%)","000104460000106","1","12750000.00","12750000.00","","0.00","0.00","0.00","N","9999","Request From LOS Module","","","",""
"112","47","Legal Fee (%)","000104460000106","1","8500000.00","8500000.00","","0.00","0.00","0.00","N","9999","Request From LOS Module","","","",""
"113","48","Other Fee (%)","000104460000106","1","0.00","0.00","","0.00","0.00","0.00","N","9999","Request From LOS Module","","","",""
"114","1024","Agreement Fee (%)","000104460000107","1","0.00","0.00","","0.00","0.00","0.00","N","9999","Request From LOS Module","","","",""
"115","1025","Legal Fee (%)","000104460000107","1","0.00","0.00","","0.00","0.00","0.00","N","9999","Request From LOS Module","","","",""
"116","1026","Other Fee (%)","000104460000107","1","0.00","0.00","","0.00","0.00","0.00","N","9999","Request From LOS Module","","","",""
"117","1822","Agreement Fee (%)","000104460000108","1","0.00","0.00","","0.00","0.00","0.00","N","9999","Request From LOS Module","","","",""
"118","1823","Legal Fee (%)","000104460000108","1","0.00","0.00","","0.00","0.00","0.00","N","9999","Request From LOS Module","","","",""
"119","1824","Other Fee (%)","000104460000108","1","0.00","0.00","","0.00","0.00","0.00","N","9999","Request From LOS Module","","","",""
"120","3424","Agreement Fee (%)","000104460000109","1","2500000.00","2500000.00","","0.00","0.00","0.00","N","9999","Request From LOS Module","","","",""
"121","3425","Legal Fee (%)","000104460000109","1","5575000.00","5575000.00","","0.00","0.00","0.00","N","9999","Request From LOS Module","","","",""
"122","3426","Other Fee (%)","000104460000109","1","0.00","0.00","","0.00","0.00","0.00","N","9999","Request From LOS Module","","","",""
"123","3427","Agreement Fee (%)","000104460000110","1","0.00","0.00","","0.00","0.00","0.00","N","9999","Request From LOS Module","","","",""
"124","3428","Legal Fee (%)","000104460000110","1","0.00","0.00","","0.00","0.00","0.00","N","9999","Request From LOS Module","","","",""
"125","3429","Other Fee (%)","000104460000110","1","0.00","0.00","","0.00","0.00","0.00","N","9999","Request From LOS Module","","","",""
"126","3592","Agreement Fee (%)","000104460000111","1","0.00","0.00","","0.00","0.00","0.00","N","9999","Request From LOS Module","","","",""
"127","3593","Legal Fee (%)","000104460000111","1","0.00","0.00","","0.00","0.00","0.00","N","9999","Request From LOS Module","","","",""
"128","3594","Other Fee (%)","000104460000111","1","0.00","0.00","","0.00","0.00","0.00","N","9999","Request From LOS Module","","","",""
"129","9955","Agreement Fee (%)","000104460000112","1","500000.00","500000.00","","0.00","0.00","0.00","N","9999","Request From LOS Module","","","",""
"130","9956","Legal Fee (%)","000104460000112","1","855000.00","855000.00","","0.00","0.00","0.00","N","9999","Request From LOS Module","","","",""
"131","9957","Other Fee (%)","000104460000112","1","0.00","0.00","","0.00","0.00","0.00","N","9999","Request From LOS Module","","","",""
"132","9997","Agreement Fee (%)","000104460000113","1","1500000.00","1500000.00","","0.00","0.00","0.00","N","9999","Request From LOS Module","","","",""
"133","9998","Legal Fee (%)","000104460000113","1","2585000.00","2585000.00","","0.00","0.00","0.00","N","9999","Request From LOS Module","","","",""
"134","9999","Other Fee (%)","000104460000113","1","0.00","0.00","","0.00","0.00","0.00","N","9999","Request From LOS Module","","","",""
"135","10000","Agreement Fee (%)","000104460000114","1","2500000.00","2500000.00","","0.00","0.00","0.00","N","9999","Request From LOS Module","","","",""
"136","10001","Legal Fee (%)","000104460000114","1","4175000.00","4175000.00","","0.00","0.00","0.00","N","9999","Request From LOS Module","","","",""
"137","10002","Other Fee (%)","000104460000114","1","0.00","0.00","","0.00","0.00","0.00","N","9999","Request From LOS Module","","","",""
"138","10015","Agreement Fee (%)","000104460000115","1","1500000.00","1500000.00","","0.00","0.00","0.00","N","9999","Request From LOS Module","","","",""
"139","10016","Legal Fee (%)","000104460000115","1","1565000.00","1565000.00","","0.00","0.00","0.00","N","9999","Request From LOS Module","","","",""
"140","10017","Other Fee (%)","000104460000115","1","0.00","0.00","","0.00","0.00","0.00","N","9999","Request From LOS Module","","","",""
"141","10018","Agreement Fee (%)","000104460000116","1","4000000.00","4000000.00","","0.00","0.00","0.00","N","9999","Request From LOS Module","","","",""
"142","10019","Legal Fee (%)","000104460000116","1","4090000.00","4090000.00","","0.00","0.00","0.00","N","9999","Request From LOS Module","","","",""
"143","10020","Other Fee (%)","000104460000116","1","0.00","0.00","","0.00","0.00","0.00","N","9999","Request From LOS Module","","","",""
"144","10021","Agreement Fee (%)","000104460000117","1","2103705.00","2103705.00","","0.00","0.00","0.00","N","9999","Request From LOS Module","","","",""
"145","10022","Legal Fee (%)","000104460000117","1","3537942.00","3537942.00","","0.00","0.00","0.00","N","9999","Request From LOS Module","","","",""
"146","10023","Other Fee (%)","000104460000117","1","0.00","0.00","","0.00","0.00","0.00","N","9999","Request From LOS Module","","","",""
"147","10027","Agreement Fee (%)","000104460000118","1","500000.00","500000.00","","0.00","0.00","0.00","N","9999","Request From LOS Module","","","",""
"148","10028","Legal Fee (%)","000104460000118","1","1148040.00","1148040.00","","0.00","0.00","0.00","N","9999","Request From LOS Module","","","",""
"149","10029","Other Fee (%)","000104460000118","1","0.00","0.00","","0.00","0.00","0.00","N","9999","Request From LOS Module","","","",""
"150","10030","Agreement Fee (%)","000104460000119","1","500000.00","500000.00","","0.00","0.00","0.00","N","9999","Request From LOS Module","","","",""
"151","10031","Legal Fee (%)","000104460000119","1","0.00","0.00","","0.00","0.00","0.00","N","9999","Request From LOS Module","","","",""
"152","10032","Other Fee (%)","000104460000119","1","0.00","0.00","","0.00","0.00","0.00","N","9999","Request From LOS Module","","","",""
"153","10039","Agreement Fee (%)","000104460000120","1","3000000.00","3000000.00","","0.00","0.00","0.00","N","9999","Request From LOS Module","","","",""
"154","10040","Legal Fee (%)","000104460000120","1","4880000.00","4880000.00","","0.00","0.00","0.00","N","9999","Request From LOS Module","","","",""
"155","10041","Other Fee (%)","000104460000120","1","0.00","0.00","","0.00","0.00","0.00","N","9999","Request From LOS Module","","","",""
"156","58","Agreement Fee (%)","000104480000182","1","0.00","0.00","","0.00","0.00","0.00","N","9999","Request From LOS Module","","","",""
"157","59","Legal Fee (%)","000104480000182","1","0.00","0.00","","0.00","0.00","0.00","N","9999","Request From LOS Module","","","",""
"158","60","Other Fee (%)","000104480000182","1","0.00","0.00","","0.00","0.00","0.00","N","9999","Request From LOS Module","","","",""
"159","61","Agreement Fee (%)","000104480000183","1","0.00","0.00","","0.00","0.00","0.00","N","9999","Request From LOS Module","","","",""
"160","62","Legal Fee (%)","000104480000183","1","0.00","0.00","","0.00","0.00","0.00","N","9999","Request From LOS Module","","","",""
"161","63","Other Fee (%)","000104480000183","1","0.00","0.00","","0.00","0.00","0.00","N","9999","Request From LOS Module","","","",""
"162","64","Agreement Fee (%)","000104480000184","1","0.00","0.00","","0.00","0.00","0.00","N","9999","Request From LOS Module","","","",""
"163","65","Legal Fee (%)","000104480000184","1","0.00","0.00","","0.00","0.00","0.00","N","9999","Request From LOS Module","","","",""
"164","66","Other Fee (%)","000104480000184","1","0.00","0.00","","0.00","0.00","0.00","N","9999","Request From LOS Module","","","",""
"165","67","Agreement Fee (%)","000104480000185","1","0.00","0.00","","0.00","0.00","0.00","N","9999","Request From LOS Module","","","",""
"166","68","Legal Fee (%)","000104480000185","1","0.00","0.00","","0.00","0.00","0.00","N","9999","Request From LOS Module","","","",""
"167","69","Other Fee (%)","000104480000185","1","0.00","0.00","","0.00","0.00","0.00","N","9999","Request From LOS Module","","","",""
"168","70","Agreement Fee (%)","000104480000186","1","0.00","0.00","","0.00","0.00","0.00","N","9999","Request From LOS Module","","","",""
"169","71","Legal Fee (%)","000104480000186","1","0.00","0.00","","0.00","0.00","0.00","N","9999","Request From LOS Module","","","",""
"170","72","Other Fee (%)","000104480000186","1","0.00","0.00","","0.00","0.00","0.00","N","9999","Request From LOS Module","","","",""
"171","73","Agreement Fee (%)","000104480000187","1","0.00","0.00","","0.00","0.00","0.00","N","9999","Request From LOS Module","","","",""
"172","74","Legal Fee (%)","000104480000187","1","0.00","0.00","","0.00","0.00","0.00","N","9999","Request From LOS Module","","","",""
"173","75","Other Fee (%)","000104480000187","1","0.00","0.00","","0.00","0.00","0.00","N","9999","Request From LOS Module","","","",""
"174","76","Agreement Fee (%)","000104480000188","1","0.00","0.00","","0.00","0.00","0.00","N","9999","Request From LOS Module","","","",""
"175","77","Legal Fee (%)","000104480000188","1","0.00","0.00","","0.00","0.00","0.00","N","9999","Request From LOS Module","","","",""
"176","78","Other Fee (%)","000104480000188","1","0.00","0.00","","0.00","0.00","0.00","N","9999","Request From LOS Module","","","",""
"177","79","Agreement Fee (%)","000104480000189","1","0.00","0.00","","0.00","0.00","0.00","N","9999","Request From LOS Module","","","",""
"178","80","Legal Fee (%)","000104480000189","1","0.00","0.00","","0.00","0.00","0.00","N","9999","Request From LOS Module","","","",""
"179","81","Other Fee (%)","000104480000189","1","0.00","0.00","","0.00","0.00","0.00","N","9999","Request From LOS Module","","","",""
"180","82","Agreement Fee (%)","000104480000190","1","0.00","0.00","","0.00","0.00","0.00","N","9999","Request From LOS Module","","","",""
"181","83","Legal Fee (%)","000104480000190","1","0.00","0.00","","0.00","0.00","0.00","N","9999","Request From LOS Module","","","",""
"182","84","Other Fee (%)","000104480000190","1","0.00","0.00","","0.00","0.00","0.00","N","9999","Request From LOS Module","","","",""
"183","85","Agreement Fee (%)","000104480000191","1","0.00","0.00","","0.00","0.00","0.00","N","9999","Request From LOS Module","","","",""
"184","86","Legal Fee (%)","000104480000191","1","0.00","0.00","","0.00","0.00","0.00","N","9999","Request From LOS Module","","","",""
"185","87","Other Fee (%)","000104480000191","1","0.00","0.00","","0.00","0.00","0.00","N","9999","Request From LOS Module","","","",""
"186","88","Agreement Fee (%)","000104480000192","1","0.00","0.00","","0.00","0.00","0.00","N","9999","Request From LOS Module","","","",""
"187","89","Legal Fee (%)","000104480000192","1","0.00","0.00","","0.00","0.00","0.00","N","9999","Request From LOS Module","","","",""
"188","90","Other Fee (%)","000104480000192","1","0.00","0.00","","0.00","0.00","0.00","N","9999","Request From LOS Module","","","",""
"189","91","Agreement Fee (%)","000104480000193","1","0.00","0.00","","0.00","0.00","0.00","N","9999","Request From LOS Module","","","",""
"190","92","Legal Fee (%)","000104480000193","1","0.00","0.00","","0.00","0.00","0.00","N","9999","Request From LOS Module","","","",""
"191","93","Other Fee (%)","000104480000193","1","0.00","0.00","","0.00","0.00","0.00","N","9999","Request From LOS Module","","","",""
"192","94","Agreement Fee (%)","000104480000194","1","0.00","0.00","","0.00","0.00","0.00","N","9999","Request From LOS Module","","","",""
"193","95","Legal Fee (%)","000104480000194","1","0.00","0.00","","0.00","0.00","0.00","N","9999","Request From LOS Module","","","",""
"194","96","Other Fee (%)","000104480000194","1","0.00","0.00","","0.00","0.00","0.00","N","9999","Request From LOS Module","","","",""
"195","97","Agreement Fee (%)","000104480000195","1","0.00","0.00","","0.00","0.00","0.00","N","9999","Request From LOS Module","","","",""
"196","98","Legal Fee (%)","000104480000195","1","0.00","0.00","","0.00","0.00","0.00","N","9999","Request From LOS Module","","","",""
"197","99","Other Fee (%)","000104480000195","1","0.00","0.00","","0.00","0.00","0.00","N","9999","Request From LOS Module","","","",""
"198","100","Agreement Fee (%)","000104480000196","1","0.00","0.00","","0.00","0.00","0.00","N","9999","Request From LOS Module","","","",""
"199","101","Legal Fee (%)","000104480000196","1","0.00","0.00","","0.00","0.00","0.00","N","9999","Request From LOS Module","","","",""
"200","102","Other Fee (%)","000104480000196","1","0.00","0.00","","0.00","0.00","0.00","N","9999","Request From LOS Module","","","",""
"201","103","Agreement Fee (%)","000104480000197","1","0.00","0.00","","0.00","0.00","0.00","N","9999","Request From LOS Module","","","",""
"202","104","Legal Fee (%)","000104480000197","1","0.00","0.00","","0.00","0.00","0.00","N","9999","Request From LOS Module","","","",""
"203","105","Other Fee (%)","000104480000197","1","0.00","0.00","","0.00","0.00","0.00","N","9999","Request From LOS Module","","","",""
"204","106","Agreement Fee (%)","000104480000198","1","0.00","0.00","","0.00","0.00","0.00","N","9999","Request From LOS Module","","","",""
"205","107","Legal Fee (%)","000104480000198","1","0.00","0.00","","0.00","0.00","0.00","N","9999","Request From LOS Module","","","",""
"206","108","Other Fee (%)","000104480000198","1","0.00","0.00","","0.00","0.00","0.00","N","9999","Request From LOS Module","","","",""
"207","109","Agreement Fee (%)","000104480000199","1","0.00","0.00","","0.00","0.00","0.00","N","9999","Request From LOS Module","","","",""
"208","110","Legal Fee (%)","000104480000199","1","0.00","0.00","","0.00","0.00","0.00","N","9999","Request From LOS Module","","","",""
"209","111","Other Fee (%)","000104480000199","1","0.00","0.00","","0.00","0.00","0.00","N","9999","Request From LOS Module","","","",""
"210","112","Agreement Fee (%)","000104480000200","1","0.00","0.00","","0.00","0.00","0.00","N","9999","Request From LOS Module","","","",""
"211","113","Legal Fee (%)","000104480000200","1","0.00","0.00","","0.00","0.00","0.00","N","9999","Request From LOS Module","","","",""
"212","114","Other Fee (%)","000104480000200","1","0.00","0.00","","0.00","0.00","0.00","N","9999","Request From LOS Module","","","",""
"213","115","Agreement Fee (%)","000104480000201","1","0.00","0.00","","0.00","0.00","0.00","N","9999","Request From LOS Module","","","",""
"214","116","Legal Fee (%)","000104480000201","1","0.00","0.00","","0.00","0.00","0.00","N","9999","Request From LOS Module","","","",""
"215","117","Other Fee (%)","000104480000201","1","0.00","0.00","","0.00","0.00","0.00","N","9999","Request From LOS Module","","","",""
"216","118","Agreement Fee (%)","000104480000202","1","0.00","0.00","","0.00","0.00","0.00","N","9999","Request From LOS Module","","","",""
"217","119","Legal Fee (%)","000104480000202","1","0.00","0.00","","0.00","0.00","0.00","N","9999","Request From LOS Module","","","",""
"218","120","Other Fee (%)","000104480000202","1","0.00","0.00","","0.00","0.00","0.00","N","9999","Request From LOS Module","","","",""
"219","121","Agreement Fee (%)","000104480000203","1","0.00","0.00","","0.00","0.00","0.00","N","9999","Request From LOS Module","","","",""
"220","122","Legal Fee (%)","000104480000203","1","0.00","0.00","","0.00","0.00","0.00","N","9999","Request From LOS Module","","","",""
"221","123","Other Fee (%)","000104480000203","1","0.00","0.00","","0.00","0.00","0.00","N","9999","Request From LOS Module","","","",""
"222","124","Agreement Fee (%)","000104480000204","1","0.00","0.00","","0.00","0.00","0.00","N","9999","Request From LOS Module","","","",""
"223","125","Legal Fee (%)","000104480000204","1","0.00","0.00","","0.00","0.00","0.00","N","9999","Request From LOS Module","","","",""
"224","126","Other Fee (%)","000104480000204","1","0.00","0.00","","0.00","0.00","0.00","N","9999","Request From LOS Module","","","",""
"225","127","Agreement Fee (%)","000104480000205","1","0.00","0.00","","0.00","0.00","0.00","N","9999","Request From LOS Module","","","",""
"226","128","Legal Fee (%)","000104480000205","1","0.00","0.00","","0.00","0.00","0.00","N","9999","Request From LOS Module","","","",""
"227","129","Other Fee (%)","000104480000205","1","0.00","0.00","","0.00","0.00","0.00","N","9999","Request From LOS Module","","","",""
"228","130","Agreement Fee (%)","000104480000206","1","0.00","0.00","","0.00","0.00","0.00","N","9999","Request From LOS Module","","","",""
"229","131","Legal Fee (%)","000104480000206","1","0.00","0.00","","0.00","0.00","0.00","N","9999","Request From LOS Module","","","",""
"230","132","Other Fee (%)","000104480000206","1","0.00","0.00","","0.00","0.00","0.00","N","9999","Request From LOS Module","","","",""
"231","133","Agreement Fee (%)","000104480000207","1","0.00","0.00","","0.00","0.00","0.00","N","9999","Request From LOS Module","","","",""
"232","134","Legal Fee (%)","000104480000207","1","0.00","0.00","","0.00","0.00","0.00","N","9999","Request From LOS Module","","","",""
"233","135","Other Fee (%)","000104480000207","1","0.00","0.00","","0.00","0.00","0.00","N","9999","Request From LOS Module","","","",""
"234","136","Agreement Fee (%)","000104480000208","1","0.00","0.00","","0.00","0.00","0.00","N","9999","Request From LOS Module","","","",""
"235","137","Legal Fee (%)","000104480000208","1","0.00","0.00","","0.00","0.00","0.00","N","9999","Request From LOS Module","","","",""
"236","138","Other Fee (%)","000104480000208","1","0.00","0.00","","0.00","0.00","0.00","N","9999","Request From LOS Module","","","",""
"237","145","Agreement Fee (%)","000104480000209","1","0.00","0.00","","0.00","0.00","0.00","N","9999","Request From LOS Module","","","",""
"238","146","Legal Fee (%)","000104480000209","1","0.00","0.00","","0.00","0.00","0.00","N","9999","Request From LOS Module","","","",""
"239","147","Other Fee (%)","000104480000209","1","0.00","0.00","","0.00","0.00","0.00","N","9999","Request From LOS Module","","","",""
"240","148","Agreement Fee (%)","000104480000210","1","0.00","0.00","","0.00","0.00","0.00","N","9999","Request From LOS Module","","","",""
"241","149","Legal Fee (%)","000104480000210","1","0.00","0.00","","0.00","0.00","0.00","N","9999","Request From LOS Module","","","",""
"242","150","Other Fee (%)","000104480000210","1","0.00","0.00","","0.00","0.00","0.00","N","9999","Request From LOS Module","","","",""
"243","151","Agreement Fee (%)","000104480000211","1","0.00","0.00","","0.00","0.00","0.00","N","9999","Request From LOS Module","","","",""
"244","152","Legal Fee (%)","000104480000211","1","0.00","0.00","","0.00","0.00","0.00","N","9999","Request From LOS Module","","","",""
"245","153","Other Fee (%)","000104480000211","1","0.00","0.00","","0.00","0.00","0.00","N","9999","Request From LOS Module","","","",""
"246","154","Agreement Fee (%)","000104480000212","1","0.00","0.00","","0.00","0.00","0.00","N","9999","Request From LOS Module","","","",""
"247","155","Legal Fee (%)","000104480000212","1","0.00","0.00","","0.00","0.00","0.00","N","9999","Request From LOS Module","","","",""
"248","156","Other Fee (%)","000104480000212","1","0.00","0.00","","0.00","0.00","0.00","N","9999","Request From LOS Module","","","",""
"249","160","Agreement Fee (%)","000104480000213","1","0.00","0.00","","0.00","0.00","0.00","N","9999","Request From LOS Module","","","",""
"250","161","Legal Fee (%)","000104480000213","1","0.00","0.00","","0.00","0.00","0.00","N","9999","Request From LOS Module","","","",""
"251","162","Other Fee (%)","000104480000213","1","0.00","0.00","","0.00","0.00","0.00","N","9999","Request From LOS Module","","","",""
"252","163","Agreement Fee (%)","000104480000214","1","0.00","0.00","","0.00","0.00","0.00","N","9999","Request From LOS Module","","","",""
"253","164","Legal Fee (%)","000104480000214","1","0.00","0.00","","0.00","0.00","0.00","N","9999","Request From LOS Module","","","",""
"254","165","Other Fee (%)","000104480000214","1","0.00","0.00","","0.00","0.00","0.00","N","9999","Request From LOS Module","","","",""
"255","175","Agreement Fee (%)","000104480000215","1","0.00","0.00","","0.00","0.00","0.00","N","9999","Request From LOS Module","","","",""
"256","176","Legal Fee (%)","000104480000215","1","0.00","0.00","","0.00","0.00","0.00","N","9999","Request From LOS Module","","","",""
"257","177","Other Fee (%)","000104480000215","1","0.00","0.00","","0.00","0.00","0.00","N","9999","Request From LOS Module","","","",""
"258","178","Agreement Fee (%)","000104480000216","1","0.00","0.00","","0.00","0.00","0.00","N","9999","Request From LOS Module","","","",""
"259","179","Legal Fee (%)","000104480000216","1","0.00","0.00","","0.00","0.00","0.00","N","9999","Request From LOS Module","","","",""
"260","180","Other Fee (%)","000104480000216","1","0.00","0.00","","0.00","0.00","0.00","N","9999","Request From LOS Module","","","",""
"261","181","Agreement Fee (%)","000104480000217","1","0.00","0.00","","0.00","0.00","0.00","N","9999","Request From LOS Module","","","",""
"262","182","Legal Fee (%)","000104480000217","1","0.00","0.00","","0.00","0.00","0.00","N","9999","Request From LOS Module","","","",""
"263","183","Other Fee (%)","000104480000217","1","0.00","0.00","","0.00","0.00","0.00","N","9999","Request From LOS Module","","","",""
"264","184","Agreement Fee (%)","000104480000218","1","0.00","0.00","","0.00","0.00","0.00","N","9999","Request From LOS Module","","","",""
"265","185","Legal Fee (%)","000104480000218","1","0.00","0.00","","0.00","0.00","0.00","N","9999","Request From LOS Module","","","",""
"266","186","Other Fee (%)","000104480000218","1","0.00","0.00","","0.00","0.00","0.00","N","9999","Request From LOS Module","","","",""
"267","187","Agreement Fee (%)","000104480000219","1","0.00","0.00","","0.00","0.00","0.00","N","9999","Request From LOS Module","","","",""
"268","188","Legal Fee (%)","000104480000219","1","0.00","0.00","","0.00","0.00","0.00","N","9999","Request From LOS Module","","","",""
"269","189","Other Fee (%)","000104480000219","1","0.00","0.00","","0.00","0.00","0.00","N","9999","Request From LOS Module","","","",""
"270","190","Agreement Fee (%)","000104480000220","1","0.00","0.00","","0.00","0.00","0.00","N","9999","Request From LOS Module","","","",""
"271","191","Legal Fee (%)","000104480000220","1","0.00","0.00","","0.00","0.00","0.00","N","9999","Request From LOS Module","","","",""
"272","192","Other Fee (%)","000104480000220","1","0.00","0.00","","0.00","0.00","0.00","N","9999","Request From LOS Module","","","",""
"273","193","Agreement Fee (%)","000104480000221","1","0.00","0.00","","0.00","0.00","0.00","N","9999","Request From LOS Module","","","",""
"274","194","Legal Fee (%)","000104480000221","1","0.00","0.00","","0.00","0.00","0.00","N","9999","Request From LOS Module","","","",""
"275","195","Other Fee (%)","000104480000221","1","0.00","0.00","","0.00","0.00","0.00","N","9999","Request From LOS Module","","","",""
"276","196","Agreement Fee (%)","000104480000222","1","0.00","0.00","","0.00","0.00","0.00","N","9999","Request From LOS Module","","","",""
"277","197","Legal Fee (%)","000104480000222","1","0.00","0.00","","0.00","0.00","0.00","N","9999","Request From LOS Module","","","",""
"278","198","Other Fee (%)","000104480000222","1","0.00","0.00","","0.00","0.00","0.00","N","9999","Request From LOS Module","","","",""
"279","199","Agreement Fee (%)","000104480000223","1","0.00","0.00","","0.00","0.00","0.00","N","9999","Request From LOS Module","","","",""
"280","200","Legal Fee (%)","000104480000223","1","0.00","0.00","","0.00","0.00","0.00","N","9999","Request From LOS Module","","","",""
"281","201","Other Fee (%)","000104480000223","1","0.00","0.00","","0.00","0.00","0.00","N","9999","Request From LOS Module","","","",""
"282","202","Agreement Fee (%)","000104480000224","1","0.00","0.00","","0.00","0.00","0.00","N","9999","Request From LOS Module","","","",""
"283","203","Legal Fee (%)","000104480000224","1","0.00","0.00","","0.00","0.00","0.00","N","9999","Request From LOS Module","","","",""
"284","204","Other Fee (%)","000104480000224","1","0.00","0.00","","0.00","0.00","0.00","N","9999","Request From LOS Module","","","",""
"285","205","Agreement Fee (%)","000104480000225","1","0.00","0.00","","0.00","0.00","0.00","N","9999","Request From LOS Module","","","",""
"286","206","Legal Fee (%)","000104480000225","1","0.00","0.00","","0.00","0.00","0.00","N","9999","Request From LOS Module","","","",""
"287","207","Other Fee (%)","000104480000225","1","0.00","0.00","","0.00","0.00","0.00","N","9999","Request From LOS Module","","","",""
"288","208","Agreement Fee (%)","000104480000226","1","0.00","0.00","","0.00","0.00","0.00","N","9999","Request From LOS Module","","","",""
"289","209","Legal Fee (%)","000104480000226","1","0.00","0.00","","0.00","0.00","0.00","N","9999","Request From LOS Module","","","",""
"290","210","Other Fee (%)","000104480000226","1","0.00","0.00","","0.00","0.00","0.00","N","9999","Request From LOS Module","","","",""
"291","211","Agreement Fee (%)","000104480000227","1","0.00","0.00","","0.00","0.00","0.00","N","9999","Request From LOS Module","","","",""
"292","212","Legal Fee (%)","000104480000227","1","0.00","0.00","","0.00","0.00","0.00","N","9999","Request From LOS Module","","","",""
"293","213","Other Fee (%)","000104480000227","1","0.00","0.00","","0.00","0.00","0.00","N","9999","Request From LOS Module","","","",""
"294","214","Agreement Fee (%)","000104480000228","1","0.00","0.00","","0.00","0.00","0.00","N","9999","Request From LOS Module","","","",""
"295","215","Legal Fee (%)","000104480000228","1","0.00","0.00","","0.00","0.00","0.00","N","9999","Request From LOS Module","","","",""
"296","216","Other Fee (%)","000104480000228","1","0.00","0.00","","0.00","0.00","0.00","N","9999","Request From LOS Module","","","",""
"297","217","Agreement Fee (%)","000104480000229","1","0.00","0.00","","0.00","0.00","0.00","N","9999","Request From LOS Module","","","",""
"298","218","Legal Fee (%)","000104480000229","1","0.00","0.00","","0.00","0.00","0.00","N","9999","Request From LOS Module","","","",""
"299","219","Other Fee (%)","000104480000229","1","0.00","0.00","","0.00","0.00","0.00","N","9999","Request From LOS Module","","","",""
"300","220","Agreement Fee (%)","000104480000230","1","0.00","0.00","","0.00","0.00","0.00","N","9999","Request From LOS Module","","","",""
"301","221","Legal Fee (%)","000104480000230","1","0.00","0.00","","0.00","0.00","0.00","N","9999","Request From LOS Module","","","",""
"302","222","Other Fee (%)","000104480000230","1","0.00","0.00","","0.00","0.00","0.00","N","9999","Request From LOS Module","","","",""
"303","223","Agreement Fee (%)","000104480000231","1","0.00","0.00","","0.00","0.00","0.00","N","9999","Request From LOS Module","","","",""
"304","224","Legal Fee (%)","000104480000231","1","0.00","0.00","","0.00","0.00","0.00","N","9999","Request From LOS Module","","","",""
"305","225","Other Fee (%)","000104480000231","1","0.00","0.00","","0.00","0.00","0.00","N","9999","Request From LOS Module","","","",""
"306","226","Agreement Fee (%)","000104480000232","1","0.00","0.00","","0.00","0.00","0.00","N","9999","Request From LOS Module","","","",""
"307","227","Legal Fee (%)","000104480000232","1","0.00","0.00","","0.00","0.00","0.00","N","9999","Request From LOS Module","","","",""
"308","228","Other Fee (%)","000104480000232","1","0.00","0.00","","0.00","0.00","0.00","N","9999","Request From LOS Module","","","",""
"309","229","Agreement Fee (%)","000104480000233","1","0.00","0.00","","0.00","0.00","0.00","N","9999","Request From LOS Module","","","",""
"310","230","Legal Fee (%)","000104480000233","1","0.00","0.00","","0.00","0.00","0.00","N","9999","Request From LOS Module","","","",""
"311","231","Other Fee (%)","000104480000233","1","0.00","0.00","","0.00","0.00","0.00","N","9999","Request From LOS Module","","","",""
"312","232","Agreement Fee (%)","000104480000234","1","0.00","0.00","","0.00","0.00","0.00","N","9999","Request From LOS Module","","","",""
"313","233","Legal Fee (%)","000104480000234","1","0.00","0.00","","0.00","0.00","0.00","N","9999","Request From LOS Module","","","",""
"314","234","Other Fee (%)","000104480000234","1","0.00","0.00","","0.00","0.00","0.00","N","9999","Request From LOS Module","","","",""
"315","235","Agreement Fee (%)","000104480000235","1","0.00","0.00","","0.00","0.00","0.00","N","9999","Request From LOS Module","","","",""
"316","236","Legal Fee (%)","000104480000235","1","0.00","0.00","","0.00","0.00","0.00","N","9999","Request From LOS Module","","","",""
"317","237","Other Fee (%)","000104480000235","1","0.00","0.00","","0.00","0.00","0.00","N","9999","Request From LOS Module","","","",""
"318","238","Agreement Fee (%)","000104480000236","1","0.00","0.00","","0.00","0.00","0.00","N","9999","Request From LOS Module","","","",""
"319","239","Legal Fee (%)","000104480000236","1","0.00","0.00","","0.00","0.00","0.00","N","9999","Request From LOS Module","","","",""
"320","240","Other Fee (%)","000104480000236","1","0.00","0.00","","0.00","0.00","0.00","N","9999","Request From LOS Module","","","",""
"321","241","Agreement Fee (%)","000104480000237","1","0.00","0.00","","0.00","0.00","0.00","N","9999","Request From LOS Module","","","",""
"322","242","Legal Fee (%)","000104480000237","1","0.00","0.00","","0.00","0.00","0.00","N","9999","Request From LOS Module","","","",""
"323","243","Other Fee (%)","000104480000237","1","0.00","0.00","","0.00","0.00","0.00","N","9999","Request From LOS Module","","","",""
"324","244","Agreement Fee (%)","000104480000238","1","0.00","0.00","","0.00","0.00","0.00","N","9999","Request From LOS Module","","","",""
"325","245","Legal Fee (%)","000104480000238","1","0.00","0.00","","0.00","0.00","0.00","N","9999","Request From LOS Module","","","",""
"326","246","Other Fee (%)","000104480000238","1","0.00","0.00","","0.00","0.00","0.00","N","9999","Request From LOS Module","","","",""
"327","247","Agreement Fee (%)","000104480000239","1","0.00","0.00","","0.00","0.00","0.00","N","9999","Request From LOS Module","","","",""
"328","248","Legal Fee (%)","000104480000239","1","0.00","0.00","","0.00","0.00","0.00","N","9999","Request From LOS Module","","","",""
"329","249","Other Fee (%)","000104480000239","1","0.00","0.00","","0.00","0.00","0.00","N","9999","Request From LOS Module","","","",""
"330","250","Agreement Fee (%)","000104480000240","1","0.00","0.00","","0.00","0.00","0.00","N","9999","Request From LOS Module","","","",""
"331","251","Legal Fee (%)","000104480000240","1","0.00","0.00","","0.00","0.00","0.00","N","9999","Request From LOS Module","","","",""
"332","252","Other Fee (%)","000104480000240","1","0.00","0.00","","0.00","0.00","0.00","N","9999","Request From LOS Module","","","",""
"333","253","Agreement Fee (%)","000104480000241","1","0.00","0.00","","0.00","0.00","0.00","N","9999","Request From LOS Module","","","",""
"334","254","Legal Fee (%)","000104480000241","1","0.00","0.00","","0.00","0.00","0.00","N","9999","Request From LOS Module","","","",""
"335","255","Other Fee (%)","000104480000241","1","0.00","0.00","","0.00","0.00","0.00","N","9999","Request From LOS Module","","","",""
"336","256","Agreement Fee (%)","000104480000242","1","0.00","0.00","","0.00","0.00","0.00","N","9999","Request From LOS Module","","","",""
"337","257","Legal Fee (%)","000104480000242","1","0.00","0.00","","0.00","0.00","0.00","N","9999","Request From LOS Module","","","",""
"338","258","Other Fee (%)","000104480000242","1","0.00","0.00","","0.00","0.00","0.00","N","9999","Request From LOS Module","","","",""
"339","259","Agreement Fee (%)","000104480000243","1","0.00","0.00","","0.00","0.00","0.00","N","9999","Request From LOS Module","","","",""
"340","260","Legal Fee (%)","000104480000243","1","0.00","0.00","","0.00","0.00","0.00","N","9999","Request From LOS Module","","","",""
"341","261","Other Fee (%)","000104480000243","1","0.00","0.00","","0.00","0.00","0.00","N","9999","Request From LOS Module","","","",""
"342","262","Agreement Fee (%)","000104480000244","1","0.00","0.00","","0.00","0.00","0.00","N","9999","Request From LOS Module","","","",""
"343","263","Legal Fee (%)","000104480000244","1","0.00","0.00","","0.00","0.00","0.00","N","9999","Request From LOS Module","","","",""
"344","264","Other Fee (%)","000104480000244","1","0.00","0.00","","0.00","0.00","0.00","N","9999","Request From LOS Module","","","",""
"345","265","Agreement Fee (%)","000104480000245","1","0.00","0.00","","0.00","0.00","0.00","N","9999","Request From LOS Module","","","",""
"346","266","Legal Fee (%)","000104480000245","1","0.00","0.00","","0.00","0.00","0.00","N","9999","Request From LOS Module","","","",""
"347","267","Other Fee (%)","000104480000245","1","0.00","0.00","","0.00","0.00","0.00","N","9999","Request From LOS Module","","","",""
"348","268","Agreement Fee (%)","000104480000246","1","0.00","0.00","","0.00","0.00","0.00","N","9999","Request From LOS Module","","","",""
"349","269","Legal Fee (%)","000104480000246","1","0.00","0.00","","0.00","0.00","0.00","N","9999","Request From LOS Module","","","",""
"350","270","Other Fee (%)","000104480000246","1","0.00","0.00","","0.00","0.00","0.00","N","9999","Request From LOS Module","","","",""
"351","271","Agreement Fee (%)","000104480000247","1","0.00","0.00","","0.00","0.00","0.00","N","9999","Request From LOS Module","","","",""
"352","272","Legal Fee (%)","000104480000247","1","0.00","0.00","","0.00","0.00","0.00","N","9999","Request From LOS Module","","","",""
"353","273","Other Fee (%)","000104480000247","1","0.00","0.00","","0.00","0.00","0.00","N","9999","Request From LOS Module","","","",""
"354","274","Agreement Fee (%)","000104480000248","1","0.00","0.00","","0.00","0.00","0.00","N","9999","Request From LOS Module","","","",""
"355","275","Legal Fee (%)","000104480000248","1","0.00","0.00","","0.00","0.00","0.00","N","9999","Request From LOS Module","","","",""
"356","276","Other Fee (%)","000104480000248","1","0.00","0.00","","0.00","0.00","0.00","N","9999","Request From LOS Module","","","",""
"357","277","Agreement Fee (%)","000104480000249","1","0.00","0.00","","0.00","0.00","0.00","N","9999","Request From LOS Module","","","",""
"358","278","Legal Fee (%)","000104480000249","1","0.00","0.00","","0.00","0.00","0.00","N","9999","Request From LOS Module","","","",""
"359","279","Other Fee (%)","000104480000249","1","0.00","0.00","","0.00","0.00","0.00","N","9999","Request From LOS Module","","","",""
"360","280","Agreement Fee (%)","000104480000250","1","0.00","0.00","","0.00","0.00","0.00","N","9999","Request From LOS Module","","","",""
"361","281","Legal Fee (%)","000104480000250","1","0.00","0.00","","0.00","0.00","0.00","N","9999","Request From LOS Module","","","",""
"362","282","Other Fee (%)","000104480000250","1","0.00","0.00","","0.00","0.00","0.00","N","9999","Request From LOS Module","","","",""
"363","286","Agreement Fee (%)","000104480000251","1","0.00","0.00","","0.00","0.00","0.00","N","9999","Request From LOS Module","","","",""
"364","287","Legal Fee (%)","000104480000251","1","0.00","0.00","","0.00","0.00","0.00","N","9999","Request From LOS Module","","","",""
"365","288","Other Fee (%)","000104480000251","1","0.00","0.00","","0.00","0.00","0.00","N","9999","Request From LOS Module","","","",""
"366","289","Agreement Fee (%)","000104480000252","1","0.00","0.00","","0.00","0.00","0.00","N","9999","Request From LOS Module","","","",""
"367","290","Legal Fee (%)","000104480000252","1","0.00","0.00","","0.00","0.00","0.00","N","9999","Request From LOS Module","","","",""
"368","291","Other Fee (%)","000104480000252","1","0.00","0.00","","0.00","0.00","0.00","N","9999","Request From LOS Module","","","",""
"369","292","Agreement Fee (%)","000104480000253","1","0.00","0.00","","0.00","0.00","0.00","N","9999","Request From LOS Module","","","",""
"370","293","Legal Fee (%)","000104480000253","1","0.00","0.00","","0.00","0.00","0.00","N","9999","Request From LOS Module","","","",""
"371","294","Other Fee (%)","000104480000253","1","0.00","0.00","","0.00","0.00","0.00","N","9999","Request From LOS Module","","","",""
"372","295","Agreement Fee (%)","000104480000254","1","0.00","0.00","","0.00","0.00","0.00","N","9999","Request From LOS Module","","","",""
"373","296","Legal Fee (%)","000104480000254","1","0.00","0.00","","0.00","0.00","0.00","N","9999","Request From LOS Module","","","",""
"374","297","Other Fee (%)","000104480000254","1","0.00","0.00","","0.00","0.00","0.00","N","9999","Request From LOS Module","","","",""
"375","298","Agreement Fee (%)","000104480000255","1","0.00","0.00","","0.00","0.00","0.00","N","9999","Request From LOS Module","","","",""
"376","299","Legal Fee (%)","000104480000255","1","0.00","0.00","","0.00","0.00","0.00","N","9999","Request From LOS Module","","","",""
"377","300","Other Fee (%)","000104480000255","1","0.00","0.00","","0.00","0.00","0.00","N","9999","Request From LOS Module","","","",""
"378","301","Agreement Fee (%)","000104480000256","1","0.00","0.00","","0.00","0.00","0.00","N","9999","Request From LOS Module","","","",""
"379","302","Legal Fee (%)","000104480000256","1","0.00","0.00","","0.00","0.00","0.00","N","9999","Request From LOS Module","","","",""
"380","303","Other Fee (%)","000104480000256","1","0.00","0.00","","0.00","0.00","0.00","N","9999","Request From LOS Module","","","",""
"381","304","Agreement Fee (%)","000104480000257","1","0.00","0.00","","0.00","0.00","0.00","N","9999","Request From LOS Module","","","",""
"382","305","Legal Fee (%)","000104480000257","1","0.00","0.00","","0.00","0.00","0.00","N","9999","Request From LOS Module","","","",""
"383","306","Other Fee (%)","000104480000257","1","0.00","0.00","","0.00","0.00","0.00","N","9999","Request From LOS Module","","","",""
"384","307","Agreement Fee (%)","000104480000258","1","0.00","0.00","","0.00","0.00","0.00","N","9999","Request From LOS Module","","","",""
"385","308","Legal Fee (%)","000104480000258","1","0.00","0.00","","0.00","0.00","0.00","N","9999","Request From LOS Module","","","",""
"386","309","Other Fee (%)","000104480000258","1","0.00","0.00","","0.00","0.00","0.00","N","9999","Request From LOS Module","","","",""
"387","310","Agreement Fee (%)","000104480000259","1","0.00","0.00","","0.00","0.00","0.00","N","9999","Request From LOS Module","","","",""
"388","311","Legal Fee (%)","000104480000259","1","0.00","0.00","","0.00","0.00","0.00","N","9999","Request From LOS Module","","","",""
"389","312","Other Fee (%)","000104480000259","1","0.00","0.00","","0.00","0.00","0.00","N","9999","Request From LOS Module","","","",""
"390","313","Agreement Fee (%)","000104480000260","1","0.00","0.00","","0.00","0.00","0.00","N","9999","Request From LOS Module","","","",""
"391","314","Legal Fee (%)","000104480000260","1","0.00","0.00","","0.00","0.00","0.00","N","9999","Request From LOS Module","","","",""
"392","315","Other Fee (%)","000104480000260","1","0.00","0.00","","0.00","0.00","0.00","N","9999","Request From LOS Module","","","",""
"393","316","Agreement Fee (%)","000104480000261","1","0.00","0.00","","0.00","0.00","0.00","N","9999","Request From LOS Module","","","",""
"394","317","Legal Fee (%)","000104480000261","1","0.00","0.00","","0.00","0.00","0.00","N","9999","Request From LOS Module","","","",""
"395","318","Other Fee (%)","000104480000261","1","0.00","0.00","","0.00","0.00","0.00","N","9999","Request From LOS Module","","","",""
"396","319","Agreement Fee (%)","000104480000262","1","0.00","0.00","","0.00","0.00","0.00","N","9999","Request From LOS Module","","","",""
"397","320","Legal Fee (%)","000104480000262","1","0.00","0.00","","0.00","0.00","0.00","N","9999","Request From LOS Module","","","",""
"398","321","Other Fee (%)","000104480000262","1","0.00","0.00","","0.00","0.00","0.00","N","9999","Request From LOS Module","","","",""
"399","322","Agreement Fee (%)","000104480000263","1","0.00","0.00","","0.00","0.00","0.00","N","9999","Request From LOS Module","","","",""
"400","323","Legal Fee (%)","000104480000263","1","0.00","0.00","","0.00","0.00","0.00","N","9999","Request From LOS Module","","","",""
"401","324","Other Fee (%)","000104480000263","1","0.00","0.00","","0.00","0.00","0.00","N","9999","Request From LOS Module","","","",""
"402","325","Agreement Fee (%)","000104480000264","1","0.00","0.00","","0.00","0.00","0.00","N","9999","Request From LOS Module","","","",""
"403","326","Legal Fee (%)","000104480000264","1","0.00","0.00","","0.00","0.00","0.00","N","9999","Request From LOS Module","","","",""
"404","327","Other Fee (%)","000104480000264","1","0.00","0.00","","0.00","0.00","0.00","N","9999","Request From LOS Module","","","",""
"405","328","Agreement Fee (%)","000104480000265","1","0.00","0.00","","0.00","0.00","0.00","N","9999","Request From LOS Module","","","",""
"406","329","Legal Fee (%)","000104480000265","1","0.00","0.00","","0.00","0.00","0.00","N","9999","Request From LOS Module","","","",""
"407","330","Other Fee (%)","000104480000265","1","0.00","0.00","","0.00","0.00","0.00","N","9999","Request From LOS Module","","","",""
"408","331","Agreement Fee (%)","000104480000266","1","0.00","0.00","","0.00","0.00","0.00","N","9999","Request From LOS Module","","","",""
"409","332","Legal Fee (%)","000104480000266","1","0.00","0.00","","0.00","0.00","0.00","N","9999","Request From LOS Module","","","",""
"410","333","Other Fee (%)","000104480000266","1","0.00","0.00","","0.00","0.00","0.00","N","9999","Request From LOS Module","","","",""
"411","334","Agreement Fee (%)","000104480000267","1","0.00","0.00","","0.00","0.00","0.00","N","9999","Request From LOS Module","","","",""
"412","335","Legal Fee (%)","000104480000267","1","0.00","0.00","","0.00","0.00","0.00","N","9999","Request From LOS Module","","","",""
"413","336","Other Fee (%)","000104480000267","1","0.00","0.00","","0.00","0.00","0.00","N","9999","Request From LOS Module","","","",""
"414","337","Agreement Fee (%)","000104480000268","1","0.00","0.00","","0.00","0.00","0.00","N","9999","Request From LOS Module","","","",""
"415","338","Legal Fee (%)","000104480000268","1","0.00","0.00","","0.00","0.00","0.00","N","9999","Request From LOS Module","","","",""
"416","339","Other Fee (%)","000104480000268","1","0.00","0.00","","0.00","0.00","0.00","N","9999","Request From LOS Module","","","",""
"417","340","Agreement Fee (%)","000104480000269","1","0.00","0.00","","0.00","0.00","0.00","N","9999","Request From LOS Module","","","",""
"418","341","Legal Fee (%)","000104480000269","1","0.00","0.00","","0.00","0.00","0.00","N","9999","Request From LOS Module","","","",""
"419","342","Other Fee (%)","000104480000269","1","0.00","0.00","","0.00","0.00","0.00","N","9999","Request From LOS Module","","","",""
"420","343","Agreement Fee (%)","000104480000270","1","0.00","0.00","","0.00","0.00","0.00","N","9999","Request From LOS Module","","","",""
"421","344","Legal Fee (%)","000104480000270","1","0.00","0.00","","0.00","0.00","0.00","N","9999","Request From LOS Module","","","",""
"422","345","Other Fee (%)","000104480000270","1","0.00","0.00","","0.00","0.00","0.00","N","9999","Request From LOS Module","","","",""
"423","346","Agreement Fee (%)","000104480000271","1","0.00","0.00","","0.00","0.00","0.00","N","9999","Request From LOS Module","","","",""
"424","347","Legal Fee (%)","000104480000271","1","0.00","0.00","","0.00","0.00","0.00","N","9999","Request From LOS Module","","","",""
"425","348","Other Fee (%)","000104480000271","1","0.00","0.00","","0.00","0.00","0.00","N","9999","Request From LOS Module","","","",""
"426","349","Agreement Fee (%)","000104480000272","1","0.00","0.00","","0.00","0.00","0.00","N","9999","Request From LOS Module","","","",""
"427","350","Legal Fee (%)","000104480000272","1","0.00","0.00","","0.00","0.00","0.00","N","9999","Request From LOS Module","","","",""
"428","351","Other Fee (%)","000104480000272","1","0.00","0.00","","0.00","0.00","0.00","N","9999","Request From LOS Module","","","",""
"429","352","Agreement Fee (%)","000104480000273","1","0.00","0.00","","0.00","0.00","0.00","N","9999","Request From LOS Module","","","",""
"430","353","Legal Fee (%)","000104480000273","1","0.00","0.00","","0.00","0.00","0.00","N","9999","Request From LOS Module","","","",""
"431","354","Other Fee (%)","000104480000273","1","0.00","0.00","","0.00","0.00","0.00","N","9999","Request From LOS Module","","","",""
"432","355","Agreement Fee (%)","000104480000274","1","0.00","0.00","","0.00","0.00","0.00","N","9999","Request From LOS Module","","","",""
"433","356","Legal Fee (%)","000104480000274","1","0.00","0.00","","0.00","0.00","0.00","N","9999","Request From LOS Module","","","",""
"434","357","Other Fee (%)","000104480000274","1","0.00","0.00","","0.00","0.00","0.00","N","9999","Request From LOS Module","","","",""
"435","358","Agreement Fee (%)","000104480000275","1","0.00","0.00","","0.00","0.00","0.00","N","9999","Request From LOS Module","","","",""
"436","359","Legal Fee (%)","000104480000275","1","0.00","0.00","","0.00","0.00","0.00","N","9999","Request From LOS Module","","","",""
"437","360","Other Fee (%)","000104480000275","1","0.00","0.00","","0.00","0.00","0.00","N","9999","Request From LOS Module","","","",""
"438","361","Agreement Fee (%)","000104480000276","1","0.00","0.00","","0.00","0.00","0.00","N","9999","Request From LOS Module","","","",""
"439","362","Legal Fee (%)","000104480000276","1","0.00","0.00","","0.00","0.00","0.00","N","9999","Request From LOS Module","","","",""
"440","363","Other Fee (%)","000104480000276","1","0.00","0.00","","0.00","0.00","0.00","N","9999","Request From LOS Module","","","",""
"441","364","Agreement Fee (%)","000104480000277","1","0.00","0.00","","0.00","0.00","0.00","N","9999","Request From LOS Module","","","",""
"442","365","Legal Fee (%)","000104480000277","1","0.00","0.00","","0.00","0.00","0.00","N","9999","Request From LOS Module","","","",""
"443","366","Other Fee (%)","000104480000277","1","0.00","0.00","","0.00","0.00","0.00","N","9999","Request From LOS Module","","","",""
"444","367","Agreement Fee (%)","000104480000278","1","0.00","0.00","","0.00","0.00","0.00","N","9999","Request From LOS Module","","","",""
"445","368","Legal Fee (%)","000104480000278","1","0.00","0.00","","0.00","0.00","0.00","N","9999","Request From LOS Module","","","",""
"446","369","Other Fee (%)","000104480000278","1","0.00","0.00","","0.00","0.00","0.00","N","9999","Request From LOS Module","","","",""
"447","370","Agreement Fee (%)","000104480000279","1","0.00","0.00","","0.00","0.00","0.00","N","9999","Request From LOS Module","","","",""
"448","371","Legal Fee (%)","000104480000279","1","0.00","0.00","","0.00","0.00","0.00","N","9999","Request From LOS Module","","","",""
"449","372","Other Fee (%)","000104480000279","1","0.00","0.00","","0.00","0.00","0.00","N","9999","Request From LOS Module","","","",""
"450","373","Agreement Fee (%)","000104480000280","1","0.00","0.00","","0.00","0.00","0.00","N","9999","Request From LOS Module","","","",""
"451","374","Legal Fee (%)","000104480000280","1","0.00","0.00","","0.00","0.00","0.00","N","9999","Request From LOS Module","","","",""
"452","375","Other Fee (%)","000104480000280","1","0.00","0.00","","0.00","0.00","0.00","N","9999","Request From LOS Module","","","",""
"453","376","Agreement Fee (%)","000104480000281","1","0.00","0.00","","0.00","0.00","0.00","N","9999","Request From LOS Module","","","",""
"454","377","Legal Fee (%)","000104480000281","1","0.00","0.00","","0.00","0.00","0.00","N","9999","Request From LOS Module","","","",""
"455","378","Other Fee (%)","000104480000281","1","0.00","0.00","","0.00","0.00","0.00","N","9999","Request From LOS Module","","","",""
"456","379","Agreement Fee (%)","000104480000282","1","0.00","0.00","","0.00","0.00","0.00","N","9999","Request From LOS Module","","","",""
"457","380","Legal Fee (%)","000104480000282","1","0.00","0.00","","0.00","0.00","0.00","N","9999","Request From LOS Module","","","",""
"458","381","Other Fee (%)","000104480000282","1","0.00","0.00","","0.00","0.00","0.00","N","9999","Request From LOS Module","","","",""
"459","382","Agreement Fee (%)","000104480000283","1","0.00","0.00","","0.00","0.00","0.00","N","9999","Request From LOS Module","","","",""
"460","383","Legal Fee (%)","000104480000283","1","0.00","0.00","","0.00","0.00","0.00","N","9999","Request From LOS Module","","","",""
"461","384","Other Fee (%)","000104480000283","1","0.00","0.00","","0.00","0.00","0.00","N","9999","Request From LOS Module","","","",""
"462","385","Agreement Fee (%)","000104480000284","1","0.00","0.00","","0.00","0.00","0.00","N","9999","Request From LOS Module","","","",""
"463","386","Legal Fee (%)","000104480000284","1","0.00","0.00","","0.00","0.00","0.00","N","9999","Request From LOS Module","","","",""
"464","387","Other Fee (%)","000104480000284","1","0.00","0.00","","0.00","0.00","0.00","N","9999","Request From LOS Module","","","",""
"465","388","Agreement Fee (%)","000104480000285","1","0.00","0.00","","0.00","0.00","0.00","N","9999","Request From LOS Module","","","",""
"466","389","Legal Fee (%)","000104480000285","1","0.00","0.00","","0.00","0.00","0.00","N","9999","Request From LOS Module","","","",""
"467","390","Other Fee (%)","000104480000285","1","0.00","0.00","","0.00","0.00","0.00","N","9999","Request From LOS Module","","","",""
"468","391","Agreement Fee (%)","000104480000286","1","0.00","0.00","","0.00","0.00","0.00","N","9999","Request From LOS Module","","","",""
"469","392","Legal Fee (%)","000104480000286","1","0.00","0.00","","0.00","0.00","0.00","N","9999","Request From LOS Module","","","",""
"470","393","Other Fee (%)","000104480000286","1","0.00","0.00","","0.00","0.00","0.00","N","9999","Request From LOS Module","","","",""
"471","394","Agreement Fee (%)","000104480000287","1","0.00","0.00","","0.00","0.00","0.00","N","9999","Request From LOS Module","","","",""
"472","395","Legal Fee (%)","000104480000287","1","0.00","0.00","","0.00","0.00","0.00","N","9999","Request From LOS Module","","","",""
"473","396","Other Fee (%)","000104480000287","1","0.00","0.00","","0.00","0.00","0.00","N","9999","Request From LOS Module","","","",""
"474","397","Legal Fee (%)","000104480000288","1","0.00","0.00","","0.00","0.00","0.00","N","9999","Request From LOS Module","","","",""
"475","398","Other Fee (%)","000104480000288","1","0.00","0.00","","0.00","0.00","0.00","N","9999","Request From LOS Module","","","",""
"476","399","Agreement Fee (%)","000104480000288","1","0.00","0.00","","0.00","0.00","0.00","N","9999","Request From LOS Module","","","",""
"477","400","Agreement Fee (%)","000104480000289","1","0.00","0.00","","0.00","0.00","0.00","N","9999","Request From LOS Module","","","",""
"478","401","Legal Fee (%)","000104480000289","1","0.00","0.00","","0.00","0.00","0.00","N","9999","Request From LOS Module","","","",""
"479","402","Other Fee (%)","000104480000289","1","0.00","0.00","","0.00","0.00","0.00","N","9999","Request From LOS Module","","","",""
"480","403","Agreement Fee (%)","000104480000290","1","0.00","0.00","","0.00","0.00","0.00","N","9999","Request From LOS Module","","","",""
"481","404","Legal Fee (%)","000104480000290","1","0.00","0.00","","0.00","0.00","0.00","N","9999","Request From LOS Module","","","",""
"482","405","Other Fee (%)","000104480000290","1","0.00","0.00","","0.00","0.00","0.00","N","9999","Request From LOS Module","","","",""
"483","406","Agreement Fee (%)","000104480000291","1","0.00","0.00","","0.00","0.00","0.00","N","9999","Request From LOS Module","","","",""
"484","407","Legal Fee (%)","000104480000291","1","0.00","0.00","","0.00","0.00","0.00","N","9999","Request From LOS Module","","","",""
"485","408","Other Fee (%)","000104480000291","1","0.00","0.00","","0.00","0.00","0.00","N","9999","Request From LOS Module","","","",""
"486","409","Agreement Fee (%)","000104480000292","1","0.00","0.00","","0.00","0.00","0.00","N","9999","Request From LOS Module","","","",""
"487","410","Legal Fee (%)","000104480000292","1","0.00","0.00","","0.00","0.00","0.00","N","9999","Request From LOS Module","","","",""
"488","411","Other Fee (%)","000104480000292","1","0.00","0.00","","0.00","0.00","0.00","N","9999","Request From LOS Module","","","",""
"489","412","Agreement Fee (%)","000104480000293","1","0.00","0.00","","0.00","0.00","0.00","N","9999","Request From LOS Module","","","",""
"490","413","Legal Fee (%)","000104480000293","1","0.00","0.00","","0.00","0.00","0.00","N","9999","Request From LOS Module","","","",""
"491","414","Other Fee (%)","000104480000293","1","0.00","0.00","","0.00","0.00","0.00","N","9999","Request From LOS Module","","","",""
"492","415","Agreement Fee (%)","000104480000294","1","0.00","0.00","","0.00","0.00","0.00","N","9999","Request From LOS Module","","","",""
"493","416","Legal Fee (%)","000104480000294","1","0.00","0.00","","0.00","0.00","0.00","N","9999","Request From LOS Module","","","",""
"494","417","Other Fee (%)","000104480000294","1","0.00","0.00","","0.00","0.00","0.00","N","9999","Request From LOS Module","","","",""
"495","418","Agreement Fee (%)","000104480000295","1","0.00","0.00","","0.00","0.00","0.00","N","9999","Request From LOS Module","","","",""
"496","419","Legal Fee (%)","000104480000295","1","0.00","0.00","","0.00","0.00","0.00","N","9999","Request From LOS Module","","","",""
"497","420","Other Fee (%)","000104480000295","1","0.00","0.00","","0.00","0.00","0.00","N","9999","Request From LOS Module","","","",""
"498","421","Agreement Fee (%)","000104480000296","1","0.00","0.00","","0.00","0.00","0.00","N","9999","Request From LOS Module","","","",""
"499","422","Legal Fee (%)","000104480000296","1","0.00","0.00","","0.00","0.00","0.00","N","9999","Request From LOS Module","","","",""
"500","423","Other Fee (%)","000104480000296","1","0.00","0.00","","0.00","0.00","0.00","N","9999","Request From LOS Module","","","",""
"501","424","Agreement Fee (%)","000104480000297","1","0.00","0.00","","0.00","0.00","0.00","N","9999","Request From LOS Module","","","",""
"502","425","Legal Fee (%)","000104480000297","1","0.00","0.00","","0.00","0.00","0.00","N","9999","Request From LOS Module","","","",""
"503","426","Other Fee (%)","000104480000297","1","0.00","0.00","","0.00","0.00","0.00","N","9999","Request From LOS Module","","","",""
"504","427","Agreement Fee (%)","000104480000298","1","0.00","0.00","","0.00","0.00","0.00","N","9999","Request From LOS Module","","","",""
"505","428","Legal Fee (%)","000104480000298","1","0.00","0.00","","0.00","0.00","0.00","N","9999","Request From LOS Module","","","",""
"506","429","Other Fee (%)","000104480000298","1","0.00","0.00","","0.00","0.00","0.00","N","9999","Request From LOS Module","","","",""
"507","430","Agreement Fee (%)","000104480000299","1","0.00","0.00","","0.00","0.00","0.00","N","9999","Request From LOS Module","","","",""
"508","431","Legal Fee (%)","000104480000299","1","0.00","0.00","","0.00","0.00","0.00","N","9999","Request From LOS Module","","","",""
"509","432","Other Fee (%)","000104480000299","1","0.00","0.00","","0.00","0.00","0.00","N","9999","Request From LOS Module","","","",""
"510","433","Agreement Fee (%)","000104480000300","1","0.00","0.00","","0.00","0.00","0.00","N","9999","Request From LOS Module","","","",""
"511","434","Legal Fee (%)","000104480000300","1","0.00","0.00","","0.00","0.00","0.00","N","9999","Request From LOS Module","","","",""
"512","435","Other Fee (%)","000104480000300","1","0.00","0.00","","0.00","0.00","0.00","N","9999","Request From LOS Module","","","",""
"513","436","Agreement Fee (%)","000104480000301","1","0.00","0.00","","0.00","0.00","0.00","N","9999","Request From LOS Module","","","",""
"514","437","Legal Fee (%)","000104480000301","1","0.00","0.00","","0.00","0.00","0.00","N","9999","Request From LOS Module","","","",""
"515","438","Other Fee (%)","000104480000301","1","0.00","0.00","","0.00","0.00","0.00","N","9999","Request From LOS Module","","","",""
"516","439","Agreement Fee (%)","000104480000302","1","0.00","0.00","","0.00","0.00","0.00","N","9999","Request From LOS Module","","","",""
"517","440","Legal Fee (%)","000104480000302","1","0.00","0.00","","0.00","0.00","0.00","N","9999","Request From LOS Module","","","",""
"518","441","Other Fee (%)","000104480000302","1","0.00","0.00","","0.00","0.00","0.00","N","9999","Request From LOS Module","","","",""
"519","442","Agreement Fee (%)","000104480000303","1","0.00","0.00","","0.00","0.00","0.00","N","9999","Request From LOS Module","","","",""
"520","443","Legal Fee (%)","000104480000303","1","0.00","0.00","","0.00","0.00","0.00","N","9999","Request From LOS Module","","","",""
"521","444","Other Fee (%)","000104480000303","1","0.00","0.00","","0.00","0.00","0.00","N","9999","Request From LOS Module","","","",""
"522","445","Agreement Fee (%)","000104480000304","1","0.00","0.00","","0.00","0.00","0.00","N","9999","Request From LOS Module","","","",""
"523","446","Legal Fee (%)","000104480000304","1","0.00","0.00","","0.00","0.00","0.00","N","9999","Request From LOS Module","","","",""
"524","447","Other Fee (%)","000104480000304","1","0.00","0.00","","0.00","0.00","0.00","N","9999","Request From LOS Module","","","",""
"525","448","Agreement Fee (%)","000104480000305","1","0.00","0.00","","0.00","0.00","0.00","N","9999","Request From LOS Module","","","",""
"526","449","Legal Fee (%)","000104480000305","1","0.00","0.00","","0.00","0.00","0.00","N","9999","Request From LOS Module","","","",""
"527","450","Other Fee (%)","000104480000305","1","0.00","0.00","","0.00","0.00","0.00","N","9999","Request From LOS Module","","","",""
"528","451","Agreement Fee (%)","000104480000306","1","0.00","0.00","","0.00","0.00","0.00","N","9999","Request From LOS Module","","","",""
"529","452","Legal Fee (%)","000104480000306","1","0.00","0.00","","0.00","0.00","0.00","N","9999","Request From LOS Module","","","",""
"530","453","Other Fee (%)","000104480000306","1","0.00","0.00","","0.00","0.00","0.00","N","9999","Request From LOS Module","","","",""
"531","454","Agreement Fee (%)","000104480000307","1","0.00","0.00","","0.00","0.00","0.00","N","9999","Request From LOS Module","","","",""
"532","455","Legal Fee (%)","000104480000307","1","0.00","0.00","","0.00","0.00","0.00","N","9999","Request From LOS Module","","","",""
"533","456","Other Fee (%)","000104480000307","1","0.00","0.00","","0.00","0.00","0.00","N","9999","Request From LOS Module","","","",""
"534","457","Agreement Fee (%)","000104480000308","1","0.00","0.00","","0.00","0.00","0.00","N","9999","Request From LOS Module","","","",""
"535","458","Legal Fee (%)","000104480000308","1","0.00","0.00","","0.00","0.00","0.00","N","9999","Request From LOS Module","","","",""
"536","459","Other Fee (%)","000104480000308","1","0.00","0.00","","0.00","0.00","0.00","N","9999","Request From LOS Module","","","",""
"537","460","Agreement Fee (%)","000104480000309","1","0.00","0.00","","0.00","0.00","0.00","N","9999","Request From LOS Module","","","",""
"538","461","Legal Fee (%)","000104480000309","1","0.00","0.00","","0.00","0.00","0.00","N","9999","Request From LOS Module","","","",""
"539","462","Other Fee (%)","000104480000309","1","0.00","0.00","","0.00","0.00","0.00","N","9999","Request From LOS Module","","","",""
"540","463","Agreement Fee (%)","000104480000310","1","0.00","0.00","","0.00","0.00","0.00","N","9999","Request From LOS Module","","","",""
"541","464","Legal Fee (%)","000104480000310","1","0.00","0.00","","0.00","0.00","0.00","N","9999","Request From LOS Module","","","",""
"542","465","Other Fee (%)","000104480000310","1","0.00","0.00","","0.00","0.00","0.00","N","9999","Request From LOS Module","","","",""
"543","466","Agreement Fee (%)","000104480000311","1","0.00","0.00","","0.00","0.00","0.00","N","9999","Request From LOS Module","","","",""
"544","467","Legal Fee (%)","000104480000311","1","0.00","0.00","","0.00","0.00","0.00","N","9999","Request From LOS Module","","","",""
"545","468","Other Fee (%)","000104480000311","1","0.00","0.00","","0.00","0.00","0.00","N","9999","Request From LOS Module","","","",""
"546","469","Agreement Fee (%)","000104480000312","1","0.00","0.00","","0.00","0.00","0.00","N","9999","Request From LOS Module","","","",""
"547","470","Legal Fee (%)","000104480000312","1","0.00","0.00","","0.00","0.00","0.00","N","9999","Request From LOS Module","","","",""
"548","471","Other Fee (%)","000104480000312","1","0.00","0.00","","0.00","0.00","0.00","N","9999","Request From LOS Module","","","",""
"549","472","Agreement Fee (%)","000104480000313","1","0.00","0.00","","0.00","0.00","0.00","N","9999","Request From LOS Module","","","",""
"550","473","Legal Fee (%)","000104480000313","1","0.00","0.00","","0.00","0.00","0.00","N","9999","Request From LOS Module","","","",""
"551","474","Other Fee (%)","000104480000313","1","0.00","0.00","","0.00","0.00","0.00","N","9999","Request From LOS Module","","","",""
"552","475","Agreement Fee (%)","000104480000314","1","0.00","0.00","","0.00","0.00","0.00","N","9999","Request From LOS Module","","","",""
"553","476","Legal Fee (%)","000104480000314","1","0.00","0.00","","0.00","0.00","0.00","N","9999","Request From LOS Module","","","",""
"554","477","Other Fee (%)","000104480000314","1","0.00","0.00","","0.00","0.00","0.00","N","9999","Request From LOS Module","","","",""
"555","478","Agreement Fee (%)","000104480000315","1","0.00","0.00","","0.00","0.00","0.00","N","9999","Request From LOS Module","","","",""
"556","479","Legal Fee (%)","000104480000315","1","0.00","0.00","","0.00","0.00","0.00","N","9999","Request From LOS Module","","","",""
"557","480","Other Fee (%)","000104480000315","1","0.00","0.00","","0.00","0.00","0.00","N","9999","Request From LOS Module","","","",""
"558","481","Agreement Fee (%)","000104480000316","1","0.00","0.00","","0.00","0.00","0.00","N","9999","Request From LOS Module","","","",""
"559","482","Legal Fee (%)","000104480000316","1","0.00","0.00","","0.00","0.00","0.00","N","9999","Request From LOS Module","","","",""
"560","483","Other Fee (%)","000104480000316","1","0.00","0.00","","0.00","0.00","0.00","N","9999","Request From LOS Module","","","",""
"561","484","Agreement Fee (%)","000104480000317","1","0.00","0.00","","0.00","0.00","0.00","N","9999","Request From LOS Module","","","",""
"562","485","Legal Fee (%)","000104480000317","1","0.00","0.00","","0.00","0.00","0.00","N","9999","Request From LOS Module","","","",""
"563","486","Other Fee (%)","000104480000317","1","0.00","0.00","","0.00","0.00","0.00","N","9999","Request From LOS Module","","","",""
"564","487","Agreement Fee (%)","000104480000318","1","0.00","0.00","","0.00","0.00","0.00","N","9999","Request From LOS Module","","","",""
"565","488","Legal Fee (%)","000104480000318","1","0.00","0.00","","0.00","0.00","0.00","N","9999","Request From LOS Module","","","",""
"566","489","Other Fee (%)","000104480000318","1","0.00","0.00","","0.00","0.00","0.00","N","9999","Request From LOS Module","","","",""
"567","490","Agreement Fee (%)","000104480000319","1","0.00","0.00","","0.00","0.00","0.00","N","9999","Request From LOS Module","","","",""
"568","491","Legal Fee (%)","000104480000319","1","0.00","0.00","","0.00","0.00","0.00","N","9999","Request From LOS Module","","","",""
"569","492","Other Fee (%)","000104480000319","1","0.00","0.00","","0.00","0.00","0.00","N","9999","Request From LOS Module","","","",""
"570","493","Agreement Fee (%)","000104480000320","1","0.00","0.00","","0.00","0.00","0.00","N","9999","Request From LOS Module","","","",""
"571","494","Legal Fee (%)","000104480000320","1","0.00","0.00","","0.00","0.00","0.00","N","9999","Request From LOS Module","","","",""
"572","495","Other Fee (%)","000104480000320","1","0.00","0.00","","0.00","0.00","0.00","N","9999","Request From LOS Module","","","",""
"573","496","Agreement Fee (%)","000104480000321","1","0.00","0.00","","0.00","0.00","0.00","N","9999","Request From LOS Module","","","",""
"574","497","Legal Fee (%)","000104480000321","1","0.00","0.00","","0.00","0.00","0.00","N","9999","Request From LOS Module","","","",""
"575","498","Other Fee (%)","000104480000321","1","0.00","0.00","","0.00","0.00","0.00","N","9999","Request From LOS Module","","","",""
"576","499","Agreement Fee (%)","000104480000322","1","0.00","0.00","","0.00","0.00","0.00","N","9999","Request From LOS Module","","","",""
"577","500","Legal Fee (%)","000104480000322","1","0.00","0.00","","0.00","0.00","0.00","N","9999","Request From LOS Module","","","",""
"578","501","Other Fee (%)","000104480000322","1","0.00","0.00","","0.00","0.00","0.00","N","9999","Request From LOS Module","","","",""
"579","502","Agreement Fee (%)","000104480000323","1","0.00","0.00","","0.00","0.00","0.00","N","9999","Request From LOS Module","","","",""
"580","503","Legal Fee (%)","000104480000323","1","0.00","0.00","","0.00","0.00","0.00","N","9999","Request From LOS Module","","","",""
"581","504","Other Fee (%)","000104480000323","1","0.00","0.00","","0.00","0.00","0.00","N","9999","Request From LOS Module","","","",""
"582","505","Agreement Fee (%)","000104480000324","1","0.00","0.00","","0.00","0.00","0.00","N","9999","Request From LOS Module","","","",""
"583","506","Legal Fee (%)","000104480000324","1","0.00","0.00","","0.00","0.00","0.00","N","9999","Request From LOS Module","","","",""
"584","507","Other Fee (%)","000104480000324","1","0.00","0.00","","0.00","0.00","0.00","N","9999","Request From LOS Module","","","",""
"585","508","Agreement Fee (%)","000104480000325","1","0.00","0.00","","0.00","0.00","0.00","N","9999","Request From LOS Module","","","",""
"586","509","Legal Fee (%)","000104480000325","1","0.00","0.00","","0.00","0.00","0.00","N","9999","Request From LOS Module","","","",""
"587","510","Other Fee (%)","000104480000325","1","0.00","0.00","","0.00","0.00","0.00","N","9999","Request From LOS Module","","","",""
"588","511","Agreement Fee (%)","000104480000326","1","0.00","0.00","","0.00","0.00","0.00","N","9999","Request From LOS Module","","","",""
"589","512","Legal Fee (%)","000104480000326","1","0.00","0.00","","0.00","0.00","0.00","N","9999","Request From LOS Module","","","",""
"590","513","Other Fee (%)","000104480000326","1","0.00","0.00","","0.00","0.00","0.00","N","9999","Request From LOS Module","","","",""
"591","514","Agreement Fee (%)","000104480000327","1","0.00","0.00","","0.00","0.00","0.00","N","9999","Request From LOS Module","","","",""
"592","515","Legal Fee (%)","000104480000327","1","0.00","0.00","","0.00","0.00","0.00","N","9999","Request From LOS Module","","","",""
"593","516","Other Fee (%)","000104480000327","1","0.00","0.00","","0.00","0.00","0.00","N","9999","Request From LOS Module","","","",""
"594","517","Agreement Fee (%)","000104480000328","1","0.00","0.00","","0.00","0.00","0.00","N","9999","Request From LOS Module","","","",""
"595","518","Legal Fee (%)","000104480000328","1","0.00","0.00","","0.00","0.00","0.00","N","9999","Request From LOS Module","","","",""
"596","519","Other Fee (%)","000104480000328","1","0.00","0.00","","0.00","0.00","0.00","N","9999","Request From LOS Module","","","",""
"597","520","Agreement Fee (%)","000104480000329","1","0.00","0.00","","0.00","0.00","0.00","N","9999","Request From LOS Module","","","",""
"598","521","Legal Fee (%)","000104480000329","1","0.00","0.00","","0.00","0.00","0.00","N","9999","Request From LOS Module","","","",""
"599","522","Other Fee (%)","000104480000329","1","0.00","0.00","","0.00","0.00","0.00","N","9999","Request From LOS Module","","","",""
"600","523","Agreement Fee (%)","000104480000330","1","0.00","0.00","","0.00","0.00","0.00","N","9999","Request From LOS Module","","","",""
"601","524","Legal Fee (%)","000104480000330","1","0.00","0.00","","0.00","0.00","0.00","N","9999","Request From LOS Module","","","",""
"602","525","Other Fee (%)","000104480000330","1","0.00","0.00","","0.00","0.00","0.00","N","9999","Request From LOS Module","","","",""
"603","526","Agreement Fee (%)","000104480000331","1","0.00","0.00","","0.00","0.00","0.00","N","9999","Request From LOS Module","","","",""
"604","527","Legal Fee (%)","000104480000331","1","0.00","0.00","","0.00","0.00","0.00","N","9999","Request From LOS Module","","","",""
"605","528","Other Fee (%)","000104480000331","1","0.00","0.00","","0.00","0.00","0.00","N","9999","Request From LOS Module","","","",""
"606","529","Agreement Fee (%)","000104480000332","1","0.00","0.00","","0.00","0.00","0.00","N","9999","Request From LOS Module","","","",""
"607","530","Legal Fee (%)","000104480000332","1","0.00","0.00","","0.00","0.00","0.00","N","9999","Request From LOS Module","","","",""
"608","531","Other Fee (%)","000104480000332","1","0.00","0.00","","0.00","0.00","0.00","N","9999","Request From LOS Module","","","",""
"609","532","Agreement Fee (%)","000104480000333","1","0.00","0.00","","0.00","0.00","0.00","N","9999","Request From LOS Module","","","",""
"610","533","Legal Fee (%)","000104480000333","1","0.00","0.00","","0.00","0.00","0.00","N","9999","Request From LOS Module","","","",""
"611","534","Other Fee (%)","000104480000333","1","0.00","0.00","","0.00","0.00","0.00","N","9999","Request From LOS Module","","","",""
"612","535","Agreement Fee (%)","000104480000334","1","0.00","0.00","","0.00","0.00","0.00","N","9999","Request From LOS Module","","","",""
"613","536","Legal Fee (%)","000104480000334","1","0.00","0.00","","0.00","0.00","0.00","N","9999","Request From LOS Module","","","",""
"614","537","Other Fee (%)","000104480000334","1","0.00","0.00","","0.00","0.00","0.00","N","9999","Request From LOS Module","","","",""
"615","538","Agreement Fee (%)","000104480000335","1","0.00","0.00","","0.00","0.00","0.00","N","9999","Request From LOS Module","","","",""
"616","539","Legal Fee (%)","000104480000335","1","0.00","0.00","","0.00","0.00","0.00","N","9999","Request From LOS Module","","","",""
"617","540","Other Fee (%)","000104480000335","1","0.00","0.00","","0.00","0.00","0.00","N","9999","Request From LOS Module","","","",""
"618","541","Agreement Fee (%)","000104480000336","1","0.00","0.00","","0.00","0.00","0.00","N","9999","Request From LOS Module","","","",""
"619","542","Legal Fee (%)","000104480000336","1","0.00","0.00","","0.00","0.00","0.00","N","9999","Request From LOS Module","","","",""
"620","543","Other Fee (%)","000104480000336","1","0.00","0.00","","0.00","0.00","0.00","N","9999","Request From LOS Module","","","",""
"621","544","Agreement Fee (%)","000104480000337","1","0.00","0.00","","0.00","0.00","0.00","N","9999","Request From LOS Module","","","",""
"622","545","Legal Fee (%)","000104480000337","1","0.00","0.00","","0.00","0.00","0.00","N","9999","Request From LOS Module","","","",""
"623","546","Other Fee (%)","000104480000337","1","0.00","0.00","","0.00","0.00","0.00","N","9999","Request From LOS Module","","","",""
"624","547","Agreement Fee (%)","000104480000338","1","0.00","0.00","","0.00","0.00","0.00","N","9999","Request From LOS Module","","","",""
"625","548","Legal Fee (%)","000104480000338","1","0.00","0.00","","0.00","0.00","0.00","N","9999","Request From LOS Module","","","",""
"626","549","Other Fee (%)","000104480000338","1","0.00","0.00","","0.00","0.00","0.00","N","9999","Request From LOS Module","","","",""
"627","550","Agreement Fee (%)","000104480000339","1","0.00","0.00","","0.00","0.00","0.00","N","9999","Request From LOS Module","","","",""
"628","551","Legal Fee (%)","000104480000339","1","0.00","0.00","","0.00","0.00","0.00","N","9999","Request From LOS Module","","","",""
"629","552","Other Fee (%)","000104480000339","1","0.00","0.00","","0.00","0.00","0.00","N","9999","Request From LOS Module","","","",""
"630","553","Agreement Fee (%)","000104480000340","1","0.00","0.00","","0.00","0.00","0.00","N","9999","Request From LOS Module","","","",""
"631","554","Legal Fee (%)","000104480000340","1","0.00","0.00","","0.00","0.00","0.00","N","9999","Request From LOS Module","","","",""
"632","555","Other Fee (%)","000104480000340","1","0.00","0.00","","0.00","0.00","0.00","N","9999","Request From LOS Module","","","",""
"633","556","Agreement Fee (%)","000104480000341","1","0.00","0.00","","0.00","0.00","0.00","N","9999","Request From LOS Module","","","",""
"634","557","Legal Fee (%)","000104480000341","1","0.00","0.00","","0.00","0.00","0.00","N","9999","Request From LOS Module","","","",""
"635","558","Other Fee (%)","000104480000341","1","0.00","0.00","","0.00","0.00","0.00","N","9999","Request From LOS Module","","","",""
"636","559","Agreement Fee (%)","000104480000342","1","0.00","0.00","","0.00","0.00","0.00","N","9999","Request From LOS Module","","","",""
"637","560","Legal Fee (%)","000104480000342","1","0.00","0.00","","0.00","0.00","0.00","N","9999","Request From LOS Module","","","",""
"638","561","Other Fee (%)","000104480000342","1","0.00","0.00","","0.00","0.00","0.00","N","9999","Request From LOS Module","","","",""
"639","562","Agreement Fee (%)","000104480000343","1","0.00","0.00","","0.00","0.00","0.00","N","9999","Request From LOS Module","","","",""
"640","563","Legal Fee (%)","000104480000343","1","0.00","0.00","","0.00","0.00","0.00","N","9999","Request From LOS Module","","","",""
"641","564","Other Fee (%)","000104480000343","1","0.00","0.00","","0.00","0.00","0.00","N","9999","Request From LOS Module","","","",""
"642","565","Agreement Fee (%)","000104480000344","1","0.00","0.00","","0.00","0.00","0.00","N","9999","Request From LOS Module","","","",""
"643","566","Legal Fee (%)","000104480000344","1","0.00","0.00","","0.00","0.00","0.00","N","9999","Request From LOS Module","","","",""
"644","567","Other Fee (%)","000104480000344","1","0.00","0.00","","0.00","0.00","0.00","N","9999","Request From LOS Module","","","",""
"645","568","Agreement Fee (%)","000104480000345","1","0.00","0.00","","0.00","0.00","0.00","N","9999","Request From LOS Module","","","",""
"646","569","Legal Fee (%)","000104480000345","1","0.00","0.00","","0.00","0.00","0.00","N","9999","Request From LOS Module","","","",""
"647","570","Other Fee (%)","000104480000345","1","0.00","0.00","","0.00","0.00","0.00","N","9999","Request From LOS Module","","","",""
"648","571","Agreement Fee (%)","000104480000346","1","0.00","0.00","","0.00","0.00","0.00","N","9999","Request From LOS Module","","","",""
"649","572","Legal Fee (%)","000104480000346","1","0.00","0.00","","0.00","0.00","0.00","N","9999","Request From LOS Module","","","",""
"650","573","Other Fee (%)","000104480000346","1","0.00","0.00","","0.00","0.00","0.00","N","9999","Request From LOS Module","","","",""
"651","574","Agreement Fee (%)","000104480000347","1","0.00","0.00","","0.00","0.00","0.00","N","9999","Request From LOS Module","","","",""
"652","575","Legal Fee (%)","000104480000347","1","0.00","0.00","","0.00","0.00","0.00","N","9999","Request From LOS Module","","","",""
"653","576","Other Fee (%)","000104480000347","1","0.00","0.00","","0.00","0.00","0.00","N","9999","Request From LOS Module","","","",""
"654","577","Agreement Fee (%)","000104480000348","1","0.00","0.00","","0.00","0.00","0.00","N","9999","Request From LOS Module","","","",""
"655","578","Legal Fee (%)","000104480000348","1","0.00","0.00","","0.00","0.00","0.00","N","9999","Request From LOS Module","","","",""
"656","579","Other Fee (%)","000104480000348","1","0.00","0.00","","0.00","0.00","0.00","N","9999","Request From LOS Module","","","",""
"657","580","Agreement Fee (%)","000104480000349","1","0.00","0.00","","0.00","0.00","0.00","N","9999","Request From LOS Module","","","",""
"658","581","Legal Fee (%)","000104480000349","1","0.00","0.00","","0.00","0.00","0.00","N","9999","Request From LOS Module","","","",""
"659","582","Other Fee (%)","000104480000349","1","0.00","0.00","","0.00","0.00","0.00","N","9999","Request From LOS Module","","","",""
"660","583","Agreement Fee (%)","000104480000350","1","0.00","0.00","","0.00","0.00","0.00","N","9999","Request From LOS Module","","","",""
"661","584","Legal Fee (%)","000104480000350","1","0.00","0.00","","0.00","0.00","0.00","N","9999","Request From LOS Module","","","",""
"662","585","Other Fee (%)","000104480000350","1","0.00","0.00","","0.00","0.00","0.00","N","9999","Request From LOS Module","","","",""
"663","586","Agreement Fee (%)","000104480000351","1","0.00","0.00","","0.00","0.00","0.00","N","9999","Request From LOS Module","","","",""
"664","587","Legal Fee (%)","000104480000351","1","0.00","0.00","","0.00","0.00","0.00","N","9999","Request From LOS Module","","","",""
"665","588","Other Fee (%)","000104480000351","1","0.00","0.00","","0.00","0.00","0.00","N","9999","Request From LOS Module","","","",""
"666","589","Agreement Fee (%)","000104480000352","1","0.00","0.00","","0.00","0.00","0.00","N","9999","Request From LOS Module","","","",""
"667","590","Legal Fee (%)","000104480000352","1","0.00","0.00","","0.00","0.00","0.00","N","9999","Request From LOS Module","","","",""
"668","591","Other Fee (%)","000104480000352","1","0.00","0.00","","0.00","0.00","0.00","N","9999","Request From LOS Module","","","",""
"669","592","Agreement Fee (%)","000104480000353","1","0.00","0.00","","0.00","0.00","0.00","N","9999","Request From LOS Module","","","",""
"670","593","Legal Fee (%)","000104480000353","1","0.00","0.00","","0.00","0.00","0.00","N","9999","Request From LOS Module","","","",""
"671","594","Other Fee (%)","000104480000353","1","0.00","0.00","","0.00","0.00","0.00","N","9999","Request From LOS Module","","","",""
"672","595","Agreement Fee (%)","000104480000354","1","0.00","0.00","","0.00","0.00","0.00","N","9999","Request From LOS Module","","","",""
"673","596","Legal Fee (%)","000104480000354","1","0.00","0.00","","0.00","0.00","0.00","N","9999","Request From LOS Module","","","",""
"674","597","Other Fee (%)","000104480000354","1","0.00","0.00","","0.00","0.00","0.00","N","9999","Request From LOS Module","","","",""
"675","598","Agreement Fee (%)","000104480000355","1","0.00","0.00","","0.00","0.00","0.00","N","9999","Request From LOS Module","","","",""
"676","599","Legal Fee (%)","000104480000355","1","0.00","0.00","","0.00","0.00","0.00","N","9999","Request From LOS Module","","","",""
"677","600","Other Fee (%)","000104480000355","1","0.00","0.00","","0.00","0.00","0.00","N","9999","Request From LOS Module","","","",""
"678","601","Agreement Fee (%)","000104480000356","1","0.00","0.00","","0.00","0.00","0.00","N","9999","Request From LOS Module","","","",""
"679","602","Legal Fee (%)","000104480000356","1","0.00","0.00","","0.00","0.00","0.00","N","9999","Request From LOS Module","","","",""
"680","603","Other Fee (%)","000104480000356","1","0.00","0.00","","0.00","0.00","0.00","N","9999","Request From LOS Module","","","",""
"681","604","Agreement Fee (%)","000104480000357","1","0.00","0.00","","0.00","0.00","0.00","N","9999","Request From LOS Module","","","",""
"682","605","Legal Fee (%)","000104480000357","1","0.00","0.00","","0.00","0.00","0.00","N","9999","Request From LOS Module","","","",""
"683","606","Other Fee (%)","000104480000357","1","0.00","0.00","","0.00","0.00","0.00","N","9999","Request From LOS Module","","","",""
"684","607","Agreement Fee (%)","000104480000358","1","0.00","0.00","","0.00","0.00","0.00","N","9999","Request From LOS Module","","","",""
"685","608","Legal Fee (%)","000104480000358","1","0.00","0.00","","0.00","0.00","0.00","N","9999","Request From LOS Module","","","",""
"686","609","Other Fee (%)","000104480000358","1","0.00","0.00","","0.00","0.00","0.00","N","9999","Request From LOS Module","","","",""
"687","610","Agreement Fee (%)","000104480000359","1","0.00","0.00","","0.00","0.00","0.00","N","9999","Request From LOS Module","","","",""
"688","611","Legal Fee (%)","000104480000359","1","0.00","0.00","","0.00","0.00","0.00","N","9999","Request From LOS Module","","","",""
"689","612","Other Fee (%)","000104480000359","1","0.00","0.00","","0.00","0.00","0.00","N","9999","Request From LOS Module","","","",""
"690","613","Agreement Fee (%)","000104480000360","1","0.00","0.00","","0.00","0.00","0.00","N","9999","Request From LOS Module","","","",""
"691","614","Legal Fee (%)","000104480000360","1","0.00","0.00","","0.00","0.00","0.00","N","9999","Request From LOS Module","","","",""
"692","615","Other Fee (%)","000104480000360","1","0.00","0.00","","0.00","0.00","0.00","N","9999","Request From LOS Module","","","",""
"693","616","Agreement Fee (%)","000104480000361","1","0.00","0.00","","0.00","0.00","0.00","N","9999","Request From LOS Module","","","",""
"694","617","Legal Fee (%)","000104480000361","1","0.00","0.00","","0.00","0.00","0.00","N","9999","Request From LOS Module","","","",""
"695","618","Other Fee (%)","000104480000361","1","0.00","0.00","","0.00","0.00","0.00","N","9999","Request From LOS Module","","","",""
"696","619","Agreement Fee (%)","000104480000362","1","0.00","0.00","","0.00","0.00","0.00","N","9999","Request From LOS Module","","","",""
"697","620","Legal Fee (%)","000104480000362","1","0.00","0.00","","0.00","0.00","0.00","N","9999","Request From LOS Module","","","",""
"698","621","Other Fee (%)","000104480000362","1","0.00","0.00","","0.00","0.00","0.00","N","9999","Request From LOS Module","","","",""
"699","622","Agreement Fee (%)","000104480000363","1","0.00","0.00","","0.00","0.00","0.00","N","9999","Request From LOS Module","","","",""
"700","623","Legal Fee (%)","000104480000363","1","0.00","0.00","","0.00","0.00","0.00","N","9999","Request From LOS Module","","","",""
"701","624","Other Fee (%)","000104480000363","1","0.00","0.00","","0.00","0.00","0.00","N","9999","Request From LOS Module","","","",""
"702","625","Agreement Fee (%)","000104480000364","1","0.00","0.00","","0.00","0.00","0.00","N","9999","Request From LOS Module","","","",""
"703","626","Legal Fee (%)","000104480000364","1","0.00","0.00","","0.00","0.00","0.00","N","9999","Request From LOS Module","","","",""
"704","627","Other Fee (%)","000104480000364","1","0.00","0.00","","0.00","0.00","0.00","N","9999","Request From LOS Module","","","",""
"705","628","Agreement Fee (%)","000104480000365","1","0.00","0.00","","0.00","0.00","0.00","N","9999","Request From LOS Module","","","",""
"706","629","Legal Fee (%)","000104480000365","1","0.00","0.00","","0.00","0.00","0.00","N","9999","Request From LOS Module","","","",""
"707","630","Other Fee (%)","000104480000365","1","0.00","0.00","","0.00","0.00","0.00","N","9999","Request From LOS Module","","","",""
"708","631","Agreement Fee (%)","000104480000366","1","0.00","0.00","","0.00","0.00","0.00","N","9999","Request From LOS Module","","","",""
"709","632","Legal Fee (%)","000104480000366","1","0.00","0.00","","0.00","0.00","0.00","N","9999","Request From LOS Module","","","",""
"710","633","Other Fee (%)","000104480000366","1","0.00","0.00","","0.00","0.00","0.00","N","9999","Request From LOS Module","","","",""
"711","634","Agreement Fee (%)","000104480000367","1","0.00","0.00","","0.00","0.00","0.00","N","9999","Request From LOS Module","","","",""
"712","635","Legal Fee (%)","000104480000367","1","0.00","0.00","","0.00","0.00","0.00","N","9999","Request From LOS Module","","","",""
"713","636","Other Fee (%)","000104480000367","1","0.00","0.00","","0.00","0.00","0.00","N","9999","Request From LOS Module","","","",""
"714","637","Agreement Fee (%)","000104480000368","1","0.00","0.00","","0.00","0.00","0.00","N","9999","Request From LOS Module","","","",""
"715","638","Legal Fee (%)","000104480000368","1","0.00","0.00","","0.00","0.00","0.00","N","9999","Request From LOS Module","","","",""
"716","639","Other Fee (%)","000104480000368","1","0.00","0.00","","0.00","0.00","0.00","N","9999","Request From LOS Module","","","",""
"717","640","Agreement Fee (%)","000104480000369","1","0.00","0.00","","0.00","0.00","0.00","N","9999","Request From LOS Module","","","",""
"718","641","Legal Fee (%)","000104480000369","1","0.00","0.00","","0.00","0.00","0.00","N","9999","Request From LOS Module","","","",""
"719","642","Other Fee (%)","000104480000369","1","0.00","0.00","","0.00","0.00","0.00","N","9999","Request From LOS Module","","","",""
"720","643","Agreement Fee (%)","000104480000370","1","0.00","0.00","","0.00","0.00","0.00","N","9999","Request From LOS Module","","","",""
"721","644","Legal Fee (%)","000104480000370","1","0.00","0.00","","0.00","0.00","0.00","N","9999","Request From LOS Module","","","",""
"722","645","Other Fee (%)","000104480000370","1","0.00","0.00","","0.00","0.00","0.00","N","9999","Request From LOS Module","","","",""
"723","646","Agreement Fee (%)","000104480000371","1","0.00","0.00","","0.00","0.00","0.00","N","9999","Request From LOS Module","","","",""
"724","647","Legal Fee (%)","000104480000371","1","0.00","0.00","","0.00","0.00","0.00","N","9999","Request From LOS Module","","","",""
"725","648","Other Fee (%)","000104480000371","1","0.00","0.00","","0.00","0.00","0.00","N","9999","Request From LOS Module","","","",""
"726","649","Agreement Fee (%)","000104480000372","1","0.00","0.00","","0.00","0.00","0.00","N","9999","Request From LOS Module","","","",""
"727","650","Legal Fee (%)","000104480000372","1","0.00","0.00","","0.00","0.00","0.00","N","9999","Request From LOS Module","","","",""
"728","651","Other Fee (%)","000104480000372","1","0.00","0.00","","0.00","0.00","0.00","N","9999","Request From LOS Module","","","",""
"729","652","Agreement Fee (%)","000104480000373","1","0.00","0.00","","0.00","0.00","0.00","N","9999","Request From LOS Module","","","",""
"730","653","Legal Fee (%)","000104480000373","1","0.00","0.00","","0.00","0.00","0.00","N","9999","Request From LOS Module","","","",""
"731","654","Other Fee (%)","000104480000373","1","0.00","0.00","","0.00","0.00","0.00","N","9999","Request From LOS Module","","","",""
"732","655","Agreement Fee (%)","000104480000374","1","0.00","0.00","","0.00","0.00","0.00","N","9999","Request From LOS Module","","","",""
"733","656","Legal Fee (%)","000104480000374","1","0.00","0.00","","0.00","0.00","0.00","N","9999","Request From LOS Module","","","",""
"734","657","Other Fee (%)","000104480000374","1","0.00","0.00","","0.00","0.00","0.00","N","9999","Request From LOS Module","","","",""
"735","658","Agreement Fee (%)","000104480000375","1","0.00","0.00","","0.00","0.00","0.00","N","9999","Request From LOS Module","","","",""
"736","659","Legal Fee (%)","000104480000375","1","0.00","0.00","","0.00","0.00","0.00","N","9999","Request From LOS Module","","","",""
"737","660","Other Fee (%)","000104480000375","1","0.00","0.00","","0.00","0.00","0.00","N","9999","Request From LOS Module","","","",""
"738","661","Agreement Fee (%)","000104480000376","1","0.00","0.00","","0.00","0.00","0.00","N","9999","Request From LOS Module","","","",""
"739","662","Legal Fee (%)","000104480000376","1","0.00","0.00","","0.00","0.00","0.00","N","9999","Request From LOS Module","","","",""
"740","663","Other Fee (%)","000104480000376","1","0.00","0.00","","0.00","0.00","0.00","N","9999","Request From LOS Module","","","",""
"741","664","Agreement Fee (%)","000104480000377","1","0.00","0.00","","0.00","0.00","0.00","N","9999","Request From LOS Module","","","",""
"742","665","Legal Fee (%)","000104480000377","1","0.00","0.00","","0.00","0.00","0.00","N","9999","Request From LOS Module","","","",""
"743","666","Other Fee (%)","000104480000377","1","0.00","0.00","","0.00","0.00","0.00","N","9999","Request From LOS Module","","","",""
"744","667","Agreement Fee (%)","000104480000378","1","0.00","0.00","","0.00","0.00","0.00","N","9999","Request From LOS Module","","","",""
"745","668","Legal Fee (%)","000104480000378","1","0.00","0.00","","0.00","0.00","0.00","N","9999","Request From LOS Module","","","",""
"746","669","Other Fee (%)","000104480000378","1","0.00","0.00","","0.00","0.00","0.00","N","9999","Request From LOS Module","","","",""
"747","670","Agreement Fee (%)","000104480000379","1","0.00","0.00","","0.00","0.00","0.00","N","9999","Request From LOS Module","","","",""
"748","671","Legal Fee (%)","000104480000379","1","0.00","0.00","","0.00","0.00","0.00","N","9999","Request From LOS Module","","","",""
"749","672","Other Fee (%)","000104480000379","1","0.00","0.00","","0.00","0.00","0.00","N","9999","Request From LOS Module","","","",""
"750","673","Agreement Fee (%)","000104480000380","1","0.00","0.00","","0.00","0.00","0.00","N","9999","Request From LOS Module","","","",""
"751","674","Legal Fee (%)","000104480000380","1","0.00","0.00","","0.00","0.00","0.00","N","9999","Request From LOS Module","","","",""
"752","675","Other Fee (%)","000104480000380","1","0.00","0.00","","0.00","0.00","0.00","N","9999","Request From LOS Module","","","",""
"753","676","Agreement Fee (%)","000104480000381","1","0.00","0.00","","0.00","0.00","0.00","N","9999","Request From LOS Module","","","",""
"754","677","Legal Fee (%)","000104480000381","1","0.00","0.00","","0.00","0.00","0.00","N","9999","Request From LOS Module","","","",""
"755","678","Other Fee (%)","000104480000381","1","0.00","0.00","","0.00","0.00","0.00","N","9999","Request From LOS Module","","","",""
"756","679","Agreement Fee (%)","000104480000382","1","0.00","0.00","","0.00","0.00","0.00","N","9999","Request From LOS Module","","","",""
"757","680","Legal Fee (%)","000104480000382","1","0.00","0.00","","0.00","0.00","0.00","N","9999","Request From LOS Module","","","",""
"758","681","Other Fee (%)","000104480000382","1","0.00","0.00","","0.00","0.00","0.00","N","9999","Request From LOS Module","","","",""
"759","682","Agreement Fee (%)","000104480000383","1","0.00","0.00","","0.00","0.00","0.00","N","9999","Request From LOS Module","","","",""
"760","683","Legal Fee (%)","000104480000383","1","0.00","0.00","","0.00","0.00","0.00","N","9999","Request From LOS Module","","","",""
"761","684","Other Fee (%)","000104480000383","1","0.00","0.00","","0.00","0.00","0.00","N","9999","Request From LOS Module","","","",""
"762","685","Agreement Fee (%)","000104480000384","1","0.00","0.00","","0.00","0.00","0.00","N","9999","Request From LOS Module","","","",""
"763","686","Legal Fee (%)","000104480000384","1","0.00","0.00","","0.00","0.00","0.00","N","9999","Request From LOS Module","","","",""
"764","687","Other Fee (%)","000104480000384","1","0.00","0.00","","0.00","0.00","0.00","N","9999","Request From LOS Module","","","",""
"765","688","Agreement Fee (%)","000104480000385","1","0.00","0.00","","0.00","0.00","0.00","N","9999","Request From LOS Module","","","",""
"766","689","Legal Fee (%)","000104480000385","1","0.00","0.00","","0.00","0.00","0.00","N","9999","Request From LOS Module","","","",""
"767","690","Other Fee (%)","000104480000385","1","0.00","0.00","","0.00","0.00","0.00","N","9999","Request From LOS Module","","","",""
"768","691","Agreement Fee (%)","000104480000386","1","0.00","0.00","","0.00","0.00","0.00","N","9999","Request From LOS Module","","","",""
"769","692","Legal Fee (%)","000104480000386","1","0.00","0.00","","0.00","0.00","0.00","N","9999","Request From LOS Module","","","",""
"770","693","Other Fee (%)","000104480000386","1","0.00","0.00","","0.00","0.00","0.00","N","9999","Request From LOS Module","","","",""
"771","694","Agreement Fee (%)","000104480000387","1","0.00","0.00","","0.00","0.00","0.00","N","9999","Request From LOS Module","","","",""
"772","695","Legal Fee (%)","000104480000387","1","0.00","0.00","","0.00","0.00","0.00","N","9999","Request From LOS Module","","","",""
"773","696","Other Fee (%)","000104480000387","1","0.00","0.00","","0.00","0.00","0.00","N","9999","Request From LOS Module","","","",""
"774","697","Agreement Fee (%)","000104480000388","1","0.00","0.00","","0.00","0.00","0.00","N","9999","Request From LOS Module","","","",""
"775","698","Legal Fee (%)","000104480000388","1","0.00","0.00","","0.00","0.00","0.00","N","9999","Request From LOS Module","","","",""
"776","699","Other Fee (%)","000104480000388","1","0.00","0.00","","0.00","0.00","0.00","N","9999","Request From LOS Module","","","",""
"777","700","Agreement Fee (%)","000104480000389","1","0.00","0.00","","0.00","0.00","0.00","N","9999","Request From LOS Module","","","",""
"778","701","Legal Fee (%)","000104480000389","1","0.00","0.00","","0.00","0.00","0.00","N","9999","Request From LOS Module","","","",""
"779","702","Other Fee (%)","000104480000389","1","0.00","0.00","","0.00","0.00","0.00","N","9999","Request From LOS Module","","","",""
"780","703","Agreement Fee (%)","000104480000390","1","0.00","0.00","","0.00","0.00","0.00","N","9999","Request From LOS Module","","","",""
"781","704","Legal Fee (%)","000104480000390","1","0.00","0.00","","0.00","0.00","0.00","N","9999","Request From LOS Module","","","",""
"782","705","Other Fee (%)","000104480000390","1","0.00","0.00","","0.00","0.00","0.00","N","9999","Request From LOS Module","","","",""
"783","706","Agreement Fee (%)","000104480000391","1","0.00","0.00","","0.00","0.00","0.00","N","9999","Request From LOS Module","","","",""
"784","707","Legal Fee (%)","000104480000391","1","0.00","0.00","","0.00","0.00","0.00","N","9999","Request From LOS Module","","","",""
"785","708","Other Fee (%)","000104480000391","1","0.00","0.00","","0.00","0.00","0.00","N","9999","Request From LOS Module","","","",""
"786","709","Agreement Fee (%)","000104480000392","1","900000.00","900000.00","","0.00","0.00","0.00","N","9999","Request From LOS Module","","","",""
"787","710","Legal Fee (%)","000104480000392","1","450000.00","450000.00","","0.00","0.00","0.00","N","9999","Request From LOS Module","","","",""
"788","711","Other Fee (%)","000104480000392","1","450000.00","450000.00","","0.00","0.00","0.00","N","9999","Request From LOS Module","","","",""
"789","715","Agreement Fee (%)","000104480000393","1","0.00","0.00","","0.00","0.00","0.00","N","9999","Request From LOS Module","","","",""
"790","716","Legal Fee (%)","000104480000393","1","0.00","0.00","","0.00","0.00","0.00","N","9999","Request From LOS Module","","","",""
"791","717","Other Fee (%)","000104480000393","1","0.00","0.00","","0.00","0.00","0.00","N","9999","Request From LOS Module","","","",""
"792","718","Agreement Fee (%)","000104480000394","1","0.00","0.00","","0.00","0.00","0.00","N","9999","Request From LOS Module","","","",""
"793","719","Legal Fee (%)","000104480000394","1","0.00","0.00","","0.00","0.00","0.00","N","9999","Request From LOS Module","","","",""
"794","720","Other Fee (%)","000104480000394","1","0.00","0.00","","0.00","0.00","0.00","N","9999","Request From LOS Module","","","",""
"795","721","Agreement Fee (%)","000104480000395","1","0.00","0.00","","0.00","0.00","0.00","N","9999","Request From LOS Module","","","",""
"796","722","Legal Fee (%)","000104480000395","1","0.00","0.00","","0.00","0.00","0.00","N","9999","Request From LOS Module","","","",""
"797","723","Other Fee (%)","000104480000395","1","0.00","0.00","","0.00","0.00","0.00","N","9999","Request From LOS Module","","","",""
"798","727","Agreement Fee (%)","000104480000396","1","0.00","0.00","","0.00","0.00","0.00","N","9999","Request From LOS Module","","","",""
"799","728","Legal Fee (%)","000104480000396","1","0.00","0.00","","0.00","0.00","0.00","N","9999","Request From LOS Module","","","",""
"800","729","Other Fee (%)","000104480000396","1","0.00","0.00","","0.00","0.00","0.00","N","9999","Request From LOS Module","","","",""
"801","730","Agreement Fee (%)","000104480000397","1","0.00","0.00","","0.00","0.00","0.00","N","9999","Request From LOS Module","","","",""
"802","731","Legal Fee (%)","000104480000397","1","0.00","0.00","","0.00","0.00","0.00","N","9999","Request From LOS Module","","","",""
"803","732","Other Fee (%)","000104480000397","1","0.00","0.00","","0.00","0.00","0.00","N","9999","Request From LOS Module","","","",""
"804","739","Agreement Fee (%)","000104480000398","1","0.00","0.00","","0.00","0.00","0.00","N","9999","Request From LOS Module","","","",""
"805","740","Legal Fee (%)","000104480000398","1","0.00","0.00","","0.00","0.00","0.00","N","9999","Request From LOS Module","","","",""
"806","741","Other Fee (%)","000104480000398","1","0.00","0.00","","0.00","0.00","0.00","N","9999","Request From LOS Module","","","",""
"807","742","Agreement Fee (%)","000104480000399","1","0.00","0.00","","0.00","0.00","0.00","N","9999","Request From LOS Module","","","",""
"808","743","Legal Fee (%)","000104480000399","1","0.00","0.00","","0.00","0.00","0.00","N","9999","Request From LOS Module","","","",""
"809","744","Other Fee (%)","000104480000399","1","0.00","0.00","","0.00","0.00","0.00","N","9999","Request From LOS Module","","","",""
"810","748","Agreement Fee (%)","000104480000400","1","0.00","0.00","","0.00","0.00","0.00","N","9999","Request From LOS Module","","","",""
"811","749","Legal Fee (%)","000104480000400","1","0.00","0.00","","0.00","0.00","0.00","N","9999","Request From LOS Module","","","",""
"812","750","Other Fee (%)","000104480000400","1","0.00","0.00","","0.00","0.00","0.00","N","9999","Request From LOS Module","","","",""
"813","751","Agreement Fee (%)","000104480000401","1","0.00","0.00","","0.00","0.00","0.00","N","9999","Request From LOS Module","","","",""
"814","752","Legal Fee (%)","000104480000401","1","0.00","0.00","","0.00","0.00","0.00","N","9999","Request From LOS Module","","","",""
"815","753","Other Fee (%)","000104480000401","1","0.00","0.00","","0.00","0.00","0.00","N","9999","Request From LOS Module","","","",""
"816","754","Agreement Fee (%)","000104480000402","1","0.00","0.00","","0.00","0.00","0.00","N","9999","Request From LOS Module","","","",""
"817","755","Legal Fee (%)","000104480000402","1","0.00","0.00","","0.00","0.00","0.00","N","9999","Request From LOS Module","","","",""
"818","756","Other Fee (%)","000104480000402","1","0.00","0.00","","0.00","0.00","0.00","N","9999","Request From LOS Module","","","",""
"819","757","Agreement Fee (%)","000104480000403","1","0.00","0.00","","0.00","0.00","0.00","N","9999","Request From LOS Module","","","",""
"820","758","Legal Fee (%)","000104480000403","1","0.00","0.00","","0.00","0.00","0.00","N","9999","Request From LOS Module","","","",""
"821","759","Other Fee (%)","000104480000403","1","0.00","0.00","","0.00","0.00","0.00","N","9999","Request From LOS Module","","","",""
"822","760","Agreement Fee (%)","000104480000404","1","0.00","0.00","","0.00","0.00","0.00","N","9999","Request From LOS Module","","","",""
"823","761","Legal Fee (%)","000104480000404","1","0.00","0.00","","0.00","0.00","0.00","N","9999","Request From LOS Module","","","",""
"824","762","Other Fee (%)","000104480000404","1","0.00","0.00","","0.00","0.00","0.00","N","9999","Request From LOS Module","","","",""
"825","763","Agreement Fee (%)","000104480000405","1","0.00","0.00","","0.00","0.00","0.00","N","9999","Request From LOS Module","","","",""
"826","764","Legal Fee (%)","000104480000405","1","0.00","0.00","","0.00","0.00","0.00","N","9999","Request From LOS Module","","","",""
"827","765","Other Fee (%)","000104480000405","1","0.00","0.00","","0.00","0.00","0.00","N","9999","Request From LOS Module","","","",""
"828","766","Agreement Fee (%)","000104480000406","1","0.00","0.00","","0.00","0.00","0.00","N","9999","Request From LOS Module","","","",""
"829","767","Legal Fee (%)","000104480000406","1","0.00","0.00","","0.00","0.00","0.00","N","9999","Request From LOS Module","","","",""
"830","768","Other Fee (%)","000104480000406","1","0.00","0.00","","0.00","0.00","0.00","N","9999","Request From LOS Module","","","",""
"831","769","Agreement Fee (%)","000104480000407","1","0.00","0.00","","0.00","0.00","0.00","N","9999","Request From LOS Module","","","",""
"832","770","Legal Fee (%)","000104480000407","1","0.00","0.00","","0.00","0.00","0.00","N","9999","Request From LOS Module","","","",""
"833","771","Other Fee (%)","000104480000407","1","0.00","0.00","","0.00","0.00","0.00","N","9999","Request From LOS Module","","","",""
"834","772","Agreement Fee (%)","000104480000408","1","0.00","0.00","","0.00","0.00","0.00","N","9999","Request From LOS Module","","","",""
"835","773","Legal Fee (%)","000104480000408","1","0.00","0.00","","0.00","0.00","0.00","N","9999","Request From LOS Module","","","",""
"836","774","Other Fee (%)","000104480000408","1","0.00","0.00","","0.00","0.00","0.00","N","9999","Request From LOS Module","","","",""
"837","775","Agreement Fee (%)","000104480000409","1","0.00","0.00","","0.00","0.00","0.00","N","9999","Request From LOS Module","","","",""
"838","776","Legal Fee (%)","000104480000409","1","0.00","0.00","","0.00","0.00","0.00","N","9999","Request From LOS Module","","","",""
"839","777","Other Fee (%)","000104480000409","1","0.00","0.00","","0.00","0.00","0.00","N","9999","Request From LOS Module","","","",""
"840","778","Agreement Fee (%)","000104480000410","1","0.00","0.00","","0.00","0.00","0.00","N","9999","Request From LOS Module","","","",""
"841","779","Legal Fee (%)","000104480000410","1","0.00","0.00","","0.00","0.00","0.00","N","9999","Request From LOS Module","","","",""
"842","780","Other Fee (%)","000104480000410","1","0.00","0.00","","0.00","0.00","0.00","N","9999","Request From LOS Module","","","",""
"843","781","Agreement Fee (%)","000104480000411","1","0.00","0.00","","0.00","0.00","0.00","N","9999","Request From LOS Module","","","",""
"844","782","Legal Fee (%)","000104480000411","1","0.00","0.00","","0.00","0.00","0.00","N","9999","Request From LOS Module","","","",""
"845","783","Other Fee (%)","000104480000411","1","0.00","0.00","","0.00","0.00","0.00","N","9999","Request From LOS Module","","","",""
"846","784","Agreement Fee (%)","000104480000412","1","0.00","0.00","","0.00","0.00","0.00","N","9999","Request From LOS Module","","","",""
"847","785","Legal Fee (%)","000104480000412","1","0.00","0.00","","0.00","0.00","0.00","N","9999","Request From LOS Module","","","",""
"848","786","Other Fee (%)","000104480000412","1","0.00","0.00","","0.00","0.00","0.00","N","9999","Request From LOS Module","","","",""
"849","787","Agreement Fee (%)","000104480000413","1","0.00","0.00","","0.00","0.00","0.00","N","9999","Request From LOS Module","","","",""
"850","788","Legal Fee (%)","000104480000413","1","0.00","0.00","","0.00","0.00","0.00","N","9999","Request From LOS Module","","","",""
"851","789","Other Fee (%)","000104480000413","1","0.00","0.00","","0.00","0.00","0.00","N","9999","Request From LOS Module","","","",""
"852","790","Agreement Fee (%)","000104480000414","1","0.00","0.00","","0.00","0.00","0.00","N","9999","Request From LOS Module","","","",""
"853","791","Legal Fee (%)","000104480000414","1","0.00","0.00","","0.00","0.00","0.00","N","9999","Request From LOS Module","","","",""
"854","792","Other Fee (%)","000104480000414","1","0.00","0.00","","0.00","0.00","0.00","N","9999","Request From LOS Module","","","",""
"855","793","Agreement Fee (%)","000104480000415","1","0.00","0.00","","0.00","0.00","0.00","N","9999","Request From LOS Module","","","",""
"856","794","Legal Fee (%)","000104480000415","1","0.00","0.00","","0.00","0.00","0.00","N","9999","Request From LOS Module","","","",""
"857","795","Other Fee (%)","000104480000415","1","0.00","0.00","","0.00","0.00","0.00","N","9999","Request From LOS Module","","","",""
"858","796","Agreement Fee (%)","000104480000416","1","0.00","0.00","","0.00","0.00","0.00","N","9999","Request From LOS Module","","","",""
"859","797","Legal Fee (%)","000104480000416","1","0.00","0.00","","0.00","0.00","0.00","N","9999","Request From LOS Module","","","",""
"860","798","Other Fee (%)","000104480000416","1","0.00","0.00","","0.00","0.00","0.00","N","9999","Request From LOS Module","","","",""
"861","799","Agreement Fee (%)","000104480000417","1","0.00","0.00","","0.00","0.00","0.00","N","9999","Request From LOS Module","","","",""
"862","800","Legal Fee (%)","000104480000417","1","0.00","0.00","","0.00","0.00","0.00","N","9999","Request From LOS Module","","","",""
"863","801","Other Fee (%)","000104480000417","1","0.00","0.00","","0.00","0.00","0.00","N","9999","Request From LOS Module","","","",""
"864","802","Agreement Fee (%)","000104480000418","1","0.00","0.00","","0.00","0.00","0.00","N","9999","Request From LOS Module","","","",""
"865","803","Legal Fee (%)","000104480000418","1","0.00","0.00","","0.00","0.00","0.00","N","9999","Request From LOS Module","","","",""
"866","804","Other Fee (%)","000104480000418","1","0.00","0.00","","0.00","0.00","0.00","N","9999","Request From LOS Module","","","",""
"867","805","Agreement Fee (%)","000104480000419","1","0.00","0.00","","0.00","0.00","0.00","N","9999","Request From LOS Module","","","",""
"868","806","Legal Fee (%)","000104480000419","1","0.00","0.00","","0.00","0.00","0.00","N","9999","Request From LOS Module","","","",""
"869","807","Other Fee (%)","000104480000419","1","0.00","0.00","","0.00","0.00","0.00","N","9999","Request From LOS Module","","","",""
"870","808","Agreement Fee (%)","000104480000420","1","0.00","0.00","","0.00","0.00","0.00","N","9999","Request From LOS Module","","","",""
"871","809","Legal Fee (%)","000104480000420","1","0.00","0.00","","0.00","0.00","0.00","N","9999","Request From LOS Module","","","",""
"872","810","Other Fee (%)","000104480000420","1","0.00","0.00","","0.00","0.00","0.00","N","9999","Request From LOS Module","","","",""
"873","811","Agreement Fee (%)","000104480000421","1","0.00","0.00","","0.00","0.00","0.00","N","9999","Request From LOS Module","","","",""
"874","812","Legal Fee (%)","000104480000421","1","0.00","0.00","","0.00","0.00","0.00","N","9999","Request From LOS Module","","","",""
"875","813","Other Fee (%)","000104480000421","1","0.00","0.00","","0.00","0.00","0.00","N","9999","Request From LOS Module","","","",""
"876","814","Agreement Fee (%)","000104480000422","1","0.00","0.00","","0.00","0.00","0.00","N","9999","Request From LOS Module","","","",""
"877","815","Legal Fee (%)","000104480000422","1","0.00","0.00","","0.00","0.00","0.00","N","9999","Request From LOS Module","","","",""
"878","816","Other Fee (%)","000104480000422","1","0.00","0.00","","0.00","0.00","0.00","N","9999","Request From LOS Module","","","",""
"879","817","Agreement Fee (%)","000104480000423","1","0.00","0.00","","0.00","0.00","0.00","N","9999","Request From LOS Module","","","",""
"880","818","Legal Fee (%)","000104480000423","1","0.00","0.00","","0.00","0.00","0.00","N","9999","Request From LOS Module","","","",""
"881","819","Other Fee (%)","000104480000423","1","0.00","0.00","","0.00","0.00","0.00","N","9999","Request From LOS Module","","","",""
"882","820","Agreement Fee (%)","000104480000424","1","0.00","0.00","","0.00","0.00","0.00","N","9999","Request From LOS Module","","","",""
"883","821","Legal Fee (%)","000104480000424","1","0.00","0.00","","0.00","0.00","0.00","N","9999","Request From LOS Module","","","",""
"884","822","Other Fee (%)","000104480000424","1","0.00","0.00","","0.00","0.00","0.00","N","9999","Request From LOS Module","","","",""
"885","823","Agreement Fee (%)","000104480000425","1","0.00","0.00","","0.00","0.00","0.00","N","9999","Request From LOS Module","","","",""
"886","824","Legal Fee (%)","000104480000425","1","0.00","0.00","","0.00","0.00","0.00","N","9999","Request From LOS Module","","","",""
"887","825","Other Fee (%)","000104480000425","1","0.00","0.00","","0.00","0.00","0.00","N","9999","Request From LOS Module","","","",""
"888","826","Agreement Fee (%)","000104480000426","1","0.00","0.00","","0.00","0.00","0.00","N","9999","Request From LOS Module","","","",""
"889","827","Legal Fee (%)","000104480000426","1","0.00","0.00","","0.00","0.00","0.00","N","9999","Request From LOS Module","","","",""
"890","828","Other Fee (%)","000104480000426","1","0.00","0.00","","0.00","0.00","0.00","N","9999","Request From LOS Module","","","",""
"891","829","Agreement Fee (%)","000104480000427","1","0.00","0.00","","0.00","0.00","0.00","N","9999","Request From LOS Module","","","",""
"892","830","Legal Fee (%)","000104480000427","1","0.00","0.00","","0.00","0.00","0.00","N","9999","Request From LOS Module","","","",""
"893","831","Other Fee (%)","000104480000427","1","0.00","0.00","","0.00","0.00","0.00","N","9999","Request From LOS Module","","","",""
"894","832","Agreement Fee (%)","000104480000428","1","0.00","0.00","","0.00","0.00","0.00","N","9999","Request From LOS Module","","","",""
"895","833","Legal Fee (%)","000104480000428","1","0.00","0.00","","0.00","0.00","0.00","N","9999","Request From LOS Module","","","",""
"896","834","Other Fee (%)","000104480000428","1","0.00","0.00","","0.00","0.00","0.00","N","9999","Request From LOS Module","","","",""
"897","835","Agreement Fee (%)","000104480000429","1","0.00","0.00","","0.00","0.00","0.00","N","9999","Request From LOS Module","","","",""
"898","836","Legal Fee (%)","000104480000429","1","0.00","0.00","","0.00","0.00","0.00","N","9999","Request From LOS Module","","","",""
"899","837","Other Fee (%)","000104480000429","1","0.00","0.00","","0.00","0.00","0.00","N","9999","Request From LOS Module","","","",""
"900","838","Agreement Fee (%)","000104480000430","1","0.00","0.00","","0.00","0.00","0.00","N","9999","Request From LOS Module","","","",""
"901","839","Legal Fee (%)","000104480000430","1","0.00","0.00","","0.00","0.00","0.00","N","9999","Request From LOS Module","","","",""
"902","840","Other Fee (%)","000104480000430","1","0.00","0.00","","0.00","0.00","0.00","N","9999","Request From LOS Module","","","",""
"903","841","Agreement Fee (%)","000104480000431","1","0.00","0.00","","0.00","0.00","0.00","N","9999","Request From LOS Module","","","",""
"904","842","Legal Fee (%)","000104480000431","1","0.00","0.00","","0.00","0.00","0.00","N","9999","Request From LOS Module","","","",""
"905","843","Other Fee (%)","000104480000431","1","0.00","0.00","","0.00","0.00","0.00","N","9999","Request From LOS Module","","","",""
"906","844","Agreement Fee (%)","000104480000432","1","0.00","0.00","","0.00","0.00","0.00","N","9999","Request From LOS Module","","","",""
"907","845","Legal Fee (%)","000104480000432","1","0.00","0.00","","0.00","0.00","0.00","N","9999","Request From LOS Module","","","",""
"908","846","Other Fee (%)","000104480000432","1","0.00","0.00","","0.00","0.00","0.00","N","9999","Request From LOS Module","","","",""
"909","847","Agreement Fee (%)","000104480000433","1","0.00","0.00","","0.00","0.00","0.00","N","9999","Request From LOS Module","","","",""
"910","848","Legal Fee (%)","000104480000433","1","0.00","0.00","","0.00","0.00","0.00","N","9999","Request From LOS Module","","","",""
"911","849","Other Fee (%)","000104480000433","1","0.00","0.00","","0.00","0.00","0.00","N","9999","Request From LOS Module","","","",""
"912","850","Agreement Fee (%)","000104480000434","1","0.00","0.00","","0.00","0.00","0.00","N","9999","Request From LOS Module","","","",""
"913","851","Legal Fee (%)","000104480000434","1","0.00","0.00","","0.00","0.00","0.00","N","9999","Request From LOS Module","","","",""
"914","852","Other Fee (%)","000104480000434","1","0.00","0.00","","0.00","0.00","0.00","N","9999","Request From LOS Module","","","",""
"915","853","Agreement Fee (%)","000104480000435","1","0.00","0.00","","0.00","0.00","0.00","N","9999","Request From LOS Module","","","",""
"916","854","Legal Fee (%)","000104480000435","1","0.00","0.00","","0.00","0.00","0.00","N","9999","Request From LOS Module","","","",""
"917","855","Other Fee (%)","000104480000435","1","0.00","0.00","","0.00","0.00","0.00","N","9999","Request From LOS Module","","","",""
"918","856","Agreement Fee (%)","000104480000436","1","0.00","0.00","","0.00","0.00","0.00","N","9999","Request From LOS Module","","","",""
"919","857","Legal Fee (%)","000104480000436","1","0.00","0.00","","0.00","0.00","0.00","N","9999","Request From LOS Module","","","",""
"920","858","Other Fee (%)","000104480000436","1","0.00","0.00","","0.00","0.00","0.00","N","9999","Request From LOS Module","","","",""
"921","859","Agreement Fee (%)","000104480000437","1","0.00","0.00","","0.00","0.00","0.00","N","9999","Request From LOS Module","","","",""
"922","860","Legal Fee (%)","000104480000437","1","0.00","0.00","","0.00","0.00","0.00","N","9999","Request From LOS Module","","","",""
"923","861","Other Fee (%)","000104480000437","1","0.00","0.00","","0.00","0.00","0.00","N","9999","Request From LOS Module","","","",""
"924","862","Agreement Fee (%)","000104480000438","1","0.00","0.00","","0.00","0.00","0.00","N","9999","Request From LOS Module","","","",""
"925","863","Legal Fee (%)","000104480000438","1","0.00","0.00","","0.00","0.00","0.00","N","9999","Request From LOS Module","","","",""
"926","864","Other Fee (%)","000104480000438","1","0.00","0.00","","0.00","0.00","0.00","N","9999","Request From LOS Module","","","",""
"927","865","Agreement Fee (%)","000104480000439","1","0.00","0.00","","0.00","0.00","0.00","N","9999","Request From LOS Module","","","",""
"928","866","Legal Fee (%)","000104480000439","1","0.00","0.00","","0.00","0.00","0.00","N","9999","Request From LOS Module","","","",""
"929","867","Other Fee (%)","000104480000439","1","0.00","0.00","","0.00","0.00","0.00","N","9999","Request From LOS Module","","","",""
"930","868","Legal Fee (%)","000104480000440","1","0.00","0.00","","0.00","0.00","0.00","N","9999","Request From LOS Module","","","",""
"931","869","Other Fee (%)","000104480000440","1","0.00","0.00","","0.00","0.00","0.00","N","9999","Request From LOS Module","","","",""
"932","870","Agreement Fee (%)","000104480000440","1","0.00","0.00","","0.00","0.00","0.00","N","9999","Request From LOS Module","","","",""
"933","871","Agreement Fee (%)","000104480000441","1","0.00","0.00","","0.00","0.00","0.00","N","9999","Request From LOS Module","","","",""
"934","872","Legal Fee (%)","000104480000441","1","0.00","0.00","","0.00","0.00","0.00","N","9999","Request From LOS Module","","","",""
"935","873","Other Fee (%)","000104480000441","1","0.00","0.00","","0.00","0.00","0.00","N","9999","Request From LOS Module","","","",""
"936","874","Agreement Fee (%)","000104480000442","1","0.00","0.00","","0.00","0.00","0.00","N","9999","Request From LOS Module","","","",""
"937","875","Legal Fee (%)","000104480000442","1","0.00","0.00","","0.00","0.00","0.00","N","9999","Request From LOS Module","","","",""
"938","876","Other Fee (%)","000104480000442","1","0.00","0.00","","0.00","0.00","0.00","N","9999","Request From LOS Module","","","",""
"939","877","Agreement Fee (%)","000104480000443","1","0.00","0.00","","0.00","0.00","0.00","N","9999","Request From LOS Module","","","",""
"940","878","Legal Fee (%)","000104480000443","1","0.00","0.00","","0.00","0.00","0.00","N","9999","Request From LOS Module","","","",""
"941","879","Other Fee (%)","000104480000443","1","0.00","0.00","","0.00","0.00","0.00","N","9999","Request From LOS Module","","","",""
"942","880","Agreement Fee (%)","000104480000444","1","0.00","0.00","","0.00","0.00","0.00","N","9999","Request From LOS Module","","","",""
"943","881","Legal Fee (%)","000104480000444","1","0.00","0.00","","0.00","0.00","0.00","N","9999","Request From LOS Module","","","",""
"944","882","Other Fee (%)","000104480000444","1","0.00","0.00","","0.00","0.00","0.00","N","9999","Request From LOS Module","","","",""
"945","883","Agreement Fee (%)","000104480000445","1","0.00","0.00","","0.00","0.00","0.00","N","9999","Request From LOS Module","","","",""
"946","884","Legal Fee (%)","000104480000445","1","0.00","0.00","","0.00","0.00","0.00","N","9999","Request From LOS Module","","","",""
"947","885","Other Fee (%)","000104480000445","1","0.00","0.00","","0.00","0.00","0.00","N","9999","Request From LOS Module","","","",""
"948","886","Agreement Fee (%)","000104480000446","1","0.00","0.00","","0.00","0.00","0.00","N","9999","Request From LOS Module","","","",""
"949","887","Legal Fee (%)","000104480000446","1","0.00","0.00","","0.00","0.00","0.00","N","9999","Request From LOS Module","","","",""
"950","888","Other Fee (%)","000104480000446","1","0.00","0.00","","0.00","0.00","0.00","N","9999","Request From LOS Module","","","",""
"951","889","Agreement Fee (%)","000104480000447","1","0.00","0.00","","0.00","0.00","0.00","N","9999","Request From LOS Module","","","",""
"952","890","Legal Fee (%)","000104480000447","1","0.00","0.00","","0.00","0.00","0.00","N","9999","Request From LOS Module","","","",""
"953","891","Other Fee (%)","000104480000447","1","0.00","0.00","","0.00","0.00","0.00","N","9999","Request From LOS Module","","","",""
"954","892","Agreement Fee (%)","000104480000448","1","0.00","0.00","","0.00","0.00","0.00","N","9999","Request From LOS Module","","","",""
"955","893","Legal Fee (%)","000104480000448","1","0.00","0.00","","0.00","0.00","0.00","N","9999","Request From LOS Module","","","",""
"956","894","Other Fee (%)","000104480000448","1","0.00","0.00","","0.00","0.00","0.00","N","9999","Request From LOS Module","","","",""
"957","895","Agreement Fee (%)","000104480000449","1","0.00","0.00","","0.00","0.00","0.00","N","9999","Request From LOS Module","","","",""
"958","896","Legal Fee (%)","000104480000449","1","0.00","0.00","","0.00","0.00","0.00","N","9999","Request From LOS Module","","","",""
"959","897","Other Fee (%)","000104480000449","1","0.00","0.00","","0.00","0.00","0.00","N","9999","Request From LOS Module","","","",""
"960","898","Agreement Fee (%)","000104480000450","1","0.00","0.00","","0.00","0.00","0.00","N","9999","Request From LOS Module","","","",""
"961","899","Legal Fee (%)","000104480000450","1","0.00","0.00","","0.00","0.00","0.00","N","9999","Request From LOS Module","","","",""
"962","900","Other Fee (%)","000104480000450","1","0.00","0.00","","0.00","0.00","0.00","N","9999","Request From LOS Module","","","",""
"963","901","Agreement Fee (%)","000104480000451","1","0.00","0.00","","0.00","0.00","0.00","N","9999","Request From LOS Module","","","",""
"964","902","Legal Fee (%)","000104480000451","1","0.00","0.00","","0.00","0.00","0.00","N","9999","Request From LOS Module","","","",""
"965","903","Other Fee (%)","000104480000451","1","0.00","0.00","","0.00","0.00","0.00","N","9999","Request From LOS Module","","","",""
"966","904","Agreement Fee (%)","000104480000452","1","0.00","0.00","","0.00","0.00","0.00","N","9999","Request From LOS Module","","","",""
"967","905","Legal Fee (%)","000104480000452","1","0.00","0.00","","0.00","0.00","0.00","N","9999","Request From LOS Module","","","",""
"968","906","Other Fee (%)","000104480000452","1","0.00","0.00","","0.00","0.00","0.00","N","9999","Request From LOS Module","","","",""
"969","907","Agreement Fee (%)","000104480000453","1","0.00","0.00","","0.00","0.00","0.00","N","9999","Request From LOS Module","","","",""
"970","908","Legal Fee (%)","000104480000453","1","0.00","0.00","","0.00","0.00","0.00","N","9999","Request From LOS Module","","","",""
"971","909","Other Fee (%)","000104480000453","1","0.00","0.00","","0.00","0.00","0.00","N","9999","Request From LOS Module","","","",""
"972","910","Agreement Fee (%)","000104480000454","1","0.00","0.00","","0.00","0.00","0.00","N","9999","Request From LOS Module","","","",""
"973","911","Legal Fee (%)","000104480000454","1","0.00","0.00","","0.00","0.00","0.00","N","9999","Request From LOS Module","","","",""
"974","912","Other Fee (%)","000104480000454","1","0.00","0.00","","0.00","0.00","0.00","N","9999","Request From LOS Module","","","",""
"975","913","Agreement Fee (%)","000104480000455","1","0.00","0.00","","0.00","0.00","0.00","N","9999","Request From LOS Module","","","",""
"976","914","Legal Fee (%)","000104480000455","1","0.00","0.00","","0.00","0.00","0.00","N","9999","Request From LOS Module","","","",""
"977","915","Other Fee (%)","000104480000455","1","0.00","0.00","","0.00","0.00","0.00","N","9999","Request From LOS Module","","","",""
"978","916","Agreement Fee (%)","000104480000456","1","0.00","0.00","","0.00","0.00","0.00","N","9999","Request From LOS Module","","","",""
"979","917","Legal Fee (%)","000104480000456","1","0.00","0.00","","0.00","0.00","0.00","N","9999","Request From LOS Module","","","",""
"980","918","Other Fee (%)","000104480000456","1","0.00","0.00","","0.00","0.00","0.00","N","9999","Request From LOS Module","","","",""
"981","919","Agreement Fee (%)","000104480000457","1","0.00","0.00","","0.00","0.00","0.00","N","9999","Request From LOS Module","","","",""
"982","920","Legal Fee (%)","000104480000457","1","0.00","0.00","","0.00","0.00","0.00","N","9999","Request From LOS Module","","","",""
"983","921","Other Fee (%)","000104480000457","1","0.00","0.00","","0.00","0.00","0.00","N","9999","Request From LOS Module","","","",""
"984","922","Agreement Fee (%)","000104480000458","1","0.00","0.00","","0.00","0.00","0.00","N","9999","Request From LOS Module","","","",""
"985","923","Legal Fee (%)","000104480000458","1","0.00","0.00","","0.00","0.00","0.00","N","9999","Request From LOS Module","","","",""
"986","924","Other Fee (%)","000104480000458","1","0.00","0.00","","0.00","0.00","0.00","N","9999","Request From LOS Module","","","",""
"987","925","Agreement Fee (%)","000104480000459","1","0.00","0.00","","0.00","0.00","0.00","N","9999","Request From LOS Module","","","",""
"988","926","Legal Fee (%)","000104480000459","1","0.00","0.00","","0.00","0.00","0.00","N","9999","Request From LOS Module","","","",""
"989","927","Other Fee (%)","000104480000459","1","0.00","0.00","","0.00","0.00","0.00","N","9999","Request From LOS Module","","","",""
"990","928","Agreement Fee (%)","000104480000460","1","0.00","0.00","","0.00","0.00","0.00","N","9999","Request From LOS Module","","","",""
"991","929","Legal Fee (%)","000104480000460","1","0.00","0.00","","0.00","0.00","0.00","N","9999","Request From LOS Module","","","",""
"992","930","Other Fee (%)","000104480000460","1","0.00","0.00","","0.00","0.00","0.00","N","9999","Request From LOS Module","","","",""
"993","931","Agreement Fee (%)","000104480000461","1","0.00","0.00","","0.00","0.00","0.00","N","9999","Request From LOS Module","","","",""
"994","932","Legal Fee (%)","000104480000461","1","0.00","0.00","","0.00","0.00","0.00","N","9999","Request From LOS Module","","","",""
"995","933","Other Fee (%)","000104480000461","1","0.00","0.00","","0.00","0.00","0.00","N","9999","Request From LOS Module","","","",""
"996","937","Agreement Fee (%)","000104480000462","1","0.00","0.00","","0.00","0.00","0.00","N","9999","Request From LOS Module","","","",""
"997","938","Legal Fee (%)","000104480000462","1","0.00","0.00","","0.00","0.00","0.00","N","9999","Request From LOS Module","","","",""
"998","939","Other Fee (%)","000104480000462","1","0.00","0.00","","0.00","0.00","0.00","N","9999","Request From LOS Module","","","",""
"999","940","Agreement Fee (%)","000104480000463","1","0.00","0.00","","0.00","0.00","0.00","N","9999","Request From LOS Module","","","",""
"1000","941","Legal Fee (%)","000104480000463","1","0.00","0.00","","0.00","0.00","0.00","N","9999","Request From LOS Module","","","",""
"1001","942","Other Fee (%)","000104480000463","1","0.00","0.00","","0.00","0.00","0.00","N","9999","Request From LOS Module","","","",""
"1002","943","Other Fee (%)","000104480000464","1","0.00","0.00","","0.00","0.00","0.00","N","9999","Request From LOS Module","","","",""
"1003","944","Agreement Fee (%)","000104480000464","1","0.00","0.00","","0.00","0.00","0.00","N","9999","Request From LOS Module","","","",""
"1004","945","Legal Fee (%)","000104480000464","1","0.00","0.00","","0.00","0.00","0.00","N","9999","Request From LOS Module","","","",""
"1005","946","Agreement Fee (%)","000104480000465","1","0.00","0.00","","0.00","0.00","0.00","N","9999","Request From LOS Module","","","",""
"1006","947","Legal Fee (%)","000104480000465","1","0.00","0.00","","0.00","0.00","0.00","N","9999","Request From LOS Module","","","",""
"1007","948","Other Fee (%)","000104480000465","1","0.00","0.00","","0.00","0.00","0.00","N","9999","Request From LOS Module","","","",""
"1008","949","Agreement Fee (%)","000104480000466","1","0.00","0.00","","0.00","0.00","0.00","N","9999","Request From LOS Module","","","",""
"1009","950","Legal Fee (%)","000104480000466","1","0.00","0.00","","0.00","0.00","0.00","N","9999","Request From LOS Module","","","",""
"1010","951","Other Fee (%)","000104480000466","1","0.00","0.00","","0.00","0.00","0.00","N","9999","Request From LOS Module","","","",""
"1011","952","Agreement Fee (%)","000104480000467","1","0.00","0.00","","0.00","0.00","0.00","N","9999","Request From LOS Module","","","",""
"1012","953","Legal Fee (%)","000104480000467","1","0.00","0.00","","0.00","0.00","0.00","N","9999","Request From LOS Module","","","",""
"1013","954","Other Fee (%)","000104480000467","1","0.00","0.00","","0.00","0.00","0.00","N","9999","Request From LOS Module","","","",""
"1014","955","Agreement Fee (%)","000104480000468","1","0.00","0.00","","0.00","0.00","0.00","N","9999","Request From LOS Module","","","",""
"1015","956","Legal Fee (%)","000104480000468","1","0.00","0.00","","0.00","0.00","0.00","N","9999","Request From LOS Module","","","",""
"1016","957","Other Fee (%)","000104480000468","1","0.00","0.00","","0.00","0.00","0.00","N","9999","Request From LOS Module","","","",""
"1017","958","Agreement Fee (%)","000104480000469","1","0.00","0.00","","0.00","0.00","0.00","N","9999","Request From LOS Module","","","",""
"1018","959","Legal Fee (%)","000104480000469","1","0.00","0.00","","0.00","0.00","0.00","N","9999","Request From LOS Module","","","",""
"1019","960","Other Fee (%)","000104480000469","1","0.00","0.00","","0.00","0.00","0.00","N","9999","Request From LOS Module","","","",""
"1020","961","Agreement Fee (%)","000104480000470","1","0.00","0.00","","0.00","0.00","0.00","N","9999","Request From LOS Module","","","",""
"1021","962","Legal Fee (%)","000104480000470","1","0.00","0.00","","0.00","0.00","0.00","N","9999","Request From LOS Module","","","",""
"1022","963","Other Fee (%)","000104480000470","1","0.00","0.00","","0.00","0.00","0.00","N","9999","Request From LOS Module","","","",""
"1023","964","Agreement Fee (%)","000104480000471","1","0.00","0.00","","0.00","0.00","0.00","N","9999","Request From LOS Module","","","",""
"1024","965","Legal Fee (%)","000104480000471","1","0.00","0.00","","0.00","0.00","0.00","N","9999","Request From LOS Module","","","",""
"1025","966","Other Fee (%)","000104480000471","1","0.00","0.00","","0.00","0.00","0.00","N","9999","Request From LOS Module","","","",""
"1026","967","Agreement Fee (%)","000104480000472","1","0.00","0.00","","0.00","0.00","0.00","N","9999","Request From LOS Module","","","",""
"1027","968","Legal Fee (%)","000104480000472","1","0.00","0.00","","0.00","0.00","0.00","N","9999","Request From LOS Module","","","",""
"1028","969","Other Fee (%)","000104480000472","1","0.00","0.00","","0.00","0.00","0.00","N","9999","Request From LOS Module","","","",""
"1029","970","Agreement Fee (%)","000104480000473","1","0.00","0.00","","0.00","0.00","0.00","N","9999","Request From LOS Module","","","",""
"1030","971","Legal Fee (%)","000104480000473","1","0.00","0.00","","0.00","0.00","0.00","N","9999","Request From LOS Module","","","",""
"1031","972","Other Fee (%)","000104480000473","1","0.00","0.00","","0.00","0.00","0.00","N","9999","Request From LOS Module","","","",""
"1032","973","Agreement Fee (%)","000104480000474","1","0.00","0.00","","0.00","0.00","0.00","N","9999","Request From LOS Module","","","",""
"1033","974","Legal Fee (%)","000104480000474","1","0.00","0.00","","0.00","0.00","0.00","N","9999","Request From LOS Module","","","",""
"1034","975","Other Fee (%)","000104480000474","1","0.00","0.00","","0.00","0.00","0.00","N","9999","Request From LOS Module","","","",""
"1035","976","Agreement Fee (%)","000104480000475","1","0.00","0.00","","0.00","0.00","0.00","N","9999","Request From LOS Module","","","",""
"1036","977","Legal Fee (%)","000104480000475","1","0.00","0.00","","0.00","0.00","0.00","N","9999","Request From LOS Module","","","",""
"1037","978","Other Fee (%)","000104480000475","1","0.00","0.00","","0.00","0.00","0.00","N","9999","Request From LOS Module","","","",""
"1038","979","Agreement Fee (%)","000104480000476","1","0.00","0.00","","0.00","0.00","0.00","N","9999","Request From LOS Module","","","",""
"1039","980","Legal Fee (%)","000104480000476","1","0.00","0.00","","0.00","0.00","0.00","N","9999","Request From LOS Module","","","",""
"1040","981","Other Fee (%)","000104480000476","1","0.00","0.00","","0.00","0.00","0.00","N","9999","Request From LOS Module","","","",""
"1041","982","Agreement Fee (%)","000104480000477","1","0.00","0.00","","0.00","0.00","0.00","N","9999","Request From LOS Module","","","",""
"1042","983","Legal Fee (%)","000104480000477","1","0.00","0.00","","0.00","0.00","0.00","N","9999","Request From LOS Module","","","",""
"1043","984","Other Fee (%)","000104480000477","1","0.00","0.00","","0.00","0.00","0.00","N","9999","Request From LOS Module","","","",""
"1044","985","Agreement Fee (%)","000104480000478","1","0.00","0.00","","0.00","0.00","0.00","N","9999","Request From LOS Module","","","",""
"1045","986","Legal Fee (%)","000104480000478","1","0.00","0.00","","0.00","0.00","0.00","N","9999","Request From LOS Module","","","",""
"1046","987","Other Fee (%)","000104480000478","1","0.00","0.00","","0.00","0.00","0.00","N","9999","Request From LOS Module","","","",""
"1047","988","Agreement Fee (%)","000104480000479","1","0.00","0.00","","0.00","0.00","0.00","N","9999","Request From LOS Module","","","",""
"1048","989","Legal Fee (%)","000104480000479","1","0.00","0.00","","0.00","0.00","0.00","N","9999","Request From LOS Module","","","",""
"1049","990","Other Fee (%)","000104480000479","1","0.00","0.00","","0.00","0.00","0.00","N","9999","Request From LOS Module","","","",""
"1050","991","Agreement Fee (%)","000104480000480","1","0.00","0.00","","0.00","0.00","0.00","N","9999","Request From LOS Module","","","",""
"1051","992","Legal Fee (%)","000104480000480","1","0.00","0.00","","0.00","0.00","0.00","N","9999","Request From LOS Module","","","",""
"1052","993","Other Fee (%)","000104480000480","1","0.00","0.00","","0.00","0.00","0.00","N","9999","Request From LOS Module","","","",""
"1053","994","Agreement Fee (%)","000104480000481","1","0.00","0.00","","0.00","0.00","0.00","N","9999","Request From LOS Module","","","",""
"1054","995","Legal Fee (%)","000104480000481","1","0.00","0.00","","0.00","0.00","0.00","N","9999","Request From LOS Module","","","",""
"1055","996","Other Fee (%)","000104480000481","1","0.00","0.00","","0.00","0.00","0.00","N","9999","Request From LOS Module","","","",""
"1056","997","Agreement Fee (%)","000104480000482","1","0.00","0.00","","0.00","0.00","0.00","N","9999","Request From LOS Module","","","",""
"1057","998","Legal Fee (%)","000104480000482","1","0.00","0.00","","0.00","0.00","0.00","N","9999","Request From LOS Module","","","",""
"1058","999","Other Fee (%)","000104480000482","1","0.00","0.00","","0.00","0.00","0.00","N","9999","Request From LOS Module","","","",""
"1059","1000","Agreement Fee (%)","000104480000483","1","0.00","0.00","","0.00","0.00","0.00","N","9999","Request From LOS Module","","","",""
"1060","1001","Legal Fee (%)","000104480000483","1","0.00","0.00","","0.00","0.00","0.00","N","9999","Request From LOS Module","","","",""
"1061","1002","Other Fee (%)","000104480000483","1","0.00","0.00","","0.00","0.00","0.00","N","9999","Request From LOS Module","","","",""
"1062","1003","Agreement Fee (%)","000104480000484","1","0.00","0.00","","0.00","0.00","0.00","N","9999","Request From LOS Module","","","",""
"1063","1004","Legal Fee (%)","000104480000484","1","0.00","0.00","","0.00","0.00","0.00","N","9999","Request From LOS Module","","","",""
"1064","1005","Other Fee (%)","000104480000484","1","0.00","0.00","","0.00","0.00","0.00","N","9999","Request From LOS Module","","","",""
"1065","1006","Agreement Fee (%)","000104480000485","1","0.00","0.00","","0.00","0.00","0.00","N","9999","Request From LOS Module","","","",""
"1066","1007","Legal Fee (%)","000104480000485","1","0.00","0.00","","0.00","0.00","0.00","N","9999","Request From LOS Module","","","",""
"1067","1008","Other Fee (%)","000104480000485","1","0.00","0.00","","0.00","0.00","0.00","N","9999","Request From LOS Module","","","",""
"1068","1009","Agreement Fee (%)","000104480000486","1","0.00","0.00","","0.00","0.00","0.00","N","9999","Request From LOS Module","","","",""
"1069","1010","Legal Fee (%)","000104480000486","1","0.00","0.00","","0.00","0.00","0.00","N","9999","Request From LOS Module","","","",""
"1070","1011","Other Fee (%)","000104480000486","1","0.00","0.00","","0.00","0.00","0.00","N","9999","Request From LOS Module","","","",""
"1071","1012","Agreement Fee (%)","000104480000487","1","0.00","0.00","","0.00","0.00","0.00","N","9999","Request From LOS Module","","","",""
"1072","1013","Legal Fee (%)","000104480000487","1","0.00","0.00","","0.00","0.00","0.00","N","9999","Request From LOS Module","","","",""
"1073","1014","Other Fee (%)","000104480000487","1","0.00","0.00","","0.00","0.00","0.00","N","9999","Request From LOS Module","","","",""
"1074","1015","Agreement Fee (%)","000104480000488","1","0.00","0.00","","0.00","0.00","0.00","N","9999","Request From LOS Module","","","",""
"1075","1016","Legal Fee (%)","000104480000488","1","0.00","0.00","","0.00","0.00","0.00","N","9999","Request From LOS Module","","","",""
"1076","1017","Other Fee (%)","000104480000488","1","0.00","0.00","","0.00","0.00","0.00","N","9999","Request From LOS Module","","","",""
"1077","1018","Agreement Fee (%)","000104480000489","1","0.00","0.00","","0.00","0.00","0.00","N","9999","Request From LOS Module","","","",""
"1078","1019","Legal Fee (%)","000104480000489","1","0.00","0.00","","0.00","0.00","0.00","N","9999","Request From LOS Module","","","",""
"1079","1020","Other Fee (%)","000104480000489","1","0.00","0.00","","0.00","0.00","0.00","N","9999","Request From LOS Module","","","",""
"1080","1021","Agreement Fee (%)","000104480000490","1","0.00","0.00","","0.00","0.00","0.00","N","9999","Request From LOS Module","","","",""
"1081","1022","Legal Fee (%)","000104480000490","1","0.00","0.00","","0.00","0.00","0.00","N","9999","Request From LOS Module","","","",""
"1082","1023","Other Fee (%)","000104480000490","1","0.00","0.00","","0.00","0.00","0.00","N","9999","Request From LOS Module","","","",""
"1083","1027","Agreement Fee (%)","000104480000491","1","0.00","0.00","","0.00","0.00","0.00","N","9999","Request From LOS Module","","","",""
"1084","1028","Legal Fee (%)","000104480000491","1","0.00","0.00","","0.00","0.00","0.00","N","9999","Request From LOS Module","","","",""
"1085","1029","Other Fee (%)","000104480000491","1","0.00","0.00","","0.00","0.00","0.00","N","9999","Request From LOS Module","","","",""
"1086","1033","Agreement Fee (%)","000104480000492","1","0.00","0.00","","0.00","0.00","0.00","N","9999","Request From LOS Module","","","",""
"1087","1034","Legal Fee (%)","000104480000492","1","0.00","0.00","","0.00","0.00","0.00","N","9999","Request From LOS Module","","","",""
"1088","1035","Other Fee (%)","000104480000492","1","0.00","0.00","","0.00","0.00","0.00","N","9999","Request From LOS Module","","","",""
"1089","1036","Agreement Fee (%)","000104480000493","1","0.00","0.00","","0.00","0.00","0.00","N","9999","Request From LOS Module","","","",""
"1090","1037","Legal Fee (%)","000104480000493","1","0.00","0.00","","0.00","0.00","0.00","N","9999","Request From LOS Module","","","",""
"1091","1038","Other Fee (%)","000104480000493","1","0.00","0.00","","0.00","0.00","0.00","N","9999","Request From LOS Module","","","",""
"1092","1039","Agreement Fee (%)","000104480000494","1","0.00","0.00","","0.00","0.00","0.00","N","9999","Request From LOS Module","","","",""
"1093","1040","Legal Fee (%)","000104480000494","1","0.00","0.00","","0.00","0.00","0.00","N","9999","Request From LOS Module","","","",""
"1094","1041","Other Fee (%)","000104480000494","1","0.00","0.00","","0.00","0.00","0.00","N","9999","Request From LOS Module","","","",""
"1095","1042","Agreement Fee (%)","000104480000495","1","0.00","0.00","","0.00","0.00","0.00","N","9999","Request From LOS Module","","","",""
"1096","1043","Legal Fee (%)","000104480000495","1","0.00","0.00","","0.00","0.00","0.00","N","9999","Request From LOS Module","","","",""
"1097","1044","Other Fee (%)","000104480000495","1","0.00","0.00","","0.00","0.00","0.00","N","9999","Request From LOS Module","","","",""
"1098","1045","Agreement Fee (%)","000104480000496","1","0.00","0.00","","0.00","0.00","0.00","N","9999","Request From LOS Module","","","",""
"1099","1046","Legal Fee (%)","000104480000496","1","0.00","0.00","","0.00","0.00","0.00","N","9999","Request From LOS Module","","","",""
"1100","1047","Other Fee (%)","000104480000496","1","0.00","0.00","","0.00","0.00","0.00","N","9999","Request From LOS Module","","","",""
"1101","1057","Agreement Fee (%)","000104480000497","1","0.00","0.00","","0.00","0.00","0.00","N","9999","Request From LOS Module","","","",""
"1102","1058","Legal Fee (%)","000104480000497","1","0.00","0.00","","0.00","0.00","0.00","N","9999","Request From LOS Module","","","",""
"1103","1059","Other Fee (%)","000104480000497","1","0.00","0.00","","0.00","0.00","0.00","N","9999","Request From LOS Module","","","",""
"1104","1090","Agreement Fee (%)","000104480000498","1","0.00","0.00","","0.00","0.00","0.00","N","9999","Request From LOS Module","","","",""
"1105","1091","Legal Fee (%)","000104480000498","1","0.00","0.00","","0.00","0.00","0.00","N","9999","Request From LOS Module","","","",""
"1106","1092","Other Fee (%)","000104480000498","1","0.00","0.00","","0.00","0.00","0.00","N","9999","Request From LOS Module","","","",""
"1107","1099","Agreement Fee (%)","000104480000499","1","0.00","0.00","","0.00","0.00","0.00","N","9999","Request From LOS Module","","","",""
"1108","1100","Legal Fee (%)","000104480000499","1","0.00","0.00","","0.00","0.00","0.00","N","9999","Request From LOS Module","","","",""
"1109","1101","Other Fee (%)","000104480000499","1","0.00","0.00","","0.00","0.00","0.00","N","9999","Request From LOS Module","","","",""
"1110","1105","Agreement Fee (%)","000104480000500","1","0.00","0.00","","0.00","0.00","0.00","N","9999","Request From LOS Module","","","",""
"1111","1106","Legal Fee (%)","000104480000500","1","0.00","0.00","","0.00","0.00","0.00","N","9999","Request From LOS Module","","","",""
"1112","1107","Other Fee (%)","000104480000500","1","0.00","0.00","","0.00","0.00","0.00","N","9999","Request From LOS Module","","","",""
"1113","1108","Agreement Fee (%)","000104480000501","1","0.00","0.00","","0.00","0.00","0.00","N","9999","Request From LOS Module","","","",""
"1114","1109","Legal Fee (%)","000104480000501","1","0.00","0.00","","0.00","0.00","0.00","N","9999","Request From LOS Module","","","",""
"1115","1110","Other Fee (%)","000104480000501","1","0.00","0.00","","0.00","0.00","0.00","N","9999","Request From LOS Module","","","",""
"1116","1111","Agreement Fee (%)","000104480000502","1","0.00","0.00","","0.00","0.00","0.00","N","9999","Request From LOS Module","","","",""
"1117","1112","Legal Fee (%)","000104480000502","1","0.00","0.00","","0.00","0.00","0.00","N","9999","Request From LOS Module","","","",""
"1118","1113","Other Fee (%)","000104480000502","1","0.00","0.00","","0.00","0.00","0.00","N","9999","Request From LOS Module","","","",""
"1119","1114","Agreement Fee (%)","000104480000503","1","0.00","0.00","","0.00","0.00","0.00","N","9999","Request From LOS Module","","","",""
"1120","1115","Legal Fee (%)","000104480000503","1","0.00","0.00","","0.00","0.00","0.00","N","9999","Request From LOS Module","","","",""
"1121","1116","Other Fee (%)","000104480000503","1","0.00","0.00","","0.00","0.00","0.00","N","9999","Request From LOS Module","","","",""
"1122","1117","Agreement Fee (%)","000104480000504","1","0.00","0.00","","0.00","0.00","0.00","N","9999","Request From LOS Module","","","",""
"1123","1118","Legal Fee (%)","000104480000504","1","0.00","0.00","","0.00","0.00","0.00","N","9999","Request From LOS Module","","","",""
"1124","1119","Other Fee (%)","000104480000504","1","0.00","0.00","","0.00","0.00","0.00","N","9999","Request From LOS Module","","","",""
"1125","1120","Agreement Fee (%)","000104480000505","1","0.00","0.00","","0.00","0.00","0.00","N","9999","Request From LOS Module","","","",""
"1126","1121","Legal Fee (%)","000104480000505","1","0.00","0.00","","0.00","0.00","0.00","N","9999","Request From LOS Module","","","",""
"1127","1122","Other Fee (%)","000104480000505","1","0.00","0.00","","0.00","0.00","0.00","N","9999","Request From LOS Module","","","",""
"1128","1123","Agreement Fee (%)","000104480000506","1","0.00","0.00","","0.00","0.00","0.00","N","9999","Request From LOS Module","","","",""
"1129","1124","Legal Fee (%)","000104480000506","1","0.00","0.00","","0.00","0.00","0.00","N","9999","Request From LOS Module","","","",""
"1130","1125","Other Fee (%)","000104480000506","1","0.00","0.00","","0.00","0.00","0.00","N","9999","Request From LOS Module","","","",""
"1131","1126","Agreement Fee (%)","000104480000507","1","0.00","0.00","","0.00","0.00","0.00","N","9999","Request From LOS Module","","","",""
"1132","1127","Legal Fee (%)","000104480000507","1","0.00","0.00","","0.00","0.00","0.00","N","9999","Request From LOS Module","","","",""
"1133","1128","Other Fee (%)","000104480000507","1","0.00","0.00","","0.00","0.00","0.00","N","9999","Request From LOS Module","","","",""
"1134","1129","Agreement Fee (%)","000104480000508","1","0.00","0.00","","0.00","0.00","0.00","N","9999","Request From LOS Module","","","",""
"1135","1130","Legal Fee (%)","000104480000508","1","0.00","0.00","","0.00","0.00","0.00","N","9999","Request From LOS Module","","","",""
"1136","1131","Other Fee (%)","000104480000508","1","0.00","0.00","","0.00","0.00","0.00","N","9999","Request From LOS Module","","","",""
"1137","1132","Agreement Fee (%)","000104480000509","1","0.00","0.00","","0.00","0.00","0.00","N","9999","Request From LOS Module","","","",""
"1138","1133","Legal Fee (%)","000104480000509","1","0.00","0.00","","0.00","0.00","0.00","N","9999","Request From LOS Module","","","",""
"1139","1134","Other Fee (%)","000104480000509","1","0.00","0.00","","0.00","0.00","0.00","N","9999","Request From LOS Module","","","",""
"1140","1135","Agreement Fee (%)","000104480000510","1","0.00","0.00","","0.00","0.00","0.00","N","9999","Request From LOS Module","","","",""
"1141","1136","Legal Fee (%)","000104480000510","1","0.00","0.00","","0.00","0.00","0.00","N","9999","Request From LOS Module","","","",""
"1142","1137","Other Fee (%)","000104480000510","1","0.00","0.00","","0.00","0.00","0.00","N","9999","Request From LOS Module","","","",""
"1143","1138","Agreement Fee (%)","000104480000511","1","0.00","0.00","","0.00","0.00","0.00","N","9999","Request From LOS Module","","","",""
"1144","1139","Legal Fee (%)","000104480000511","1","0.00","0.00","","0.00","0.00","0.00","N","9999","Request From LOS Module","","","",""
"1145","1140","Other Fee (%)","000104480000511","1","0.00","0.00","","0.00","0.00","0.00","N","9999","Request From LOS Module","","","",""
"1146","1141","Agreement Fee (%)","000104480000512","1","0.00","0.00","","0.00","0.00","0.00","N","9999","Request From LOS Module","","","",""
"1147","1142","Legal Fee (%)","000104480000512","1","0.00","0.00","","0.00","0.00","0.00","N","9999","Request From LOS Module","","","",""
"1148","1143","Other Fee (%)","000104480000512","1","0.00","0.00","","0.00","0.00","0.00","N","9999","Request From LOS Module","","","",""
"1149","1144","Agreement Fee (%)","000104480000513","1","0.00","0.00","","0.00","0.00","0.00","N","9999","Request From LOS Module","","","",""
"1150","1145","Legal Fee (%)","000104480000513","1","0.00","0.00","","0.00","0.00","0.00","N","9999","Request From LOS Module","","","",""
"1151","1146","Other Fee (%)","000104480000513","1","0.00","0.00","","0.00","0.00","0.00","N","9999","Request From LOS Module","","","",""
"1152","1147","Agreement Fee (%)","000104480000514","1","0.00","0.00","","0.00","0.00","0.00","N","9999","Request From LOS Module","","","",""
"1153","1148","Legal Fee (%)","000104480000514","1","0.00","0.00","","0.00","0.00","0.00","N","9999","Request From LOS Module","","","",""
"1154","1149","Other Fee (%)","000104480000514","1","0.00","0.00","","0.00","0.00","0.00","N","9999","Request From LOS Module","","","",""
"1155","1150","Agreement Fee (%)","000104480000515","1","0.00","0.00","","0.00","0.00","0.00","N","9999","Request From LOS Module","","","",""
"1156","1151","Legal Fee (%)","000104480000515","1","0.00","0.00","","0.00","0.00","0.00","N","9999","Request From LOS Module","","","",""
"1157","1152","Other Fee (%)","000104480000515","1","0.00","0.00","","0.00","0.00","0.00","N","9999","Request From LOS Module","","","",""
"1158","1153","Agreement Fee (%)","000104480000516","1","0.00","0.00","","0.00","0.00","0.00","N","9999","Request From LOS Module","","","",""
"1159","1154","Legal Fee (%)","000104480000516","1","0.00","0.00","","0.00","0.00","0.00","N","9999","Request From LOS Module","","","",""
"1160","1155","Other Fee (%)","000104480000516","1","0.00","0.00","","0.00","0.00","0.00","N","9999","Request From LOS Module","","","",""
"1161","1156","Agreement Fee (%)","000104480000517","1","0.00","0.00","","0.00","0.00","0.00","N","9999","Request From LOS Module","","","",""
"1162","1157","Legal Fee (%)","000104480000517","1","0.00","0.00","","0.00","0.00","0.00","N","9999","Request From LOS Module","","","",""
"1163","1158","Other Fee (%)","000104480000517","1","0.00","0.00","","0.00","0.00","0.00","N","9999","Request From LOS Module","","","",""
"1164","1159","Agreement Fee (%)","000104480000518","1","0.00","0.00","","0.00","0.00","0.00","N","9999","Request From LOS Module","","","",""
"1165","1160","Legal Fee (%)","000104480000518","1","0.00","0.00","","0.00","0.00","0.00","N","9999","Request From LOS Module","","","",""
"1166","1161","Other Fee (%)","000104480000518","1","0.00","0.00","","0.00","0.00","0.00","N","9999","Request From LOS Module","","","",""
"1167","1162","Agreement Fee (%)","000104480000519","1","0.00","0.00","","0.00","0.00","0.00","N","9999","Request From LOS Module","","","",""
"1168","1163","Legal Fee (%)","000104480000519","1","0.00","0.00","","0.00","0.00","0.00","N","9999","Request From LOS Module","","","",""
"1169","1164","Other Fee (%)","000104480000519","1","0.00","0.00","","0.00","0.00","0.00","N","9999","Request From LOS Module","","","",""
"1170","1165","Agreement Fee (%)","000104480000520","1","0.00","0.00","","0.00","0.00","0.00","N","9999","Request From LOS Module","","","",""
"1171","1166","Legal Fee (%)","000104480000520","1","0.00","0.00","","0.00","0.00","0.00","N","9999","Request From LOS Module","","","",""
"1172","1167","Other Fee (%)","000104480000520","1","0.00","0.00","","0.00","0.00","0.00","N","9999","Request From LOS Module","","","",""
"1173","1168","Agreement Fee (%)","000104480000521","1","0.00","0.00","","0.00","0.00","0.00","N","9999","Request From LOS Module","","","",""
"1174","1169","Legal Fee (%)","000104480000521","1","0.00","0.00","","0.00","0.00","0.00","N","9999","Request From LOS Module","","","",""
"1175","1170","Other Fee (%)","000104480000521","1","0.00","0.00","","0.00","0.00","0.00","N","9999","Request From LOS Module","","","",""
"1176","1171","Agreement Fee (%)","000104480000522","1","0.00","0.00","","0.00","0.00","0.00","N","9999","Request From LOS Module","","","",""
"1177","1172","Legal Fee (%)","000104480000522","1","0.00","0.00","","0.00","0.00","0.00","N","9999","Request From LOS Module","","","",""
"1178","1173","Other Fee (%)","000104480000522","1","0.00","0.00","","0.00","0.00","0.00","N","9999","Request From LOS Module","","","",""
"1179","1174","Agreement Fee (%)","000104480000523","1","0.00","0.00","","0.00","0.00","0.00","N","9999","Request From LOS Module","","","",""
"1180","1175","Legal Fee (%)","000104480000523","1","0.00","0.00","","0.00","0.00","0.00","N","9999","Request From LOS Module","","","",""
"1181","1176","Other Fee (%)","000104480000523","1","0.00","0.00","","0.00","0.00","0.00","N","9999","Request From LOS Module","","","",""
"1182","1177","Agreement Fee (%)","000104480000524","1","0.00","0.00","","0.00","0.00","0.00","N","9999","Request From LOS Module","","","",""
"1183","1178","Legal Fee (%)","000104480000524","1","0.00","0.00","","0.00","0.00","0.00","N","9999","Request From LOS Module","","","",""
"1184","1179","Other Fee (%)","000104480000524","1","0.00","0.00","","0.00","0.00","0.00","N","9999","Request From LOS Module","","","",""
"1185","1180","Agreement Fee (%)","000104480000525","1","0.00","0.00","","0.00","0.00","0.00","N","9999","Request From LOS Module","","","",""
"1186","1181","Legal Fee (%)","000104480000525","1","0.00","0.00","","0.00","0.00","0.00","N","9999","Request From LOS Module","","","",""
"1187","1182","Other Fee (%)","000104480000525","1","0.00","0.00","","0.00","0.00","0.00","N","9999","Request From LOS Module","","","",""
"1188","1183","Agreement Fee (%)","000104480000526","1","0.00","0.00","","0.00","0.00","0.00","N","9999","Request From LOS Module","","","",""
"1189","1184","Legal Fee (%)","000104480000526","1","0.00","0.00","","0.00","0.00","0.00","N","9999","Request From LOS Module","","","",""
"1190","1185","Other Fee (%)","000104480000526","1","0.00","0.00","","0.00","0.00","0.00","N","9999","Request From LOS Module","","","",""
"1191","1186","Agreement Fee (%)","000104480000527","1","0.00","0.00","","0.00","0.00","0.00","N","9999","Request From LOS Module","","","",""
"1192","1187","Legal Fee (%)","000104480000527","1","0.00","0.00","","0.00","0.00","0.00","N","9999","Request From LOS Module","","","",""
"1193","1188","Other Fee (%)","000104480000527","1","0.00","0.00","","0.00","0.00","0.00","N","9999","Request From LOS Module","","","",""
"1194","1189","Agreement Fee (%)","000104480000528","1","0.00","0.00","","0.00","0.00","0.00","N","9999","Request From LOS Module","","","",""
"1195","1190","Legal Fee (%)","000104480000528","1","0.00","0.00","","0.00","0.00","0.00","N","9999","Request From LOS Module","","","",""
"1196","1191","Other Fee (%)","000104480000528","1","0.00","0.00","","0.00","0.00","0.00","N","9999","Request From LOS Module","","","",""
"1197","1192","Agreement Fee (%)","000104480000529","1","0.00","0.00","","0.00","0.00","0.00","N","9999","Request From LOS Module","","","",""
"1198","1193","Legal Fee (%)","000104480000529","1","0.00","0.00","","0.00","0.00","0.00","N","9999","Request From LOS Module","","","",""
"1199","1194","Other Fee (%)","000104480000529","1","0.00","0.00","","0.00","0.00","0.00","N","9999","Request From LOS Module","","","",""
"1200","1195","Agreement Fee (%)","000104480000530","1","0.00","0.00","","0.00","0.00","0.00","N","9999","Request From LOS Module","","","",""
"1201","1196","Legal Fee (%)","000104480000530","1","0.00","0.00","","0.00","0.00","0.00","N","9999","Request From LOS Module","","","",""
"1202","1197","Other Fee (%)","000104480000530","1","0.00","0.00","","0.00","0.00","0.00","N","9999","Request From LOS Module","","","",""
"1203","1198","Agreement Fee (%)","000104480000531","1","0.00","0.00","","0.00","0.00","0.00","N","9999","Request From LOS Module","","","",""
"1204","1199","Legal Fee (%)","000104480000531","1","0.00","0.00","","0.00","0.00","0.00","N","9999","Request From LOS Module","","","",""
"1205","1200","Other Fee (%)","000104480000531","1","0.00","0.00","","0.00","0.00","0.00","N","9999","Request From LOS Module","","","",""
"1206","1201","Agreement Fee (%)","000104480000532","1","0.00","0.00","","0.00","0.00","0.00","N","9999","Request From LOS Module","","","",""
"1207","1202","Legal Fee (%)","000104480000532","1","0.00","0.00","","0.00","0.00","0.00","N","9999","Request From LOS Module","","","",""
"1208","1203","Other Fee (%)","000104480000532","1","0.00","0.00","","0.00","0.00","0.00","N","9999","Request From LOS Module","","","",""
"1209","1204","Agreement Fee (%)","000104480000533","1","0.00","0.00","","0.00","0.00","0.00","N","9999","Request From LOS Module","","","",""
"1210","1205","Legal Fee (%)","000104480000533","1","0.00","0.00","","0.00","0.00","0.00","N","9999","Request From LOS Module","","","",""
"1211","1206","Other Fee (%)","000104480000533","1","0.00","0.00","","0.00","0.00","0.00","N","9999","Request From LOS Module","","","",""
"1212","1207","Agreement Fee (%)","000104480000534","1","0.00","0.00","","0.00","0.00","0.00","N","9999","Request From LOS Module","","","",""
"1213","1208","Legal Fee (%)","000104480000534","1","0.00","0.00","","0.00","0.00","0.00","N","9999","Request From LOS Module","","","",""
"1214","1209","Other Fee (%)","000104480000534","1","0.00","0.00","","0.00","0.00","0.00","N","9999","Request From LOS Module","","","",""
"1215","1210","Agreement Fee (%)","000104480000535","1","0.00","0.00","","0.00","0.00","0.00","N","9999","Request From LOS Module","","","",""
"1216","1211","Legal Fee (%)","000104480000535","1","0.00","0.00","","0.00","0.00","0.00","N","9999","Request From LOS Module","","","",""
"1217","1212","Other Fee (%)","000104480000535","1","0.00","0.00","","0.00","0.00","0.00","N","9999","Request From LOS Module","","","",""
"1218","1213","Agreement Fee (%)","000104480000536","1","0.00","0.00","","0.00","0.00","0.00","N","9999","Request From LOS Module","","","",""
"1219","1214","Legal Fee (%)","000104480000536","1","0.00","0.00","","0.00","0.00","0.00","N","9999","Request From LOS Module","","","",""
"1220","1215","Other Fee (%)","000104480000536","1","0.00","0.00","","0.00","0.00","0.00","N","9999","Request From LOS Module","","","",""
"1221","1216","Agreement Fee (%)","000104480000537","1","0.00","0.00","","0.00","0.00","0.00","N","9999","Request From LOS Module","","","",""
"1222","1217","Legal Fee (%)","000104480000537","1","0.00","0.00","","0.00","0.00","0.00","N","9999","Request From LOS Module","","","",""
"1223","1218","Other Fee (%)","000104480000537","1","0.00","0.00","","0.00","0.00","0.00","N","9999","Request From LOS Module","","","",""
"1224","1219","Agreement Fee (%)","000104480000538","1","0.00","0.00","","0.00","0.00","0.00","N","9999","Request From LOS Module","","","",""
"1225","1220","Legal Fee (%)","000104480000538","1","0.00","0.00","","0.00","0.00","0.00","N","9999","Request From LOS Module","","","",""
"1226","1221","Other Fee (%)","000104480000538","1","0.00","0.00","","0.00","0.00","0.00","N","9999","Request From LOS Module","","","",""
"1227","1222","Agreement Fee (%)","000104480000539","1","0.00","0.00","","0.00","0.00","0.00","N","9999","Request From LOS Module","","","",""
"1228","1223","Legal Fee (%)","000104480000539","1","0.00","0.00","","0.00","0.00","0.00","N","9999","Request From LOS Module","","","",""
"1229","1224","Other Fee (%)","000104480000539","1","0.00","0.00","","0.00","0.00","0.00","N","9999","Request From LOS Module","","","",""
"1230","1225","Agreement Fee (%)","000104480000540","1","0.00","0.00","","0.00","0.00","0.00","N","9999","Request From LOS Module","","","",""
"1231","1226","Legal Fee (%)","000104480000540","1","0.00","0.00","","0.00","0.00","0.00","N","9999","Request From LOS Module","","","",""
"1232","1227","Other Fee (%)","000104480000540","1","0.00","0.00","","0.00","0.00","0.00","N","9999","Request From LOS Module","","","",""
"1233","1228","Agreement Fee (%)","000104480000541","1","0.00","0.00","","0.00","0.00","0.00","N","9999","Request From LOS Module","","","",""
"1234","1229","Legal Fee (%)","000104480000541","1","0.00","0.00","","0.00","0.00","0.00","N","9999","Request From LOS Module","","","",""
"1235","1230","Other Fee (%)","000104480000541","1","0.00","0.00","","0.00","0.00","0.00","N","9999","Request From LOS Module","","","",""
"1236","1231","Agreement Fee (%)","000104480000542","1","0.00","0.00","","0.00","0.00","0.00","N","9999","Request From LOS Module","","","",""
"1237","1232","Legal Fee (%)","000104480000542","1","0.00","0.00","","0.00","0.00","0.00","N","9999","Request From LOS Module","","","",""
"1238","1233","Other Fee (%)","000104480000542","1","0.00","0.00","","0.00","0.00","0.00","N","9999","Request From LOS Module","","","",""
"1239","1234","Agreement Fee (%)","000104480000543","1","0.00","0.00","","0.00","0.00","0.00","N","9999","Request From LOS Module","","","",""
"1240","1235","Legal Fee (%)","000104480000543","1","0.00","0.00","","0.00","0.00","0.00","N","9999","Request From LOS Module","","","",""
"1241","1236","Other Fee (%)","000104480000543","1","0.00","0.00","","0.00","0.00","0.00","N","9999","Request From LOS Module","","","",""
"1242","1237","Agreement Fee (%)","000104480000544","1","0.00","0.00","","0.00","0.00","0.00","N","9999","Request From LOS Module","","","",""
"1243","1238","Legal Fee (%)","000104480000544","1","0.00","0.00","","0.00","0.00","0.00","N","9999","Request From LOS Module","","","",""
"1244","1239","Other Fee (%)","000104480000544","1","0.00","0.00","","0.00","0.00","0.00","N","9999","Request From LOS Module","","","",""
"1245","1240","Agreement Fee (%)","000104480000545","1","0.00","0.00","","0.00","0.00","0.00","N","9999","Request From LOS Module","","","",""
"1246","1241","Legal Fee (%)","000104480000545","1","0.00","0.00","","0.00","0.00","0.00","N","9999","Request From LOS Module","","","",""
"1247","1242","Other Fee (%)","000104480000545","1","0.00","0.00","","0.00","0.00","0.00","N","9999","Request From LOS Module","","","",""
"1248","1243","Agreement Fee (%)","000104480000546","1","0.00","0.00","","0.00","0.00","0.00","N","9999","Request From LOS Module","","","",""
"1249","1244","Legal Fee (%)","000104480000546","1","0.00","0.00","","0.00","0.00","0.00","N","9999","Request From LOS Module","","","",""
"1250","1245","Other Fee (%)","000104480000546","1","0.00","0.00","","0.00","0.00","0.00","N","9999","Request From LOS Module","","","",""
"1251","1246","Agreement Fee (%)","000104480000547","1","0.00","0.00","","0.00","0.00","0.00","N","9999","Request From LOS Module","","","",""
"1252","1247","Legal Fee (%)","000104480000547","1","0.00","0.00","","0.00","0.00","0.00","N","9999","Request From LOS Module","","","",""
"1253","1248","Other Fee (%)","000104480000547","1","0.00","0.00","","0.00","0.00","0.00","N","9999","Request From LOS Module","","","",""
"1254","1249","Agreement Fee (%)","000104480000548","1","0.00","0.00","","0.00","0.00","0.00","N","9999","Request From LOS Module","","","",""
"1255","1250","Legal Fee (%)","000104480000548","1","0.00","0.00","","0.00","0.00","0.00","N","9999","Request From LOS Module","","","",""
"1256","1251","Other Fee (%)","000104480000548","1","0.00","0.00","","0.00","0.00","0.00","N","9999","Request From LOS Module","","","",""
"1257","1252","Agreement Fee (%)","000104480000549","1","0.00","0.00","","0.00","0.00","0.00","N","9999","Request From LOS Module","","","",""
"1258","1253","Legal Fee (%)","000104480000549","1","0.00","0.00","","0.00","0.00","0.00","N","9999","Request From LOS Module","","","",""
"1259","1254","Other Fee (%)","000104480000549","1","0.00","0.00","","0.00","0.00","0.00","N","9999","Request From LOS Module","","","",""
"1260","1255","Agreement Fee (%)","000104480000550","1","0.00","0.00","","0.00","0.00","0.00","N","9999","Request From LOS Module","","","",""
"1261","1256","Legal Fee (%)","000104480000550","1","0.00","0.00","","0.00","0.00","0.00","N","9999","Request From LOS Module","","","",""
"1262","1257","Other Fee (%)","000104480000550","1","0.00","0.00","","0.00","0.00","0.00","N","9999","Request From LOS Module","","","",""
"1263","1258","Agreement Fee (%)","000104480000551","1","0.00","0.00","","0.00","0.00","0.00","N","9999","Request From LOS Module","","","",""
"1264","1259","Legal Fee (%)","000104480000551","1","0.00","0.00","","0.00","0.00","0.00","N","9999","Request From LOS Module","","","",""
"1265","1260","Other Fee (%)","000104480000551","1","0.00","0.00","","0.00","0.00","0.00","N","9999","Request From LOS Module","","","",""
"1266","1261","Agreement Fee (%)","000104480000552","1","0.00","0.00","","0.00","0.00","0.00","N","9999","Request From LOS Module","","","",""
"1267","1262","Legal Fee (%)","000104480000552","1","0.00","0.00","","0.00","0.00","0.00","N","9999","Request From LOS Module","","","",""
"1268","1263","Other Fee (%)","000104480000552","1","0.00","0.00","","0.00","0.00","0.00","N","9999","Request From LOS Module","","","",""
"1269","1264","Agreement Fee (%)","000104480000553","1","0.00","0.00","","0.00","0.00","0.00","N","9999","Request From LOS Module","","","",""
"1270","1265","Legal Fee (%)","000104480000553","1","0.00","0.00","","0.00","0.00","0.00","N","9999","Request From LOS Module","","","",""
"1271","1266","Other Fee (%)","000104480000553","1","0.00","0.00","","0.00","0.00","0.00","N","9999","Request From LOS Module","","","",""
"1272","1267","Agreement Fee (%)","000104480000554","1","0.00","0.00","","0.00","0.00","0.00","N","9999","Request From LOS Module","","","",""
"1273","1268","Legal Fee (%)","000104480000554","1","0.00","0.00","","0.00","0.00","0.00","N","9999","Request From LOS Module","","","",""
"1274","1269","Other Fee (%)","000104480000554","1","0.00","0.00","","0.00","0.00","0.00","N","9999","Request From LOS Module","","","",""
"1275","1270","Agreement Fee (%)","000104480000555","1","0.00","0.00","","0.00","0.00","0.00","N","9999","Request From LOS Module","","","",""
"1276","1271","Legal Fee (%)","000104480000555","1","0.00","0.00","","0.00","0.00","0.00","N","9999","Request From LOS Module","","","",""
"1277","1272","Other Fee (%)","000104480000555","1","0.00","0.00","","0.00","0.00","0.00","N","9999","Request From LOS Module","","","",""
"1278","1273","Agreement Fee (%)","000104480000556","1","0.00","0.00","","0.00","0.00","0.00","N","9999","Request From LOS Module","","","",""
"1279","1274","Legal Fee (%)","000104480000556","1","0.00","0.00","","0.00","0.00","0.00","N","9999","Request From LOS Module","","","",""
"1280","1275","Other Fee (%)","000104480000556","1","0.00","0.00","","0.00","0.00","0.00","N","9999","Request From LOS Module","","","",""
"1281","1276","Other Fee (%)","000104480000557","1","0.00","0.00","","0.00","0.00","0.00","N","9999","Request From LOS Module","","","",""
"1282","1277","Agreement Fee (%)","000104480000557","1","0.00","0.00","","0.00","0.00","0.00","N","9999","Request From LOS Module","","","",""
"1283","1278","Legal Fee (%)","000104480000557","1","0.00","0.00","","0.00","0.00","0.00","N","9999","Request From LOS Module","","","",""
"1284","1279","Other Fee (%)","000104480000558","1","0.00","0.00","","0.00","0.00","0.00","N","9999","Request From LOS Module","","","",""
"1285","1280","Agreement Fee (%)","000104480000558","1","0.00","0.00","","0.00","0.00","0.00","N","9999","Request From LOS Module","","","",""
"1286","1281","Legal Fee (%)","000104480000558","1","0.00","0.00","","0.00","0.00","0.00","N","9999","Request From LOS Module","","","",""
"1287","1282","Agreement Fee (%)","000104480000559","1","0.00","0.00","","0.00","0.00","0.00","N","9999","Request From LOS Module","","","",""
"1288","1283","Legal Fee (%)","000104480000559","1","0.00","0.00","","0.00","0.00","0.00","N","9999","Request From LOS Module","","","",""
"1289","1284","Other Fee (%)","000104480000559","1","0.00","0.00","","0.00","0.00","0.00","N","9999","Request From LOS Module","","","",""
"1290","1285","Agreement Fee (%)","000104480000560","1","0.00","0.00","","0.00","0.00","0.00","N","9999","Request From LOS Module","","","",""
"1291","1286","Legal Fee (%)","000104480000560","1","0.00","0.00","","0.00","0.00","0.00","N","9999","Request From LOS Module","","","",""
"1292","1287","Other Fee (%)","000104480000560","1","0.00","0.00","","0.00","0.00","0.00","N","9999","Request From LOS Module","","","",""
"1293","1288","Agreement Fee (%)","000104480000561","1","0.00","0.00","","0.00","0.00","0.00","N","9999","Request From LOS Module","","","",""
"1294","1289","Legal Fee (%)","000104480000561","1","0.00","0.00","","0.00","0.00","0.00","N","9999","Request From LOS Module","","","",""
"1295","1290","Other Fee (%)","000104480000561","1","0.00","0.00","","0.00","0.00","0.00","N","9999","Request From LOS Module","","","",""
"1296","1291","Agreement Fee (%)","000104480000562","1","0.00","0.00","","0.00","0.00","0.00","N","9999","Request From LOS Module","","","",""
"1297","1292","Legal Fee (%)","000104480000562","1","0.00","0.00","","0.00","0.00","0.00","N","9999","Request From LOS Module","","","",""
"1298","1293","Other Fee (%)","000104480000562","1","0.00","0.00","","0.00","0.00","0.00","N","9999","Request From LOS Module","","","",""
"1299","1294","Agreement Fee (%)","000104480000563","1","0.00","0.00","","0.00","0.00","0.00","N","9999","Request From LOS Module","","","",""
"1300","1295","Legal Fee (%)","000104480000563","1","0.00","0.00","","0.00","0.00","0.00","N","9999","Request From LOS Module","","","",""
"1301","1296","Other Fee (%)","000104480000563","1","0.00","0.00","","0.00","0.00","0.00","N","9999","Request From LOS Module","","","",""
"1302","1297","Agreement Fee (%)","000104480000564","1","0.00","0.00","","0.00","0.00","0.00","N","9999","Request From LOS Module","","","",""
"1303","1298","Legal Fee (%)","000104480000564","1","0.00","0.00","","0.00","0.00","0.00","N","9999","Request From LOS Module","","","",""
"1304","1299","Other Fee (%)","000104480000564","1","0.00","0.00","","0.00","0.00","0.00","N","9999","Request From LOS Module","","","",""
"1305","1300","Agreement Fee (%)","000104480000565","1","0.00","0.00","","0.00","0.00","0.00","N","9999","Request From LOS Module","","","",""
"1306","1301","Legal Fee (%)","000104480000565","1","0.00","0.00","","0.00","0.00","0.00","N","9999","Request From LOS Module","","","",""
"1307","1302","Other Fee (%)","000104480000565","1","0.00","0.00","","0.00","0.00","0.00","N","9999","Request From LOS Module","","","",""
"1308","1303","Agreement Fee (%)","000104480000566","1","0.00","0.00","","0.00","0.00","0.00","N","9999","Request From LOS Module","","","",""
"1309","1304","Legal Fee (%)","000104480000566","1","0.00","0.00","","0.00","0.00","0.00","N","9999","Request From LOS Module","","","",""
"1310","1305","Other Fee (%)","000104480000566","1","0.00","0.00","","0.00","0.00","0.00","N","9999","Request From LOS Module","","","",""
"1311","1306","Agreement Fee (%)","000104480000567","1","0.00","0.00","","0.00","0.00","0.00","N","9999","Request From LOS Module","","","",""
"1312","1307","Legal Fee (%)","000104480000567","1","0.00","0.00","","0.00","0.00","0.00","N","9999","Request From LOS Module","","","",""
"1313","1308","Other Fee (%)","000104480000567","1","0.00","0.00","","0.00","0.00","0.00","N","9999","Request From LOS Module","","","",""
"1314","1309","Agreement Fee (%)","000104480000568","1","0.00","0.00","","0.00","0.00","0.00","N","9999","Request From LOS Module","","","",""
"1315","1310","Legal Fee (%)","000104480000568","1","0.00","0.00","","0.00","0.00","0.00","N","9999","Request From LOS Module","","","",""
"1316","1311","Other Fee (%)","000104480000568","1","0.00","0.00","","0.00","0.00","0.00","N","9999","Request From LOS Module","","","",""
"1317","1312","Agreement Fee (%)","000104480000569","1","0.00","0.00","","0.00","0.00","0.00","N","9999","Request From LOS Module","","","",""
"1318","1313","Legal Fee (%)","000104480000569","1","0.00","0.00","","0.00","0.00","0.00","N","9999","Request From LOS Module","","","",""
"1319","1314","Other Fee (%)","000104480000569","1","0.00","0.00","","0.00","0.00","0.00","N","9999","Request From LOS Module","","","",""
"1320","1315","Agreement Fee (%)","000104480000570","1","0.00","0.00","","0.00","0.00","0.00","N","9999","Request From LOS Module","","","",""
"1321","1316","Legal Fee (%)","000104480000570","1","0.00","0.00","","0.00","0.00","0.00","N","9999","Request From LOS Module","","","",""
"1322","1317","Other Fee (%)","000104480000570","1","0.00","0.00","","0.00","0.00","0.00","N","9999","Request From LOS Module","","","",""
"1323","1318","Agreement Fee (%)","000104480000571","1","0.00","0.00","","0.00","0.00","0.00","N","9999","Request From LOS Module","","","",""
"1324","1319","Legal Fee (%)","000104480000571","1","0.00","0.00","","0.00","0.00","0.00","N","9999","Request From LOS Module","","","",""
"1325","1320","Other Fee (%)","000104480000571","1","0.00","0.00","","0.00","0.00","0.00","N","9999","Request From LOS Module","","","",""
"1326","1321","Agreement Fee (%)","000104480000572","1","0.00","0.00","","0.00","0.00","0.00","N","9999","Request From LOS Module","","","",""
"1327","1322","Legal Fee (%)","000104480000572","1","0.00","0.00","","0.00","0.00","0.00","N","9999","Request From LOS Module","","","",""
"1328","1323","Other Fee (%)","000104480000572","1","0.00","0.00","","0.00","0.00","0.00","N","9999","Request From LOS Module","","","",""
"1329","1324","Agreement Fee (%)","000104480000573","1","0.00","0.00","","0.00","0.00","0.00","N","9999","Request From LOS Module","","","",""
"1330","1325","Legal Fee (%)","000104480000573","1","0.00","0.00","","0.00","0.00","0.00","N","9999","Request From LOS Module","","","",""
"1331","1326","Other Fee (%)","000104480000573","1","0.00","0.00","","0.00","0.00","0.00","N","9999","Request From LOS Module","","","",""
"1332","1327","Agreement Fee (%)","000104480000574","1","0.00","0.00","","0.00","0.00","0.00","N","9999","Request From LOS Module","","","",""
"1333","1328","Legal Fee (%)","000104480000574","1","0.00","0.00","","0.00","0.00","0.00","N","9999","Request From LOS Module","","","",""
"1334","1329","Other Fee (%)","000104480000574","1","0.00","0.00","","0.00","0.00","0.00","N","9999","Request From LOS Module","","","",""
"1335","1330","Agreement Fee (%)","000104480000575","1","0.00","0.00","","0.00","0.00","0.00","N","9999","Request From LOS Module","","","",""
"1336","1331","Legal Fee (%)","000104480000575","1","0.00","0.00","","0.00","0.00","0.00","N","9999","Request From LOS Module","","","",""
"1337","1332","Other Fee (%)","000104480000575","1","0.00","0.00","","0.00","0.00","0.00","N","9999","Request From LOS Module","","","",""
"1338","1333","Agreement Fee (%)","000104480000576","1","0.00","0.00","","0.00","0.00","0.00","N","9999","Request From LOS Module","","","",""
"1339","1334","Legal Fee (%)","000104480000576","1","0.00","0.00","","0.00","0.00","0.00","N","9999","Request From LOS Module","","","",""
"1340","1335","Other Fee (%)","000104480000576","1","0.00","0.00","","0.00","0.00","0.00","N","9999","Request From LOS Module","","","",""
"1341","1336","Agreement Fee (%)","000104480000577","1","0.00","0.00","","0.00","0.00","0.00","N","9999","Request From LOS Module","","","",""
"1342","1337","Legal Fee (%)","000104480000577","1","0.00","0.00","","0.00","0.00","0.00","N","9999","Request From LOS Module","","","",""
"1343","1338","Other Fee (%)","000104480000577","1","0.00","0.00","","0.00","0.00","0.00","N","9999","Request From LOS Module","","","",""
"1344","1339","Agreement Fee (%)","000104480000578","1","0.00","0.00","","0.00","0.00","0.00","N","9999","Request From LOS Module","","","",""
"1345","1340","Legal Fee (%)","000104480000578","1","0.00","0.00","","0.00","0.00","0.00","N","9999","Request From LOS Module","","","",""
"1346","1341","Other Fee (%)","000104480000578","1","0.00","0.00","","0.00","0.00","0.00","N","9999","Request From LOS Module","","","",""
"1347","1342","Agreement Fee (%)","000104480000579","1","0.00","0.00","","0.00","0.00","0.00","N","9999","Request From LOS Module","","","",""
"1348","1343","Legal Fee (%)","000104480000579","1","0.00","0.00","","0.00","0.00","0.00","N","9999","Request From LOS Module","","","",""
"1349","1344","Other Fee (%)","000104480000579","1","0.00","0.00","","0.00","0.00","0.00","N","9999","Request From LOS Module","","","",""
"1350","1345","Agreement Fee (%)","000104480000580","1","0.00","0.00","","0.00","0.00","0.00","N","9999","Request From LOS Module","","","",""
"1351","1346","Legal Fee (%)","000104480000580","1","0.00","0.00","","0.00","0.00","0.00","N","9999","Request From LOS Module","","","",""
"1352","1347","Other Fee (%)","000104480000580","1","0.00","0.00","","0.00","0.00","0.00","N","9999","Request From LOS Module","","","",""
"1353","1348","Agreement Fee (%)","000104480000581","1","0.00","0.00","","0.00","0.00","0.00","N","9999","Request From LOS Module","","","",""
"1354","1349","Legal Fee (%)","000104480000581","1","0.00","0.00","","0.00","0.00","0.00","N","9999","Request From LOS Module","","","",""
"1355","1350","Other Fee (%)","000104480000581","1","0.00","0.00","","0.00","0.00","0.00","N","9999","Request From LOS Module","","","",""
"1356","1351","Agreement Fee (%)","000104480000582","1","0.00","0.00","","0.00","0.00","0.00","N","9999","Request From LOS Module","","","",""
"1357","1352","Legal Fee (%)","000104480000582","1","0.00","0.00","","0.00","0.00","0.00","N","9999","Request From LOS Module","","","",""
"1358","1353","Other Fee (%)","000104480000582","1","0.00","0.00","","0.00","0.00","0.00","N","9999","Request From LOS Module","","","",""
"1359","1354","Agreement Fee (%)","000104480000583","1","0.00","0.00","","0.00","0.00","0.00","N","9999","Request From LOS Module","","","",""
"1360","1355","Legal Fee (%)","000104480000583","1","0.00","0.00","","0.00","0.00","0.00","N","9999","Request From LOS Module","","","",""
"1361","1356","Other Fee (%)","000104480000583","1","0.00","0.00","","0.00","0.00","0.00","N","9999","Request From LOS Module","","","",""
"1362","1357","Agreement Fee (%)","000104480000584","1","0.00","0.00","","0.00","0.00","0.00","N","9999","Request From LOS Module","","","",""
"1363","1358","Legal Fee (%)","000104480000584","1","0.00","0.00","","0.00","0.00","0.00","N","9999","Request From LOS Module","","","",""
"1364","1359","Other Fee (%)","000104480000584","1","0.00","0.00","","0.00","0.00","0.00","N","9999","Request From LOS Module","","","",""
"1365","1360","Agreement Fee (%)","000104480000585","1","0.00","0.00","","0.00","0.00","0.00","N","9999","Request From LOS Module","","","",""
"1366","1361","Legal Fee (%)","000104480000585","1","0.00","0.00","","0.00","0.00","0.00","N","9999","Request From LOS Module","","","",""
"1367","1362","Other Fee (%)","000104480000585","1","0.00","0.00","","0.00","0.00","0.00","N","9999","Request From LOS Module","","","",""
"1368","1363","Agreement Fee (%)","000104480000586","1","0.00","0.00","","0.00","0.00","0.00","N","9999","Request From LOS Module","","","",""
"1369","1364","Legal Fee (%)","000104480000586","1","0.00","0.00","","0.00","0.00","0.00","N","9999","Request From LOS Module","","","",""
"1370","1365","Other Fee (%)","000104480000586","1","0.00","0.00","","0.00","0.00","0.00","N","9999","Request From LOS Module","","","",""
"1371","1366","Agreement Fee (%)","000104480000587","1","0.00","0.00","","0.00","0.00","0.00","N","9999","Request From LOS Module","","","",""
"1372","1367","Legal Fee (%)","000104480000587","1","0.00","0.00","","0.00","0.00","0.00","N","9999","Request From LOS Module","","","",""
"1373","1368","Other Fee (%)","000104480000587","1","0.00","0.00","","0.00","0.00","0.00","N","9999","Request From LOS Module","","","",""
"1374","1369","Agreement Fee (%)","000104480000588","1","0.00","0.00","","0.00","0.00","0.00","N","9999","Request From LOS Module","","","",""
"1375","1370","Legal Fee (%)","000104480000588","1","0.00","0.00","","0.00","0.00","0.00","N","9999","Request From LOS Module","","","",""
"1376","1371","Other Fee (%)","000104480000588","1","0.00","0.00","","0.00","0.00","0.00","N","9999","Request From LOS Module","","","",""
"1377","1372","Agreement Fee (%)","000104480000589","1","0.00","0.00","","0.00","0.00","0.00","N","9999","Request From LOS Module","","","",""
"1378","1373","Legal Fee (%)","000104480000589","1","0.00","0.00","","0.00","0.00","0.00","N","9999","Request From LOS Module","","","",""
"1379","1374","Other Fee (%)","000104480000589","1","0.00","0.00","","0.00","0.00","0.00","N","9999","Request From LOS Module","","","",""
"1380","1375","Agreement Fee (%)","000104480000590","1","0.00","0.00","","0.00","0.00","0.00","N","9999","Request From LOS Module","","","",""
"1381","1376","Legal Fee (%)","000104480000590","1","0.00","0.00","","0.00","0.00","0.00","N","9999","Request From LOS Module","","","",""
"1382","1377","Other Fee (%)","000104480000590","1","0.00","0.00","","0.00","0.00","0.00","N","9999","Request From LOS Module","","","",""
"1383","1378","Agreement Fee (%)","000104480000591","1","0.00","0.00","","0.00","0.00","0.00","N","9999","Request From LOS Module","","","",""
"1384","1379","Legal Fee (%)","000104480000591","1","0.00","0.00","","0.00","0.00","0.00","N","9999","Request From LOS Module","","","",""
"1385","1380","Other Fee (%)","000104480000591","1","0.00","0.00","","0.00","0.00","0.00","N","9999","Request From LOS Module","","","",""
"1386","1381","Agreement Fee (%)","000104480000592","1","0.00","0.00","","0.00","0.00","0.00","N","9999","Request From LOS Module","","","",""
"1387","1382","Legal Fee (%)","000104480000592","1","0.00","0.00","","0.00","0.00","0.00","N","9999","Request From LOS Module","","","",""
"1388","1383","Other Fee (%)","000104480000592","1","0.00","0.00","","0.00","0.00","0.00","N","9999","Request From LOS Module","","","",""
"1389","1384","Agreement Fee (%)","000104480000593","1","0.00","0.00","","0.00","0.00","0.00","N","9999","Request From LOS Module","","","",""
"1390","1385","Legal Fee (%)","000104480000593","1","0.00","0.00","","0.00","0.00","0.00","N","9999","Request From LOS Module","","","",""
"1391","1386","Other Fee (%)","000104480000593","1","0.00","0.00","","0.00","0.00","0.00","N","9999","Request From LOS Module","","","",""
"1392","1387","Agreement Fee (%)","000104480000594","1","0.00","0.00","","0.00","0.00","0.00","N","9999","Request From LOS Module","","","",""
"1393","1388","Legal Fee (%)","000104480000594","1","0.00","0.00","","0.00","0.00","0.00","N","9999","Request From LOS Module","","","",""
"1394","1389","Other Fee (%)","000104480000594","1","0.00","0.00","","0.00","0.00","0.00","N","9999","Request From LOS Module","","","",""
"1395","1390","Agreement Fee (%)","000104480000595","1","0.00","0.00","","0.00","0.00","0.00","N","9999","Request From LOS Module","","","",""
"1396","1391","Legal Fee (%)","000104480000595","1","0.00","0.00","","0.00","0.00","0.00","N","9999","Request From LOS Module","","","",""
"1397","1392","Other Fee (%)","000104480000595","1","0.00","0.00","","0.00","0.00","0.00","N","9999","Request From LOS Module","","","",""
"1398","1393","Agreement Fee (%)","000104480000596","1","0.00","0.00","","0.00","0.00","0.00","N","9999","Request From LOS Module","","","",""
"1399","1394","Legal Fee (%)","000104480000596","1","0.00","0.00","","0.00","0.00","0.00","N","9999","Request From LOS Module","","","",""
"1400","1395","Other Fee (%)","000104480000596","1","0.00","0.00","","0.00","0.00","0.00","N","9999","Request From LOS Module","","","",""
"1401","1396","Agreement Fee (%)","000104480000597","1","0.00","0.00","","0.00","0.00","0.00","N","9999","Request From LOS Module","","","",""
"1402","1397","Legal Fee (%)","000104480000597","1","0.00","0.00","","0.00","0.00","0.00","N","9999","Request From LOS Module","","","",""
"1403","1398","Other Fee (%)","000104480000597","1","0.00","0.00","","0.00","0.00","0.00","N","9999","Request From LOS Module","","","",""
"1404","1399","Agreement Fee (%)","000104480000598","1","0.00","0.00","","0.00","0.00","0.00","N","9999","Request From LOS Module","","","",""
"1405","1400","Legal Fee (%)","000104480000598","1","0.00","0.00","","0.00","0.00","0.00","N","9999","Request From LOS Module","","","",""
"1406","1401","Other Fee (%)","000104480000598","1","0.00","0.00","","0.00","0.00","0.00","N","9999","Request From LOS Module","","","",""
"1407","1402","Agreement Fee (%)","000104480000599","1","0.00","0.00","","0.00","0.00","0.00","N","9999","Request From LOS Module","","","",""
"1408","1403","Legal Fee (%)","000104480000599","1","0.00","0.00","","0.00","0.00","0.00","N","9999","Request From LOS Module","","","",""
"1409","1404","Other Fee (%)","000104480000599","1","0.00","0.00","","0.00","0.00","0.00","N","9999","Request From LOS Module","","","",""
"1410","1405","Agreement Fee (%)","000104480000600","1","0.00","0.00","","0.00","0.00","0.00","N","9999","Request From LOS Module","","","",""
"1411","1406","Legal Fee (%)","000104480000600","1","0.00","0.00","","0.00","0.00","0.00","N","9999","Request From LOS Module","","","",""
"1412","1407","Other Fee (%)","000104480000600","1","0.00","0.00","","0.00","0.00","0.00","N","9999","Request From LOS Module","","","",""
"1413","1408","Agreement Fee (%)","000104480000601","1","0.00","0.00","","0.00","0.00","0.00","N","9999","Request From LOS Module","","","",""
"1414","1409","Legal Fee (%)","000104480000601","1","0.00","0.00","","0.00","0.00","0.00","N","9999","Request From LOS Module","","","",""
"1415","1410","Other Fee (%)","000104480000601","1","0.00","0.00","","0.00","0.00","0.00","N","9999","Request From LOS Module","","","",""
"1416","1411","Agreement Fee (%)","000104480000602","1","0.00","0.00","","0.00","0.00","0.00","N","9999","Request From LOS Module","","","",""
"1417","1412","Legal Fee (%)","000104480000602","1","0.00","0.00","","0.00","0.00","0.00","N","9999","Request From LOS Module","","","",""
"1418","1413","Other Fee (%)","000104480000602","1","0.00","0.00","","0.00","0.00","0.00","N","9999","Request From LOS Module","","","",""
"1419","1417","Agreement Fee (%)","000104480000603","1","0.00","0.00","","0.00","0.00","0.00","N","9999","Request From LOS Module","","","",""
"1420","1418","Legal Fee (%)","000104480000603","1","0.00","0.00","","0.00","0.00","0.00","N","9999","Request From LOS Module","","","",""
"1421","1419","Other Fee (%)","000104480000603","1","0.00","0.00","","0.00","0.00","0.00","N","9999","Request From LOS Module","","","",""
"1422","1465","Agreement Fee (%)","000104480000604","1","0.00","0.00","","0.00","0.00","0.00","N","9999","Request From LOS Module","","","",""
"1423","1466","Legal Fee (%)","000104480000604","1","0.00","0.00","","0.00","0.00","0.00","N","9999","Request From LOS Module","","","",""
"1424","1467","Other Fee (%)","000104480000604","1","0.00","0.00","","0.00","0.00","0.00","N","9999","Request From LOS Module","","","",""
"1425","1468","Agreement Fee (%)","000104480000605","1","0.00","0.00","","0.00","0.00","0.00","N","9999","Request From LOS Module","","","",""
"1426","1469","Legal Fee (%)","000104480000605","1","0.00","0.00","","0.00","0.00","0.00","N","9999","Request From LOS Module","","","",""
"1427","1470","Other Fee (%)","000104480000605","1","0.00","0.00","","0.00","0.00","0.00","N","9999","Request From LOS Module","","","",""
"1428","1471","Agreement Fee (%)","000104480000606","1","0.00","0.00","","0.00","0.00","0.00","N","9999","Request From LOS Module","","","",""
"1429","1472","Legal Fee (%)","000104480000606","1","0.00","0.00","","0.00","0.00","0.00","N","9999","Request From LOS Module","","","",""
"1430","1473","Other Fee (%)","000104480000606","1","0.00","0.00","","0.00","0.00","0.00","N","9999","Request From LOS Module","","","",""
"1431","1474","Agreement Fee (%)","000104480000607","1","0.00","0.00","","0.00","0.00","0.00","N","9999","Request From LOS Module","","","",""
"1432","1475","Legal Fee (%)","000104480000607","1","0.00","0.00","","0.00","0.00","0.00","N","9999","Request From LOS Module","","","",""
"1433","1476","Other Fee (%)","000104480000607","1","0.00","0.00","","0.00","0.00","0.00","N","9999","Request From LOS Module","","","",""
"1434","1480","Agreement Fee (%)","000104480000608","1","0.00","0.00","","0.00","0.00","0.00","N","9999","Request From LOS Module","","","",""
"1435","1481","Legal Fee (%)","000104480000608","1","0.00","0.00","","0.00","0.00","0.00","N","9999","Request From LOS Module","","","",""
"1436","1482","Other Fee (%)","000104480000608","1","0.00","0.00","","0.00","0.00","0.00","N","9999","Request From LOS Module","","","",""
"1437","1483","Agreement Fee (%)","000104480000609","1","0.00","0.00","","0.00","0.00","0.00","N","9999","Request From LOS Module","","","",""
"1438","1484","Legal Fee (%)","000104480000609","1","0.00","0.00","","0.00","0.00","0.00","N","9999","Request From LOS Module","","","",""
"1439","1485","Other Fee (%)","000104480000609","1","0.00","0.00","","0.00","0.00","0.00","N","9999","Request From LOS Module","","","",""
"1440","1486","Agreement Fee (%)","000104480000610","1","0.00","0.00","","0.00","0.00","0.00","N","9999","Request From LOS Module","","","",""
"1441","1487","Legal Fee (%)","000104480000610","1","0.00","0.00","","0.00","0.00","0.00","N","9999","Request From LOS Module","","","",""
"1442","1488","Other Fee (%)","000104480000610","1","0.00","0.00","","0.00","0.00","0.00","N","9999","Request From LOS Module","","","",""
"1443","1492","Agreement Fee (%)","000104480000611","1","0.00","0.00","","0.00","0.00","0.00","N","9999","Request From LOS Module","","","",""
"1444","1493","Legal Fee (%)","000104480000611","1","0.00","0.00","","0.00","0.00","0.00","N","9999","Request From LOS Module","","","",""
"1445","1494","Other Fee (%)","000104480000611","1","0.00","0.00","","0.00","0.00","0.00","N","9999","Request From LOS Module","","","",""
"1446","1498","Agreement Fee (%)","000104480000612","1","0.00","0.00","","0.00","0.00","0.00","N","9999","Request From LOS Module","","","",""
"1447","1499","Legal Fee (%)","000104480000612","1","0.00","0.00","","0.00","0.00","0.00","N","9999","Request From LOS Module","","","",""
"1448","1500","Other Fee (%)","000104480000612","1","0.00","0.00","","0.00","0.00","0.00","N","9999","Request From LOS Module","","","",""
"1449","1501","Agreement Fee (%)","000104480000613","1","0.00","0.00","","0.00","0.00","0.00","N","9999","Request From LOS Module","","","",""
"1450","1502","Legal Fee (%)","000104480000613","1","0.00","0.00","","0.00","0.00","0.00","N","9999","Request From LOS Module","","","",""
"1451","1503","Other Fee (%)","000104480000613","1","0.00","0.00","","0.00","0.00","0.00","N","9999","Request From LOS Module","","","",""
"1452","1504","Agreement Fee (%)","000104480000614","1","0.00","0.00","","0.00","0.00","0.00","N","9999","Request From LOS Module","","","",""
"1453","1505","Legal Fee (%)","000104480000614","1","0.00","0.00","","0.00","0.00","0.00","N","9999","Request From LOS Module","","","",""
"1454","1506","Other Fee (%)","000104480000614","1","0.00","0.00","","0.00","0.00","0.00","N","9999","Request From LOS Module","","","",""
"1455","1507","Agreement Fee (%)","000104480000615","1","0.00","0.00","","0.00","0.00","0.00","N","9999","Request From LOS Module","","","",""
"1456","1508","Legal Fee (%)","000104480000615","1","0.00","0.00","","0.00","0.00","0.00","N","9999","Request From LOS Module","","","",""
"1457","1509","Other Fee (%)","000104480000615","1","0.00","0.00","","0.00","0.00","0.00","N","9999","Request From LOS Module","","","",""
"1458","1510","Agreement Fee (%)","000104480000616","1","0.00","0.00","","0.00","0.00","0.00","N","9999","Request From LOS Module","","","",""
"1459","1511","Legal Fee (%)","000104480000616","1","0.00","0.00","","0.00","0.00","0.00","N","9999","Request From LOS Module","","","",""
"1460","1512","Other Fee (%)","000104480000616","1","0.00","0.00","","0.00","0.00","0.00","N","9999","Request From LOS Module","","","",""
"1461","1513","Agreement Fee (%)","000104480000617","1","0.00","0.00","","0.00","0.00","0.00","N","9999","Request From LOS Module","","","",""
"1462","1514","Legal Fee (%)","000104480000617","1","0.00","0.00","","0.00","0.00","0.00","N","9999","Request From LOS Module","","","",""
"1463","1515","Other Fee (%)","000104480000617","1","0.00","0.00","","0.00","0.00","0.00","N","9999","Request From LOS Module","","","",""
"1464","1516","Agreement Fee (%)","000104480000618","1","0.00","0.00","","0.00","0.00","0.00","N","9999","Request From LOS Module","","","",""
"1465","1517","Legal Fee (%)","000104480000618","1","0.00","0.00","","0.00","0.00","0.00","N","9999","Request From LOS Module","","","",""
"1466","1518","Other Fee (%)","000104480000618","1","0.00","0.00","","0.00","0.00","0.00","N","9999","Request From LOS Module","","","",""
"1467","1519","Agreement Fee (%)","000104480000619","1","0.00","0.00","","0.00","0.00","0.00","N","9999","Request From LOS Module","","","",""
"1468","1520","Legal Fee (%)","000104480000619","1","0.00","0.00","","0.00","0.00","0.00","N","9999","Request From LOS Module","","","",""
"1469","1521","Other Fee (%)","000104480000619","1","0.00","0.00","","0.00","0.00","0.00","N","9999","Request From LOS Module","","","",""
"1470","1522","Agreement Fee (%)","000104480000620","1","0.00","0.00","","0.00","0.00","0.00","N","9999","Request From LOS Module","","","",""
"1471","1523","Legal Fee (%)","000104480000620","1","0.00","0.00","","0.00","0.00","0.00","N","9999","Request From LOS Module","","","",""
"1472","1524","Other Fee (%)","000104480000620","1","0.00","0.00","","0.00","0.00","0.00","N","9999","Request From LOS Module","","","",""
"1473","1525","Agreement Fee (%)","000104480000621","1","0.00","0.00","","0.00","0.00","0.00","N","9999","Request From LOS Module","","","",""
"1474","1526","Legal Fee (%)","000104480000621","1","0.00","0.00","","0.00","0.00","0.00","N","9999","Request From LOS Module","","","",""
"1475","1527","Other Fee (%)","000104480000621","1","0.00","0.00","","0.00","0.00","0.00","N","9999","Request From LOS Module","","","",""
"1476","1528","Agreement Fee (%)","000104480000622","1","0.00","0.00","","0.00","0.00","0.00","N","9999","Request From LOS Module","","","",""
"1477","1529","Legal Fee (%)","000104480000622","1","0.00","0.00","","0.00","0.00","0.00","N","9999","Request From LOS Module","","","",""
"1478","1530","Other Fee (%)","000104480000622","1","0.00","0.00","","0.00","0.00","0.00","N","9999","Request From LOS Module","","","",""
"1479","1531","Agreement Fee (%)","000104480000623","1","0.00","0.00","","0.00","0.00","0.00","N","9999","Request From LOS Module","","","",""
"1480","1532","Legal Fee (%)","000104480000623","1","0.00","0.00","","0.00","0.00","0.00","N","9999","Request From LOS Module","","","",""
"1481","1533","Other Fee (%)","000104480000623","1","0.00","0.00","","0.00","0.00","0.00","N","9999","Request From LOS Module","","","",""
"1482","1534","Agreement Fee (%)","000104480000624","1","0.00","0.00","","0.00","0.00","0.00","N","9999","Request From LOS Module","","","",""
"1483","1535","Legal Fee (%)","000104480000624","1","0.00","0.00","","0.00","0.00","0.00","N","9999","Request From LOS Module","","","",""
"1484","1536","Other Fee (%)","000104480000624","1","0.00","0.00","","0.00","0.00","0.00","N","9999","Request From LOS Module","","","",""
"1485","1537","Agreement Fee (%)","000104480000625","1","0.00","0.00","","0.00","0.00","0.00","N","9999","Request From LOS Module","","","",""
"1486","1538","Legal Fee (%)","000104480000625","1","0.00","0.00","","0.00","0.00","0.00","N","9999","Request From LOS Module","","","",""
"1487","1539","Other Fee (%)","000104480000625","1","0.00","0.00","","0.00","0.00","0.00","N","9999","Request From LOS Module","","","",""
"1488","1540","Agreement Fee (%)","000104480000626","1","0.00","0.00","","0.00","0.00","0.00","N","9999","Request From LOS Module","","","",""
"1489","1541","Legal Fee (%)","000104480000626","1","0.00","0.00","","0.00","0.00","0.00","N","9999","Request From LOS Module","","","",""
"1490","1542","Other Fee (%)","000104480000626","1","0.00","0.00","","0.00","0.00","0.00","N","9999","Request From LOS Module","","","",""
"1491","1543","Agreement Fee (%)","000104480000627","1","0.00","0.00","","0.00","0.00","0.00","N","9999","Request From LOS Module","","","",""
"1492","1544","Legal Fee (%)","000104480000627","1","0.00","0.00","","0.00","0.00","0.00","N","9999","Request From LOS Module","","","",""
"1493","1545","Other Fee (%)","000104480000627","1","0.00","0.00","","0.00","0.00","0.00","N","9999","Request From LOS Module","","","",""
"1494","1546","Legal Fee (%)","000104480000628","1","0.00","0.00","","0.00","0.00","0.00","N","9999","Request From LOS Module","","","",""
"1495","1547","Other Fee (%)","000104480000628","1","0.00","0.00","","0.00","0.00","0.00","N","9999","Request From LOS Module","","","",""
"1496","1548","Agreement Fee (%)","000104480000628","1","0.00","0.00","","0.00","0.00","0.00","N","9999","Request From LOS Module","","","",""
"1497","1549","Agreement Fee (%)","000104480000629","1","0.00","0.00","","0.00","0.00","0.00","N","9999","Request From LOS Module","","","",""
"1498","1550","Legal Fee (%)","000104480000629","1","0.00","0.00","","0.00","0.00","0.00","N","9999","Request From LOS Module","","","",""
"1499","1551","Other Fee (%)","000104480000629","1","0.00","0.00","","0.00","0.00","0.00","N","9999","Request From LOS Module","","","",""
"1500","1552","Agreement Fee (%)","000104480000630","1","0.00","0.00","","0.00","0.00","0.00","N","9999","Request From LOS Module","","","",""
"1501","1553","Legal Fee (%)","000104480000630","1","0.00","0.00","","0.00","0.00","0.00","N","9999","Request From LOS Module","","","",""
"1502","1554","Other Fee (%)","000104480000630","1","0.00","0.00","","0.00","0.00","0.00","N","9999","Request From LOS Module","","","",""
"1503","1555","Agreement Fee (%)","000104480000631","1","0.00","0.00","","0.00","0.00","0.00","N","9999","Request From LOS Module","","","",""
"1504","1556","Legal Fee (%)","000104480000631","1","0.00","0.00","","0.00","0.00","0.00","N","9999","Request From LOS Module","","","",""
"1505","1557","Other Fee (%)","000104480000631","1","0.00","0.00","","0.00","0.00","0.00","N","9999","Request From LOS Module","","","",""
"1506","1558","Agreement Fee (%)","000104480000632","1","0.00","0.00","","0.00","0.00","0.00","N","9999","Request From LOS Module","","","",""
"1507","1559","Legal Fee (%)","000104480000632","1","0.00","0.00","","0.00","0.00","0.00","N","9999","Request From LOS Module","","","",""
"1508","1560","Other Fee (%)","000104480000632","1","0.00","0.00","","0.00","0.00","0.00","N","9999","Request From LOS Module","","","",""
"1509","1561","Agreement Fee (%)","000104480000633","1","0.00","0.00","","0.00","0.00","0.00","N","9999","Request From LOS Module","","","",""
"1510","1562","Legal Fee (%)","000104480000633","1","0.00","0.00","","0.00","0.00","0.00","N","9999","Request From LOS Module","","","",""
"1511","1563","Other Fee (%)","000104480000633","1","0.00","0.00","","0.00","0.00","0.00","N","9999","Request From LOS Module","","","",""
"1512","1564","Agreement Fee (%)","000104480000634","1","0.00","0.00","","0.00","0.00","0.00","N","9999","Request From LOS Module","","","",""
"1513","1565","Legal Fee (%)","000104480000634","1","0.00","0.00","","0.00","0.00","0.00","N","9999","Request From LOS Module","","","",""
"1514","1566","Other Fee (%)","000104480000634","1","0.00","0.00","","0.00","0.00","0.00","N","9999","Request From LOS Module","","","",""
"1515","1567","Agreement Fee (%)","000104480000635","1","0.00","0.00","","0.00","0.00","0.00","N","9999","Request From LOS Module","","","",""
"1516","1568","Legal Fee (%)","000104480000635","1","0.00","0.00","","0.00","0.00","0.00","N","9999","Request From LOS Module","","","",""
"1517","1569","Other Fee (%)","000104480000635","1","0.00","0.00","","0.00","0.00","0.00","N","9999","Request From LOS Module","","","",""
"1518","1570","Agreement Fee (%)","000104480000636","1","0.00","0.00","","0.00","0.00","0.00","N","9999","Request From LOS Module","","","",""
"1519","1571","Legal Fee (%)","000104480000636","1","0.00","0.00","","0.00","0.00","0.00","N","9999","Request From LOS Module","","","",""
"1520","1572","Other Fee (%)","000104480000636","1","0.00","0.00","","0.00","0.00","0.00","N","9999","Request From LOS Module","","","",""
"1521","1573","Agreement Fee (%)","000104480000637","1","0.00","0.00","","0.00","0.00","0.00","N","9999","Request From LOS Module","","","",""
"1522","1574","Legal Fee (%)","000104480000637","1","0.00","0.00","","0.00","0.00","0.00","N","9999","Request From LOS Module","","","",""
"1523","1575","Other Fee (%)","000104480000637","1","0.00","0.00","","0.00","0.00","0.00","N","9999","Request From LOS Module","","","",""
"1524","1576","Agreement Fee (%)","000104480000638","1","0.00","0.00","","0.00","0.00","0.00","N","9999","Request From LOS Module","","","",""
"1525","1577","Legal Fee (%)","000104480000638","1","0.00","0.00","","0.00","0.00","0.00","N","9999","Request From LOS Module","","","",""
"1526","1578","Other Fee (%)","000104480000638","1","0.00","0.00","","0.00","0.00","0.00","N","9999","Request From LOS Module","","","",""
"1527","1579","Agreement Fee (%)","000104480000639","1","0.00","0.00","","0.00","0.00","0.00","N","9999","Request From LOS Module","","","",""
"1528","1580","Legal Fee (%)","000104480000639","1","0.00","0.00","","0.00","0.00","0.00","N","9999","Request From LOS Module","","","",""
"1529","1581","Other Fee (%)","000104480000639","1","0.00","0.00","","0.00","0.00","0.00","N","9999","Request From LOS Module","","","",""
"1530","1582","Agreement Fee (%)","000104480000640","1","0.00","0.00","","0.00","0.00","0.00","N","9999","Request From LOS Module","","","",""
"1531","1583","Legal Fee (%)","000104480000640","1","0.00","0.00","","0.00","0.00","0.00","N","9999","Request From LOS Module","","","",""
"1532","1584","Other Fee (%)","000104480000640","1","0.00","0.00","","0.00","0.00","0.00","N","9999","Request From LOS Module","","","",""
"1533","1585","Agreement Fee (%)","000104480000641","1","0.00","0.00","","0.00","0.00","0.00","N","9999","Request From LOS Module","","","",""
"1534","1586","Legal Fee (%)","000104480000641","1","0.00","0.00","","0.00","0.00","0.00","N","9999","Request From LOS Module","","","",""
"1535","1587","Other Fee (%)","000104480000641","1","0.00","0.00","","0.00","0.00","0.00","N","9999","Request From LOS Module","","","",""
"1536","1588","Agreement Fee (%)","000104480000642","1","0.00","0.00","","0.00","0.00","0.00","N","9999","Request From LOS Module","","","",""
"1537","1589","Legal Fee (%)","000104480000642","1","0.00","0.00","","0.00","0.00","0.00","N","9999","Request From LOS Module","","","",""
"1538","1590","Other Fee (%)","000104480000642","1","0.00","0.00","","0.00","0.00","0.00","N","9999","Request From LOS Module","","","",""
"1539","1591","Agreement Fee (%)","000104480000643","1","0.00","0.00","","0.00","0.00","0.00","N","9999","Request From LOS Module","","","",""
"1540","1592","Legal Fee (%)","000104480000643","1","0.00","0.00","","0.00","0.00","0.00","N","9999","Request From LOS Module","","","",""
"1541","1593","Other Fee (%)","000104480000643","1","0.00","0.00","","0.00","0.00","0.00","N","9999","Request From LOS Module","","","",""
"1542","1594","Legal Fee (%)","000104480000644","1","0.00","0.00","","0.00","0.00","0.00","N","9999","Request From LOS Module","","","",""
"1543","1595","Other Fee (%)","000104480000644","1","0.00","0.00","","0.00","0.00","0.00","N","9999","Request From LOS Module","","","",""
"1544","1596","Agreement Fee (%)","000104480000644","1","0.00","0.00","","0.00","0.00","0.00","N","9999","Request From LOS Module","","","",""
"1545","1597","Agreement Fee (%)","000104480000645","1","0.00","0.00","","0.00","0.00","0.00","N","9999","Request From LOS Module","","","",""
"1546","1598","Legal Fee (%)","000104480000645","1","0.00","0.00","","0.00","0.00","0.00","N","9999","Request From LOS Module","","","",""
"1547","1599","Other Fee (%)","000104480000645","1","0.00","0.00","","0.00","0.00","0.00","N","9999","Request From LOS Module","","","",""
"1548","1600","Agreement Fee (%)","000104480000646","1","0.00","0.00","","0.00","0.00","0.00","N","9999","Request From LOS Module","","","",""
"1549","1601","Legal Fee (%)","000104480000646","1","0.00","0.00","","0.00","0.00","0.00","N","9999","Request From LOS Module","","","",""
"1550","1602","Other Fee (%)","000104480000646","1","0.00","0.00","","0.00","0.00","0.00","N","9999","Request From LOS Module","","","",""
"1551","1603","Agreement Fee (%)","000104480000647","1","0.00","0.00","","0.00","0.00","0.00","N","9999","Request From LOS Module","","","",""
"1552","1604","Legal Fee (%)","000104480000647","1","0.00","0.00","","0.00","0.00","0.00","N","9999","Request From LOS Module","","","",""
"1553","1605","Other Fee (%)","000104480000647","1","0.00","0.00","","0.00","0.00","0.00","N","9999","Request From LOS Module","","","",""
"1554","1606","Agreement Fee (%)","000104480000648","1","0.00","0.00","","0.00","0.00","0.00","N","9999","Request From LOS Module","","","",""
"1555","1607","Legal Fee (%)","000104480000648","1","0.00","0.00","","0.00","0.00","0.00","N","9999","Request From LOS Module","","","",""
"1556","1608","Other Fee (%)","000104480000648","1","0.00","0.00","","0.00","0.00","0.00","N","9999","Request From LOS Module","","","",""
"1557","1609","Agreement Fee (%)","000104480000649","1","0.00","0.00","","0.00","0.00","0.00","N","9999","Request From LOS Module","","","",""
"1558","1610","Legal Fee (%)","000104480000649","1","0.00","0.00","","0.00","0.00","0.00","N","9999","Request From LOS Module","","","",""
"1559","1611","Other Fee (%)","000104480000649","1","0.00","0.00","","0.00","0.00","0.00","N","9999","Request From LOS Module","","","",""
"1560","1612","Agreement Fee (%)","000104480000650","1","0.00","0.00","","0.00","0.00","0.00","N","9999","Request From LOS Module","","","",""
"1561","1613","Legal Fee (%)","000104480000650","1","0.00","0.00","","0.00","0.00","0.00","N","9999","Request From LOS Module","","","",""
"1562","1614","Other Fee (%)","000104480000650","1","0.00","0.00","","0.00","0.00","0.00","N","9999","Request From LOS Module","","","",""
"1563","1615","Agreement Fee (%)","000104480000651","1","0.00","0.00","","0.00","0.00","0.00","N","9999","Request From LOS Module","","","",""
"1564","1616","Legal Fee (%)","000104480000651","1","0.00","0.00","","0.00","0.00","0.00","N","9999","Request From LOS Module","","","",""
"1565","1617","Other Fee (%)","000104480000651","1","0.00","0.00","","0.00","0.00","0.00","N","9999","Request From LOS Module","","","",""
"1566","1618","Agreement Fee (%)","000104480000652","1","0.00","0.00","","0.00","0.00","0.00","N","9999","Request From LOS Module","","","",""
"1567","1619","Legal Fee (%)","000104480000652","1","0.00","0.00","","0.00","0.00","0.00","N","9999","Request From LOS Module","","","",""
"1568","1620","Other Fee (%)","000104480000652","1","0.00","0.00","","0.00","0.00","0.00","N","9999","Request From LOS Module","","","",""
"1569","1621","Agreement Fee (%)","000104480000653","1","0.00","0.00","","0.00","0.00","0.00","N","9999","Request From LOS Module","","","",""
"1570","1622","Legal Fee (%)","000104480000653","1","0.00","0.00","","0.00","0.00","0.00","N","9999","Request From LOS Module","","","",""
"1571","1623","Other Fee (%)","000104480000653","1","0.00","0.00","","0.00","0.00","0.00","N","9999","Request From LOS Module","","","",""
"1572","1624","Agreement Fee (%)","000104480000654","1","0.00","0.00","","0.00","0.00","0.00","N","9999","Request From LOS Module","","","",""
"1573","1625","Legal Fee (%)","000104480000654","1","0.00","0.00","","0.00","0.00","0.00","N","9999","Request From LOS Module","","","",""
"1574","1626","Other Fee (%)","000104480000654","1","0.00","0.00","","0.00","0.00","0.00","N","9999","Request From LOS Module","","","",""
"1575","1627","Agreement Fee (%)","000104480000655","1","0.00","0.00","","0.00","0.00","0.00","N","9999","Request From LOS Module","","","",""
"1576","1628","Legal Fee (%)","000104480000655","1","0.00","0.00","","0.00","0.00","0.00","N","9999","Request From LOS Module","","","",""
"1577","1629","Other Fee (%)","000104480000655","1","0.00","0.00","","0.00","0.00","0.00","N","9999","Request From LOS Module","","","",""
"1578","1630","Agreement Fee (%)","000104480000656","1","0.00","0.00","","0.00","0.00","0.00","N","9999","Request From LOS Module","","","",""
"1579","1631","Legal Fee (%)","000104480000656","1","0.00","0.00","","0.00","0.00","0.00","N","9999","Request From LOS Module","","","",""
"1580","1632","Other Fee (%)","000104480000656","1","0.00","0.00","","0.00","0.00","0.00","N","9999","Request From LOS Module","","","",""
"1581","1633","Agreement Fee (%)","000104480000657","1","0.00","0.00","","0.00","0.00","0.00","N","9999","Request From LOS Module","","","",""
"1582","1634","Legal Fee (%)","000104480000657","1","0.00","0.00","","0.00","0.00","0.00","N","9999","Request From LOS Module","","","",""
"1583","1635","Other Fee (%)","000104480000657","1","0.00","0.00","","0.00","0.00","0.00","N","9999","Request From LOS Module","","","",""
"1584","1636","Agreement Fee (%)","000104480000658","1","0.00","0.00","","0.00","0.00","0.00","N","9999","Request From LOS Module","","","",""
"1585","1637","Legal Fee (%)","000104480000658","1","0.00","0.00","","0.00","0.00","0.00","N","9999","Request From LOS Module","","","",""
"1586","1638","Other Fee (%)","000104480000658","1","0.00","0.00","","0.00","0.00","0.00","N","9999","Request From LOS Module","","","",""
"1587","1639","Agreement Fee (%)","000104480000659","1","0.00","0.00","","0.00","0.00","0.00","N","9999","Request From LOS Module","","","",""
"1588","1640","Legal Fee (%)","000104480000659","1","0.00","0.00","","0.00","0.00","0.00","N","9999","Request From LOS Module","","","",""
"1589","1641","Other Fee (%)","000104480000659","1","0.00","0.00","","0.00","0.00","0.00","N","9999","Request From LOS Module","","","",""
"1590","1642","Agreement Fee (%)","000104480000660","1","0.00","0.00","","0.00","0.00","0.00","N","9999","Request From LOS Module","","","",""
"1591","1643","Legal Fee (%)","000104480000660","1","0.00","0.00","","0.00","0.00","0.00","N","9999","Request From LOS Module","","","",""
"1592","1644","Other Fee (%)","000104480000660","1","0.00","0.00","","0.00","0.00","0.00","N","9999","Request From LOS Module","","","",""
"1593","1645","Agreement Fee (%)","000104480000661","1","0.00","0.00","","0.00","0.00","0.00","N","9999","Request From LOS Module","","","",""
"1594","1646","Legal Fee (%)","000104480000661","1","0.00","0.00","","0.00","0.00","0.00","N","9999","Request From LOS Module","","","",""
"1595","1647","Other Fee (%)","000104480000661","1","0.00","0.00","","0.00","0.00","0.00","N","9999","Request From LOS Module","","","",""
"1596","1648","Agreement Fee (%)","000104480000662","1","0.00","0.00","","0.00","0.00","0.00","N","9999","Request From LOS Module","","","",""
"1597","1649","Legal Fee (%)","000104480000662","1","0.00","0.00","","0.00","0.00","0.00","N","9999","Request From LOS Module","","","",""
"1598","1650","Other Fee (%)","000104480000662","1","0.00","0.00","","0.00","0.00","0.00","N","9999","Request From LOS Module","","","",""
"1599","1651","Agreement Fee (%)","000104480000663","1","0.00","0.00","","0.00","0.00","0.00","N","9999","Request From LOS Module","","","",""
"1600","1652","Legal Fee (%)","000104480000663","1","0.00","0.00","","0.00","0.00","0.00","N","9999","Request From LOS Module","","","",""
"1601","1653","Other Fee (%)","000104480000663","1","0.00","0.00","","0.00","0.00","0.00","N","9999","Request From LOS Module","","","",""
"1602","1654","Agreement Fee (%)","000104480000664","1","0.00","0.00","","0.00","0.00","0.00","N","9999","Request From LOS Module","","","",""
"1603","1655","Legal Fee (%)","000104480000664","1","0.00","0.00","","0.00","0.00","0.00","N","9999","Request From LOS Module","","","",""
"1604","1656","Other Fee (%)","000104480000664","1","0.00","0.00","","0.00","0.00","0.00","N","9999","Request From LOS Module","","","",""
"1605","1657","Agreement Fee (%)","000104480000665","1","0.00","0.00","","0.00","0.00","0.00","N","9999","Request From LOS Module","","","",""
"1606","1658","Legal Fee (%)","000104480000665","1","0.00","0.00","","0.00","0.00","0.00","N","9999","Request From LOS Module","","","",""
"1607","1659","Other Fee (%)","000104480000665","1","0.00","0.00","","0.00","0.00","0.00","N","9999","Request From LOS Module","","","",""
"1608","1681","Agreement Fee (%)","000104480000666","1","0.00","0.00","","0.00","0.00","0.00","N","9999","Request From LOS Module","","","",""
"1609","1682","Legal Fee (%)","000104480000666","1","0.00","0.00","","0.00","0.00","0.00","N","9999","Request From LOS Module","","","",""
"1610","1683","Other Fee (%)","000104480000666","1","0.00","0.00","","0.00","0.00","0.00","N","9999","Request From LOS Module","","","",""
"1611","1684","Agreement Fee (%)","000104480000667","1","0.00","0.00","","0.00","0.00","0.00","N","9999","Request From LOS Module","","","",""
"1612","1685","Legal Fee (%)","000104480000667","1","0.00","0.00","","0.00","0.00","0.00","N","9999","Request From LOS Module","","","",""
"1613","1686","Other Fee (%)","000104480000667","1","0.00","0.00","","0.00","0.00","0.00","N","9999","Request From LOS Module","","","",""
"1614","1687","Agreement Fee (%)","000104480000668","1","0.00","0.00","","0.00","0.00","0.00","N","9999","Request From LOS Module","","","",""
"1615","1688","Legal Fee (%)","000104480000668","1","0.00","0.00","","0.00","0.00","0.00","N","9999","Request From LOS Module","","","",""
"1616","1689","Other Fee (%)","000104480000668","1","0.00","0.00","","0.00","0.00","0.00","N","9999","Request From LOS Module","","","",""
"1617","1690","Agreement Fee (%)","000104480000669","1","0.00","0.00","","0.00","0.00","0.00","N","9999","Request From LOS Module","","","",""
"1618","1691","Legal Fee (%)","000104480000669","1","0.00","0.00","","0.00","0.00","0.00","N","9999","Request From LOS Module","","","",""
"1619","1692","Other Fee (%)","000104480000669","1","0.00","0.00","","0.00","0.00","0.00","N","9999","Request From LOS Module","","","",""
"1620","1693","Agreement Fee (%)","000104480000670","1","0.00","0.00","","0.00","0.00","0.00","N","9999","Request From LOS Module","","","",""
"1621","1694","Legal Fee (%)","000104480000670","1","0.00","0.00","","0.00","0.00","0.00","N","9999","Request From LOS Module","","","",""
"1622","1695","Other Fee (%)","000104480000670","1","0.00","0.00","","0.00","0.00","0.00","N","9999","Request From LOS Module","","","",""
"1623","1696","Agreement Fee (%)","000104480000671","1","0.00","0.00","","0.00","0.00","0.00","N","9999","Request From LOS Module","","","",""
"1624","1697","Legal Fee (%)","000104480000671","1","0.00","0.00","","0.00","0.00","0.00","N","9999","Request From LOS Module","","","",""
"1625","1698","Other Fee (%)","000104480000671","1","0.00","0.00","","0.00","0.00","0.00","N","9999","Request From LOS Module","","","",""
"1626","1699","Agreement Fee (%)","000104480000672","1","0.00","0.00","","0.00","0.00","0.00","N","9999","Request From LOS Module","","","",""
"1627","1700","Legal Fee (%)","000104480000672","1","0.00","0.00","","0.00","0.00","0.00","N","9999","Request From LOS Module","","","",""
"1628","1701","Other Fee (%)","000104480000672","1","0.00","0.00","","0.00","0.00","0.00","N","9999","Request From LOS Module","","","",""
"1629","1702","Agreement Fee (%)","000104480000673","1","0.00","0.00","","0.00","0.00","0.00","N","9999","Request From LOS Module","","","",""
"1630","1703","Legal Fee (%)","000104480000673","1","0.00","0.00","","0.00","0.00","0.00","N","9999","Request From LOS Module","","","",""
"1631","1704","Other Fee (%)","000104480000673","1","0.00","0.00","","0.00","0.00","0.00","N","9999","Request From LOS Module","","","",""
"1632","1705","Agreement Fee (%)","000104480000674","1","0.00","0.00","","0.00","0.00","0.00","N","9999","Request From LOS Module","","","",""
"1633","1706","Legal Fee (%)","000104480000674","1","0.00","0.00","","0.00","0.00","0.00","N","9999","Request From LOS Module","","","",""
"1634","1707","Other Fee (%)","000104480000674","1","0.00","0.00","","0.00","0.00","0.00","N","9999","Request From LOS Module","","","",""
"1635","1708","Agreement Fee (%)","000104480000675","1","0.00","0.00","","0.00","0.00","0.00","N","9999","Request From LOS Module","","","",""
"1636","1709","Legal Fee (%)","000104480000675","1","0.00","0.00","","0.00","0.00","0.00","N","9999","Request From LOS Module","","","",""
"1637","1710","Other Fee (%)","000104480000675","1","0.00","0.00","","0.00","0.00","0.00","N","9999","Request From LOS Module","","","",""
"1638","1711","Agreement Fee (%)","000104480000676","1","0.00","0.00","","0.00","0.00","0.00","N","9999","Request From LOS Module","","","",""
"1639","1712","Legal Fee (%)","000104480000676","1","0.00","0.00","","0.00","0.00","0.00","N","9999","Request From LOS Module","","","",""
"1640","1713","Other Fee (%)","000104480000676","1","0.00","0.00","","0.00","0.00","0.00","N","9999","Request From LOS Module","","","",""
"1641","1723","Agreement Fee (%)","000104480000677","1","0.00","0.00","","0.00","0.00","0.00","N","9999","Request From LOS Module","","","",""
"1642","1724","Legal Fee (%)","000104480000677","1","0.00","0.00","","0.00","0.00","0.00","N","9999","Request From LOS Module","","","",""
"1643","1725","Other Fee (%)","000104480000677","1","0.00","0.00","","0.00","0.00","0.00","N","9999","Request From LOS Module","","","",""
"1644","1735","Agreement Fee (%)","000104480000678","1","0.00","0.00","","0.00","0.00","0.00","N","9999","Request From LOS Module","","","",""
"1645","1736","Legal Fee (%)","000104480000678","1","0.00","0.00","","0.00","0.00","0.00","N","9999","Request From LOS Module","","","",""
"1646","1737","Other Fee (%)","000104480000678","1","0.00","0.00","","0.00","0.00","0.00","N","9999","Request From LOS Module","","","",""
"1647","1741","Agreement Fee (%)","000104480000679","1","0.00","0.00","","0.00","0.00","0.00","N","9999","Request From LOS Module","","","",""
"1648","1742","Legal Fee (%)","000104480000679","1","0.00","0.00","","0.00","0.00","0.00","N","9999","Request From LOS Module","","","",""
"1649","1743","Other Fee (%)","000104480000679","1","0.00","0.00","","0.00","0.00","0.00","N","9999","Request From LOS Module","","","",""
"1650","1750","Agreement Fee (%)","000104480000680","1","0.00","0.00","","0.00","0.00","0.00","N","9999","Request From LOS Module","","","",""
"1651","1751","Legal Fee (%)","000104480000680","1","0.00","0.00","","0.00","0.00","0.00","N","9999","Request From LOS Module","","","",""
"1652","1752","Other Fee (%)","000104480000680","1","0.00","0.00","","0.00","0.00","0.00","N","9999","Request From LOS Module","","","",""
"1653","1753","Agreement Fee (%)","000104480000681","1","0.00","0.00","","0.00","0.00","0.00","N","9999","Request From LOS Module","","","",""
"1654","1754","Legal Fee (%)","000104480000681","1","0.00","0.00","","0.00","0.00","0.00","N","9999","Request From LOS Module","","","",""
"1655","1755","Other Fee (%)","000104480000681","1","0.00","0.00","","0.00","0.00","0.00","N","9999","Request From LOS Module","","","",""
"1656","1756","Agreement Fee (%)","000104480000682","1","0.00","0.00","","0.00","0.00","0.00","N","9999","Request From LOS Module","","","",""
"1657","1757","Legal Fee (%)","000104480000682","1","0.00","0.00","","0.00","0.00","0.00","N","9999","Request From LOS Module","","","",""
"1658","1758","Other Fee (%)","000104480000682","1","0.00","0.00","","0.00","0.00","0.00","N","9999","Request From LOS Module","","","",""
"1659","1759","Agreement Fee (%)","000104480000683","1","0.00","0.00","","0.00","0.00","0.00","N","9999","Request From LOS Module","","","",""
"1660","1760","Legal Fee (%)","000104480000683","1","0.00","0.00","","0.00","0.00","0.00","N","9999","Request From LOS Module","","","",""
"1661","1761","Other Fee (%)","000104480000683","1","0.00","0.00","","0.00","0.00","0.00","N","9999","Request From LOS Module","","","",""
"1662","1762","Agreement Fee (%)","000104480000684","1","0.00","0.00","","0.00","0.00","0.00","N","9999","Request From LOS Module","","","",""
"1663","1763","Legal Fee (%)","000104480000684","1","0.00","0.00","","0.00","0.00","0.00","N","9999","Request From LOS Module","","","",""
"1664","1764","Other Fee (%)","000104480000684","1","0.00","0.00","","0.00","0.00","0.00","N","9999","Request From LOS Module","","","",""
"1665","1765","Agreement Fee (%)","000104480000685","1","0.00","0.00","","0.00","0.00","0.00","N","9999","Request From LOS Module","","","",""
"1666","1766","Legal Fee (%)","000104480000685","1","0.00","0.00","","0.00","0.00","0.00","N","9999","Request From LOS Module","","","",""
"1667","1767","Other Fee (%)","000104480000685","1","0.00","0.00","","0.00","0.00","0.00","N","9999","Request From LOS Module","","","",""
"1668","1768","Agreement Fee (%)","000104480000686","1","0.00","0.00","","0.00","0.00","0.00","N","9999","Request From LOS Module","","","",""
"1669","1769","Legal Fee (%)","000104480000686","1","0.00","0.00","","0.00","0.00","0.00","N","9999","Request From LOS Module","","","",""
"1670","1770","Other Fee (%)","000104480000686","1","0.00","0.00","","0.00","0.00","0.00","N","9999","Request From LOS Module","","","",""
"1671","1771","Agreement Fee (%)","000104480000687","1","0.00","0.00","","0.00","0.00","0.00","N","9999","Request From LOS Module","","","",""
"1672","1772","Legal Fee (%)","000104480000687","1","0.00","0.00","","0.00","0.00","0.00","N","9999","Request From LOS Module","","","",""
"1673","1773","Other Fee (%)","000104480000687","1","0.00","0.00","","0.00","0.00","0.00","N","9999","Request From LOS Module","","","",""
"1674","1774","Agreement Fee (%)","000104480000688","1","0.00","0.00","","0.00","0.00","0.00","N","9999","Request From LOS Module","","","",""
"1675","1775","Legal Fee (%)","000104480000688","1","0.00","0.00","","0.00","0.00","0.00","N","9999","Request From LOS Module","","","",""
"1676","1776","Other Fee (%)","000104480000688","1","0.00","0.00","","0.00","0.00","0.00","N","9999","Request From LOS Module","","","",""
"1677","1777","Agreement Fee (%)","000104480000689","1","0.00","0.00","","0.00","0.00","0.00","N","9999","Request From LOS Module","","","",""
"1678","1778","Legal Fee (%)","000104480000689","1","0.00","0.00","","0.00","0.00","0.00","N","9999","Request From LOS Module","","","",""
"1679","1779","Other Fee (%)","000104480000689","1","0.00","0.00","","0.00","0.00","0.00","N","9999","Request From LOS Module","","","",""
"1680","1780","Agreement Fee (%)","000104480000690","1","0.00","0.00","","0.00","0.00","0.00","N","9999","Request From LOS Module","","","",""
"1681","1781","Legal Fee (%)","000104480000690","1","0.00","0.00","","0.00","0.00","0.00","N","9999","Request From LOS Module","","","",""
"1682","1782","Other Fee (%)","000104480000690","1","0.00","0.00","","0.00","0.00","0.00","N","9999","Request From LOS Module","","","",""
"1683","1783","Agreement Fee (%)","000104480000691","1","0.00","0.00","","0.00","0.00","0.00","N","9999","Request From LOS Module","","","",""
"1684","1784","Legal Fee (%)","000104480000691","1","0.00","0.00","","0.00","0.00","0.00","N","9999","Request From LOS Module","","","",""
"1685","1785","Other Fee (%)","000104480000691","1","0.00","0.00","","0.00","0.00","0.00","N","9999","Request From LOS Module","","","",""
"1686","1786","Agreement Fee (%)","000104480000692","1","0.00","0.00","","0.00","0.00","0.00","N","9999","Request From LOS Module","","","",""
"1687","1787","Legal Fee (%)","000104480000692","1","0.00","0.00","","0.00","0.00","0.00","N","9999","Request From LOS Module","","","",""
"1688","1788","Other Fee (%)","000104480000692","1","0.00","0.00","","0.00","0.00","0.00","N","9999","Request From LOS Module","","","",""
"1689","1789","Agreement Fee (%)","000104480000693","1","0.00","0.00","","0.00","0.00","0.00","N","9999","Request From LOS Module","","","",""
"1690","1790","Legal Fee (%)","000104480000693","1","0.00","0.00","","0.00","0.00","0.00","N","9999","Request From LOS Module","","","",""
"1691","1791","Other Fee (%)","000104480000693","1","0.00","0.00","","0.00","0.00","0.00","N","9999","Request From LOS Module","","","",""
"1692","1792","Agreement Fee (%)","000104480000694","1","0.00","0.00","","0.00","0.00","0.00","N","9999","Request From LOS Module","","","",""
"1693","1793","Legal Fee (%)","000104480000694","1","0.00","0.00","","0.00","0.00","0.00","N","9999","Request From LOS Module","","","",""
"1694","1794","Other Fee (%)","000104480000694","1","0.00","0.00","","0.00","0.00","0.00","N","9999","Request From LOS Module","","","",""
"1695","1795","Agreement Fee (%)","000104480000695","1","0.00","0.00","","0.00","0.00","0.00","N","9999","Request From LOS Module","","","",""
"1696","1796","Legal Fee (%)","000104480000695","1","0.00","0.00","","0.00","0.00","0.00","N","9999","Request From LOS Module","","","",""
"1697","1797","Other Fee (%)","000104480000695","1","0.00","0.00","","0.00","0.00","0.00","N","9999","Request From LOS Module","","","",""
"1698","1798","Agreement Fee (%)","000104480000696","1","0.00","0.00","","0.00","0.00","0.00","N","9999","Request From LOS Module","","","",""
"1699","1799","Legal Fee (%)","000104480000696","1","0.00","0.00","","0.00","0.00","0.00","N","9999","Request From LOS Module","","","",""
"1700","1800","Other Fee (%)","000104480000696","1","0.00","0.00","","0.00","0.00","0.00","N","9999","Request From LOS Module","","","",""
"1701","1801","Agreement Fee (%)","000104480000697","1","0.00","0.00","","0.00","0.00","0.00","N","9999","Request From LOS Module","","","",""
"1702","1802","Legal Fee (%)","000104480000697","1","0.00","0.00","","0.00","0.00","0.00","N","9999","Request From LOS Module","","","",""
"1703","1803","Other Fee (%)","000104480000697","1","0.00","0.00","","0.00","0.00","0.00","N","9999","Request From LOS Module","","","",""
"1704","1804","Agreement Fee (%)","000104480000698","1","0.00","0.00","","0.00","0.00","0.00","N","9999","Request From LOS Module","","","",""
"1705","1805","Legal Fee (%)","000104480000698","1","0.00","0.00","","0.00","0.00","0.00","N","9999","Request From LOS Module","","","",""
"1706","1806","Other Fee (%)","000104480000698","1","0.00","0.00","","0.00","0.00","0.00","N","9999","Request From LOS Module","","","",""
"1707","1807","Agreement Fee (%)","000104480000699","1","0.00","0.00","","0.00","0.00","0.00","N","9999","Request From LOS Module","","","",""
"1708","1808","Legal Fee (%)","000104480000699","1","0.00","0.00","","0.00","0.00","0.00","N","9999","Request From LOS Module","","","",""
"1709","1809","Other Fee (%)","000104480000699","1","0.00","0.00","","0.00","0.00","0.00","N","9999","Request From LOS Module","","","",""
"1710","1810","Agreement Fee (%)","000104480000700","1","0.00","0.00","","0.00","0.00","0.00","N","9999","Request From LOS Module","","","",""
"1711","1811","Legal Fee (%)","000104480000700","1","0.00","0.00","","0.00","0.00","0.00","N","9999","Request From LOS Module","","","",""
"1712","1812","Other Fee (%)","000104480000700","1","0.00","0.00","","0.00","0.00","0.00","N","9999","Request From LOS Module","","","",""
"1713","1813","Agreement Fee (%)","000104480000701","1","0.00","0.00","","0.00","0.00","0.00","N","9999","Request From LOS Module","","","",""
"1714","1814","Legal Fee (%)","000104480000701","1","0.00","0.00","","0.00","0.00","0.00","N","9999","Request From LOS Module","","","",""
"1715","1815","Other Fee (%)","000104480000701","1","0.00","0.00","","0.00","0.00","0.00","N","9999","Request From LOS Module","","","",""
"1716","1816","Agreement Fee (%)","000104480000702","1","0.00","0.00","","0.00","0.00","0.00","N","9999","Request From LOS Module","","","",""
"1717","1817","Legal Fee (%)","000104480000702","1","0.00","0.00","","0.00","0.00","0.00","N","9999","Request From LOS Module","","","",""
"1718","1818","Other Fee (%)","000104480000702","1","0.00","0.00","","0.00","0.00","0.00","N","9999","Request From LOS Module","","","",""
"1719","1825","Agreement Fee (%)","000104480000703","1","0.00","0.00","","0.00","0.00","0.00","N","9999","Request From LOS Module","","","",""
"1720","1826","Legal Fee (%)","000104480000703","1","0.00","0.00","","0.00","0.00","0.00","N","9999","Request From LOS Module","","","",""
"1721","1827","Other Fee (%)","000104480000703","1","0.00","0.00","","0.00","0.00","0.00","N","9999","Request From LOS Module","","","",""
"1722","1828","Agreement Fee (%)","000104480000704","1","0.00","0.00","","0.00","0.00","0.00","N","9999","Request From LOS Module","","","",""
"1723","1829","Legal Fee (%)","000104480000704","1","0.00","0.00","","0.00","0.00","0.00","N","9999","Request From LOS Module","","","",""
"1724","1830","Other Fee (%)","000104480000704","1","0.00","0.00","","0.00","0.00","0.00","N","9999","Request From LOS Module","","","",""
"1725","1831","Agreement Fee (%)","000104480000705","1","0.00","0.00","","0.00","0.00","0.00","N","9999","Request From LOS Module","","","",""
"1726","1832","Legal Fee (%)","000104480000705","1","0.00","0.00","","0.00","0.00","0.00","N","9999","Request From LOS Module","","","",""
"1727","1833","Other Fee (%)","000104480000705","1","0.00","0.00","","0.00","0.00","0.00","N","9999","Request From LOS Module","","","",""
"1728","1834","Agreement Fee (%)","000104480000706","1","0.00","0.00","","0.00","0.00","0.00","N","9999","Request From LOS Module","","","",""
"1729","1835","Legal Fee (%)","000104480000706","1","0.00","0.00","","0.00","0.00","0.00","N","9999","Request From LOS Module","","","",""
"1730","1836","Other Fee (%)","000104480000706","1","0.00","0.00","","0.00","0.00","0.00","N","9999","Request From LOS Module","","","",""
"1731","1837","Agreement Fee (%)","000104480000707","1","0.00","0.00","","0.00","0.00","0.00","N","9999","Request From LOS Module","","","",""
"1732","1838","Legal Fee (%)","000104480000707","1","0.00","0.00","","0.00","0.00","0.00","N","9999","Request From LOS Module","","","",""
"1733","1839","Other Fee (%)","000104480000707","1","0.00","0.00","","0.00","0.00","0.00","N","9999","Request From LOS Module","","","",""
"1734","1840","Agreement Fee (%)","000104480000708","1","0.00","0.00","","0.00","0.00","0.00","N","9999","Request From LOS Module","","","",""
"1735","1841","Legal Fee (%)","000104480000708","1","0.00","0.00","","0.00","0.00","0.00","N","9999","Request From LOS Module","","","",""
"1736","1842","Other Fee (%)","000104480000708","1","0.00","0.00","","0.00","0.00","0.00","N","9999","Request From LOS Module","","","",""
"1737","1843","Agreement Fee (%)","000104480000709","1","0.00","0.00","","0.00","0.00","0.00","N","9999","Request From LOS Module","","","",""
"1738","1844","Legal Fee (%)","000104480000709","1","0.00","0.00","","0.00","0.00","0.00","N","9999","Request From LOS Module","","","",""
"1739","1845","Other Fee (%)","000104480000709","1","0.00","0.00","","0.00","0.00","0.00","N","9999","Request From LOS Module","","","",""
"1740","1846","Agreement Fee (%)","000104480000710","1","0.00","0.00","","0.00","0.00","0.00","N","9999","Request From LOS Module","","","",""
"1741","1847","Legal Fee (%)","000104480000710","1","0.00","0.00","","0.00","0.00","0.00","N","9999","Request From LOS Module","","","",""
"1742","1848","Other Fee (%)","000104480000710","1","0.00","0.00","","0.00","0.00","0.00","N","9999","Request From LOS Module","","","",""
"1743","1849","Agreement Fee (%)","000104480000711","1","0.00","0.00","","0.00","0.00","0.00","N","9999","Request From LOS Module","","","",""
"1744","1850","Legal Fee (%)","000104480000711","1","0.00","0.00","","0.00","0.00","0.00","N","9999","Request From LOS Module","","","",""
"1745","1851","Other Fee (%)","000104480000711","1","0.00","0.00","","0.00","0.00","0.00","N","9999","Request From LOS Module","","","",""
"1746","1852","Agreement Fee (%)","000104480000712","1","0.00","0.00","","0.00","0.00","0.00","N","9999","Request From LOS Module","","","",""
"1747","1853","Legal Fee (%)","000104480000712","1","0.00","0.00","","0.00","0.00","0.00","N","9999","Request From LOS Module","","","",""
"1748","1854","Other Fee (%)","000104480000712","1","0.00","0.00","","0.00","0.00","0.00","N","9999","Request From LOS Module","","","",""
"1749","1855","Agreement Fee (%)","000104480000713","1","0.00","0.00","","0.00","0.00","0.00","N","9999","Request From LOS Module","","","",""
"1750","1856","Legal Fee (%)","000104480000713","1","0.00","0.00","","0.00","0.00","0.00","N","9999","Request From LOS Module","","","",""
"1751","1857","Other Fee (%)","000104480000713","1","0.00","0.00","","0.00","0.00","0.00","N","9999","Request From LOS Module","","","",""
"1752","1858","Agreement Fee (%)","000104480000714","1","0.00","0.00","","0.00","0.00","0.00","N","9999","Request From LOS Module","","","",""
"1753","1859","Legal Fee (%)","000104480000714","1","0.00","0.00","","0.00","0.00","0.00","N","9999","Request From LOS Module","","","",""
"1754","1860","Other Fee (%)","000104480000714","1","0.00","0.00","","0.00","0.00","0.00","N","9999","Request From LOS Module","","","",""
"1755","1861","Agreement Fee (%)","000104480000715","1","0.00","0.00","","0.00","0.00","0.00","N","9999","Request From LOS Module","","","",""
"1756","1862","Legal Fee (%)","000104480000715","1","0.00","0.00","","0.00","0.00","0.00","N","9999","Request From LOS Module","","","",""
"1757","1863","Other Fee (%)","000104480000715","1","0.00","0.00","","0.00","0.00","0.00","N","9999","Request From LOS Module","","","",""
"1758","1864","Agreement Fee (%)","000104480000716","1","0.00","0.00","","0.00","0.00","0.00","N","9999","Request From LOS Module","","","",""
"1759","1865","Legal Fee (%)","000104480000716","1","0.00","0.00","","0.00","0.00","0.00","N","9999","Request From LOS Module","","","",""
"1760","1866","Other Fee (%)","000104480000716","1","0.00","0.00","","0.00","0.00","0.00","N","9999","Request From LOS Module","","","",""
"1761","1867","Agreement Fee (%)","000104480000717","1","0.00","0.00","","0.00","0.00","0.00","N","9999","Request From LOS Module","","","",""
"1762","1868","Legal Fee (%)","000104480000717","1","0.00","0.00","","0.00","0.00","0.00","N","9999","Request From LOS Module","","","",""
"1763","1869","Other Fee (%)","000104480000717","1","0.00","0.00","","0.00","0.00","0.00","N","9999","Request From LOS Module","","","",""
"1764","1870","Agreement Fee (%)","000104480000718","1","0.00","0.00","","0.00","0.00","0.00","N","9999","Request From LOS Module","","","",""
"1765","1871","Legal Fee (%)","000104480000718","1","0.00","0.00","","0.00","0.00","0.00","N","9999","Request From LOS Module","","","",""
"1766","1872","Other Fee (%)","000104480000718","1","0.00","0.00","","0.00","0.00","0.00","N","9999","Request From LOS Module","","","",""
"1767","1873","Agreement Fee (%)","000104480000719","1","0.00","0.00","","0.00","0.00","0.00","N","9999","Request From LOS Module","","","",""
"1768","1874","Legal Fee (%)","000104480000719","1","0.00","0.00","","0.00","0.00","0.00","N","9999","Request From LOS Module","","","",""
"1769","1875","Other Fee (%)","000104480000719","1","0.00","0.00","","0.00","0.00","0.00","N","9999","Request From LOS Module","","","",""
"1770","1876","Agreement Fee (%)","000104480000720","1","0.00","0.00","","0.00","0.00","0.00","N","9999","Request From LOS Module","","","",""
"1771","1877","Legal Fee (%)","000104480000720","1","0.00","0.00","","0.00","0.00","0.00","N","9999","Request From LOS Module","","","",""
"1772","1878","Other Fee (%)","000104480000720","1","0.00","0.00","","0.00","0.00","0.00","N","9999","Request From LOS Module","","","",""
"1773","1879","Agreement Fee (%)","000104480000721","1","0.00","0.00","","0.00","0.00","0.00","N","9999","Request From LOS Module","","","",""
"1774","1880","Legal Fee (%)","000104480000721","1","0.00","0.00","","0.00","0.00","0.00","N","9999","Request From LOS Module","","","",""
"1775","1881","Other Fee (%)","000104480000721","1","0.00","0.00","","0.00","0.00","0.00","N","9999","Request From LOS Module","","","",""
"1776","1882","Agreement Fee (%)","000104480000722","1","0.00","0.00","","0.00","0.00","0.00","N","9999","Request From LOS Module","","","",""
"1777","1883","Legal Fee (%)","000104480000722","1","0.00","0.00","","0.00","0.00","0.00","N","9999","Request From LOS Module","","","",""
"1778","1884","Other Fee (%)","000104480000722","1","0.00","0.00","","0.00","0.00","0.00","N","9999","Request From LOS Module","","","",""
"1779","1885","Agreement Fee (%)","000104480000723","1","0.00","0.00","","0.00","0.00","0.00","N","9999","Request From LOS Module","","","",""
"1780","1886","Legal Fee (%)","000104480000723","1","0.00","0.00","","0.00","0.00","0.00","N","9999","Request From LOS Module","","","",""
"1781","1887","Other Fee (%)","000104480000723","1","0.00","0.00","","0.00","0.00","0.00","N","9999","Request From LOS Module","","","",""
"1782","1888","Agreement Fee (%)","000104480000724","1","0.00","0.00","","0.00","0.00","0.00","N","9999","Request From LOS Module","","","",""
"1783","1889","Legal Fee (%)","000104480000724","1","0.00","0.00","","0.00","0.00","0.00","N","9999","Request From LOS Module","","","",""
"1784","1890","Other Fee (%)","000104480000724","1","0.00","0.00","","0.00","0.00","0.00","N","9999","Request From LOS Module","","","",""
"1785","1891","Agreement Fee (%)","000104480000725","1","0.00","0.00","","0.00","0.00","0.00","N","9999","Request From LOS Module","","","",""
"1786","1892","Legal Fee (%)","000104480000725","1","0.00","0.00","","0.00","0.00","0.00","N","9999","Request From LOS Module","","","",""
"1787","1893","Other Fee (%)","000104480000725","1","0.00","0.00","","0.00","0.00","0.00","N","9999","Request From LOS Module","","","",""
"1788","1894","Agreement Fee (%)","000104480000726","1","0.00","0.00","","0.00","0.00","0.00","N","9999","Request From LOS Module","","","",""
"1789","1895","Legal Fee (%)","000104480000726","1","0.00","0.00","","0.00","0.00","0.00","N","9999","Request From LOS Module","","","",""
"1790","1896","Other Fee (%)","000104480000726","1","0.00","0.00","","0.00","0.00","0.00","N","9999","Request From LOS Module","","","",""
"1791","1897","Agreement Fee (%)","000104480000727","1","0.00","0.00","","0.00","0.00","0.00","N","9999","Request From LOS Module","","","",""
"1792","1898","Legal Fee (%)","000104480000727","1","0.00","0.00","","0.00","0.00","0.00","N","9999","Request From LOS Module","","","",""
"1793","1899","Other Fee (%)","000104480000727","1","0.00","0.00","","0.00","0.00","0.00","N","9999","Request From LOS Module","","","",""
"1794","1900","Agreement Fee (%)","000104480000728","1","0.00","0.00","","0.00","0.00","0.00","N","9999","Request From LOS Module","","","",""
"1795","1901","Legal Fee (%)","000104480000728","1","0.00","0.00","","0.00","0.00","0.00","N","9999","Request From LOS Module","","","",""
"1796","1902","Other Fee (%)","000104480000728","1","0.00","0.00","","0.00","0.00","0.00","N","9999","Request From LOS Module","","","",""
"1797","1903","Agreement Fee (%)","000104480000729","1","0.00","0.00","","0.00","0.00","0.00","N","9999","Request From LOS Module","","","",""
"1798","1904","Legal Fee (%)","000104480000729","1","0.00","0.00","","0.00","0.00","0.00","N","9999","Request From LOS Module","","","",""
"1799","1905","Other Fee (%)","000104480000729","1","0.00","0.00","","0.00","0.00","0.00","N","9999","Request From LOS Module","","","",""
"1800","1906","Agreement Fee (%)","000104480000730","1","0.00","0.00","","0.00","0.00","0.00","N","9999","Request From LOS Module","","","",""
"1801","1907","Legal Fee (%)","000104480000730","1","0.00","0.00","","0.00","0.00","0.00","N","9999","Request From LOS Module","","","",""
"1802","1908","Other Fee (%)","000104480000730","1","0.00","0.00","","0.00","0.00","0.00","N","9999","Request From LOS Module","","","",""
"1803","1909","Agreement Fee (%)","000104480000731","1","0.00","0.00","","0.00","0.00","0.00","N","9999","Request From LOS Module","","","",""
"1804","1910","Legal Fee (%)","000104480000731","1","0.00","0.00","","0.00","0.00","0.00","N","9999","Request From LOS Module","","","",""
"1805","1911","Other Fee (%)","000104480000731","1","0.00","0.00","","0.00","0.00","0.00","N","9999","Request From LOS Module","","","",""
"1806","1912","Agreement Fee (%)","000104480000732","1","0.00","0.00","","0.00","0.00","0.00","N","9999","Request From LOS Module","","","",""
"1807","1913","Legal Fee (%)","000104480000732","1","0.00","0.00","","0.00","0.00","0.00","N","9999","Request From LOS Module","","","",""
"1808","1914","Other Fee (%)","000104480000732","1","0.00","0.00","","0.00","0.00","0.00","N","9999","Request From LOS Module","","","",""
"1809","1915","Agreement Fee (%)","000104480000733","1","0.00","0.00","","0.00","0.00","0.00","N","9999","Request From LOS Module","","","",""
"1810","1916","Legal Fee (%)","000104480000733","1","0.00","0.00","","0.00","0.00","0.00","N","9999","Request From LOS Module","","","",""
"1811","1917","Other Fee (%)","000104480000733","1","0.00","0.00","","0.00","0.00","0.00","N","9999","Request From LOS Module","","","",""
"1812","1918","Agreement Fee (%)","000104480000734","1","0.00","0.00","","0.00","0.00","0.00","N","9999","Request From LOS Module","","","",""
"1813","1919","Legal Fee (%)","000104480000734","1","0.00","0.00","","0.00","0.00","0.00","N","9999","Request From LOS Module","","","",""
"1814","1920","Other Fee (%)","000104480000734","1","0.00","0.00","","0.00","0.00","0.00","N","9999","Request From LOS Module","","","",""
"1815","1921","Agreement Fee (%)","000104480000735","1","0.00","0.00","","0.00","0.00","0.00","N","9999","Request From LOS Module","","","",""
"1816","1922","Legal Fee (%)","000104480000735","1","0.00","0.00","","0.00","0.00","0.00","N","9999","Request From LOS Module","","","",""
"1817","1923","Other Fee (%)","000104480000735","1","0.00","0.00","","0.00","0.00","0.00","N","9999","Request From LOS Module","","","",""
"1818","1924","Agreement Fee (%)","000104480000736","1","0.00","0.00","","0.00","0.00","0.00","N","9999","Request From LOS Module","","","",""
"1819","1925","Legal Fee (%)","000104480000736","1","0.00","0.00","","0.00","0.00","0.00","N","9999","Request From LOS Module","","","",""
"1820","1926","Other Fee (%)","000104480000736","1","0.00","0.00","","0.00","0.00","0.00","N","9999","Request From LOS Module","","","",""
"1821","1927","Agreement Fee (%)","000104480000737","1","0.00","0.00","","0.00","0.00","0.00","N","9999","Request From LOS Module","","","",""
"1822","1928","Legal Fee (%)","000104480000737","1","0.00","0.00","","0.00","0.00","0.00","N","9999","Request From LOS Module","","","",""
"1823","1929","Other Fee (%)","000104480000737","1","0.00","0.00","","0.00","0.00","0.00","N","9999","Request From LOS Module","","","",""
"1824","1930","Agreement Fee (%)","000104480000738","1","0.00","0.00","","0.00","0.00","0.00","N","9999","Request From LOS Module","","","",""
"1825","1931","Legal Fee (%)","000104480000738","1","0.00","0.00","","0.00","0.00","0.00","N","9999","Request From LOS Module","","","",""
"1826","1932","Other Fee (%)","000104480000738","1","0.00","0.00","","0.00","0.00","0.00","N","9999","Request From LOS Module","","","",""
"1827","1933","Agreement Fee (%)","000104480000739","1","0.00","0.00","","0.00","0.00","0.00","N","9999","Request From LOS Module","","","",""
"1828","1934","Legal Fee (%)","000104480000739","1","0.00","0.00","","0.00","0.00","0.00","N","9999","Request From LOS Module","","","",""
"1829","1935","Other Fee (%)","000104480000739","1","0.00","0.00","","0.00","0.00","0.00","N","9999","Request From LOS Module","","","",""
"1830","1936","Agreement Fee (%)","000104480000740","1","0.00","0.00","","0.00","0.00","0.00","N","9999","Request From LOS Module","","","",""
"1831","1937","Legal Fee (%)","000104480000740","1","0.00","0.00","","0.00","0.00","0.00","N","9999","Request From LOS Module","","","",""
"1832","1938","Other Fee (%)","000104480000740","1","0.00","0.00","","0.00","0.00","0.00","N","9999","Request From LOS Module","","","",""
"1833","1939","Agreement Fee (%)","000104480000741","1","0.00","0.00","","0.00","0.00","0.00","N","9999","Request From LOS Module","","","",""
"1834","1940","Legal Fee (%)","000104480000741","1","0.00","0.00","","0.00","0.00","0.00","N","9999","Request From LOS Module","","","",""
"1835","1941","Other Fee (%)","000104480000741","1","0.00","0.00","","0.00","0.00","0.00","N","9999","Request From LOS Module","","","",""
"1836","1942","Agreement Fee (%)","000104480000742","1","0.00","0.00","","0.00","0.00","0.00","N","9999","Request From LOS Module","","","",""
"1837","1943","Legal Fee (%)","000104480000742","1","0.00","0.00","","0.00","0.00","0.00","N","9999","Request From LOS Module","","","",""
"1838","1944","Other Fee (%)","000104480000742","1","0.00","0.00","","0.00","0.00","0.00","N","9999","Request From LOS Module","","","",""
"1839","1945","Agreement Fee (%)","000104480000743","1","0.00","0.00","","0.00","0.00","0.00","N","9999","Request From LOS Module","","","",""
"1840","1946","Legal Fee (%)","000104480000743","1","0.00","0.00","","0.00","0.00","0.00","N","9999","Request From LOS Module","","","",""
"1841","1947","Other Fee (%)","000104480000743","1","0.00","0.00","","0.00","0.00","0.00","N","9999","Request From LOS Module","","","",""
"1842","1948","Agreement Fee (%)","000104480000744","1","0.00","0.00","","0.00","0.00","0.00","N","9999","Request From LOS Module","","","",""
"1843","1949","Legal Fee (%)","000104480000744","1","0.00","0.00","","0.00","0.00","0.00","N","9999","Request From LOS Module","","","",""
"1844","1950","Other Fee (%)","000104480000744","1","0.00","0.00","","0.00","0.00","0.00","N","9999","Request From LOS Module","","","",""
"1845","1951","Agreement Fee (%)","000104480000745","1","0.00","0.00","","0.00","0.00","0.00","N","9999","Request From LOS Module","","","",""
"1846","1952","Legal Fee (%)","000104480000745","1","0.00","0.00","","0.00","0.00","0.00","N","9999","Request From LOS Module","","","",""
"1847","1953","Other Fee (%)","000104480000745","1","0.00","0.00","","0.00","0.00","0.00","N","9999","Request From LOS Module","","","",""
"1848","1954","Agreement Fee (%)","000104480000746","1","0.00","0.00","","0.00","0.00","0.00","N","9999","Request From LOS Module","","","",""
"1849","1955","Legal Fee (%)","000104480000746","1","0.00","0.00","","0.00","0.00","0.00","N","9999","Request From LOS Module","","","",""
"1850","1956","Other Fee (%)","000104480000746","1","0.00","0.00","","0.00","0.00","0.00","N","9999","Request From LOS Module","","","",""
"1851","1957","Agreement Fee (%)","000104480000747","1","0.00","0.00","","0.00","0.00","0.00","N","9999","Request From LOS Module","","","",""
"1852","1958","Legal Fee (%)","000104480000747","1","0.00","0.00","","0.00","0.00","0.00","N","9999","Request From LOS Module","","","",""
"1853","1959","Other Fee (%)","000104480000747","1","0.00","0.00","","0.00","0.00","0.00","N","9999","Request From LOS Module","","","",""
"1854","1960","Agreement Fee (%)","000104480000748","1","0.00","0.00","","0.00","0.00","0.00","N","9999","Request From LOS Module","","","",""
"1855","1961","Legal Fee (%)","000104480000748","1","0.00","0.00","","0.00","0.00","0.00","N","9999","Request From LOS Module","","","",""
"1856","1962","Other Fee (%)","000104480000748","1","0.00","0.00","","0.00","0.00","0.00","N","9999","Request From LOS Module","","","",""
"1857","1963","Agreement Fee (%)","000104480000749","1","0.00","0.00","","0.00","0.00","0.00","N","9999","Request From LOS Module","","","",""
"1858","1964","Legal Fee (%)","000104480000749","1","0.00","0.00","","0.00","0.00","0.00","N","9999","Request From LOS Module","","","",""
"1859","1965","Other Fee (%)","000104480000749","1","0.00","0.00","","0.00","0.00","0.00","N","9999","Request From LOS Module","","","",""
"1860","1966","Agreement Fee (%)","000104480000750","1","0.00","0.00","","0.00","0.00","0.00","N","9999","Request From LOS Module","","","",""
"1861","1967","Legal Fee (%)","000104480000750","1","0.00","0.00","","0.00","0.00","0.00","N","9999","Request From LOS Module","","","",""
"1862","1968","Other Fee (%)","000104480000750","1","0.00","0.00","","0.00","0.00","0.00","N","9999","Request From LOS Module","","","",""
"1863","1969","Agreement Fee (%)","000104480000751","1","0.00","0.00","","0.00","0.00","0.00","N","9999","Request From LOS Module","","","",""
"1864","1970","Legal Fee (%)","000104480000751","1","0.00","0.00","","0.00","0.00","0.00","N","9999","Request From LOS Module","","","",""
"1865","1971","Other Fee (%)","000104480000751","1","0.00","0.00","","0.00","0.00","0.00","N","9999","Request From LOS Module","","","",""
"1866","1972","Agreement Fee (%)","000104480000752","1","0.00","0.00","","0.00","0.00","0.00","N","9999","Request From LOS Module","","","",""
"1867","1973","Legal Fee (%)","000104480000752","1","0.00","0.00","","0.00","0.00","0.00","N","9999","Request From LOS Module","","","",""
"1868","1974","Other Fee (%)","000104480000752","1","0.00","0.00","","0.00","0.00","0.00","N","9999","Request From LOS Module","","","",""
"1869","1975","Agreement Fee (%)","000104480000753","1","0.00","0.00","","0.00","0.00","0.00","N","9999","Request From LOS Module","","","",""
"1870","1976","Legal Fee (%)","000104480000753","1","0.00","0.00","","0.00","0.00","0.00","N","9999","Request From LOS Module","","","",""
"1871","1977","Other Fee (%)","000104480000753","1","0.00","0.00","","0.00","0.00","0.00","N","9999","Request From LOS Module","","","",""
"1872","1978","Agreement Fee (%)","000104480000754","1","0.00","0.00","","0.00","0.00","0.00","N","9999","Request From LOS Module","","","",""
"1873","1979","Legal Fee (%)","000104480000754","1","0.00","0.00","","0.00","0.00","0.00","N","9999","Request From LOS Module","","","",""
"1874","1980","Other Fee (%)","000104480000754","1","0.00","0.00","","0.00","0.00","0.00","N","9999","Request From LOS Module","","","",""
"1875","1981","Agreement Fee (%)","000104480000755","1","0.00","0.00","","0.00","0.00","0.00","N","9999","Request From LOS Module","","","",""
"1876","1982","Legal Fee (%)","000104480000755","1","0.00","0.00","","0.00","0.00","0.00","N","9999","Request From LOS Module","","","",""
"1877","1983","Other Fee (%)","000104480000755","1","0.00","0.00","","0.00","0.00","0.00","N","9999","Request From LOS Module","","","",""
"1878","1984","Agreement Fee (%)","000104480000756","1","0.00","0.00","","0.00","0.00","0.00","N","9999","Request From LOS Module","","","",""
"1879","1985","Legal Fee (%)","000104480000756","1","0.00","0.00","","0.00","0.00","0.00","N","9999","Request From LOS Module","","","",""
"1880","1986","Other Fee (%)","000104480000756","1","0.00","0.00","","0.00","0.00","0.00","N","9999","Request From LOS Module","","","",""
"1881","1987","Agreement Fee (%)","000104480000757","1","0.00","0.00","","0.00","0.00","0.00","N","9999","Request From LOS Module","","","",""
"1882","1988","Legal Fee (%)","000104480000757","1","0.00","0.00","","0.00","0.00","0.00","N","9999","Request From LOS Module","","","",""
"1883","1989","Other Fee (%)","000104480000757","1","0.00","0.00","","0.00","0.00","0.00","N","9999","Request From LOS Module","","","",""
"1884","1990","Agreement Fee (%)","000104480000758","1","0.00","0.00","","0.00","0.00","0.00","N","9999","Request From LOS Module","","","",""
"1885","1991","Legal Fee (%)","000104480000758","1","0.00","0.00","","0.00","0.00","0.00","N","9999","Request From LOS Module","","","",""
"1886","1992","Other Fee (%)","000104480000758","1","0.00","0.00","","0.00","0.00","0.00","N","9999","Request From LOS Module","","","",""
"1887","1993","Agreement Fee (%)","000104480000759","1","0.00","0.00","","0.00","0.00","0.00","N","9999","Request From LOS Module","","","",""
"1888","1994","Legal Fee (%)","000104480000759","1","0.00","0.00","","0.00","0.00","0.00","N","9999","Request From LOS Module","","","",""
"1889","1995","Other Fee (%)","000104480000759","1","0.00","0.00","","0.00","0.00","0.00","N","9999","Request From LOS Module","","","",""
"1890","1996","Agreement Fee (%)","000104480000760","1","0.00","0.00","","0.00","0.00","0.00","N","9999","Request From LOS Module","","","",""
"1891","1997","Legal Fee (%)","000104480000760","1","0.00","0.00","","0.00","0.00","0.00","N","9999","Request From LOS Module","","","",""
"1892","1998","Other Fee (%)","000104480000760","1","0.00","0.00","","0.00","0.00","0.00","N","9999","Request From LOS Module","","","",""
"1893","1999","Agreement Fee (%)","000104480000761","1","0.00","0.00","","0.00","0.00","0.00","N","9999","Request From LOS Module","","","",""
"1894","2000","Legal Fee (%)","000104480000761","1","0.00","0.00","","0.00","0.00","0.00","N","9999","Request From LOS Module","","","",""
"1895","2001","Other Fee (%)","000104480000761","1","0.00","0.00","","0.00","0.00","0.00","N","9999","Request From LOS Module","","","",""
"1896","2002","Agreement Fee (%)","000104480000762","1","0.00","0.00","","0.00","0.00","0.00","N","9999","Request From LOS Module","","","",""
"1897","2003","Legal Fee (%)","000104480000762","1","0.00","0.00","","0.00","0.00","0.00","N","9999","Request From LOS Module","","","",""
"1898","2004","Other Fee (%)","000104480000762","1","0.00","0.00","","0.00","0.00","0.00","N","9999","Request From LOS Module","","","",""
"1899","2005","Agreement Fee (%)","000104480000763","1","0.00","0.00","","0.00","0.00","0.00","N","9999","Request From LOS Module","","","",""
"1900","2006","Legal Fee (%)","000104480000763","1","0.00","0.00","","0.00","0.00","0.00","N","9999","Request From LOS Module","","","",""
"1901","2007","Other Fee (%)","000104480000763","1","0.00","0.00","","0.00","0.00","0.00","N","9999","Request From LOS Module","","","",""
"1902","2008","Agreement Fee (%)","000104480000764","1","0.00","0.00","","0.00","0.00","0.00","N","9999","Request From LOS Module","","","",""
"1903","2009","Legal Fee (%)","000104480000764","1","0.00","0.00","","0.00","0.00","0.00","N","9999","Request From LOS Module","","","",""
"1904","2010","Other Fee (%)","000104480000764","1","0.00","0.00","","0.00","0.00","0.00","N","9999","Request From LOS Module","","","",""
"1905","2011","Agreement Fee (%)","000104480000765","1","0.00","0.00","","0.00","0.00","0.00","N","9999","Request From LOS Module","","","",""
"1906","2012","Legal Fee (%)","000104480000765","1","0.00","0.00","","0.00","0.00","0.00","N","9999","Request From LOS Module","","","",""
"1907","2013","Other Fee (%)","000104480000765","1","0.00","0.00","","0.00","0.00","0.00","N","9999","Request From LOS Module","","","",""
"1908","2014","Agreement Fee (%)","000104480000766","1","0.00","0.00","","0.00","0.00","0.00","N","9999","Request From LOS Module","","","",""
"1909","2015","Legal Fee (%)","000104480000766","1","0.00","0.00","","0.00","0.00","0.00","N","9999","Request From LOS Module","","","",""
"1910","2016","Other Fee (%)","000104480000766","1","0.00","0.00","","0.00","0.00","0.00","N","9999","Request From LOS Module","","","",""
"1911","2017","Agreement Fee (%)","000104480000767","1","0.00","0.00","","0.00","0.00","0.00","N","9999","Request From LOS Module","","","",""
"1912","2018","Legal Fee (%)","000104480000767","1","0.00","0.00","","0.00","0.00","0.00","N","9999","Request From LOS Module","","","",""
"1913","2019","Other Fee (%)","000104480000767","1","0.00","0.00","","0.00","0.00","0.00","N","9999","Request From LOS Module","","","",""
"1914","2020","Agreement Fee (%)","000104480000768","1","0.00","0.00","","0.00","0.00","0.00","N","9999","Request From LOS Module","","","",""
"1915","2021","Legal Fee (%)","000104480000768","1","0.00","0.00","","0.00","0.00","0.00","N","9999","Request From LOS Module","","","",""
"1916","2022","Other Fee (%)","000104480000768","1","0.00","0.00","","0.00","0.00","0.00","N","9999","Request From LOS Module","","","",""
"1917","2023","Agreement Fee (%)","000104480000769","1","0.00","0.00","","0.00","0.00","0.00","N","9999","Request From LOS Module","","","",""
"1918","2024","Legal Fee (%)","000104480000769","1","0.00","0.00","","0.00","0.00","0.00","N","9999","Request From LOS Module","","","",""
"1919","2025","Other Fee (%)","000104480000769","1","0.00","0.00","","0.00","0.00","0.00","N","9999","Request From LOS Module","","","",""
"1920","2026","Agreement Fee (%)","000104480000770","1","0.00","0.00","","0.00","0.00","0.00","N","9999","Request From LOS Module","","","",""
"1921","2027","Legal Fee (%)","000104480000770","1","0.00","0.00","","0.00","0.00","0.00","N","9999","Request From LOS Module","","","",""
"1922","2028","Other Fee (%)","000104480000770","1","0.00","0.00","","0.00","0.00","0.00","N","9999","Request From LOS Module","","","",""
"1923","2029","Agreement Fee (%)","000104480000771","1","0.00","0.00","","0.00","0.00","0.00","N","9999","Request From LOS Module","","","",""
"1924","2030","Legal Fee (%)","000104480000771","1","0.00","0.00","","0.00","0.00","0.00","N","9999","Request From LOS Module","","","",""
"1925","2031","Other Fee (%)","000104480000771","1","0.00","0.00","","0.00","0.00","0.00","N","9999","Request From LOS Module","","","",""
"1926","2032","Agreement Fee (%)","000104480000772","1","0.00","0.00","","0.00","0.00","0.00","N","9999","Request From LOS Module","","","",""
"1927","2033","Legal Fee (%)","000104480000772","1","0.00","0.00","","0.00","0.00","0.00","N","9999","Request From LOS Module","","","",""
"1928","2034","Other Fee (%)","000104480000772","1","0.00","0.00","","0.00","0.00","0.00","N","9999","Request From LOS Module","","","",""
"1929","2035","Agreement Fee (%)","000104480000773","1","0.00","0.00","","0.00","0.00","0.00","N","9999","Request From LOS Module","","","",""
"1930","2036","Legal Fee (%)","000104480000773","1","0.00","0.00","","0.00","0.00","0.00","N","9999","Request From LOS Module","","","",""
"1931","2037","Other Fee (%)","000104480000773","1","0.00","0.00","","0.00","0.00","0.00","N","9999","Request From LOS Module","","","",""
"1932","2038","Agreement Fee (%)","000104480000774","1","0.00","0.00","","0.00","0.00","0.00","N","9999","Request From LOS Module","","","",""
"1933","2039","Legal Fee (%)","000104480000774","1","0.00","0.00","","0.00","0.00","0.00","N","9999","Request From LOS Module","","","",""
"1934","2040","Other Fee (%)","000104480000774","1","0.00","0.00","","0.00","0.00","0.00","N","9999","Request From LOS Module","","","",""
"1935","2041","Agreement Fee (%)","000104480000775","1","0.00","0.00","","0.00","0.00","0.00","N","9999","Request From LOS Module","","","",""
"1936","2042","Legal Fee (%)","000104480000775","1","0.00","0.00","","0.00","0.00","0.00","N","9999","Request From LOS Module","","","",""
"1937","2043","Other Fee (%)","000104480000775","1","0.00","0.00","","0.00","0.00","0.00","N","9999","Request From LOS Module","","","",""
"1938","2044","Agreement Fee (%)","000104480000776","1","0.00","0.00","","0.00","0.00","0.00","N","9999","Request From LOS Module","","","",""
"1939","2045","Legal Fee (%)","000104480000776","1","0.00","0.00","","0.00","0.00","0.00","N","9999","Request From LOS Module","","","",""
"1940","2046","Other Fee (%)","000104480000776","1","0.00","0.00","","0.00","0.00","0.00","N","9999","Request From LOS Module","","","",""
"1941","2047","Agreement Fee (%)","000104480000777","1","0.00","0.00","","0.00","0.00","0.00","N","9999","Request From LOS Module","","","",""
"1942","2048","Legal Fee (%)","000104480000777","1","0.00","0.00","","0.00","0.00","0.00","N","9999","Request From LOS Module","","","",""
"1943","2049","Other Fee (%)","000104480000777","1","0.00","0.00","","0.00","0.00","0.00","N","9999","Request From LOS Module","","","",""
"1944","2050","Agreement Fee (%)","000104480000778","1","0.00","0.00","","0.00","0.00","0.00","N","9999","Request From LOS Module","","","",""
"1945","2051","Legal Fee (%)","000104480000778","1","0.00","0.00","","0.00","0.00","0.00","N","9999","Request From LOS Module","","","",""
"1946","2052","Other Fee (%)","000104480000778","1","0.00","0.00","","0.00","0.00","0.00","N","9999","Request From LOS Module","","","",""
"1947","2053","Agreement Fee (%)","000104480000779","1","0.00","0.00","","0.00","0.00","0.00","N","9999","Request From LOS Module","","","",""
"1948","2054","Legal Fee (%)","000104480000779","1","0.00","0.00","","0.00","0.00","0.00","N","9999","Request From LOS Module","","","",""
"1949","2055","Other Fee (%)","000104480000779","1","0.00","0.00","","0.00","0.00","0.00","N","9999","Request From LOS Module","","","",""
"1950","2056","Agreement Fee (%)","000104480000780","1","0.00","0.00","","0.00","0.00","0.00","N","9999","Request From LOS Module","","","",""
"1951","2057","Legal Fee (%)","000104480000780","1","0.00","0.00","","0.00","0.00","0.00","N","9999","Request From LOS Module","","","",""
"1952","2058","Other Fee (%)","000104480000780","1","0.00","0.00","","0.00","0.00","0.00","N","9999","Request From LOS Module","","","",""
"1953","2059","Agreement Fee (%)","000104480000781","1","0.00","0.00","","0.00","0.00","0.00","N","9999","Request From LOS Module","","","",""
"1954","2060","Legal Fee (%)","000104480000781","1","0.00","0.00","","0.00","0.00","0.00","N","9999","Request From LOS Module","","","",""
"1955","2061","Other Fee (%)","000104480000781","1","0.00","0.00","","0.00","0.00","0.00","N","9999","Request From LOS Module","","","",""
"1956","2062","Agreement Fee (%)","000104480000782","1","0.00","0.00","","0.00","0.00","0.00","N","9999","Request From LOS Module","","","",""
"1957","2063","Legal Fee (%)","000104480000782","1","0.00","0.00","","0.00","0.00","0.00","N","9999","Request From LOS Module","","","",""
"1958","2064","Other Fee (%)","000104480000782","1","0.00","0.00","","0.00","0.00","0.00","N","9999","Request From LOS Module","","","",""
"1959","2065","Agreement Fee (%)","000104480000783","1","0.00","0.00","","0.00","0.00","0.00","N","9999","Request From LOS Module","","","",""
"1960","2066","Legal Fee (%)","000104480000783","1","0.00","0.00","","0.00","0.00","0.00","N","9999","Request From LOS Module","","","",""
"1961","2067","Other Fee (%)","000104480000783","1","0.00","0.00","","0.00","0.00","0.00","N","9999","Request From LOS Module","","","",""
"1962","2068","Agreement Fee (%)","000104480000784","1","0.00","0.00","","0.00","0.00","0.00","N","9999","Request From LOS Module","","","",""
"1963","2069","Legal Fee (%)","000104480000784","1","0.00","0.00","","0.00","0.00","0.00","N","9999","Request From LOS Module","","","",""
"1964","2070","Other Fee (%)","000104480000784","1","0.00","0.00","","0.00","0.00","0.00","N","9999","Request From LOS Module","","","",""
"1965","2071","Agreement Fee (%)","000104480000785","1","0.00","0.00","","0.00","0.00","0.00","N","9999","Request From LOS Module","","","",""
"1966","2072","Legal Fee (%)","000104480000785","1","0.00","0.00","","0.00","0.00","0.00","N","9999","Request From LOS Module","","","",""
"1967","2073","Other Fee (%)","000104480000785","1","0.00","0.00","","0.00","0.00","0.00","N","9999","Request From LOS Module","","","",""
"1968","2074","Agreement Fee (%)","000104480000786","1","0.00","0.00","","0.00","0.00","0.00","N","9999","Request From LOS Module","","","",""
"1969","2075","Legal Fee (%)","000104480000786","1","0.00","0.00","","0.00","0.00","0.00","N","9999","Request From LOS Module","","","",""
"1970","2076","Other Fee (%)","000104480000786","1","0.00","0.00","","0.00","0.00","0.00","N","9999","Request From LOS Module","","","",""
"1971","2077","Agreement Fee (%)","000104480000787","1","0.00","0.00","","0.00","0.00","0.00","N","9999","Request From LOS Module","","","",""
"1972","2078","Legal Fee (%)","000104480000787","1","0.00","0.00","","0.00","0.00","0.00","N","9999","Request From LOS Module","","","",""
"1973","2079","Other Fee (%)","000104480000787","1","0.00","0.00","","0.00","0.00","0.00","N","9999","Request From LOS Module","","","",""
"1974","2080","Agreement Fee (%)","000104480000788","1","0.00","0.00","","0.00","0.00","0.00","N","9999","Request From LOS Module","","","",""
"1975","2081","Legal Fee (%)","000104480000788","1","0.00","0.00","","0.00","0.00","0.00","N","9999","Request From LOS Module","","","",""
"1976","2082","Other Fee (%)","000104480000788","1","0.00","0.00","","0.00","0.00","0.00","N","9999","Request From LOS Module","","","",""
"1977","2083","Agreement Fee (%)","000104480000789","1","0.00","0.00","","0.00","0.00","0.00","N","9999","Request From LOS Module","","","",""
"1978","2084","Legal Fee (%)","000104480000789","1","0.00","0.00","","0.00","0.00","0.00","N","9999","Request From LOS Module","","","",""
"1979","2085","Other Fee (%)","000104480000789","1","0.00","0.00","","0.00","0.00","0.00","N","9999","Request From LOS Module","","","",""
"1980","2086","Agreement Fee (%)","000104480000790","1","0.00","0.00","","0.00","0.00","0.00","N","9999","Request From LOS Module","","","",""
"1981","2087","Legal Fee (%)","000104480000790","1","0.00","0.00","","0.00","0.00","0.00","N","9999","Request From LOS Module","","","",""
"1982","2088","Other Fee (%)","000104480000790","1","0.00","0.00","","0.00","0.00","0.00","N","9999","Request From LOS Module","","","",""
"1983","2089","Agreement Fee (%)","000104480000791","1","0.00","0.00","","0.00","0.00","0.00","N","9999","Request From LOS Module","","","",""
"1984","2090","Legal Fee (%)","000104480000791","1","0.00","0.00","","0.00","0.00","0.00","N","9999","Request From LOS Module","","","",""
"1985","2091","Other Fee (%)","000104480000791","1","0.00","0.00","","0.00","0.00","0.00","N","9999","Request From LOS Module","","","",""
"1986","2092","Agreement Fee (%)","000104480000792","1","0.00","0.00","","0.00","0.00","0.00","N","9999","Request From LOS Module","","","",""
"1987","2093","Legal Fee (%)","000104480000792","1","0.00","0.00","","0.00","0.00","0.00","N","9999","Request From LOS Module","","","",""
"1988","2094","Other Fee (%)","000104480000792","1","0.00","0.00","","0.00","0.00","0.00","N","9999","Request From LOS Module","","","",""
"1989","2095","Agreement Fee (%)","000104480000793","1","0.00","0.00","","0.00","0.00","0.00","N","9999","Request From LOS Module","","","",""
"1990","2096","Legal Fee (%)","000104480000793","1","0.00","0.00","","0.00","0.00","0.00","N","9999","Request From LOS Module","","","",""
"1991","2097","Other Fee (%)","000104480000793","1","0.00","0.00","","0.00","0.00","0.00","N","9999","Request From LOS Module","","","",""
"1992","2098","Agreement Fee (%)","000104480000794","1","0.00","0.00","","0.00","0.00","0.00","N","9999","Request From LOS Module","","","",""
"1993","2099","Legal Fee (%)","000104480000794","1","0.00","0.00","","0.00","0.00","0.00","N","9999","Request From LOS Module","","","",""
"1994","2100","Other Fee (%)","000104480000794","1","0.00","0.00","","0.00","0.00","0.00","N","9999","Request From LOS Module","","","",""
"1995","2101","Agreement Fee (%)","000104480000795","1","0.00","0.00","","0.00","0.00","0.00","N","9999","Request From LOS Module","","","",""
"1996","2102","Legal Fee (%)","000104480000795","1","0.00","0.00","","0.00","0.00","0.00","N","9999","Request From LOS Module","","","",""
"1997","2103","Other Fee (%)","000104480000795","1","0.00","0.00","","0.00","0.00","0.00","N","9999","Request From LOS Module","","","",""
"1998","2104","Agreement Fee (%)","000104480000796","1","0.00","0.00","","0.00","0.00","0.00","N","9999","Request From LOS Module","","","",""
"1999","2105","Legal Fee (%)","000104480000796","1","0.00","0.00","","0.00","0.00","0.00","N","9999","Request From LOS Module","","","",""
"2000","2106","Other Fee (%)","000104480000796","1","0.00","0.00","","0.00","0.00","0.00","N","9999","Request From LOS Module","","","",""
"2001","2107","Agreement Fee (%)","000104480000797","1","0.00","0.00","","0.00","0.00","0.00","N","9999","Request From LOS Module","","","",""
"2002","2108","Legal Fee (%)","000104480000797","1","0.00","0.00","","0.00","0.00","0.00","N","9999","Request From LOS Module","","","",""
"2003","2109","Other Fee (%)","000104480000797","1","0.00","0.00","","0.00","0.00","0.00","N","9999","Request From LOS Module","","","",""
"2004","2110","Agreement Fee (%)","000104480000798","1","0.00","0.00","","0.00","0.00","0.00","N","9999","Request From LOS Module","","","",""
"2005","2111","Legal Fee (%)","000104480000798","1","0.00","0.00","","0.00","0.00","0.00","N","9999","Request From LOS Module","","","",""
"2006","2112","Other Fee (%)","000104480000798","1","0.00","0.00","","0.00","0.00","0.00","N","9999","Request From LOS Module","","","",""
"2007","2113","Agreement Fee (%)","000104480000799","1","0.00","0.00","","0.00","0.00","0.00","N","9999","Request From LOS Module","","","",""
"2008","2114","Legal Fee (%)","000104480000799","1","0.00","0.00","","0.00","0.00","0.00","N","9999","Request From LOS Module","","","",""
"2009","2115","Other Fee (%)","000104480000799","1","0.00","0.00","","0.00","0.00","0.00","N","9999","Request From LOS Module","","","",""
"2010","2116","Agreement Fee (%)","000104480000800","1","0.00","0.00","","0.00","0.00","0.00","N","9999","Request From LOS Module","","","",""
"2011","2117","Legal Fee (%)","000104480000800","1","0.00","0.00","","0.00","0.00","0.00","N","9999","Request From LOS Module","","","",""
"2012","2118","Other Fee (%)","000104480000800","1","0.00","0.00","","0.00","0.00","0.00","N","9999","Request From LOS Module","","","",""
"2013","2119","Agreement Fee (%)","000104480000801","1","0.00","0.00","","0.00","0.00","0.00","N","9999","Request From LOS Module","","","",""
"2014","2120","Legal Fee (%)","000104480000801","1","0.00","0.00","","0.00","0.00","0.00","N","9999","Request From LOS Module","","","",""
"2015","2121","Other Fee (%)","000104480000801","1","0.00","0.00","","0.00","0.00","0.00","N","9999","Request From LOS Module","","","",""
"2016","2122","Agreement Fee (%)","000104480000802","1","0.00","0.00","","0.00","0.00","0.00","N","9999","Request From LOS Module","","","",""
"2017","2123","Legal Fee (%)","000104480000802","1","0.00","0.00","","0.00","0.00","0.00","N","9999","Request From LOS Module","","","",""
"2018","2124","Other Fee (%)","000104480000802","1","0.00","0.00","","0.00","0.00","0.00","N","9999","Request From LOS Module","","","",""
"2019","2125","Agreement Fee (%)","000104480000803","1","0.00","0.00","","0.00","0.00","0.00","N","9999","Request From LOS Module","","","",""
"2020","2126","Legal Fee (%)","000104480000803","1","0.00","0.00","","0.00","0.00","0.00","N","9999","Request From LOS Module","","","",""
"2021","2127","Other Fee (%)","000104480000803","1","0.00","0.00","","0.00","0.00","0.00","N","9999","Request From LOS Module","","","",""
"2022","2128","Agreement Fee (%)","000104480000804","1","0.00","0.00","","0.00","0.00","0.00","N","9999","Request From LOS Module","","","",""
"2023","2129","Legal Fee (%)","000104480000804","1","0.00","0.00","","0.00","0.00","0.00","N","9999","Request From LOS Module","","","",""
"2024","2130","Other Fee (%)","000104480000804","1","0.00","0.00","","0.00","0.00","0.00","N","9999","Request From LOS Module","","","",""
"2025","2131","Agreement Fee (%)","000104480000805","1","0.00","0.00","","0.00","0.00","0.00","N","9999","Request From LOS Module","","","",""
"2026","2132","Legal Fee (%)","000104480000805","1","0.00","0.00","","0.00","0.00","0.00","N","9999","Request From LOS Module","","","",""
"2027","2133","Other Fee (%)","000104480000805","1","0.00","0.00","","0.00","0.00","0.00","N","9999","Request From LOS Module","","","",""
"2028","2134","Agreement Fee (%)","000104480000806","1","0.00","0.00","","0.00","0.00","0.00","N","9999","Request From LOS Module","","","",""
"2029","2135","Legal Fee (%)","000104480000806","1","0.00","0.00","","0.00","0.00","0.00","N","9999","Request From LOS Module","","","",""
"2030","2136","Other Fee (%)","000104480000806","1","0.00","0.00","","0.00","0.00","0.00","N","9999","Request From LOS Module","","","",""
"2031","2137","Agreement Fee (%)","000104480000807","1","0.00","0.00","","0.00","0.00","0.00","N","9999","Request From LOS Module","","","",""
"2032","2138","Legal Fee (%)","000104480000807","1","0.00","0.00","","0.00","0.00","0.00","N","9999","Request From LOS Module","","","",""
"2033","2139","Other Fee (%)","000104480000807","1","0.00","0.00","","0.00","0.00","0.00","N","9999","Request From LOS Module","","","",""
"2034","2140","Agreement Fee (%)","000104480000808","1","0.00","0.00","","0.00","0.00","0.00","N","9999","Request From LOS Module","","","",""
"2035","2141","Legal Fee (%)","000104480000808","1","0.00","0.00","","0.00","0.00","0.00","N","9999","Request From LOS Module","","","",""
"2036","2142","Other Fee (%)","000104480000808","1","0.00","0.00","","0.00","0.00","0.00","N","9999","Request From LOS Module","","","",""
"2037","2143","Agreement Fee (%)","000104480000809","1","0.00","0.00","","0.00","0.00","0.00","N","9999","Request From LOS Module","","","",""
"2038","2144","Legal Fee (%)","000104480000809","1","0.00","0.00","","0.00","0.00","0.00","N","9999","Request From LOS Module","","","",""
"2039","2145","Other Fee (%)","000104480000809","1","0.00","0.00","","0.00","0.00","0.00","N","9999","Request From LOS Module","","","",""
"2040","2146","Agreement Fee (%)","000104480000810","1","0.00","0.00","","0.00","0.00","0.00","N","9999","Request From LOS Module","","","",""
"2041","2147","Legal Fee (%)","000104480000810","1","0.00","0.00","","0.00","0.00","0.00","N","9999","Request From LOS Module","","","",""
"2042","2148","Other Fee (%)","000104480000810","1","0.00","0.00","","0.00","0.00","0.00","N","9999","Request From LOS Module","","","",""
"2043","2149","Agreement Fee (%)","000104480000811","1","0.00","0.00","","0.00","0.00","0.00","N","9999","Request From LOS Module","","","",""
"2044","2150","Legal Fee (%)","000104480000811","1","0.00","0.00","","0.00","0.00","0.00","N","9999","Request From LOS Module","","","",""
"2045","2151","Other Fee (%)","000104480000811","1","0.00","0.00","","0.00","0.00","0.00","N","9999","Request From LOS Module","","","",""
"2046","2152","Agreement Fee (%)","000104480000812","1","0.00","0.00","","0.00","0.00","0.00","N","9999","Request From LOS Module","","","",""
"2047","2153","Legal Fee (%)","000104480000812","1","0.00","0.00","","0.00","0.00","0.00","N","9999","Request From LOS Module","","","",""
"2048","2154","Other Fee (%)","000104480000812","1","0.00","0.00","","0.00","0.00","0.00","N","9999","Request From LOS Module","","","",""
"2049","2155","Agreement Fee (%)","000104480000813","1","0.00","0.00","","0.00","0.00","0.00","N","9999","Request From LOS Module","","","",""
"2050","2156","Legal Fee (%)","000104480000813","1","0.00","0.00","","0.00","0.00","0.00","N","9999","Request From LOS Module","","","",""
"2051","2157","Other Fee (%)","000104480000813","1","0.00","0.00","","0.00","0.00","0.00","N","9999","Request From LOS Module","","","",""
"2052","2158","Agreement Fee (%)","000104480000814","1","0.00","0.00","","0.00","0.00","0.00","N","9999","Request From LOS Module","","","",""
"2053","2159","Legal Fee (%)","000104480000814","1","0.00","0.00","","0.00","0.00","0.00","N","9999","Request From LOS Module","","","",""
"2054","2160","Other Fee (%)","000104480000814","1","0.00","0.00","","0.00","0.00","0.00","N","9999","Request From LOS Module","","","",""
"2055","2161","Agreement Fee (%)","000104480000815","1","0.00","0.00","","0.00","0.00","0.00","N","9999","Request From LOS Module","","","",""
"2056","2162","Legal Fee (%)","000104480000815","1","0.00","0.00","","0.00","0.00","0.00","N","9999","Request From LOS Module","","","",""
"2057","2163","Other Fee (%)","000104480000815","1","0.00","0.00","","0.00","0.00","0.00","N","9999","Request From LOS Module","","","",""
"2058","2164","Agreement Fee (%)","000104480000816","1","0.00","0.00","","0.00","0.00","0.00","N","9999","Request From LOS Module","","","",""
"2059","2165","Legal Fee (%)","000104480000816","1","0.00","0.00","","0.00","0.00","0.00","N","9999","Request From LOS Module","","","",""
"2060","2166","Other Fee (%)","000104480000816","1","0.00","0.00","","0.00","0.00","0.00","N","9999","Request From LOS Module","","","",""
"2061","2167","Agreement Fee (%)","000104480000817","1","0.00","0.00","","0.00","0.00","0.00","N","9999","Request From LOS Module","","","",""
"2062","2168","Legal Fee (%)","000104480000817","1","0.00","0.00","","0.00","0.00","0.00","N","9999","Request From LOS Module","","","",""
"2063","2169","Other Fee (%)","000104480000817","1","0.00","0.00","","0.00","0.00","0.00","N","9999","Request From LOS Module","","","",""
"2064","2170","Agreement Fee (%)","000104480000818","1","0.00","0.00","","0.00","0.00","0.00","N","9999","Request From LOS Module","","","",""
"2065","2171","Legal Fee (%)","000104480000818","1","0.00","0.00","","0.00","0.00","0.00","N","9999","Request From LOS Module","","","",""
"2066","2172","Other Fee (%)","000104480000818","1","0.00","0.00","","0.00","0.00","0.00","N","9999","Request From LOS Module","","","",""
"2067","2173","Agreement Fee (%)","000104480000819","1","0.00","0.00","","0.00","0.00","0.00","N","9999","Request From LOS Module","","","",""
"2068","2174","Legal Fee (%)","000104480000819","1","0.00","0.00","","0.00","0.00","0.00","N","9999","Request From LOS Module","","","",""
"2069","2175","Other Fee (%)","000104480000819","1","0.00","0.00","","0.00","0.00","0.00","N","9999","Request From LOS Module","","","",""
"2070","2176","Agreement Fee (%)","000104480000820","1","0.00","0.00","","0.00","0.00","0.00","N","9999","Request From LOS Module","","","",""
"2071","2177","Legal Fee (%)","000104480000820","1","0.00","0.00","","0.00","0.00","0.00","N","9999","Request From LOS Module","","","",""
"2072","2178","Other Fee (%)","000104480000820","1","0.00","0.00","","0.00","0.00","0.00","N","9999","Request From LOS Module","","","",""
"2073","2179","Agreement Fee (%)","000104480000821","1","0.00","0.00","","0.00","0.00","0.00","N","9999","Request From LOS Module","","","",""
"2074","2180","Legal Fee (%)","000104480000821","1","0.00","0.00","","0.00","0.00","0.00","N","9999","Request From LOS Module","","","",""
"2075","2181","Other Fee (%)","000104480000821","1","0.00","0.00","","0.00","0.00","0.00","N","9999","Request From LOS Module","","","",""
"2076","2182","Agreement Fee (%)","000104480000822","1","0.00","0.00","","0.00","0.00","0.00","N","9999","Request From LOS Module","","","",""
"2077","2183","Legal Fee (%)","000104480000822","1","0.00","0.00","","0.00","0.00","0.00","N","9999","Request From LOS Module","","","",""
"2078","2184","Other Fee (%)","000104480000822","1","0.00","0.00","","0.00","0.00","0.00","N","9999","Request From LOS Module","","","",""
"2079","2185","Agreement Fee (%)","000104480000823","1","0.00","0.00","","0.00","0.00","0.00","N","9999","Request From LOS Module","","","",""
"2080","2186","Legal Fee (%)","000104480000823","1","0.00","0.00","","0.00","0.00","0.00","N","9999","Request From LOS Module","","","",""
"2081","2187","Other Fee (%)","000104480000823","1","0.00","0.00","","0.00","0.00","0.00","N","9999","Request From LOS Module","","","",""
"2082","2188","Agreement Fee (%)","000104480000824","1","0.00","0.00","","0.00","0.00","0.00","N","9999","Request From LOS Module","","","",""
"2083","2189","Legal Fee (%)","000104480000824","1","0.00","0.00","","0.00","0.00","0.00","N","9999","Request From LOS Module","","","",""
"2084","2190","Other Fee (%)","000104480000824","1","0.00","0.00","","0.00","0.00","0.00","N","9999","Request From LOS Module","","","",""
"2085","2191","Agreement Fee (%)","000104480000825","1","0.00","0.00","","0.00","0.00","0.00","N","9999","Request From LOS Module","","","",""
"2086","2192","Legal Fee (%)","000104480000825","1","0.00","0.00","","0.00","0.00","0.00","N","9999","Request From LOS Module","","","",""
"2087","2193","Other Fee (%)","000104480000825","1","0.00","0.00","","0.00","0.00","0.00","N","9999","Request From LOS Module","","","",""
"2088","2194","Agreement Fee (%)","000104480000826","1","0.00","0.00","","0.00","0.00","0.00","N","9999","Request From LOS Module","","","",""
"2089","2195","Legal Fee (%)","000104480000826","1","0.00","0.00","","0.00","0.00","0.00","N","9999","Request From LOS Module","","","",""
"2090","2196","Other Fee (%)","000104480000826","1","0.00","0.00","","0.00","0.00","0.00","N","9999","Request From LOS Module","","","",""
"2091","2197","Other Fee (%)","000104480000827","1","0.00","0.00","","0.00","0.00","0.00","N","9999","Request From LOS Module","","","",""
"2092","2198","Agreement Fee (%)","000104480000827","1","0.00","0.00","","0.00","0.00","0.00","N","9999","Request From LOS Module","","","",""
"2093","2199","Legal Fee (%)","000104480000827","1","0.00","0.00","","0.00","0.00","0.00","N","9999","Request From LOS Module","","","",""
"2094","2200","Agreement Fee (%)","000104480000828","1","0.00","0.00","","0.00","0.00","0.00","N","9999","Request From LOS Module","","","",""
"2095","2201","Legal Fee (%)","000104480000828","1","0.00","0.00","","0.00","0.00","0.00","N","9999","Request From LOS Module","","","",""
"2096","2202","Other Fee (%)","000104480000828","1","0.00","0.00","","0.00","0.00","0.00","N","9999","Request From LOS Module","","","",""
"2097","2203","Agreement Fee (%)","000104480000829","1","0.00","0.00","","0.00","0.00","0.00","N","9999","Request From LOS Module","","","",""
"2098","2204","Legal Fee (%)","000104480000829","1","0.00","0.00","","0.00","0.00","0.00","N","9999","Request From LOS Module","","","",""
"2099","2205","Other Fee (%)","000104480000829","1","0.00","0.00","","0.00","0.00","0.00","N","9999","Request From LOS Module","","","",""
"2100","2206","Agreement Fee (%)","000104480000830","1","0.00","0.00","","0.00","0.00","0.00","N","9999","Request From LOS Module","","","",""
"2101","2207","Legal Fee (%)","000104480000830","1","0.00","0.00","","0.00","0.00","0.00","N","9999","Request From LOS Module","","","",""
"2102","2208","Other Fee (%)","000104480000830","1","0.00","0.00","","0.00","0.00","0.00","N","9999","Request From LOS Module","","","",""
"2103","2209","Agreement Fee (%)","000104480000831","1","0.00","0.00","","0.00","0.00","0.00","N","9999","Request From LOS Module","","","",""
"2104","2210","Legal Fee (%)","000104480000831","1","0.00","0.00","","0.00","0.00","0.00","N","9999","Request From LOS Module","","","",""
"2105","2211","Other Fee (%)","000104480000831","1","0.00","0.00","","0.00","0.00","0.00","N","9999","Request From LOS Module","","","",""
"2106","2212","Agreement Fee (%)","000104480000832","1","0.00","0.00","","0.00","0.00","0.00","N","9999","Request From LOS Module","","","",""
"2107","2213","Legal Fee (%)","000104480000832","1","0.00","0.00","","0.00","0.00","0.00","N","9999","Request From LOS Module","","","",""
"2108","2214","Other Fee (%)","000104480000832","1","0.00","0.00","","0.00","0.00","0.00","N","9999","Request From LOS Module","","","",""
"2109","2215","Agreement Fee (%)","000104480000833","1","0.00","0.00","","0.00","0.00","0.00","N","9999","Request From LOS Module","","","",""
"2110","2216","Legal Fee (%)","000104480000833","1","0.00","0.00","","0.00","0.00","0.00","N","9999","Request From LOS Module","","","",""
"2111","2217","Other Fee (%)","000104480000833","1","0.00","0.00","","0.00","0.00","0.00","N","9999","Request From LOS Module","","","",""
"2112","2218","Agreement Fee (%)","000104480000834","1","0.00","0.00","","0.00","0.00","0.00","N","9999","Request From LOS Module","","","",""
"2113","2219","Legal Fee (%)","000104480000834","1","0.00","0.00","","0.00","0.00","0.00","N","9999","Request From LOS Module","","","",""
"2114","2220","Other Fee (%)","000104480000834","1","0.00","0.00","","0.00","0.00","0.00","N","9999","Request From LOS Module","","","",""
"2115","2221","Agreement Fee (%)","000104480000835","1","0.00","0.00","","0.00","0.00","0.00","N","9999","Request From LOS Module","","","",""
"2116","2222","Legal Fee (%)","000104480000835","1","0.00","0.00","","0.00","0.00","0.00","N","9999","Request From LOS Module","","","",""
"2117","2223","Other Fee (%)","000104480000835","1","0.00","0.00","","0.00","0.00","0.00","N","9999","Request From LOS Module","","","",""
"2118","2224","Other Fee (%)","000104480000836","1","0.00","0.00","","0.00","0.00","0.00","N","9999","Request From LOS Module","","","",""
"2119","2225","Agreement Fee (%)","000104480000836","1","0.00","0.00","","0.00","0.00","0.00","N","9999","Request From LOS Module","","","",""
"2120","2226","Legal Fee (%)","000104480000836","1","0.00","0.00","","0.00","0.00","0.00","N","9999","Request From LOS Module","","","",""
"2121","2227","Agreement Fee (%)","000104480000837","1","0.00","0.00","","0.00","0.00","0.00","N","9999","Request From LOS Module","","","",""
"2122","2228","Legal Fee (%)","000104480000837","1","0.00","0.00","","0.00","0.00","0.00","N","9999","Request From LOS Module","","","",""
"2123","2229","Other Fee (%)","000104480000837","1","0.00","0.00","","0.00","0.00","0.00","N","9999","Request From LOS Module","","","",""
"2124","2230","Agreement Fee (%)","000104480000838","1","0.00","0.00","","0.00","0.00","0.00","N","9999","Request From LOS Module","","","",""
"2125","2231","Legal Fee (%)","000104480000838","1","0.00","0.00","","0.00","0.00","0.00","N","9999","Request From LOS Module","","","",""
"2126","2232","Other Fee (%)","000104480000838","1","0.00","0.00","","0.00","0.00","0.00","N","9999","Request From LOS Module","","","",""
"2127","2233","Agreement Fee (%)","000104480000839","1","0.00","0.00","","0.00","0.00","0.00","N","9999","Request From LOS Module","","","",""
"2128","2234","Legal Fee (%)","000104480000839","1","0.00","0.00","","0.00","0.00","0.00","N","9999","Request From LOS Module","","","",""
"2129","2235","Other Fee (%)","000104480000839","1","0.00","0.00","","0.00","0.00","0.00","N","9999","Request From LOS Module","","","",""
"2130","2236","Agreement Fee (%)","000104480000840","1","0.00","0.00","","0.00","0.00","0.00","N","9999","Request From LOS Module","","","",""
"2131","2237","Legal Fee (%)","000104480000840","1","0.00","0.00","","0.00","0.00","0.00","N","9999","Request From LOS Module","","","",""
"2132","2238","Other Fee (%)","000104480000840","1","0.00","0.00","","0.00","0.00","0.00","N","9999","Request From LOS Module","","","",""
"2133","2239","Agreement Fee (%)","000104480000841","1","0.00","0.00","","0.00","0.00","0.00","N","9999","Request From LOS Module","","","",""
"2134","2240","Legal Fee (%)","000104480000841","1","0.00","0.00","","0.00","0.00","0.00","N","9999","Request From LOS Module","","","",""
"2135","2241","Other Fee (%)","000104480000841","1","0.00","0.00","","0.00","0.00","0.00","N","9999","Request From LOS Module","","","",""
"2136","2242","Agreement Fee (%)","000104480000842","1","0.00","0.00","","0.00","0.00","0.00","N","9999","Request From LOS Module","","","",""
"2137","2243","Legal Fee (%)","000104480000842","1","0.00","0.00","","0.00","0.00","0.00","N","9999","Request From LOS Module","","","",""
"2138","2244","Other Fee (%)","000104480000842","1","0.00","0.00","","0.00","0.00","0.00","N","9999","Request From LOS Module","","","",""
"2139","2245","Agreement Fee (%)","000104480000843","1","0.00","0.00","","0.00","0.00","0.00","N","9999","Request From LOS Module","","","",""
"2140","2246","Legal Fee (%)","000104480000843","1","0.00","0.00","","0.00","0.00","0.00","N","9999","Request From LOS Module","","","",""
"2141","2247","Other Fee (%)","000104480000843","1","0.00","0.00","","0.00","0.00","0.00","N","9999","Request From LOS Module","","","",""
"2142","2248","Agreement Fee (%)","000104480000844","1","0.00","0.00","","0.00","0.00","0.00","N","9999","Request From LOS Module","","","",""
"2143","2249","Legal Fee (%)","000104480000844","1","0.00","0.00","","0.00","0.00","0.00","N","9999","Request From LOS Module","","","",""
"2144","2250","Other Fee (%)","000104480000844","1","0.00","0.00","","0.00","0.00","0.00","N","9999","Request From LOS Module","","","",""
"2145","2251","Agreement Fee (%)","000104480000845","1","0.00","0.00","","0.00","0.00","0.00","N","9999","Request From LOS Module","","","",""
"2146","2252","Legal Fee (%)","000104480000845","1","0.00","0.00","","0.00","0.00","0.00","N","9999","Request From LOS Module","","","",""
"2147","2253","Other Fee (%)","000104480000845","1","0.00","0.00","","0.00","0.00","0.00","N","9999","Request From LOS Module","","","",""
"2148","2254","Agreement Fee (%)","000104480000846","1","0.00","0.00","","0.00","0.00","0.00","N","9999","Request From LOS Module","","","",""
"2149","2255","Legal Fee (%)","000104480000846","1","0.00","0.00","","0.00","0.00","0.00","N","9999","Request From LOS Module","","","",""
"2150","2256","Other Fee (%)","000104480000846","1","0.00","0.00","","0.00","0.00","0.00","N","9999","Request From LOS Module","","","",""
"2151","2257","Agreement Fee (%)","000104480000847","1","0.00","0.00","","0.00","0.00","0.00","N","9999","Request From LOS Module","","","",""
"2152","2258","Legal Fee (%)","000104480000847","1","0.00","0.00","","0.00","0.00","0.00","N","9999","Request From LOS Module","","","",""
"2153","2259","Other Fee (%)","000104480000847","1","0.00","0.00","","0.00","0.00","0.00","N","9999","Request From LOS Module","","","",""
"2154","2260","Legal Fee (%)","000104480000848","1","0.00","0.00","","0.00","0.00","0.00","N","9999","Request From LOS Module","","","",""
"2155","2261","Other Fee (%)","000104480000848","1","0.00","0.00","","0.00","0.00","0.00","N","9999","Request From LOS Module","","","",""
"2156","2262","Agreement Fee (%)","000104480000848","1","0.00","0.00","","0.00","0.00","0.00","N","9999","Request From LOS Module","","","",""
"2157","2263","Agreement Fee (%)","000104480000849","1","0.00","0.00","","0.00","0.00","0.00","N","9999","Request From LOS Module","","","",""
"2158","2264","Legal Fee (%)","000104480000849","1","0.00","0.00","","0.00","0.00","0.00","N","9999","Request From LOS Module","","","",""
"2159","2265","Other Fee (%)","000104480000849","1","0.00","0.00","","0.00","0.00","0.00","N","9999","Request From LOS Module","","","",""
"2160","2266","Agreement Fee (%)","000104480000850","1","0.00","0.00","","0.00","0.00","0.00","N","9999","Request From LOS Module","","","",""
"2161","2267","Legal Fee (%)","000104480000850","1","0.00","0.00","","0.00","0.00","0.00","N","9999","Request From LOS Module","","","",""
"2162","2268","Other Fee (%)","000104480000850","1","0.00","0.00","","0.00","0.00","0.00","N","9999","Request From LOS Module","","","",""
"2163","2269","Agreement Fee (%)","000104480000851","1","0.00","0.00","","0.00","0.00","0.00","N","9999","Request From LOS Module","","","",""
"2164","2270","Legal Fee (%)","000104480000851","1","0.00","0.00","","0.00","0.00","0.00","N","9999","Request From LOS Module","","","",""
"2165","2271","Other Fee (%)","000104480000851","1","0.00","0.00","","0.00","0.00","0.00","N","9999","Request From LOS Module","","","",""
"2166","2272","Agreement Fee (%)","000104480000852","1","0.00","0.00","","0.00","0.00","0.00","N","9999","Request From LOS Module","","","",""
"2167","2273","Legal Fee (%)","000104480000852","1","0.00","0.00","","0.00","0.00","0.00","N","9999","Request From LOS Module","","","",""
"2168","2274","Other Fee (%)","000104480000852","1","0.00","0.00","","0.00","0.00","0.00","N","9999","Request From LOS Module","","","",""
"2169","2275","Agreement Fee (%)","000104480000853","1","0.00","0.00","","0.00","0.00","0.00","N","9999","Request From LOS Module","","","",""
"2170","2276","Legal Fee (%)","000104480000853","1","0.00","0.00","","0.00","0.00","0.00","N","9999","Request From LOS Module","","","",""
"2171","2277","Other Fee (%)","000104480000853","1","0.00","0.00","","0.00","0.00","0.00","N","9999","Request From LOS Module","","","",""
"2172","2278","Agreement Fee (%)","000104480000854","1","0.00","0.00","","0.00","0.00","0.00","N","9999","Request From LOS Module","","","",""
"2173","2279","Legal Fee (%)","000104480000854","1","0.00","0.00","","0.00","0.00","0.00","N","9999","Request From LOS Module","","","",""
"2174","2280","Other Fee (%)","000104480000854","1","0.00","0.00","","0.00","0.00","0.00","N","9999","Request From LOS Module","","","",""
"2175","2281","Agreement Fee (%)","000104480000855","1","0.00","0.00","","0.00","0.00","0.00","N","9999","Request From LOS Module","","","",""
"2176","2282","Legal Fee (%)","000104480000855","1","0.00","0.00","","0.00","0.00","0.00","N","9999","Request From LOS Module","","","",""
"2177","2283","Other Fee (%)","000104480000855","1","0.00","0.00","","0.00","0.00","0.00","N","9999","Request From LOS Module","","","",""
"2178","2284","Agreement Fee (%)","000104480000856","1","0.00","0.00","","0.00","0.00","0.00","N","9999","Request From LOS Module","","","",""
"2179","2285","Legal Fee (%)","000104480000856","1","0.00","0.00","","0.00","0.00","0.00","N","9999","Request From LOS Module","","","",""
"2180","2286","Other Fee (%)","000104480000856","1","0.00","0.00","","0.00","0.00","0.00","N","9999","Request From LOS Module","","","",""
"2181","2287","Agreement Fee (%)","000104480000857","1","0.00","0.00","","0.00","0.00","0.00","N","9999","Request From LOS Module","","","",""
"2182","2288","Legal Fee (%)","000104480000857","1","0.00","0.00","","0.00","0.00","0.00","N","9999","Request From LOS Module","","","",""
"2183","2289","Other Fee (%)","000104480000857","1","0.00","0.00","","0.00","0.00","0.00","N","9999","Request From LOS Module","","","",""
"2184","2290","Agreement Fee (%)","000104480000858","1","0.00","0.00","","0.00","0.00","0.00","N","9999","Request From LOS Module","","","",""
"2185","2291","Legal Fee (%)","000104480000858","1","0.00","0.00","","0.00","0.00","0.00","N","9999","Request From LOS Module","","","",""
"2186","2292","Other Fee (%)","000104480000858","1","0.00","0.00","","0.00","0.00","0.00","N","9999","Request From LOS Module","","","",""
"2187","2293","Agreement Fee (%)","000104480000859","1","0.00","0.00","","0.00","0.00","0.00","N","9999","Request From LOS Module","","","",""
"2188","2294","Legal Fee (%)","000104480000859","1","0.00","0.00","","0.00","0.00","0.00","N","9999","Request From LOS Module","","","",""
"2189","2295","Other Fee (%)","000104480000859","1","0.00","0.00","","0.00","0.00","0.00","N","9999","Request From LOS Module","","","",""
"2190","2296","Agreement Fee (%)","000104480000860","1","0.00","0.00","","0.00","0.00","0.00","N","9999","Request From LOS Module","","","",""
"2191","2297","Legal Fee (%)","000104480000860","1","0.00","0.00","","0.00","0.00","0.00","N","9999","Request From LOS Module","","","",""
"2192","2298","Other Fee (%)","000104480000860","1","0.00","0.00","","0.00","0.00","0.00","N","9999","Request From LOS Module","","","",""
"2193","2299","Agreement Fee (%)","000104480000861","1","0.00","0.00","","0.00","0.00","0.00","N","9999","Request From LOS Module","","","",""
"2194","2300","Legal Fee (%)","000104480000861","1","0.00","0.00","","0.00","0.00","0.00","N","9999","Request From LOS Module","","","",""
"2195","2301","Other Fee (%)","000104480000861","1","0.00","0.00","","0.00","0.00","0.00","N","9999","Request From LOS Module","","","",""
"2196","2302","Agreement Fee (%)","000104480000862","1","0.00","0.00","","0.00","0.00","0.00","N","9999","Request From LOS Module","","","",""
"2197","2303","Legal Fee (%)","000104480000862","1","0.00","0.00","","0.00","0.00","0.00","N","9999","Request From LOS Module","","","",""
"2198","2304","Other Fee (%)","000104480000862","1","0.00","0.00","","0.00","0.00","0.00","N","9999","Request From LOS Module","","","",""
"2199","2305","Agreement Fee (%)","000104480000863","1","0.00","0.00","","0.00","0.00","0.00","N","9999","Request From LOS Module","","","",""
"2200","2306","Legal Fee (%)","000104480000863","1","0.00","0.00","","0.00","0.00","0.00","N","9999","Request From LOS Module","","","",""
"2201","2307","Other Fee (%)","000104480000863","1","0.00","0.00","","0.00","0.00","0.00","N","9999","Request From LOS Module","","","",""
"2202","2308","Agreement Fee (%)","000104480000864","1","0.00","0.00","","0.00","0.00","0.00","N","9999","Request From LOS Module","","","",""
"2203","2309","Legal Fee (%)","000104480000864","1","0.00","0.00","","0.00","0.00","0.00","N","9999","Request From LOS Module","","","",""
"2204","2310","Other Fee (%)","000104480000864","1","0.00","0.00","","0.00","0.00","0.00","N","9999","Request From LOS Module","","","",""
"2205","2311","Agreement Fee (%)","000104480000865","1","0.00","0.00","","0.00","0.00","0.00","N","9999","Request From LOS Module","","","",""
"2206","2312","Legal Fee (%)","000104480000865","1","0.00","0.00","","0.00","0.00","0.00","N","9999","Request From LOS Module","","","",""
"2207","2313","Other Fee (%)","000104480000865","1","0.00","0.00","","0.00","0.00","0.00","N","9999","Request From LOS Module","","","",""
"2208","2314","Agreement Fee (%)","000104480000866","1","0.00","0.00","","0.00","0.00","0.00","N","9999","Request From LOS Module","","","",""
"2209","2315","Legal Fee (%)","000104480000866","1","0.00","0.00","","0.00","0.00","0.00","N","9999","Request From LOS Module","","","",""
"2210","2316","Other Fee (%)","000104480000866","1","0.00","0.00","","0.00","0.00","0.00","N","9999","Request From LOS Module","","","",""
"2211","2317","Agreement Fee (%)","000104480000867","1","0.00","0.00","","0.00","0.00","0.00","N","9999","Request From LOS Module","","","",""
"2212","2318","Legal Fee (%)","000104480000867","1","0.00","0.00","","0.00","0.00","0.00","N","9999","Request From LOS Module","","","",""
"2213","2319","Other Fee (%)","000104480000867","1","0.00","0.00","","0.00","0.00","0.00","N","9999","Request From LOS Module","","","",""
"2214","2320","Agreement Fee (%)","000104480000868","1","0.00","0.00","","0.00","0.00","0.00","N","9999","Request From LOS Module","","","",""
"2215","2321","Legal Fee (%)","000104480000868","1","0.00","0.00","","0.00","0.00","0.00","N","9999","Request From LOS Module","","","",""
"2216","2322","Other Fee (%)","000104480000868","1","0.00","0.00","","0.00","0.00","0.00","N","9999","Request From LOS Module","","","",""
"2217","2323","Agreement Fee (%)","000104480000869","1","0.00","0.00","","0.00","0.00","0.00","N","9999","Request From LOS Module","","","",""
"2218","2324","Legal Fee (%)","000104480000869","1","0.00","0.00","","0.00","0.00","0.00","N","9999","Request From LOS Module","","","",""
"2219","2325","Other Fee (%)","000104480000869","1","0.00","0.00","","0.00","0.00","0.00","N","9999","Request From LOS Module","","","",""
"2220","2326","Agreement Fee (%)","000104480000870","1","0.00","0.00","","0.00","0.00","0.00","N","9999","Request From LOS Module","","","",""
"2221","2327","Legal Fee (%)","000104480000870","1","0.00","0.00","","0.00","0.00","0.00","N","9999","Request From LOS Module","","","",""
"2222","2328","Other Fee (%)","000104480000870","1","0.00","0.00","","0.00","0.00","0.00","N","9999","Request From LOS Module","","","",""
"2223","2329","Agreement Fee (%)","000104480000871","1","0.00","0.00","","0.00","0.00","0.00","N","9999","Request From LOS Module","","","",""
"2224","2330","Legal Fee (%)","000104480000871","1","0.00","0.00","","0.00","0.00","0.00","N","9999","Request From LOS Module","","","",""
"2225","2331","Other Fee (%)","000104480000871","1","0.00","0.00","","0.00","0.00","0.00","N","9999","Request From LOS Module","","","",""
"2226","2332","Agreement Fee (%)","000104480000872","1","0.00","0.00","","0.00","0.00","0.00","N","9999","Request From LOS Module","","","",""
"2227","2333","Legal Fee (%)","000104480000872","1","0.00","0.00","","0.00","0.00","0.00","N","9999","Request From LOS Module","","","",""
"2228","2334","Other Fee (%)","000104480000872","1","0.00","0.00","","0.00","0.00","0.00","N","9999","Request From LOS Module","","","",""
"2229","2335","Agreement Fee (%)","000104480000873","1","0.00","0.00","","0.00","0.00","0.00","N","9999","Request From LOS Module","","","",""
"2230","2336","Legal Fee (%)","000104480000873","1","0.00","0.00","","0.00","0.00","0.00","N","9999","Request From LOS Module","","","",""
"2231","2337","Other Fee (%)","000104480000873","1","0.00","0.00","","0.00","0.00","0.00","N","9999","Request From LOS Module","","","",""
"2232","2338","Agreement Fee (%)","000104480000874","1","0.00","0.00","","0.00","0.00","0.00","N","9999","Request From LOS Module","","","",""
"2233","2339","Legal Fee (%)","000104480000874","1","0.00","0.00","","0.00","0.00","0.00","N","9999","Request From LOS Module","","","",""
"2234","2340","Other Fee (%)","000104480000874","1","0.00","0.00","","0.00","0.00","0.00","N","9999","Request From LOS Module","","","",""
"2235","2341","Agreement Fee (%)","000104480000875","1","0.00","0.00","","0.00","0.00","0.00","N","9999","Request From LOS Module","","","",""
"2236","2342","Legal Fee (%)","000104480000875","1","0.00","0.00","","0.00","0.00","0.00","N","9999","Request From LOS Module","","","",""
"2237","2343","Other Fee (%)","000104480000875","1","0.00","0.00","","0.00","0.00","0.00","N","9999","Request From LOS Module","","","",""
"2238","2344","Agreement Fee (%)","000104480000876","1","0.00","0.00","","0.00","0.00","0.00","N","9999","Request From LOS Module","","","",""
"2239","2345","Legal Fee (%)","000104480000876","1","0.00","0.00","","0.00","0.00","0.00","N","9999","Request From LOS Module","","","",""
"2240","2346","Other Fee (%)","000104480000876","1","0.00","0.00","","0.00","0.00","0.00","N","9999","Request From LOS Module","","","",""
"2241","2347","Agreement Fee (%)","000104480000877","1","0.00","0.00","","0.00","0.00","0.00","N","9999","Request From LOS Module","","","",""
"2242","2348","Legal Fee (%)","000104480000877","1","0.00","0.00","","0.00","0.00","0.00","N","9999","Request From LOS Module","","","",""
"2243","2349","Other Fee (%)","000104480000877","1","0.00","0.00","","0.00","0.00","0.00","N","9999","Request From LOS Module","","","",""
"2244","2350","Agreement Fee (%)","000104480000878","1","0.00","0.00","","0.00","0.00","0.00","N","9999","Request From LOS Module","","","",""
"2245","2351","Legal Fee (%)","000104480000878","1","0.00","0.00","","0.00","0.00","0.00","N","9999","Request From LOS Module","","","",""
"2246","2352","Other Fee (%)","000104480000878","1","0.00","0.00","","0.00","0.00","0.00","N","9999","Request From LOS Module","","","",""
"2247","2353","Agreement Fee (%)","000104480000879","1","0.00","0.00","","0.00","0.00","0.00","N","9999","Request From LOS Module","","","",""
"2248","2354","Legal Fee (%)","000104480000879","1","0.00","0.00","","0.00","0.00","0.00","N","9999","Request From LOS Module","","","",""
"2249","2355","Other Fee (%)","000104480000879","1","0.00","0.00","","0.00","0.00","0.00","N","9999","Request From LOS Module","","","",""
"2250","2356","Agreement Fee (%)","000104480000880","1","0.00","0.00","","0.00","0.00","0.00","N","9999","Request From LOS Module","","","",""
"2251","2357","Legal Fee (%)","000104480000880","1","0.00","0.00","","0.00","0.00","0.00","N","9999","Request From LOS Module","","","",""
"2252","2358","Other Fee (%)","000104480000880","1","0.00","0.00","","0.00","0.00","0.00","N","9999","Request From LOS Module","","","",""
"2253","2359","Agreement Fee (%)","000104480000881","1","0.00","0.00","","0.00","0.00","0.00","N","9999","Request From LOS Module","","","",""
"2254","2360","Legal Fee (%)","000104480000881","1","0.00","0.00","","0.00","0.00","0.00","N","9999","Request From LOS Module","","","",""
"2255","2361","Other Fee (%)","000104480000881","1","0.00","0.00","","0.00","0.00","0.00","N","9999","Request From LOS Module","","","",""
"2256","2362","Agreement Fee (%)","000104480000882","1","0.00","0.00","","0.00","0.00","0.00","N","9999","Request From LOS Module","","","",""
"2257","2363","Legal Fee (%)","000104480000882","1","0.00","0.00","","0.00","0.00","0.00","N","9999","Request From LOS Module","","","",""
"2258","2364","Other Fee (%)","000104480000882","1","0.00","0.00","","0.00","0.00","0.00","N","9999","Request From LOS Module","","","",""
"2259","2365","Agreement Fee (%)","000104480000883","1","0.00","0.00","","0.00","0.00","0.00","N","9999","Request From LOS Module","","","",""
"2260","2366","Legal Fee (%)","000104480000883","1","0.00","0.00","","0.00","0.00","0.00","N","9999","Request From LOS Module","","","",""
"2261","2367","Other Fee (%)","000104480000883","1","0.00","0.00","","0.00","0.00","0.00","N","9999","Request From LOS Module","","","",""
"2262","2368","Agreement Fee (%)","000104480000884","1","0.00","0.00","","0.00","0.00","0.00","N","9999","Request From LOS Module","","","",""
"2263","2369","Legal Fee (%)","000104480000884","1","0.00","0.00","","0.00","0.00","0.00","N","9999","Request From LOS Module","","","",""
"2264","2370","Other Fee (%)","000104480000884","1","0.00","0.00","","0.00","0.00","0.00","N","9999","Request From LOS Module","","","",""
"2265","2371","Agreement Fee (%)","000104480000885","1","0.00","0.00","","0.00","0.00","0.00","N","9999","Request From LOS Module","","","",""
"2266","2372","Legal Fee (%)","000104480000885","1","0.00","0.00","","0.00","0.00","0.00","N","9999","Request From LOS Module","","","",""
"2267","2373","Other Fee (%)","000104480000885","1","0.00","0.00","","0.00","0.00","0.00","N","9999","Request From LOS Module","","","",""
"2268","2374","Agreement Fee (%)","000104480000886","1","0.00","0.00","","0.00","0.00","0.00","N","9999","Request From LOS Module","","","",""
"2269","2375","Legal Fee (%)","000104480000886","1","0.00","0.00","","0.00","0.00","0.00","N","9999","Request From LOS Module","","","",""
"2270","2376","Other Fee (%)","000104480000886","1","0.00","0.00","","0.00","0.00","0.00","N","9999","Request From LOS Module","","","",""
"2271","2377","Agreement Fee (%)","000104480000887","1","0.00","0.00","","0.00","0.00","0.00","N","9999","Request From LOS Module","","","",""
"2272","2378","Legal Fee (%)","000104480000887","1","0.00","0.00","","0.00","0.00","0.00","N","9999","Request From LOS Module","","","",""
"2273","2379","Other Fee (%)","000104480000887","1","0.00","0.00","","0.00","0.00","0.00","N","9999","Request From LOS Module","","","",""
"2274","2380","Agreement Fee (%)","000104480000888","1","0.00","0.00","","0.00","0.00","0.00","N","9999","Request From LOS Module","","","",""
"2275","2381","Legal Fee (%)","000104480000888","1","0.00","0.00","","0.00","0.00","0.00","N","9999","Request From LOS Module","","","",""
"2276","2382","Other Fee (%)","000104480000888","1","0.00","0.00","","0.00","0.00","0.00","N","9999","Request From LOS Module","","","",""
"2277","2383","Agreement Fee (%)","000104480000889","1","0.00","0.00","","0.00","0.00","0.00","N","9999","Request From LOS Module","","","",""
"2278","2384","Legal Fee (%)","000104480000889","1","0.00","0.00","","0.00","0.00","0.00","N","9999","Request From LOS Module","","","",""
"2279","2385","Other Fee (%)","000104480000889","1","0.00","0.00","","0.00","0.00","0.00","N","9999","Request From LOS Module","","","",""
"2280","2386","Agreement Fee (%)","000104480000890","1","0.00","0.00","","0.00","0.00","0.00","N","9999","Request From LOS Module","","","",""
"2281","2387","Legal Fee (%)","000104480000890","1","0.00","0.00","","0.00","0.00","0.00","N","9999","Request From LOS Module","","","",""
"2282","2388","Other Fee (%)","000104480000890","1","0.00","0.00","","0.00","0.00","0.00","N","9999","Request From LOS Module","","","",""
"2283","2389","Agreement Fee (%)","000104480000891","1","0.00","0.00","","0.00","0.00","0.00","N","9999","Request From LOS Module","","","",""
"2284","2390","Legal Fee (%)","000104480000891","1","0.00","0.00","","0.00","0.00","0.00","N","9999","Request From LOS Module","","","",""
"2285","2391","Other Fee (%)","000104480000891","1","0.00","0.00","","0.00","0.00","0.00","N","9999","Request From LOS Module","","","",""
"2286","2392","Agreement Fee (%)","000104480000892","1","0.00","0.00","","0.00","0.00","0.00","N","9999","Request From LOS Module","","","",""
"2287","2393","Legal Fee (%)","000104480000892","1","0.00","0.00","","0.00","0.00","0.00","N","9999","Request From LOS Module","","","",""
"2288","2394","Other Fee (%)","000104480000892","1","0.00","0.00","","0.00","0.00","0.00","N","9999","Request From LOS Module","","","",""
"2289","2395","Agreement Fee (%)","000104480000893","1","0.00","0.00","","0.00","0.00","0.00","N","9999","Request From LOS Module","","","",""
"2290","2396","Legal Fee (%)","000104480000893","1","0.00","0.00","","0.00","0.00","0.00","N","9999","Request From LOS Module","","","",""
"2291","2397","Other Fee (%)","000104480000893","1","0.00","0.00","","0.00","0.00","0.00","N","9999","Request From LOS Module","","","",""
"2292","2398","Agreement Fee (%)","000104480000894","1","0.00","0.00","","0.00","0.00","0.00","N","9999","Request From LOS Module","","","",""
"2293","2399","Legal Fee (%)","000104480000894","1","0.00","0.00","","0.00","0.00","0.00","N","9999","Request From LOS Module","","","",""
"2294","2400","Other Fee (%)","000104480000894","1","0.00","0.00","","0.00","0.00","0.00","N","9999","Request From LOS Module","","","",""
"2295","2401","Agreement Fee (%)","000104480000895","1","0.00","0.00","","0.00","0.00","0.00","N","9999","Request From LOS Module","","","",""
"2296","2402","Legal Fee (%)","000104480000895","1","0.00","0.00","","0.00","0.00","0.00","N","9999","Request From LOS Module","","","",""
"2297","2403","Other Fee (%)","000104480000895","1","0.00","0.00","","0.00","0.00","0.00","N","9999","Request From LOS Module","","","",""
"2298","2404","Agreement Fee (%)","000104480000896","1","0.00","0.00","","0.00","0.00","0.00","N","9999","Request From LOS Module","","","",""
"2299","2405","Legal Fee (%)","000104480000896","1","0.00","0.00","","0.00","0.00","0.00","N","9999","Request From LOS Module","","","",""
"2300","2406","Other Fee (%)","000104480000896","1","0.00","0.00","","0.00","0.00","0.00","N","9999","Request From LOS Module","","","",""
"2301","2407","Agreement Fee (%)","000104480000897","1","0.00","0.00","","0.00","0.00","0.00","N","9999","Request From LOS Module","","","",""
"2302","2408","Legal Fee (%)","000104480000897","1","0.00","0.00","","0.00","0.00","0.00","N","9999","Request From LOS Module","","","",""
"2303","2409","Other Fee (%)","000104480000897","1","0.00","0.00","","0.00","0.00","0.00","N","9999","Request From LOS Module","","","",""
"2304","2410","Agreement Fee (%)","000104480000898","1","0.00","0.00","","0.00","0.00","0.00","N","9999","Request From LOS Module","","","",""
"2305","2411","Legal Fee (%)","000104480000898","1","0.00","0.00","","0.00","0.00","0.00","N","9999","Request From LOS Module","","","",""
"2306","2412","Other Fee (%)","000104480000898","1","0.00","0.00","","0.00","0.00","0.00","N","9999","Request From LOS Module","","","",""
"2307","2413","Agreement Fee (%)","000104480000899","1","0.00","0.00","","0.00","0.00","0.00","N","9999","Request From LOS Module","","","",""
"2308","2414","Legal Fee (%)","000104480000899","1","0.00","0.00","","0.00","0.00","0.00","N","9999","Request From LOS Module","","","",""
"2309","2415","Other Fee (%)","000104480000899","1","0.00","0.00","","0.00","0.00","0.00","N","9999","Request From LOS Module","","","",""
"2310","2416","Agreement Fee (%)","000104480000900","1","0.00","0.00","","0.00","0.00","0.00","N","9999","Request From LOS Module","","","",""
"2311","2417","Legal Fee (%)","000104480000900","1","0.00","0.00","","0.00","0.00","0.00","N","9999","Request From LOS Module","","","",""
"2312","2418","Other Fee (%)","000104480000900","1","0.00","0.00","","0.00","0.00","0.00","N","9999","Request From LOS Module","","","",""
"2313","2419","Agreement Fee (%)","000104480000901","1","0.00","0.00","","0.00","0.00","0.00","N","9999","Request From LOS Module","","","",""
"2314","2420","Legal Fee (%)","000104480000901","1","0.00","0.00","","0.00","0.00","0.00","N","9999","Request From LOS Module","","","",""
"2315","2421","Other Fee (%)","000104480000901","1","0.00","0.00","","0.00","0.00","0.00","N","9999","Request From LOS Module","","","",""
"2316","2422","Agreement Fee (%)","000104480000902","1","0.00","0.00","","0.00","0.00","0.00","N","9999","Request From LOS Module","","","",""
"2317","2423","Legal Fee (%)","000104480000902","1","0.00","0.00","","0.00","0.00","0.00","N","9999","Request From LOS Module","","","",""
"2318","2424","Other Fee (%)","000104480000902","1","0.00","0.00","","0.00","0.00","0.00","N","9999","Request From LOS Module","","","",""
"2319","2425","Agreement Fee (%)","000104480000903","1","0.00","0.00","","0.00","0.00","0.00","N","9999","Request From LOS Module","","","",""
"2320","2426","Legal Fee (%)","000104480000903","1","0.00","0.00","","0.00","0.00","0.00","N","9999","Request From LOS Module","","","",""
"2321","2427","Other Fee (%)","000104480000903","1","0.00","0.00","","0.00","0.00","0.00","N","9999","Request From LOS Module","","","",""
"2322","2428","Agreement Fee (%)","000104480000904","1","0.00","0.00","","0.00","0.00","0.00","N","9999","Request From LOS Module","","","",""
"2323","2429","Legal Fee (%)","000104480000904","1","0.00","0.00","","0.00","0.00","0.00","N","9999","Request From LOS Module","","","",""
"2324","2430","Other Fee (%)","000104480000904","1","0.00","0.00","","0.00","0.00","0.00","N","9999","Request From LOS Module","","","",""
"2325","2431","Agreement Fee (%)","000104480000905","1","0.00","0.00","","0.00","0.00","0.00","N","9999","Request From LOS Module","","","",""
"2326","2432","Legal Fee (%)","000104480000905","1","0.00","0.00","","0.00","0.00","0.00","N","9999","Request From LOS Module","","","",""
"2327","2433","Other Fee (%)","000104480000905","1","0.00","0.00","","0.00","0.00","0.00","N","9999","Request From LOS Module","","","",""
"2328","2434","Agreement Fee (%)","000104480000906","1","0.00","0.00","","0.00","0.00","0.00","N","9999","Request From LOS Module","","","",""
"2329","2435","Legal Fee (%)","000104480000906","1","0.00","0.00","","0.00","0.00","0.00","N","9999","Request From LOS Module","","","",""
"2330","2436","Other Fee (%)","000104480000906","1","0.00","0.00","","0.00","0.00","0.00","N","9999","Request From LOS Module","","","",""
"2331","2437","Agreement Fee (%)","000104480000907","1","0.00","0.00","","0.00","0.00","0.00","N","9999","Request From LOS Module","","","",""
"2332","2438","Legal Fee (%)","000104480000907","1","0.00","0.00","","0.00","0.00","0.00","N","9999","Request From LOS Module","","","",""
"2333","2439","Other Fee (%)","000104480000907","1","0.00","0.00","","0.00","0.00","0.00","N","9999","Request From LOS Module","","","",""
"2334","2440","Agreement Fee (%)","000104480000908","1","0.00","0.00","","0.00","0.00","0.00","N","9999","Request From LOS Module","","","",""
"2335","2441","Legal Fee (%)","000104480000908","1","0.00","0.00","","0.00","0.00","0.00","N","9999","Request From LOS Module","","","",""
"2336","2442","Other Fee (%)","000104480000908","1","0.00","0.00","","0.00","0.00","0.00","N","9999","Request From LOS Module","","","",""
"2337","2443","Agreement Fee (%)","000104480000909","1","0.00","0.00","","0.00","0.00","0.00","N","9999","Request From LOS Module","","","",""
"2338","2444","Legal Fee (%)","000104480000909","1","0.00","0.00","","0.00","0.00","0.00","N","9999","Request From LOS Module","","","",""
"2339","2445","Other Fee (%)","000104480000909","1","0.00","0.00","","0.00","0.00","0.00","N","9999","Request From LOS Module","","","",""
"2340","2446","Agreement Fee (%)","000104480000910","1","0.00","0.00","","0.00","0.00","0.00","N","9999","Request From LOS Module","","","",""
"2341","2447","Legal Fee (%)","000104480000910","1","0.00","0.00","","0.00","0.00","0.00","N","9999","Request From LOS Module","","","",""
"2342","2448","Other Fee (%)","000104480000910","1","0.00","0.00","","0.00","0.00","0.00","N","9999","Request From LOS Module","","","",""
"2343","2449","Agreement Fee (%)","000104480000911","1","0.00","0.00","","0.00","0.00","0.00","N","9999","Request From LOS Module","","","",""
"2344","2450","Legal Fee (%)","000104480000911","1","0.00","0.00","","0.00","0.00","0.00","N","9999","Request From LOS Module","","","",""
"2345","2451","Other Fee (%)","000104480000911","1","0.00","0.00","","0.00","0.00","0.00","N","9999","Request From LOS Module","","","",""
"2346","2452","Agreement Fee (%)","000104480000912","1","0.00","0.00","","0.00","0.00","0.00","N","9999","Request From LOS Module","","","",""
"2347","2453","Legal Fee (%)","000104480000912","1","0.00","0.00","","0.00","0.00","0.00","N","9999","Request From LOS Module","","","",""
"2348","2454","Other Fee (%)","000104480000912","1","0.00","0.00","","0.00","0.00","0.00","N","9999","Request From LOS Module","","","",""
"2349","2455","Agreement Fee (%)","000104480000913","1","0.00","0.00","","0.00","0.00","0.00","N","9999","Request From LOS Module","","","",""
"2350","2456","Legal Fee (%)","000104480000913","1","0.00","0.00","","0.00","0.00","0.00","N","9999","Request From LOS Module","","","",""
"2351","2457","Other Fee (%)","000104480000913","1","0.00","0.00","","0.00","0.00","0.00","N","9999","Request From LOS Module","","","",""
"2352","2458","Agreement Fee (%)","000104480000914","1","0.00","0.00","","0.00","0.00","0.00","N","9999","Request From LOS Module","","","",""
"2353","2459","Legal Fee (%)","000104480000914","1","0.00","0.00","","0.00","0.00","0.00","N","9999","Request From LOS Module","","","",""
"2354","2460","Other Fee (%)","000104480000914","1","0.00","0.00","","0.00","0.00","0.00","N","9999","Request From LOS Module","","","",""
"2355","2461","Agreement Fee (%)","000104480000915","1","0.00","0.00","","0.00","0.00","0.00","N","9999","Request From LOS Module","","","",""
"2356","2462","Legal Fee (%)","000104480000915","1","0.00","0.00","","0.00","0.00","0.00","N","9999","Request From LOS Module","","","",""
"2357","2463","Other Fee (%)","000104480000915","1","0.00","0.00","","0.00","0.00","0.00","N","9999","Request From LOS Module","","","",""
"2358","2464","Agreement Fee (%)","000104480000916","1","0.00","0.00","","0.00","0.00","0.00","N","9999","Request From LOS Module","","","",""
"2359","2465","Legal Fee (%)","000104480000916","1","0.00","0.00","","0.00","0.00","0.00","N","9999","Request From LOS Module","","","",""
"2360","2466","Other Fee (%)","000104480000916","1","0.00","0.00","","0.00","0.00","0.00","N","9999","Request From LOS Module","","","",""
"2361","2467","Agreement Fee (%)","000104480000917","1","0.00","0.00","","0.00","0.00","0.00","N","9999","Request From LOS Module","","","",""
"2362","2468","Legal Fee (%)","000104480000917","1","0.00","0.00","","0.00","0.00","0.00","N","9999","Request From LOS Module","","","",""
"2363","2469","Other Fee (%)","000104480000917","1","0.00","0.00","","0.00","0.00","0.00","N","9999","Request From LOS Module","","","",""
"2364","2470","Agreement Fee (%)","000104480000918","1","0.00","0.00","","0.00","0.00","0.00","N","9999","Request From LOS Module","","","",""
"2365","2471","Legal Fee (%)","000104480000918","1","0.00","0.00","","0.00","0.00","0.00","N","9999","Request From LOS Module","","","",""
"2366","2472","Other Fee (%)","000104480000918","1","0.00","0.00","","0.00","0.00","0.00","N","9999","Request From LOS Module","","","",""
"2367","2473","Agreement Fee (%)","000104480000919","1","0.00","0.00","","0.00","0.00","0.00","N","9999","Request From LOS Module","","","",""
"2368","2474","Legal Fee (%)","000104480000919","1","0.00","0.00","","0.00","0.00","0.00","N","9999","Request From LOS Module","","","",""
"2369","2475","Other Fee (%)","000104480000919","1","0.00","0.00","","0.00","0.00","0.00","N","9999","Request From LOS Module","","","",""
"2370","2476","Agreement Fee (%)","000104480000920","1","0.00","0.00","","0.00","0.00","0.00","N","9999","Request From LOS Module","","","",""
"2371","2477","Legal Fee (%)","000104480000920","1","0.00","0.00","","0.00","0.00","0.00","N","9999","Request From LOS Module","","","",""
"2372","2478","Other Fee (%)","000104480000920","1","0.00","0.00","","0.00","0.00","0.00","N","9999","Request From LOS Module","","","",""
"2373","2479","Agreement Fee (%)","000104480000921","1","0.00","0.00","","0.00","0.00","0.00","N","9999","Request From LOS Module","","","",""
"2374","2480","Legal Fee (%)","000104480000921","1","0.00","0.00","","0.00","0.00","0.00","N","9999","Request From LOS Module","","","",""
"2375","2481","Other Fee (%)","000104480000921","1","0.00","0.00","","0.00","0.00","0.00","N","9999","Request From LOS Module","","","",""
"2376","2482","Agreement Fee (%)","000104480000922","1","0.00","0.00","","0.00","0.00","0.00","N","9999","Request From LOS Module","","","",""
"2377","2483","Legal Fee (%)","000104480000922","1","0.00","0.00","","0.00","0.00","0.00","N","9999","Request From LOS Module","","","",""
"2378","2484","Other Fee (%)","000104480000922","1","0.00","0.00","","0.00","0.00","0.00","N","9999","Request From LOS Module","","","",""
"2379","2485","Agreement Fee (%)","000104480000923","1","0.00","0.00","","0.00","0.00","0.00","N","9999","Request From LOS Module","","","",""
"2380","2486","Legal Fee (%)","000104480000923","1","0.00","0.00","","0.00","0.00","0.00","N","9999","Request From LOS Module","","","",""
"2381","2487","Other Fee (%)","000104480000923","1","0.00","0.00","","0.00","0.00","0.00","N","9999","Request From LOS Module","","","",""
"2382","2488","Agreement Fee (%)","000104480000924","1","0.00","0.00","","0.00","0.00","0.00","N","9999","Request From LOS Module","","","",""
"2383","2489","Legal Fee (%)","000104480000924","1","0.00","0.00","","0.00","0.00","0.00","N","9999","Request From LOS Module","","","",""
"2384","2490","Other Fee (%)","000104480000924","1","0.00","0.00","","0.00","0.00","0.00","N","9999","Request From LOS Module","","","",""
"2385","2491","Agreement Fee (%)","000104480000925","1","0.00","0.00","","0.00","0.00","0.00","N","9999","Request From LOS Module","","","",""
"2386","2492","Legal Fee (%)","000104480000925","1","0.00","0.00","","0.00","0.00","0.00","N","9999","Request From LOS Module","","","",""
"2387","2493","Other Fee (%)","000104480000925","1","0.00","0.00","","0.00","0.00","0.00","N","9999","Request From LOS Module","","","",""
"2388","2494","Agreement Fee (%)","000104480000926","1","0.00","0.00","","0.00","0.00","0.00","N","9999","Request From LOS Module","","","",""
"2389","2495","Legal Fee (%)","000104480000926","1","0.00","0.00","","0.00","0.00","0.00","N","9999","Request From LOS Module","","","",""
"2390","2496","Other Fee (%)","000104480000926","1","0.00","0.00","","0.00","0.00","0.00","N","9999","Request From LOS Module","","","",""
"2391","2497","Agreement Fee (%)","000104480000927","1","0.00","0.00","","0.00","0.00","0.00","N","9999","Request From LOS Module","","","",""
"2392","2498","Legal Fee (%)","000104480000927","1","0.00","0.00","","0.00","0.00","0.00","N","9999","Request From LOS Module","","","",""
"2393","2499","Other Fee (%)","000104480000927","1","0.00","0.00","","0.00","0.00","0.00","N","9999","Request From LOS Module","","","",""
"2394","2500","Agreement Fee (%)","000104480000928","1","0.00","0.00","","0.00","0.00","0.00","N","9999","Request From LOS Module","","","",""
"2395","2501","Legal Fee (%)","000104480000928","1","0.00","0.00","","0.00","0.00","0.00","N","9999","Request From LOS Module","","","",""
"2396","2502","Other Fee (%)","000104480000928","1","0.00","0.00","","0.00","0.00","0.00","N","9999","Request From LOS Module","","","",""
"2397","2503","Agreement Fee (%)","000104480000929","1","0.00","0.00","","0.00","0.00","0.00","N","9999","Request From LOS Module","","","",""
"2398","2504","Legal Fee (%)","000104480000929","1","0.00","0.00","","0.00","0.00","0.00","N","9999","Request From LOS Module","","","",""
"2399","2505","Other Fee (%)","000104480000929","1","0.00","0.00","","0.00","0.00","0.00","N","9999","Request From LOS Module","","","",""
"2400","2506","Agreement Fee (%)","000104480000930","1","0.00","0.00","","0.00","0.00","0.00","N","9999","Request From LOS Module","","","",""
"2401","2507","Legal Fee (%)","000104480000930","1","0.00","0.00","","0.00","0.00","0.00","N","9999","Request From LOS Module","","","",""
"2402","2508","Other Fee (%)","000104480000930","1","0.00","0.00","","0.00","0.00","0.00","N","9999","Request From LOS Module","","","",""
"2403","2509","Agreement Fee (%)","000104480000931","1","0.00","0.00","","0.00","0.00","0.00","N","9999","Request From LOS Module","","","",""
"2404","2510","Legal Fee (%)","000104480000931","1","0.00","0.00","","0.00","0.00","0.00","N","9999","Request From LOS Module","","","",""
"2405","2511","Other Fee (%)","000104480000931","1","0.00","0.00","","0.00","0.00","0.00","N","9999","Request From LOS Module","","","",""
"2406","2512","Agreement Fee (%)","000104480000932","1","0.00","0.00","","0.00","0.00","0.00","N","9999","Request From LOS Module","","","",""
"2407","2513","Legal Fee (%)","000104480000932","1","0.00","0.00","","0.00","0.00","0.00","N","9999","Request From LOS Module","","","",""
"2408","2514","Other Fee (%)","000104480000932","1","0.00","0.00","","0.00","0.00","0.00","N","9999","Request From LOS Module","","","",""
"2409","2515","Agreement Fee (%)","000104480000933","1","0.00","0.00","","0.00","0.00","0.00","N","9999","Request From LOS Module","","","",""
"2410","2516","Legal Fee (%)","000104480000933","1","0.00","0.00","","0.00","0.00","0.00","N","9999","Request From LOS Module","","","",""
"2411","2517","Other Fee (%)","000104480000933","1","0.00","0.00","","0.00","0.00","0.00","N","9999","Request From LOS Module","","","",""
"2412","2518","Agreement Fee (%)","000104480000934","1","0.00","0.00","","0.00","0.00","0.00","N","9999","Request From LOS Module","","","",""
"2413","2519","Legal Fee (%)","000104480000934","1","0.00","0.00","","0.00","0.00","0.00","N","9999","Request From LOS Module","","","",""
"2414","2520","Other Fee (%)","000104480000934","1","0.00","0.00","","0.00","0.00","0.00","N","9999","Request From LOS Module","","","",""
"2415","2521","Agreement Fee (%)","000104480000935","1","0.00","0.00","","0.00","0.00","0.00","N","9999","Request From LOS Module","","","",""
"2416","2522","Legal Fee (%)","000104480000935","1","0.00","0.00","","0.00","0.00","0.00","N","9999","Request From LOS Module","","","",""
"2417","2523","Other Fee (%)","000104480000935","1","0.00","0.00","","0.00","0.00","0.00","N","9999","Request From LOS Module","","","",""
"2418","2524","Agreement Fee (%)","000104480000936","1","0.00","0.00","","0.00","0.00","0.00","N","9999","Request From LOS Module","","","",""
"2419","2525","Legal Fee (%)","000104480000936","1","0.00","0.00","","0.00","0.00","0.00","N","9999","Request From LOS Module","","","",""
"2420","2526","Other Fee (%)","000104480000936","1","0.00","0.00","","0.00","0.00","0.00","N","9999","Request From LOS Module","","","",""
"2421","2527","Agreement Fee (%)","000104480000937","1","0.00","0.00","","0.00","0.00","0.00","N","9999","Request From LOS Module","","","",""
"2422","2528","Legal Fee (%)","000104480000937","1","0.00","0.00","","0.00","0.00","0.00","N","9999","Request From LOS Module","","","",""
"2423","2529","Other Fee (%)","000104480000937","1","0.00","0.00","","0.00","0.00","0.00","N","9999","Request From LOS Module","","","",""
"2424","2530","Agreement Fee (%)","000104480000938","1","0.00","0.00","","0.00","0.00","0.00","N","9999","Request From LOS Module","","","",""
"2425","2531","Legal Fee (%)","000104480000938","1","0.00","0.00","","0.00","0.00","0.00","N","9999","Request From LOS Module","","","",""
"2426","2532","Other Fee (%)","000104480000938","1","0.00","0.00","","0.00","0.00","0.00","N","9999","Request From LOS Module","","","",""
"2427","2533","Agreement Fee (%)","000104480000939","1","0.00","0.00","","0.00","0.00","0.00","N","9999","Request From LOS Module","","","",""
"2428","2534","Legal Fee (%)","000104480000939","1","0.00","0.00","","0.00","0.00","0.00","N","9999","Request From LOS Module","","","",""
"2429","2535","Other Fee (%)","000104480000939","1","0.00","0.00","","0.00","0.00","0.00","N","9999","Request From LOS Module","","","",""
"2430","2740","Agreement Fee (%)","000104480000940","1","0.00","0.00","","0.00","0.00","0.00","N","9999","Request From LOS Module","","","",""
"2431","2741","Legal Fee (%)","000104480000940","1","0.00","0.00","","0.00","0.00","0.00","N","9999","Request From LOS Module","","","",""
"2432","2742","Other Fee (%)","000104480000940","1","0.00","0.00","","0.00","0.00","0.00","N","9999","Request From LOS Module","","","",""
"2433","2749","Agreement Fee (%)","000104480000941","1","0.00","0.00","","0.00","0.00","0.00","N","9999","Request From LOS Module","","","",""
"2434","2750","Legal Fee (%)","000104480000941","1","0.00","0.00","","0.00","0.00","0.00","N","9999","Request From LOS Module","","","",""
"2435","2751","Other Fee (%)","000104480000941","1","0.00","0.00","","0.00","0.00","0.00","N","9999","Request From LOS Module","","","",""
"2436","2761","Agreement Fee (%)","000104480000942","1","0.00","0.00","","0.00","0.00","0.00","N","9999","Request From LOS Module","","","",""
"2437","2762","Legal Fee (%)","000104480000942","1","0.00","0.00","","0.00","0.00","0.00","N","9999","Request From LOS Module","","","",""
"2438","2763","Other Fee (%)","000104480000942","1","0.00","0.00","","0.00","0.00","0.00","N","9999","Request From LOS Module","","","",""
"2439","2773","Agreement Fee (%)","000104480000943","1","0.00","0.00","","0.00","0.00","0.00","N","9999","Request From LOS Module","","","",""
"2440","2774","Legal Fee (%)","000104480000943","1","0.00","0.00","","0.00","0.00","0.00","N","9999","Request From LOS Module","","","",""
"2441","2775","Other Fee (%)","000104480000943","1","0.00","0.00","","0.00","0.00","0.00","N","9999","Request From LOS Module","","","",""
"2442","2854","Agreement Fee (%)","000104480000944","1","0.00","0.00","","0.00","0.00","0.00","N","9999","Request From LOS Module","","","",""
"2443","2855","Legal Fee (%)","000104480000944","1","0.00","0.00","","0.00","0.00","0.00","N","9999","Request From LOS Module","","","",""
"2444","2856","Other Fee (%)","000104480000944","1","0.00","0.00","","0.00","0.00","0.00","N","9999","Request From LOS Module","","","",""
"2445","2902","Agreement Fee (%)","000104480000945","1","0.00","0.00","","0.00","0.00","0.00","N","9999","Request From LOS Module","","","",""
"2446","2903","Legal Fee (%)","000104480000945","1","0.00","0.00","","0.00","0.00","0.00","N","9999","Request From LOS Module","","","",""
"2447","2904","Other Fee (%)","000104480000945","1","0.00","0.00","","0.00","0.00","0.00","N","9999","Request From LOS Module","","","",""
"2448","2914","Agreement Fee (%)","000104480000946","1","0.00","0.00","","0.00","0.00","0.00","N","9999","Request From LOS Module","","","",""
"2449","2915","Legal Fee (%)","000104480000946","1","0.00","0.00","","0.00","0.00","0.00","N","9999","Request From LOS Module","","","",""
"2450","2916","Other Fee (%)","000104480000946","1","0.00","0.00","","0.00","0.00","0.00","N","9999","Request From LOS Module","","","",""
"2451","2917","Agreement Fee (%)","000104480000947","1","0.00","0.00","","0.00","0.00","0.00","N","9999","Request From LOS Module","","","",""
"2452","2918","Legal Fee (%)","000104480000947","1","0.00","0.00","","0.00","0.00","0.00","N","9999","Request From LOS Module","","","",""
"2453","2919","Other Fee (%)","000104480000947","1","0.00","0.00","","0.00","0.00","0.00","N","9999","Request From LOS Module","","","",""
"2454","3607","Agreement Fee (%)","000104480000948","1","0.00","0.00","","0.00","0.00","0.00","N","9999","Request From LOS Module","","","",""
"2455","3608","Legal Fee (%)","000104480000948","1","0.00","0.00","","0.00","0.00","0.00","N","9999","Request From LOS Module","","","",""
"2456","3609","Other Fee (%)","000104480000948","1","0.00","0.00","","0.00","0.00","0.00","N","9999","Request From LOS Module","","","",""
"2457","3610","Agreement Fee (%)","000104480000949","1","0.00","0.00","","0.00","0.00","0.00","N","9999","Request From LOS Module","","","",""
"2458","3611","Legal Fee (%)","000104480000949","1","0.00","0.00","","0.00","0.00","0.00","N","9999","Request From LOS Module","","","",""
"2459","3612","Other Fee (%)","000104480000949","1","0.00","0.00","","0.00","0.00","0.00","N","9999","Request From LOS Module","","","",""
"2460","3613","Agreement Fee (%)","000104480000950","1","0.00","0.00","","0.00","0.00","0.00","N","9999","Request From LOS Module","","","",""
"2461","3614","Legal Fee (%)","000104480000950","1","0.00","0.00","","0.00","0.00","0.00","N","9999","Request From LOS Module","","","",""
"2462","3615","Other Fee (%)","000104480000950","1","0.00","0.00","","0.00","0.00","0.00","N","9999","Request From LOS Module","","","",""
"2463","3616","Agreement Fee (%)","000104480000951","1","0.00","0.00","","0.00","0.00","0.00","N","9999","Request From LOS Module","","","",""
"2464","3617","Legal Fee (%)","000104480000951","1","0.00","0.00","","0.00","0.00","0.00","N","9999","Request From LOS Module","","","",""
"2465","3618","Other Fee (%)","000104480000951","1","0.00","0.00","","0.00","0.00","0.00","N","9999","Request From LOS Module","","","",""
"2466","3619","Agreement Fee (%)","000104480000952","1","0.00","0.00","","0.00","0.00","0.00","N","9999","Request From LOS Module","","","",""
"2467","3620","Legal Fee (%)","000104480000952","1","0.00","0.00","","0.00","0.00","0.00","N","9999","Request From LOS Module","","","",""
"2468","3621","Other Fee (%)","000104480000952","1","0.00","0.00","","0.00","0.00","0.00","N","9999","Request From LOS Module","","","",""
"2469","3622","Agreement Fee (%)","000104480000953","1","0.00","0.00","","0.00","0.00","0.00","N","9999","Request From LOS Module","","","",""
"2470","3623","Legal Fee (%)","000104480000953","1","0.00","0.00","","0.00","0.00","0.00","N","9999","Request From LOS Module","","","",""
"2471","3624","Other Fee (%)","000104480000953","1","0.00","0.00","","0.00","0.00","0.00","N","9999","Request From LOS Module","","","",""
"2472","3625","Agreement Fee (%)","000104480000954","1","0.00","0.00","","0.00","0.00","0.00","N","9999","Request From LOS Module","","","",""
"2473","3626","Legal Fee (%)","000104480000954","1","0.00","0.00","","0.00","0.00","0.00","N","9999","Request From LOS Module","","","",""
"2474","3627","Other Fee (%)","000104480000954","1","0.00","0.00","","0.00","0.00","0.00","N","9999","Request From LOS Module","","","",""
"2475","3628","Agreement Fee (%)","000104480000955","1","0.00","0.00","","0.00","0.00","0.00","N","9999","Request From LOS Module","","","",""
"2476","3629","Legal Fee (%)","000104480000955","1","0.00","0.00","","0.00","0.00","0.00","N","9999","Request From LOS Module","","","",""
"2477","3630","Other Fee (%)","000104480000955","1","0.00","0.00","","0.00","0.00","0.00","N","9999","Request From LOS Module","","","",""
"2478","3631","Agreement Fee (%)","000104480000956","1","0.00","0.00","","0.00","0.00","0.00","N","9999","Request From LOS Module","","","",""
"2479","3632","Legal Fee (%)","000104480000956","1","0.00","0.00","","0.00","0.00","0.00","N","9999","Request From LOS Module","","","",""
"2480","3633","Other Fee (%)","000104480000956","1","0.00","0.00","","0.00","0.00","0.00","N","9999","Request From LOS Module","","","",""
"2481","3715","Agreement Fee (%)","000104480000957","1","0.00","0.00","","0.00","0.00","0.00","N","9999","Request From LOS Module","","","",""
"2482","3716","Legal Fee (%)","000104480000957","1","0.00","0.00","","0.00","0.00","0.00","N","9999","Request From LOS Module","","","",""
"2483","3717","Other Fee (%)","000104480000957","1","0.00","0.00","","0.00","0.00","0.00","N","9999","Request From LOS Module","","","",""
"2484","3763","Agreement Fee (%)","000104480000958","1","0.00","0.00","","0.00","0.00","0.00","N","9999","Request From LOS Module","","","",""
"2485","3764","Legal Fee (%)","000104480000958","1","0.00","0.00","","0.00","0.00","0.00","N","9999","Request From LOS Module","","","",""
"2486","3765","Other Fee (%)","000104480000958","1","0.00","0.00","","0.00","0.00","0.00","N","9999","Request From LOS Module","","","",""
"2487","3799","Agreement Fee (%)","000104480000959","1","0.00","0.00","","0.00","0.00","0.00","N","9999","Request From LOS Module","","","",""
"2488","3800","Legal Fee (%)","000104480000959","1","0.00","0.00","","0.00","0.00","0.00","N","9999","Request From LOS Module","","","",""
"2489","3801","Other Fee (%)","000104480000959","1","0.00","0.00","","0.00","0.00","0.00","N","9999","Request From LOS Module","","","",""
"2490","3811","Agreement Fee (%)","000104480000960","1","0.00","0.00","","0.00","0.00","0.00","N","9999","Request From LOS Module","","","",""
"2491","3812","Legal Fee (%)","000104480000960","1","0.00","0.00","","0.00","0.00","0.00","N","9999","Request From LOS Module","","","",""
"2492","3813","Other Fee (%)","000104480000960","1","0.00","0.00","","0.00","0.00","0.00","N","9999","Request From LOS Module","","","",""
"2493","3919","Agreement Fee (%)","000104480000961","1","0.00","0.00","","0.00","0.00","0.00","N","9999","Request From LOS Module","","","",""
"2494","3920","Legal Fee (%)","000104480000961","1","0.00","0.00","","0.00","0.00","0.00","N","9999","Request From LOS Module","","","",""
"2495","3921","Other Fee (%)","000104480000961","1","0.00","0.00","","0.00","0.00","0.00","N","9999","Request From LOS Module","","","",""
"2496","3922","Agreement Fee (%)","000104480000962","1","0.00","0.00","","0.00","0.00","0.00","N","9999","Request From LOS Module","","","",""
"2497","3923","Legal Fee (%)","000104480000962","1","0.00","0.00","","0.00","0.00","0.00","N","9999","Request From LOS Module","","","",""
"2498","3924","Other Fee (%)","000104480000962","1","0.00","0.00","","0.00","0.00","0.00","N","9999","Request From LOS Module","","","",""
"2499","3925","Agreement Fee (%)","000104480000963","1","0.00","0.00","","0.00","0.00","0.00","N","9999","Request From LOS Module","","","",""
"2500","3926","Legal Fee (%)","000104480000963","1","0.00","0.00","","0.00","0.00","0.00","N","9999","Request From LOS Module","","","",""
"2501","3927","Other Fee (%)","000104480000963","1","0.00","0.00","","0.00","0.00","0.00","N","9999","Request From LOS Module","","","",""
"2502","3928","Agreement Fee (%)","000104480000964","1","0.00","0.00","","0.00","0.00","0.00","N","9999","Request From LOS Module","","","",""
"2503","3929","Legal Fee (%)","000104480000964","1","0.00","0.00","","0.00","0.00","0.00","N","9999","Request From LOS Module","","","",""
"2504","3930","Other Fee (%)","000104480000964","1","0.00","0.00","","0.00","0.00","0.00","N","9999","Request From LOS Module","","","",""
"2505","3931","Agreement Fee (%)","000104480000965","1","0.00","0.00","","0.00","0.00","0.00","N","9999","Request From LOS Module","","","",""
"2506","3932","Legal Fee (%)","000104480000965","1","0.00","0.00","","0.00","0.00","0.00","N","9999","Request From LOS Module","","","",""
"2507","3933","Other Fee (%)","000104480000965","1","0.00","0.00","","0.00","0.00","0.00","N","9999","Request From LOS Module","","","",""
"2508","3934","Agreement Fee (%)","000104480000966","1","0.00","0.00","","0.00","0.00","0.00","N","9999","Request From LOS Module","","","",""
"2509","3935","Legal Fee (%)","000104480000966","1","0.00","0.00","","0.00","0.00","0.00","N","9999","Request From LOS Module","","","",""
"2510","3936","Other Fee (%)","000104480000966","1","0.00","0.00","","0.00","0.00","0.00","N","9999","Request From LOS Module","","","",""
"2511","3937","Agreement Fee (%)","000104480000967","1","0.00","0.00","","0.00","0.00","0.00","N","9999","Request From LOS Module","","","",""
"2512","3938","Legal Fee (%)","000104480000967","1","0.00","0.00","","0.00","0.00","0.00","N","9999","Request From LOS Module","","","",""
"2513","3939","Other Fee (%)","000104480000967","1","0.00","0.00","","0.00","0.00","0.00","N","9999","Request From LOS Module","","","",""
"2514","3940","Agreement Fee (%)","000104480000968","1","0.00","0.00","","0.00","0.00","0.00","N","9999","Request From LOS Module","","","",""
"2515","3941","Legal Fee (%)","000104480000968","1","0.00","0.00","","0.00","0.00","0.00","N","9999","Request From LOS Module","","","",""
"2516","3942","Other Fee (%)","000104480000968","1","0.00","0.00","","0.00","0.00","0.00","N","9999","Request From LOS Module","","","",""
"2517","4204","Agreement Fee (%)","000104480000969","1","0.00","0.00","","0.00","0.00","0.00","N","9999","Request From LOS Module","","","",""
"2518","4205","Legal Fee (%)","000104480000969","1","0.00","0.00","","0.00","0.00","0.00","N","9999","Request From LOS Module","","","",""
"2519","4206","Other Fee (%)","000104480000969","1","0.00","0.00","","0.00","0.00","0.00","N","9999","Request From LOS Module","","","",""
"2520","4207","Agreement Fee (%)","000104480000970","1","0.00","0.00","","0.00","0.00","0.00","N","9999","Request From LOS Module","","","",""
"2521","4208","Legal Fee (%)","000104480000970","1","0.00","0.00","","0.00","0.00","0.00","N","9999","Request From LOS Module","","","",""
"2522","4209","Other Fee (%)","000104480000970","1","0.00","0.00","","0.00","0.00","0.00","N","9999","Request From LOS Module","","","",""
"2523","4210","Agreement Fee (%)","000104480000971","1","0.00","0.00","","0.00","0.00","0.00","N","9999","Request From LOS Module","","","",""
"2524","4211","Legal Fee (%)","000104480000971","1","0.00","0.00","","0.00","0.00","0.00","N","9999","Request From LOS Module","","","",""
"2525","4212","Other Fee (%)","000104480000971","1","0.00","0.00","","0.00","0.00","0.00","N","9999","Request From LOS Module","","","",""
"2526","4213","Agreement Fee (%)","000104480000972","1","0.00","0.00","","0.00","0.00","0.00","N","9999","Request From LOS Module","","","",""
"2527","4214","Legal Fee (%)","000104480000972","1","0.00","0.00","","0.00","0.00","0.00","N","9999","Request From LOS Module","","","",""
"2528","4215","Other Fee (%)","000104480000972","1","0.00","0.00","","0.00","0.00","0.00","N","9999","Request From LOS Module","","","",""
"2529","4216","Agreement Fee (%)","000104480000973","1","0.00","0.00","","0.00","0.00","0.00","N","9999","Request From LOS Module","","","",""
"2530","4217","Legal Fee (%)","000104480000973","1","0.00","0.00","","0.00","0.00","0.00","N","9999","Request From LOS Module","","","",""
"2531","4218","Other Fee (%)","000104480000973","1","0.00","0.00","","0.00","0.00","0.00","N","9999","Request From LOS Module","","","",""
"2532","4249","Agreement Fee (%)","000104480000974","1","0.00","0.00","","0.00","0.00","0.00","N","9999","Request From LOS Module","","","",""
"2533","4250","Legal Fee (%)","000104480000974","1","0.00","0.00","","0.00","0.00","0.00","N","9999","Request From LOS Module","","","",""
"2534","4251","Other Fee (%)","000104480000974","1","0.00","0.00","","0.00","0.00","0.00","N","9999","Request From LOS Module","","","",""
"2535","4252","Agreement Fee (%)","000104480000975","1","0.00","0.00","","0.00","0.00","0.00","N","9999","Request From LOS Module","","","",""
"2536","4253","Legal Fee (%)","000104480000975","1","0.00","0.00","","0.00","0.00","0.00","N","9999","Request From LOS Module","","","",""
"2537","4254","Other Fee (%)","000104480000975","1","0.00","0.00","","0.00","0.00","0.00","N","9999","Request From LOS Module","","","",""
"2538","4258","Agreement Fee (%)","000104480000976","1","0.00","0.00","","0.00","0.00","0.00","N","9999","Request From LOS Module","","","",""
"2539","4259","Legal Fee (%)","000104480000976","1","0.00","0.00","","0.00","0.00","0.00","N","9999","Request From LOS Module","","","",""
"2540","4260","Other Fee (%)","000104480000976","1","0.00","0.00","","0.00","0.00","0.00","N","9999","Request From LOS Module","","","",""
"2541","4291","Agreement Fee (%)","000104480000977","1","0.00","0.00","","0.00","0.00","0.00","N","9999","Request From LOS Module","","","",""
"2542","4292","Legal Fee (%)","000104480000977","1","0.00","0.00","","0.00","0.00","0.00","N","9999","Request From LOS Module","","","",""
"2543","4293","Other Fee (%)","000104480000977","1","0.00","0.00","","0.00","0.00","0.00","N","9999","Request From LOS Module","","","",""
"2544","4309","Agreement Fee (%)","000104480000978","1","0.00","0.00","","0.00","0.00","0.00","N","9999","Request From LOS Module","","","",""
"2545","4310","Legal Fee (%)","000104480000978","1","0.00","0.00","","0.00","0.00","0.00","N","9999","Request From LOS Module","","","",""
"2546","4311","Other Fee (%)","000104480000978","1","0.00","0.00","","0.00","0.00","0.00","N","9999","Request From LOS Module","","","",""
"2547","4312","Agreement Fee (%)","000104480000979","1","0.00","0.00","","0.00","0.00","0.00","N","9999","Request From LOS Module","","","",""
"2548","4313","Legal Fee (%)","000104480000979","1","0.00","0.00","","0.00","0.00","0.00","N","9999","Request From LOS Module","","","",""
"2549","4314","Other Fee (%)","000104480000979","1","0.00","0.00","","0.00","0.00","0.00","N","9999","Request From LOS Module","","","",""
"2550","4315","Agreement Fee (%)","000104480000980","1","0.00","0.00","","0.00","0.00","0.00","N","9999","Request From LOS Module","","","",""
"2551","4316","Legal Fee (%)","000104480000980","1","0.00","0.00","","0.00","0.00","0.00","N","9999","Request From LOS Module","","","",""
"2552","4317","Other Fee (%)","000104480000980","1","0.00","0.00","","0.00","0.00","0.00","N","9999","Request From LOS Module","","","",""
"2553","4318","Agreement Fee (%)","000104480000981","1","0.00","0.00","","0.00","0.00","0.00","N","9999","Request From LOS Module","","","",""
"2554","4319","Legal Fee (%)","000104480000981","1","0.00","0.00","","0.00","0.00","0.00","N","9999","Request From LOS Module","","","",""
"2555","4320","Other Fee (%)","000104480000981","1","0.00","0.00","","0.00","0.00","0.00","N","9999","Request From LOS Module","","","",""
"2556","4321","Agreement Fee (%)","000104480000982","1","0.00","0.00","","0.00","0.00","0.00","N","9999","Request From LOS Module","","","",""
"2557","4322","Legal Fee (%)","000104480000982","1","0.00","0.00","","0.00","0.00","0.00","N","9999","Request From LOS Module","","","",""
"2558","4323","Other Fee (%)","000104480000982","1","0.00","0.00","","0.00","0.00","0.00","N","9999","Request From LOS Module","","","",""
"2559","4324","Agreement Fee (%)","000104480000983","1","0.00","0.00","","0.00","0.00","0.00","N","9999","Request From LOS Module","","","",""
"2560","4325","Legal Fee (%)","000104480000983","1","0.00","0.00","","0.00","0.00","0.00","N","9999","Request From LOS Module","","","",""
"2561","4326","Other Fee (%)","000104480000983","1","0.00","0.00","","0.00","0.00","0.00","N","9999","Request From LOS Module","","","",""
"2562","4327","Agreement Fee (%)","000104480000984","1","0.00","0.00","","0.00","0.00","0.00","N","9999","Request From LOS Module","","","",""
"2563","4328","Legal Fee (%)","000104480000984","1","0.00","0.00","","0.00","0.00","0.00","N","9999","Request From LOS Module","","","",""
"2564","4329","Other Fee (%)","000104480000984","1","0.00","0.00","","0.00","0.00","0.00","N","9999","Request From LOS Module","","","",""
"2565","4330","Agreement Fee (%)","000104480000985","1","0.00","0.00","","0.00","0.00","0.00","N","9999","Request From LOS Module","","","",""
"2566","4331","Legal Fee (%)","000104480000985","1","0.00","0.00","","0.00","0.00","0.00","N","9999","Request From LOS Module","","","",""
"2567","4332","Other Fee (%)","000104480000985","1","0.00","0.00","","0.00","0.00","0.00","N","9999","Request From LOS Module","","","",""
"2568","4333","Agreement Fee (%)","000104480000986","1","0.00","0.00","","0.00","0.00","0.00","N","9999","Request From LOS Module","","","",""
"2569","4334","Legal Fee (%)","000104480000986","1","0.00","0.00","","0.00","0.00","0.00","N","9999","Request From LOS Module","","","",""
"2570","4335","Other Fee (%)","000104480000986","1","0.00","0.00","","0.00","0.00","0.00","N","9999","Request From LOS Module","","","",""
"2571","4336","Agreement Fee (%)","000104480000987","1","0.00","0.00","","0.00","0.00","0.00","N","9999","Request From LOS Module","","","",""
"2572","4337","Legal Fee (%)","000104480000987","1","0.00","0.00","","0.00","0.00","0.00","N","9999","Request From LOS Module","","","",""
"2573","4338","Other Fee (%)","000104480000987","1","0.00","0.00","","0.00","0.00","0.00","N","9999","Request From LOS Module","","","",""
"2574","4339","Agreement Fee (%)","000104480000988","1","0.00","0.00","","0.00","0.00","0.00","N","9999","Request From LOS Module","","","",""
"2575","4340","Legal Fee (%)","000104480000988","1","0.00","0.00","","0.00","0.00","0.00","N","9999","Request From LOS Module","","","",""
"2576","4341","Other Fee (%)","000104480000988","1","0.00","0.00","","0.00","0.00","0.00","N","9999","Request From LOS Module","","","",""
"2577","4342","Agreement Fee (%)","000104480000989","1","0.00","0.00","","0.00","0.00","0.00","N","9999","Request From LOS Module","","","",""
"2578","4343","Legal Fee (%)","000104480000989","1","0.00","0.00","","0.00","0.00","0.00","N","9999","Request From LOS Module","","","",""
"2579","4344","Other Fee (%)","000104480000989","1","0.00","0.00","","0.00","0.00","0.00","N","9999","Request From LOS Module","","","",""
"2580","4345","Agreement Fee (%)","000104480000990","1","0.00","0.00","","0.00","0.00","0.00","N","9999","Request From LOS Module","","","",""
"2581","4346","Legal Fee (%)","000104480000990","1","0.00","0.00","","0.00","0.00","0.00","N","9999","Request From LOS Module","","","",""
"2582","4347","Other Fee (%)","000104480000990","1","0.00","0.00","","0.00","0.00","0.00","N","9999","Request From LOS Module","","","",""
"2583","4348","Agreement Fee (%)","000104480000991","1","0.00","0.00","","0.00","0.00","0.00","N","9999","Request From LOS Module","","","",""
"2584","4349","Legal Fee (%)","000104480000991","1","0.00","0.00","","0.00","0.00","0.00","N","9999","Request From LOS Module","","","",""
"2585","4350","Other Fee (%)","000104480000991","1","0.00","0.00","","0.00","0.00","0.00","N","9999","Request From LOS Module","","","",""
"2586","4351","Agreement Fee (%)","000104480000992","1","0.00","0.00","","0.00","0.00","0.00","N","9999","Request From LOS Module","","","",""
"2587","4352","Legal Fee (%)","000104480000992","1","0.00","0.00","","0.00","0.00","0.00","N","9999","Request From LOS Module","","","",""
"2588","4353","Other Fee (%)","000104480000992","1","0.00","0.00","","0.00","0.00","0.00","N","9999","Request From LOS Module","","","",""
"2589","4354","Agreement Fee (%)","000104480000993","1","0.00","0.00","","0.00","0.00","0.00","N","9999","Request From LOS Module","","","",""
"2590","4355","Legal Fee (%)","000104480000993","1","0.00","0.00","","0.00","0.00","0.00","N","9999","Request From LOS Module","","","",""
"2591","4356","Other Fee (%)","000104480000993","1","0.00","0.00","","0.00","0.00","0.00","N","9999","Request From LOS Module","","","",""
"2592","4357","Agreement Fee (%)","000104480000994","1","0.00","0.00","","0.00","0.00","0.00","N","9999","Request From LOS Module","","","",""
"2593","4358","Legal Fee (%)","000104480000994","1","0.00","0.00","","0.00","0.00","0.00","N","9999","Request From LOS Module","","","",""
"2594","4359","Other Fee (%)","000104480000994","1","0.00","0.00","","0.00","0.00","0.00","N","9999","Request From LOS Module","","","",""
"2595","4360","Agreement Fee (%)","000104480000995","1","0.00","0.00","","0.00","0.00","0.00","N","9999","Request From LOS Module","","","",""
"2596","4361","Legal Fee (%)","000104480000995","1","0.00","0.00","","0.00","0.00","0.00","N","9999","Request From LOS Module","","","",""
"2597","4362","Other Fee (%)","000104480000995","1","0.00","0.00","","0.00","0.00","0.00","N","9999","Request From LOS Module","","","",""
"2598","4363","Agreement Fee (%)","000104480000996","1","0.00","0.00","","0.00","0.00","0.00","N","9999","Request From LOS Module","","","",""
"2599","4364","Legal Fee (%)","000104480000996","1","0.00","0.00","","0.00","0.00","0.00","N","9999","Request From LOS Module","","","",""
"2600","4365","Other Fee (%)","000104480000996","1","0.00","0.00","","0.00","0.00","0.00","N","9999","Request From LOS Module","","","",""
"2601","4366","Agreement Fee (%)","000104480000997","1","0.00","0.00","","0.00","0.00","0.00","N","9999","Request From LOS Module","","","",""
"2602","4367","Legal Fee (%)","000104480000997","1","0.00","0.00","","0.00","0.00","0.00","N","9999","Request From LOS Module","","","",""
"2603","4368","Other Fee (%)","000104480000997","1","0.00","0.00","","0.00","0.00","0.00","N","9999","Request From LOS Module","","","",""
"2604","4369","Agreement Fee (%)","000104480000998","1","0.00","0.00","","0.00","0.00","0.00","N","9999","Request From LOS Module","","","",""
"2605","4370","Legal Fee (%)","000104480000998","1","0.00","0.00","","0.00","0.00","0.00","N","9999","Request From LOS Module","","","",""
"2606","4371","Other Fee (%)","000104480000998","1","0.00","0.00","","0.00","0.00","0.00","N","9999","Request From LOS Module","","","",""
"2607","4372","Agreement Fee (%)","000104480000999","1","0.00","0.00","","0.00","0.00","0.00","N","9999","Request From LOS Module","","","",""
"2608","4373","Legal Fee (%)","000104480000999","1","0.00","0.00","","0.00","0.00","0.00","N","9999","Request From LOS Module","","","",""
"2609","4374","Other Fee (%)","000104480000999","1","0.00","0.00","","0.00","0.00","0.00","N","9999","Request From LOS Module","","","",""
"2610","4375","Agreement Fee (%)","000104480001000","1","0.00","0.00","","0.00","0.00","0.00","N","9999","Request From LOS Module","","","",""
"2611","4376","Legal Fee (%)","000104480001000","1","0.00","0.00","","0.00","0.00","0.00","N","9999","Request From LOS Module","","","",""
"2612","4377","Other Fee (%)","000104480001000","1","0.00","0.00","","0.00","0.00","0.00","N","9999","Request From LOS Module","","","",""
"2613","4378","Agreement Fee (%)","000104480001001","1","0.00","0.00","","0.00","0.00","0.00","N","9999","Request From LOS Module","","","",""
"2614","4379","Legal Fee (%)","000104480001001","1","0.00","0.00","","0.00","0.00","0.00","N","9999","Request From LOS Module","","","",""
"2615","4380","Other Fee (%)","000104480001001","1","0.00","0.00","","0.00","0.00","0.00","N","9999","Request From LOS Module","","","",""
"2616","4381","Agreement Fee (%)","000104480001002","1","0.00","0.00","","0.00","0.00","0.00","N","9999","Request From LOS Module","","","",""
"2617","4382","Legal Fee (%)","000104480001002","1","0.00","0.00","","0.00","0.00","0.00","N","9999","Request From LOS Module","","","",""
"2618","4383","Other Fee (%)","000104480001002","1","0.00","0.00","","0.00","0.00","0.00","N","9999","Request From LOS Module","","","",""
"2619","4384","Agreement Fee (%)","000104480001003","1","0.00","0.00","","0.00","0.00","0.00","N","9999","Request From LOS Module","","","",""
"2620","4385","Legal Fee (%)","000104480001003","1","0.00","0.00","","0.00","0.00","0.00","N","9999","Request From LOS Module","","","",""
"2621","4386","Other Fee (%)","000104480001003","1","0.00","0.00","","0.00","0.00","0.00","N","9999","Request From LOS Module","","","",""
"2622","4387","Agreement Fee (%)","000104480001004","1","0.00","0.00","","0.00","0.00","0.00","N","9999","Request From LOS Module","","","",""
"2623","4388","Legal Fee (%)","000104480001004","1","0.00","0.00","","0.00","0.00","0.00","N","9999","Request From LOS Module","","","",""
"2624","4389","Other Fee (%)","000104480001004","1","0.00","0.00","","0.00","0.00","0.00","N","9999","Request From LOS Module","","","",""
"2625","4390","Agreement Fee (%)","000104480001005","1","0.00","0.00","","0.00","0.00","0.00","N","9999","Request From LOS Module","","","",""
"2626","4391","Legal Fee (%)","000104480001005","1","0.00","0.00","","0.00","0.00","0.00","N","9999","Request From LOS Module","","","",""
"2627","4392","Other Fee (%)","000104480001005","1","0.00","0.00","","0.00","0.00","0.00","N","9999","Request From LOS Module","","","",""
"2628","4393","Agreement Fee (%)","000104480001006","1","0.00","0.00","","0.00","0.00","0.00","N","9999","Request From LOS Module","","","",""
"2629","4394","Legal Fee (%)","000104480001006","1","0.00","0.00","","0.00","0.00","0.00","N","9999","Request From LOS Module","","","",""
"2630","4395","Other Fee (%)","000104480001006","1","0.00","0.00","","0.00","0.00","0.00","N","9999","Request From LOS Module","","","",""
"2631","4396","Agreement Fee (%)","000104480001007","1","0.00","0.00","","0.00","0.00","0.00","N","9999","Request From LOS Module","","","",""
"2632","4397","Legal Fee (%)","000104480001007","1","0.00","0.00","","0.00","0.00","0.00","N","9999","Request From LOS Module","","","",""
"2633","4398","Other Fee (%)","000104480001007","1","0.00","0.00","","0.00","0.00","0.00","N","9999","Request From LOS Module","","","",""
"2634","4399","Agreement Fee (%)","000104480001008","1","0.00","0.00","","0.00","0.00","0.00","N","9999","Request From LOS Module","","","",""
"2635","4400","Legal Fee (%)","000104480001008","1","0.00","0.00","","0.00","0.00","0.00","N","9999","Request From LOS Module","","","",""
"2636","4401","Other Fee (%)","000104480001008","1","0.00","0.00","","0.00","0.00","0.00","N","9999","Request From LOS Module","","","",""
"2637","4402","Agreement Fee (%)","000104480001009","1","0.00","0.00","","0.00","0.00","0.00","N","9999","Request From LOS Module","","","",""
"2638","4403","Legal Fee (%)","000104480001009","1","0.00","0.00","","0.00","0.00","0.00","N","9999","Request From LOS Module","","","",""
"2639","4404","Other Fee (%)","000104480001009","1","0.00","0.00","","0.00","0.00","0.00","N","9999","Request From LOS Module","","","",""
"2640","4405","Agreement Fee (%)","000104480001010","1","0.00","0.00","","0.00","0.00","0.00","N","9999","Request From LOS Module","","","",""
"2641","4406","Legal Fee (%)","000104480001010","1","0.00","0.00","","0.00","0.00","0.00","N","9999","Request From LOS Module","","","",""
"2642","4407","Other Fee (%)","000104480001010","1","0.00","0.00","","0.00","0.00","0.00","N","9999","Request From LOS Module","","","",""
"2643","4408","Agreement Fee (%)","000104480001011","1","0.00","0.00","","0.00","0.00","0.00","N","9999","Request From LOS Module","","","",""
"2644","4409","Legal Fee (%)","000104480001011","1","0.00","0.00","","0.00","0.00","0.00","N","9999","Request From LOS Module","","","",""
"2645","4410","Other Fee (%)","000104480001011","1","0.00","0.00","","0.00","0.00","0.00","N","9999","Request From LOS Module","","","",""
"2646","4411","Agreement Fee (%)","000104480001012","1","0.00","0.00","","0.00","0.00","0.00","N","9999","Request From LOS Module","","","",""
"2647","4412","Legal Fee (%)","000104480001012","1","0.00","0.00","","0.00","0.00","0.00","N","9999","Request From LOS Module","","","",""
"2648","4413","Other Fee (%)","000104480001012","1","0.00","0.00","","0.00","0.00","0.00","N","9999","Request From LOS Module","","","",""
"2649","4414","Agreement Fee (%)","000104480001013","1","0.00","0.00","","0.00","0.00","0.00","N","9999","Request From LOS Module","","","",""
"2650","4415","Legal Fee (%)","000104480001013","1","0.00","0.00","","0.00","0.00","0.00","N","9999","Request From LOS Module","","","",""
"2651","4416","Other Fee (%)","000104480001013","1","0.00","0.00","","0.00","0.00","0.00","N","9999","Request From LOS Module","","","",""
"2652","4417","Agreement Fee (%)","000104480001014","1","0.00","0.00","","0.00","0.00","0.00","N","9999","Request From LOS Module","","","",""
"2653","4418","Legal Fee (%)","000104480001014","1","0.00","0.00","","0.00","0.00","0.00","N","9999","Request From LOS Module","","","",""
"2654","4419","Other Fee (%)","000104480001014","1","0.00","0.00","","0.00","0.00","0.00","N","9999","Request From LOS Module","","","",""
"2655","4420","Agreement Fee (%)","000104480001015","1","0.00","0.00","","0.00","0.00","0.00","N","9999","Request From LOS Module","","","",""
"2656","4421","Legal Fee (%)","000104480001015","1","0.00","0.00","","0.00","0.00","0.00","N","9999","Request From LOS Module","","","",""
"2657","4422","Other Fee (%)","000104480001015","1","0.00","0.00","","0.00","0.00","0.00","N","9999","Request From LOS Module","","","",""
"2658","4423","Agreement Fee (%)","000104480001016","1","0.00","0.00","","0.00","0.00","0.00","N","9999","Request From LOS Module","","","",""
"2659","4424","Legal Fee (%)","000104480001016","1","0.00","0.00","","0.00","0.00","0.00","N","9999","Request From LOS Module","","","",""
"2660","4425","Other Fee (%)","000104480001016","1","0.00","0.00","","0.00","0.00","0.00","N","9999","Request From LOS Module","","","",""
"2661","4426","Agreement Fee (%)","000104480001017","1","0.00","0.00","","0.00","0.00","0.00","N","9999","Request From LOS Module","","","",""
"2662","4427","Legal Fee (%)","000104480001017","1","0.00","0.00","","0.00","0.00","0.00","N","9999","Request From LOS Module","","","",""
"2663","4428","Other Fee (%)","000104480001017","1","0.00","0.00","","0.00","0.00","0.00","N","9999","Request From LOS Module","","","",""
"2664","4429","Agreement Fee (%)","000104480001018","1","0.00","0.00","","0.00","0.00","0.00","N","9999","Request From LOS Module","","","",""
"2665","4430","Legal Fee (%)","000104480001018","1","0.00","0.00","","0.00","0.00","0.00","N","9999","Request From LOS Module","","","",""
"2666","4431","Other Fee (%)","000104480001018","1","0.00","0.00","","0.00","0.00","0.00","N","9999","Request From LOS Module","","","",""
"2667","4432","Agreement Fee (%)","000104480001019","1","0.00","0.00","","0.00","0.00","0.00","N","9999","Request From LOS Module","","","",""
"2668","4433","Legal Fee (%)","000104480001019","1","0.00","0.00","","0.00","0.00","0.00","N","9999","Request From LOS Module","","","",""
"2669","4434","Other Fee (%)","000104480001019","1","0.00","0.00","","0.00","0.00","0.00","N","9999","Request From LOS Module","","","",""
"2670","4435","Agreement Fee (%)","000104480001020","1","0.00","0.00","","0.00","0.00","0.00","N","9999","Request From LOS Module","","","",""
"2671","4436","Legal Fee (%)","000104480001020","1","0.00","0.00","","0.00","0.00","0.00","N","9999","Request From LOS Module","","","",""
"2672","4437","Other Fee (%)","000104480001020","1","0.00","0.00","","0.00","0.00","0.00","N","9999","Request From LOS Module","","","",""
"2673","4438","Agreement Fee (%)","000104480001021","1","0.00","0.00","","0.00","0.00","0.00","N","9999","Request From LOS Module","","","",""
"2674","4439","Legal Fee (%)","000104480001021","1","0.00","0.00","","0.00","0.00","0.00","N","9999","Request From LOS Module","","","",""
"2675","4440","Other Fee (%)","000104480001021","1","0.00","0.00","","0.00","0.00","0.00","N","9999","Request From LOS Module","","","",""
"2676","4441","Agreement Fee (%)","000104480001022","1","0.00","0.00","","0.00","0.00","0.00","N","9999","Request From LOS Module","","","",""
"2677","4442","Legal Fee (%)","000104480001022","1","0.00","0.00","","0.00","0.00","0.00","N","9999","Request From LOS Module","","","",""
"2678","4443","Other Fee (%)","000104480001022","1","0.00","0.00","","0.00","0.00","0.00","N","9999","Request From LOS Module","","","",""
"2679","4444","Agreement Fee (%)","000104480001023","1","0.00","0.00","","0.00","0.00","0.00","N","9999","Request From LOS Module","","","",""
"2680","4445","Legal Fee (%)","000104480001023","1","0.00","0.00","","0.00","0.00","0.00","N","9999","Request From LOS Module","","","",""
"2681","4446","Other Fee (%)","000104480001023","1","0.00","0.00","","0.00","0.00","0.00","N","9999","Request From LOS Module","","","",""
"2682","4447","Agreement Fee (%)","000104480001024","1","0.00","0.00","","0.00","0.00","0.00","N","9999","Request From LOS Module","","","",""
"2683","4448","Legal Fee (%)","000104480001024","1","0.00","0.00","","0.00","0.00","0.00","N","9999","Request From LOS Module","","","",""
"2684","4449","Other Fee (%)","000104480001024","1","0.00","0.00","","0.00","0.00","0.00","N","9999","Request From LOS Module","","","",""
"2685","4450","Agreement Fee (%)","000104480001025","1","0.00","0.00","","0.00","0.00","0.00","N","9999","Request From LOS Module","","","",""
"2686","4451","Legal Fee (%)","000104480001025","1","0.00","0.00","","0.00","0.00","0.00","N","9999","Request From LOS Module","","","",""
"2687","4452","Other Fee (%)","000104480001025","1","0.00","0.00","","0.00","0.00","0.00","N","9999","Request From LOS Module","","","",""
"2688","4453","Agreement Fee (%)","000104480001026","1","0.00","0.00","","0.00","0.00","0.00","N","9999","Request From LOS Module","","","",""
"2689","4454","Legal Fee (%)","000104480001026","1","0.00","0.00","","0.00","0.00","0.00","N","9999","Request From LOS Module","","","",""
"2690","4455","Other Fee (%)","000104480001026","1","0.00","0.00","","0.00","0.00","0.00","N","9999","Request From LOS Module","","","",""
"2691","4456","Agreement Fee (%)","000104480001027","1","0.00","0.00","","0.00","0.00","0.00","N","9999","Request From LOS Module","","","",""
"2692","4457","Legal Fee (%)","000104480001027","1","0.00","0.00","","0.00","0.00","0.00","N","9999","Request From LOS Module","","","",""
"2693","4458","Other Fee (%)","000104480001027","1","0.00","0.00","","0.00","0.00","0.00","N","9999","Request From LOS Module","","","",""
"2694","4459","Agreement Fee (%)","000104480001028","1","0.00","0.00","","0.00","0.00","0.00","N","9999","Request From LOS Module","","","",""
"2695","4460","Legal Fee (%)","000104480001028","1","0.00","0.00","","0.00","0.00","0.00","N","9999","Request From LOS Module","","","",""
"2696","4461","Other Fee (%)","000104480001028","1","0.00","0.00","","0.00","0.00","0.00","N","9999","Request From LOS Module","","","",""
"2697","4462","Agreement Fee (%)","000104480001029","1","0.00","0.00","","0.00","0.00","0.00","N","9999","Request From LOS Module","","","",""
"2698","4463","Legal Fee (%)","000104480001029","1","0.00","0.00","","0.00","0.00","0.00","N","9999","Request From LOS Module","","","",""
"2699","4464","Other Fee (%)","000104480001029","1","0.00","0.00","","0.00","0.00","0.00","N","9999","Request From LOS Module","","","",""
"2700","4465","Agreement Fee (%)","000104480001030","1","0.00","0.00","","0.00","0.00","0.00","N","9999","Request From LOS Module","","","",""
"2701","4466","Legal Fee (%)","000104480001030","1","0.00","0.00","","0.00","0.00","0.00","N","9999","Request From LOS Module","","","",""
"2702","4467","Other Fee (%)","000104480001030","1","0.00","0.00","","0.00","0.00","0.00","N","9999","Request From LOS Module","","","",""
"2703","4468","Agreement Fee (%)","000104480001031","1","0.00","0.00","","0.00","0.00","0.00","N","9999","Request From LOS Module","","","",""
"2704","4469","Legal Fee (%)","000104480001031","1","0.00","0.00","","0.00","0.00","0.00","N","9999","Request From LOS Module","","","",""
"2705","4470","Other Fee (%)","000104480001031","1","0.00","0.00","","0.00","0.00","0.00","N","9999","Request From LOS Module","","","",""
"2706","4471","Agreement Fee (%)","000104480001032","1","0.00","0.00","","0.00","0.00","0.00","N","9999","Request From LOS Module","","","",""
"2707","4472","Legal Fee (%)","000104480001032","1","0.00","0.00","","0.00","0.00","0.00","N","9999","Request From LOS Module","","","",""
"2708","4473","Other Fee (%)","000104480001032","1","0.00","0.00","","0.00","0.00","0.00","N","9999","Request From LOS Module","","","",""
"2709","4474","Agreement Fee (%)","000104480001033","1","0.00","0.00","","0.00","0.00","0.00","N","9999","Request From LOS Module","","","",""
"2710","4475","Legal Fee (%)","000104480001033","1","0.00","0.00","","0.00","0.00","0.00","N","9999","Request From LOS Module","","","",""
"2711","4476","Other Fee (%)","000104480001033","1","0.00","0.00","","0.00","0.00","0.00","N","9999","Request From LOS Module","","","",""
"2712","4477","Agreement Fee (%)","000104480001034","1","0.00","0.00","","0.00","0.00","0.00","N","9999","Request From LOS Module","","","",""
"2713","4478","Legal Fee (%)","000104480001034","1","0.00","0.00","","0.00","0.00","0.00","N","9999","Request From LOS Module","","","",""
"2714","4479","Other Fee (%)","000104480001034","1","0.00","0.00","","0.00","0.00","0.00","N","9999","Request From LOS Module","","","",""
"2715","4480","Agreement Fee (%)","000104480001035","1","0.00","0.00","","0.00","0.00","0.00","N","9999","Request From LOS Module","","","",""
"2716","4481","Legal Fee (%)","000104480001035","1","0.00","0.00","","0.00","0.00","0.00","N","9999","Request From LOS Module","","","",""
"2717","4482","Other Fee (%)","000104480001035","1","0.00","0.00","","0.00","0.00","0.00","N","9999","Request From LOS Module","","","",""
"2718","4483","Other Fee (%)","000104480001036","1","0.00","0.00","","0.00","0.00","0.00","N","9999","Request From LOS Module","","","",""
"2719","4484","Agreement Fee (%)","000104480001036","1","0.00","0.00","","0.00","0.00","0.00","N","9999","Request From LOS Module","","","",""
"2720","4485","Legal Fee (%)","000104480001036","1","0.00","0.00","","0.00","0.00","0.00","N","9999","Request From LOS Module","","","",""
"2721","4486","Agreement Fee (%)","000104480001037","1","0.00","0.00","","0.00","0.00","0.00","N","9999","Request From LOS Module","","","",""
"2722","4487","Legal Fee (%)","000104480001037","1","0.00","0.00","","0.00","0.00","0.00","N","9999","Request From LOS Module","","","",""
"2723","4488","Other Fee (%)","000104480001037","1","0.00","0.00","","0.00","0.00","0.00","N","9999","Request From LOS Module","","","",""
"2724","4489","Agreement Fee (%)","000104480001038","1","0.00","0.00","","0.00","0.00","0.00","N","9999","Request From LOS Module","","","",""
"2725","4490","Legal Fee (%)","000104480001038","1","0.00","0.00","","0.00","0.00","0.00","N","9999","Request From LOS Module","","","",""
"2726","4491","Other Fee (%)","000104480001038","1","0.00","0.00","","0.00","0.00","0.00","N","9999","Request From LOS Module","","","",""
"2727","4492","Agreement Fee (%)","000104480001039","1","0.00","0.00","","0.00","0.00","0.00","N","9999","Request From LOS Module","","","",""
"2728","4493","Legal Fee (%)","000104480001039","1","0.00","0.00","","0.00","0.00","0.00","N","9999","Request From LOS Module","","","",""
"2729","4494","Other Fee (%)","000104480001039","1","0.00","0.00","","0.00","0.00","0.00","N","9999","Request From LOS Module","","","",""
"2730","4495","Agreement Fee (%)","000104480001040","1","0.00","0.00","","0.00","0.00","0.00","N","9999","Request From LOS Module","","","",""
"2731","4496","Legal Fee (%)","000104480001040","1","0.00","0.00","","0.00","0.00","0.00","N","9999","Request From LOS Module","","","",""
"2732","4497","Other Fee (%)","000104480001040","1","0.00","0.00","","0.00","0.00","0.00","N","9999","Request From LOS Module","","","",""
"2733","4498","Agreement Fee (%)","000104480001041","1","0.00","0.00","","0.00","0.00","0.00","N","9999","Request From LOS Module","","","",""
"2734","4499","Legal Fee (%)","000104480001041","1","0.00","0.00","","0.00","0.00","0.00","N","9999","Request From LOS Module","","","",""
"2735","4500","Other Fee (%)","000104480001041","1","0.00","0.00","","0.00","0.00","0.00","N","9999","Request From LOS Module","","","",""
"2736","4501","Agreement Fee (%)","000104480001042","1","0.00","0.00","","0.00","0.00","0.00","N","9999","Request From LOS Module","","","",""
"2737","4502","Legal Fee (%)","000104480001042","1","0.00","0.00","","0.00","0.00","0.00","N","9999","Request From LOS Module","","","",""
"2738","4503","Other Fee (%)","000104480001042","1","0.00","0.00","","0.00","0.00","0.00","N","9999","Request From LOS Module","","","",""
"2739","4504","Agreement Fee (%)","000104480001043","1","0.00","0.00","","0.00","0.00","0.00","N","9999","Request From LOS Module","","","",""
"2740","4505","Legal Fee (%)","000104480001043","1","0.00","0.00","","0.00","0.00","0.00","N","9999","Request From LOS Module","","","",""
"2741","4506","Other Fee (%)","000104480001043","1","0.00","0.00","","0.00","0.00","0.00","N","9999","Request From LOS Module","","","",""
"2742","4507","Agreement Fee (%)","000104480001044","1","0.00","0.00","","0.00","0.00","0.00","N","9999","Request From LOS Module","","","",""
"2743","4508","Legal Fee (%)","000104480001044","1","0.00","0.00","","0.00","0.00","0.00","N","9999","Request From LOS Module","","","",""
"2744","4509","Other Fee (%)","000104480001044","1","0.00","0.00","","0.00","0.00","0.00","N","9999","Request From LOS Module","","","",""
"2745","4510","Agreement Fee (%)","000104480001045","1","0.00","0.00","","0.00","0.00","0.00","N","9999","Request From LOS Module","","","",""
"2746","4511","Legal Fee (%)","000104480001045","1","0.00","0.00","","0.00","0.00","0.00","N","9999","Request From LOS Module","","","",""
"2747","4512","Other Fee (%)","000104480001045","1","0.00","0.00","","0.00","0.00","0.00","N","9999","Request From LOS Module","","","",""
"2748","4513","Agreement Fee (%)","000104480001046","1","0.00","0.00","","0.00","0.00","0.00","N","9999","Request From LOS Module","","","",""
"2749","4514","Legal Fee (%)","000104480001046","1","0.00","0.00","","0.00","0.00","0.00","N","9999","Request From LOS Module","","","",""
"2750","4515","Other Fee (%)","000104480001046","1","0.00","0.00","","0.00","0.00","0.00","N","9999","Request From LOS Module","","","",""
"2751","4516","Agreement Fee (%)","000104480001047","1","0.00","0.00","","0.00","0.00","0.00","N","9999","Request From LOS Module","","","",""
"2752","4517","Legal Fee (%)","000104480001047","1","0.00","0.00","","0.00","0.00","0.00","N","9999","Request From LOS Module","","","",""
"2753","4518","Other Fee (%)","000104480001047","1","0.00","0.00","","0.00","0.00","0.00","N","9999","Request From LOS Module","","","",""
"2754","4519","Agreement Fee (%)","000104480001048","1","0.00","0.00","","0.00","0.00","0.00","N","9999","Request From LOS Module","","","",""
"2755","4520","Legal Fee (%)","000104480001048","1","0.00","0.00","","0.00","0.00","0.00","N","9999","Request From LOS Module","","","",""
"2756","4521","Other Fee (%)","000104480001048","1","0.00","0.00","","0.00","0.00","0.00","N","9999","Request From LOS Module","","","",""
"2757","4522","Agreement Fee (%)","000104480001049","1","0.00","0.00","","0.00","0.00","0.00","N","9999","Request From LOS Module","","","",""
"2758","4523","Legal Fee (%)","000104480001049","1","0.00","0.00","","0.00","0.00","0.00","N","9999","Request From LOS Module","","","",""
"2759","4524","Other Fee (%)","000104480001049","1","0.00","0.00","","0.00","0.00","0.00","N","9999","Request From LOS Module","","","",""
"2760","4525","Agreement Fee (%)","000104480001050","1","0.00","0.00","","0.00","0.00","0.00","N","9999","Request From LOS Module","","","",""
"2761","4526","Legal Fee (%)","000104480001050","1","0.00","0.00","","0.00","0.00","0.00","N","9999","Request From LOS Module","","","",""
"2762","4527","Other Fee (%)","000104480001050","1","0.00","0.00","","0.00","0.00","0.00","N","9999","Request From LOS Module","","","",""
"2763","4528","Agreement Fee (%)","000104480001051","1","0.00","0.00","","0.00","0.00","0.00","N","9999","Request From LOS Module","","","",""
"2764","4529","Legal Fee (%)","000104480001051","1","0.00","0.00","","0.00","0.00","0.00","N","9999","Request From LOS Module","","","",""
"2765","4530","Other Fee (%)","000104480001051","1","0.00","0.00","","0.00","0.00","0.00","N","9999","Request From LOS Module","","","",""
"2766","4531","Agreement Fee (%)","000104480001052","1","0.00","0.00","","0.00","0.00","0.00","N","9999","Request From LOS Module","","","",""
"2767","4532","Legal Fee (%)","000104480001052","1","0.00","0.00","","0.00","0.00","0.00","N","9999","Request From LOS Module","","","",""
"2768","4533","Other Fee (%)","000104480001052","1","0.00","0.00","","0.00","0.00","0.00","N","9999","Request From LOS Module","","","",""
"2769","4534","Agreement Fee (%)","000104480001053","1","0.00","0.00","","0.00","0.00","0.00","N","9999","Request From LOS Module","","","",""
"2770","4535","Legal Fee (%)","000104480001053","1","0.00","0.00","","0.00","0.00","0.00","N","9999","Request From LOS Module","","","",""
"2771","4536","Other Fee (%)","000104480001053","1","0.00","0.00","","0.00","0.00","0.00","N","9999","Request From LOS Module","","","",""
"2772","4537","Agreement Fee (%)","000104480001054","1","0.00","0.00","","0.00","0.00","0.00","N","9999","Request From LOS Module","","","",""
"2773","4538","Legal Fee (%)","000104480001054","1","0.00","0.00","","0.00","0.00","0.00","N","9999","Request From LOS Module","","","",""
"2774","4539","Other Fee (%)","000104480001054","1","0.00","0.00","","0.00","0.00","0.00","N","9999","Request From LOS Module","","","",""
"2775","4543","Agreement Fee (%)","000104480001055","1","0.00","0.00","","0.00","0.00","0.00","N","9999","Request From LOS Module","","","",""
"2776","4544","Legal Fee (%)","000104480001055","1","0.00","0.00","","0.00","0.00","0.00","N","9999","Request From LOS Module","","","",""
"2777","4545","Other Fee (%)","000104480001055","1","0.00","0.00","","0.00","0.00","0.00","N","9999","Request From LOS Module","","","",""
"2778","4546","Agreement Fee (%)","000104480001056","1","0.00","0.00","","0.00","0.00","0.00","N","9999","Request From LOS Module","","","",""
"2779","4547","Legal Fee (%)","000104480001056","1","0.00","0.00","","0.00","0.00","0.00","N","9999","Request From LOS Module","","","",""
"2780","4548","Other Fee (%)","000104480001056","1","0.00","0.00","","0.00","0.00","0.00","N","9999","Request From LOS Module","","","",""
"2781","4549","Agreement Fee (%)","000104480001057","1","0.00","0.00","","0.00","0.00","0.00","N","9999","Request From LOS Module","","","",""
"2782","4550","Legal Fee (%)","000104480001057","1","0.00","0.00","","0.00","0.00","0.00","N","9999","Request From LOS Module","","","",""
"2783","4551","Other Fee (%)","000104480001057","1","0.00","0.00","","0.00","0.00","0.00","N","9999","Request From LOS Module","","","",""
"2784","4552","Agreement Fee (%)","000104480001058","1","0.00","0.00","","0.00","0.00","0.00","N","9999","Request From LOS Module","","","",""
"2785","4553","Legal Fee (%)","000104480001058","1","0.00","0.00","","0.00","0.00","0.00","N","9999","Request From LOS Module","","","",""
"2786","4554","Other Fee (%)","000104480001058","1","0.00","0.00","","0.00","0.00","0.00","N","9999","Request From LOS Module","","","",""
"2787","4555","Agreement Fee (%)","000104480001059","1","0.00","0.00","","0.00","0.00","0.00","N","9999","Request From LOS Module","","","",""
"2788","4556","Legal Fee (%)","000104480001059","1","0.00","0.00","","0.00","0.00","0.00","N","9999","Request From LOS Module","","","",""
"2789","4557","Other Fee (%)","000104480001059","1","0.00","0.00","","0.00","0.00","0.00","N","9999","Request From LOS Module","","","",""
"2790","4558","Agreement Fee (%)","000104480001060","1","0.00","0.00","","0.00","0.00","0.00","N","9999","Request From LOS Module","","","",""
"2791","4559","Legal Fee (%)","000104480001060","1","0.00","0.00","","0.00","0.00","0.00","N","9999","Request From LOS Module","","","",""
"2792","4560","Other Fee (%)","000104480001060","1","0.00","0.00","","0.00","0.00","0.00","N","9999","Request From LOS Module","","","",""
"2793","4561","Agreement Fee (%)","000104480001061","1","0.00","0.00","","0.00","0.00","0.00","N","9999","Request From LOS Module","","","",""
"2794","4562","Legal Fee (%)","000104480001061","1","0.00","0.00","","0.00","0.00","0.00","N","9999","Request From LOS Module","","","",""
"2795","4563","Other Fee (%)","000104480001061","1","0.00","0.00","","0.00","0.00","0.00","N","9999","Request From LOS Module","","","",""
"2796","4564","Agreement Fee (%)","000104480001062","1","0.00","0.00","","0.00","0.00","0.00","N","9999","Request From LOS Module","","","",""
"2797","4565","Legal Fee (%)","000104480001062","1","0.00","0.00","","0.00","0.00","0.00","N","9999","Request From LOS Module","","","",""
"2798","4566","Other Fee (%)","000104480001062","1","0.00","0.00","","0.00","0.00","0.00","N","9999","Request From LOS Module","","","",""
"2799","4567","Agreement Fee (%)","000104480001063","1","0.00","0.00","","0.00","0.00","0.00","N","9999","Request From LOS Module","","","",""
"2800","4568","Legal Fee (%)","000104480001063","1","0.00","0.00","","0.00","0.00","0.00","N","9999","Request From LOS Module","","","",""
"2801","4569","Other Fee (%)","000104480001063","1","0.00","0.00","","0.00","0.00","0.00","N","9999","Request From LOS Module","","","",""
"2802","4570","Agreement Fee (%)","000104480001064","1","0.00","0.00","","0.00","0.00","0.00","N","9999","Request From LOS Module","","","",""
"2803","4571","Legal Fee (%)","000104480001064","1","0.00","0.00","","0.00","0.00","0.00","N","9999","Request From LOS Module","","","",""
"2804","4572","Other Fee (%)","000104480001064","1","0.00","0.00","","0.00","0.00","0.00","N","9999","Request From LOS Module","","","",""
"2805","4573","Agreement Fee (%)","000104480001065","1","0.00","0.00","","0.00","0.00","0.00","N","9999","Request From LOS Module","","","",""
"2806","4574","Legal Fee (%)","000104480001065","1","0.00","0.00","","0.00","0.00","0.00","N","9999","Request From LOS Module","","","",""
"2807","4575","Other Fee (%)","000104480001065","1","0.00","0.00","","0.00","0.00","0.00","N","9999","Request From LOS Module","","","",""
"2808","4576","Agreement Fee (%)","000104480001066","1","0.00","0.00","","0.00","0.00","0.00","N","9999","Request From LOS Module","","","",""
"2809","4577","Legal Fee (%)","000104480001066","1","0.00","0.00","","0.00","0.00","0.00","N","9999","Request From LOS Module","","","",""
"2810","4578","Other Fee (%)","000104480001066","1","0.00","0.00","","0.00","0.00","0.00","N","9999","Request From LOS Module","","","",""
"2811","4579","Agreement Fee (%)","000104480001067","1","0.00","0.00","","0.00","0.00","0.00","N","9999","Request From LOS Module","","","",""
"2812","4580","Legal Fee (%)","000104480001067","1","0.00","0.00","","0.00","0.00","0.00","N","9999","Request From LOS Module","","","",""
"2813","4581","Other Fee (%)","000104480001067","1","0.00","0.00","","0.00","0.00","0.00","N","9999","Request From LOS Module","","","",""
"2814","4582","Agreement Fee (%)","000104480001068","1","0.00","0.00","","0.00","0.00","0.00","N","9999","Request From LOS Module","","","",""
"2815","4583","Legal Fee (%)","000104480001068","1","0.00","0.00","","0.00","0.00","0.00","N","9999","Request From LOS Module","","","",""
"2816","4584","Other Fee (%)","000104480001068","1","0.00","0.00","","0.00","0.00","0.00","N","9999","Request From LOS Module","","","",""
"2817","4585","Agreement Fee (%)","000104480001069","1","0.00","0.00","","0.00","0.00","0.00","N","9999","Request From LOS Module","","","",""
"2818","4586","Legal Fee (%)","000104480001069","1","0.00","0.00","","0.00","0.00","0.00","N","9999","Request From LOS Module","","","",""
"2819","4587","Other Fee (%)","000104480001069","1","0.00","0.00","","0.00","0.00","0.00","N","9999","Request From LOS Module","","","",""
"2820","4588","Agreement Fee (%)","000104480001070","1","0.00","0.00","","0.00","0.00","0.00","N","9999","Request From LOS Module","","","",""
"2821","4589","Legal Fee (%)","000104480001070","1","0.00","0.00","","0.00","0.00","0.00","N","9999","Request From LOS Module","","","",""
"2822","4590","Other Fee (%)","000104480001070","1","0.00","0.00","","0.00","0.00","0.00","N","9999","Request From LOS Module","","","",""
"2823","4591","Agreement Fee (%)","000104480001071","1","0.00","0.00","","0.00","0.00","0.00","N","9999","Request From LOS Module","","","",""
"2824","4592","Legal Fee (%)","000104480001071","1","0.00","0.00","","0.00","0.00","0.00","N","9999","Request From LOS Module","","","",""
"2825","4593","Other Fee (%)","000104480001071","1","0.00","0.00","","0.00","0.00","0.00","N","9999","Request From LOS Module","","","",""
"2826","4594","Agreement Fee (%)","000104480001072","1","0.00","0.00","","0.00","0.00","0.00","N","9999","Request From LOS Module","","","",""
"2827","4595","Legal Fee (%)","000104480001072","1","0.00","0.00","","0.00","0.00","0.00","N","9999","Request From LOS Module","","","",""
"2828","4596","Other Fee (%)","000104480001072","1","0.00","0.00","","0.00","0.00","0.00","N","9999","Request From LOS Module","","","",""
"2829","4597","Agreement Fee (%)","000104480001073","1","0.00","0.00","","0.00","0.00","0.00","N","9999","Request From LOS Module","","","",""
"2830","4598","Legal Fee (%)","000104480001073","1","0.00","0.00","","0.00","0.00","0.00","N","9999","Request From LOS Module","","","",""
"2831","4599","Other Fee (%)","000104480001073","1","0.00","0.00","","0.00","0.00","0.00","N","9999","Request From LOS Module","","","",""
"2832","4600","Agreement Fee (%)","000104480001074","1","0.00","0.00","","0.00","0.00","0.00","N","9999","Request From LOS Module","","","",""
"2833","4601","Legal Fee (%)","000104480001074","1","0.00","0.00","","0.00","0.00","0.00","N","9999","Request From LOS Module","","","",""
"2834","4602","Other Fee (%)","000104480001074","1","0.00","0.00","","0.00","0.00","0.00","N","9999","Request From LOS Module","","","",""
"2835","4603","Agreement Fee (%)","000104480001075","1","0.00","0.00","","0.00","0.00","0.00","N","9999","Request From LOS Module","","","",""
"2836","4604","Legal Fee (%)","000104480001075","1","0.00","0.00","","0.00","0.00","0.00","N","9999","Request From LOS Module","","","",""
"2837","4605","Other Fee (%)","000104480001075","1","0.00","0.00","","0.00","0.00","0.00","N","9999","Request From LOS Module","","","",""
"2838","4606","Agreement Fee (%)","000104480001076","1","0.00","0.00","","0.00","0.00","0.00","N","9999","Request From LOS Module","","","",""
"2839","4607","Legal Fee (%)","000104480001076","1","0.00","0.00","","0.00","0.00","0.00","N","9999","Request From LOS Module","","","",""
"2840","4608","Other Fee (%)","000104480001076","1","0.00","0.00","","0.00","0.00","0.00","N","9999","Request From LOS Module","","","",""
"2841","4609","Agreement Fee (%)","000104480001077","1","0.00","0.00","","0.00","0.00","0.00","N","9999","Request From LOS Module","","","",""
"2842","4610","Legal Fee (%)","000104480001077","1","0.00","0.00","","0.00","0.00","0.00","N","9999","Request From LOS Module","","","",""
"2843","4611","Other Fee (%)","000104480001077","1","0.00","0.00","","0.00","0.00","0.00","N","9999","Request From LOS Module","","","",""
"2844","4612","Agreement Fee (%)","000104480001078","1","0.00","0.00","","0.00","0.00","0.00","N","9999","Request From LOS Module","","","",""
"2845","4613","Legal Fee (%)","000104480001078","1","0.00","0.00","","0.00","0.00","0.00","N","9999","Request From LOS Module","","","",""
"2846","4614","Other Fee (%)","000104480001078","1","0.00","0.00","","0.00","0.00","0.00","N","9999","Request From LOS Module","","","",""
"2847","4618","Agreement Fee (%)","000104480001079","1","0.00","0.00","","0.00","0.00","0.00","N","9999","Request From LOS Module","","","",""
"2848","4619","Legal Fee (%)","000104480001079","1","0.00","0.00","","0.00","0.00","0.00","N","9999","Request From LOS Module","","","",""
"2849","4620","Other Fee (%)","000104480001079","1","0.00","0.00","","0.00","0.00","0.00","N","9999","Request From LOS Module","","","",""
"2850","4621","Agreement Fee (%)","000104480001080","1","0.00","0.00","","0.00","0.00","0.00","N","9999","Request From LOS Module","","","",""
"2851","4622","Legal Fee (%)","000104480001080","1","0.00","0.00","","0.00","0.00","0.00","N","9999","Request From LOS Module","","","",""
"2852","4623","Other Fee (%)","000104480001080","1","0.00","0.00","","0.00","0.00","0.00","N","9999","Request From LOS Module","","","",""
"2853","4624","Agreement Fee (%)","000104480001081","1","0.00","0.00","","0.00","0.00","0.00","N","9999","Request From LOS Module","","","",""
"2854","4625","Legal Fee (%)","000104480001081","1","0.00","0.00","","0.00","0.00","0.00","N","9999","Request From LOS Module","","","",""
"2855","4626","Other Fee (%)","000104480001081","1","0.00","0.00","","0.00","0.00","0.00","N","9999","Request From LOS Module","","","",""
"2856","4627","Agreement Fee (%)","000104480001082","1","0.00","0.00","","0.00","0.00","0.00","N","9999","Request From LOS Module","","","",""
"2857","4628","Legal Fee (%)","000104480001082","1","0.00","0.00","","0.00","0.00","0.00","N","9999","Request From LOS Module","","","",""
"2858","4629","Other Fee (%)","000104480001082","1","0.00","0.00","","0.00","0.00","0.00","N","9999","Request From LOS Module","","","",""
"2859","4630","Agreement Fee (%)","000104480001083","1","0.00","0.00","","0.00","0.00","0.00","N","9999","Request From LOS Module","","","",""
"2860","4631","Legal Fee (%)","000104480001083","1","0.00","0.00","","0.00","0.00","0.00","N","9999","Request From LOS Module","","","",""
"2861","4632","Other Fee (%)","000104480001083","1","0.00","0.00","","0.00","0.00","0.00","N","9999","Request From LOS Module","","","",""
"2862","4633","Agreement Fee (%)","000104480001084","1","0.00","0.00","","0.00","0.00","0.00","N","9999","Request From LOS Module","","","",""
"2863","4634","Legal Fee (%)","000104480001084","1","0.00","0.00","","0.00","0.00","0.00","N","9999","Request From LOS Module","","","",""
"2864","4635","Other Fee (%)","000104480001084","1","0.00","0.00","","0.00","0.00","0.00","N","9999","Request From LOS Module","","","",""
"2865","4636","Agreement Fee (%)","000104480001085","1","0.00","0.00","","0.00","0.00","0.00","N","9999","Request From LOS Module","","","",""
"2866","4637","Legal Fee (%)","000104480001085","1","0.00","0.00","","0.00","0.00","0.00","N","9999","Request From LOS Module","","","",""
"2867","4638","Other Fee (%)","000104480001085","1","0.00","0.00","","0.00","0.00","0.00","N","9999","Request From LOS Module","","","",""
"2868","4639","Agreement Fee (%)","000104480001086","1","0.00","0.00","","0.00","0.00","0.00","N","9999","Request From LOS Module","","","",""
"2869","4640","Legal Fee (%)","000104480001086","1","0.00","0.00","","0.00","0.00","0.00","N","9999","Request From LOS Module","","","",""
"2870","4641","Other Fee (%)","000104480001086","1","0.00","0.00","","0.00","0.00","0.00","N","9999","Request From LOS Module","","","",""
"2871","4642","Agreement Fee (%)","000104480001087","1","0.00","0.00","","0.00","0.00","0.00","N","9999","Request From LOS Module","","","",""
"2872","4643","Legal Fee (%)","000104480001087","1","0.00","0.00","","0.00","0.00","0.00","N","9999","Request From LOS Module","","","",""
"2873","4644","Other Fee (%)","000104480001087","1","0.00","0.00","","0.00","0.00","0.00","N","9999","Request From LOS Module","","","",""
"2874","4645","Agreement Fee (%)","000104480001088","1","0.00","0.00","","0.00","0.00","0.00","N","9999","Request From LOS Module","","","",""
"2875","4646","Legal Fee (%)","000104480001088","1","0.00","0.00","","0.00","0.00","0.00","N","9999","Request From LOS Module","","","",""
"2876","4647","Other Fee (%)","000104480001088","1","0.00","0.00","","0.00","0.00","0.00","N","9999","Request From LOS Module","","","",""
"2877","4648","Agreement Fee (%)","000104480001089","1","0.00","0.00","","0.00","0.00","0.00","N","9999","Request From LOS Module","","","",""
"2878","4649","Legal Fee (%)","000104480001089","1","0.00","0.00","","0.00","0.00","0.00","N","9999","Request From LOS Module","","","",""
"2879","4650","Other Fee (%)","000104480001089","1","0.00","0.00","","0.00","0.00","0.00","N","9999","Request From LOS Module","","","",""
"2880","4651","Agreement Fee (%)","000104480001090","1","0.00","0.00","","0.00","0.00","0.00","N","9999","Request From LOS Module","","","",""
"2881","4652","Legal Fee (%)","000104480001090","1","0.00","0.00","","0.00","0.00","0.00","N","9999","Request From LOS Module","","","",""
"2882","4653","Other Fee (%)","000104480001090","1","0.00","0.00","","0.00","0.00","0.00","N","9999","Request From LOS Module","","","",""
"2883","4654","Agreement Fee (%)","000104480001091","1","0.00","0.00","","0.00","0.00","0.00","N","9999","Request From LOS Module","","","",""
"2884","4655","Legal Fee (%)","000104480001091","1","0.00","0.00","","0.00","0.00","0.00","N","9999","Request From LOS Module","","","",""
"2885","4656","Other Fee (%)","000104480001091","1","0.00","0.00","","0.00","0.00","0.00","N","9999","Request From LOS Module","","","",""
"2886","4657","Agreement Fee (%)","000104480001092","1","0.00","0.00","","0.00","0.00","0.00","N","9999","Request From LOS Module","","","",""
"2887","4658","Legal Fee (%)","000104480001092","1","0.00","0.00","","0.00","0.00","0.00","N","9999","Request From LOS Module","","","",""
"2888","4659","Other Fee (%)","000104480001092","1","0.00","0.00","","0.00","0.00","0.00","N","9999","Request From LOS Module","","","",""
"2889","4660","Agreement Fee (%)","000104480001093","1","0.00","0.00","","0.00","0.00","0.00","N","9999","Request From LOS Module","","","",""
"2890","4661","Legal Fee (%)","000104480001093","1","0.00","0.00","","0.00","0.00","0.00","N","9999","Request From LOS Module","","","",""
"2891","4662","Other Fee (%)","000104480001093","1","0.00","0.00","","0.00","0.00","0.00","N","9999","Request From LOS Module","","","",""
"2892","4663","Agreement Fee (%)","000104480001094","1","0.00","0.00","","0.00","0.00","0.00","N","9999","Request From LOS Module","","","",""
"2893","4664","Legal Fee (%)","000104480001094","1","0.00","0.00","","0.00","0.00","0.00","N","9999","Request From LOS Module","","","",""
"2894","4665","Other Fee (%)","000104480001094","1","0.00","0.00","","0.00","0.00","0.00","N","9999","Request From LOS Module","","","",""
"2895","4666","Agreement Fee (%)","000104480001095","1","0.00","0.00","","0.00","0.00","0.00","N","9999","Request From LOS Module","","","",""
"2896","4667","Legal Fee (%)","000104480001095","1","0.00","0.00","","0.00","0.00","0.00","N","9999","Request From LOS Module","","","",""
"2897","4668","Other Fee (%)","000104480001095","1","0.00","0.00","","0.00","0.00","0.00","N","9999","Request From LOS Module","","","",""
"2898","4669","Agreement Fee (%)","000104480001096","1","0.00","0.00","","0.00","0.00","0.00","N","9999","Request From LOS Module","","","",""
"2899","4670","Legal Fee (%)","000104480001096","1","0.00","0.00","","0.00","0.00","0.00","N","9999","Request From LOS Module","","","",""
"2900","4671","Other Fee (%)","000104480001096","1","0.00","0.00","","0.00","0.00","0.00","N","9999","Request From LOS Module","","","",""
"2901","4672","Agreement Fee (%)","000104480001097","1","0.00","0.00","","0.00","0.00","0.00","N","9999","Request From LOS Module","","","",""
"2902","4673","Legal Fee (%)","000104480001097","1","0.00","0.00","","0.00","0.00","0.00","N","9999","Request From LOS Module","","","",""
"2903","4674","Other Fee (%)","000104480001097","1","0.00","0.00","","0.00","0.00","0.00","N","9999","Request From LOS Module","","","",""
"2904","4675","Agreement Fee (%)","000104480001098","1","0.00","0.00","","0.00","0.00","0.00","N","9999","Request From LOS Module","","","",""
"2905","4676","Legal Fee (%)","000104480001098","1","0.00","0.00","","0.00","0.00","0.00","N","9999","Request From LOS Module","","","",""
"2906","4677","Other Fee (%)","000104480001098","1","0.00","0.00","","0.00","0.00","0.00","N","9999","Request From LOS Module","","","",""
"2907","4678","Agreement Fee (%)","000104480001099","1","0.00","0.00","","0.00","0.00","0.00","N","9999","Request From LOS Module","","","",""
"2908","4679","Legal Fee (%)","000104480001099","1","0.00","0.00","","0.00","0.00","0.00","N","9999","Request From LOS Module","","","",""
"2909","4680","Other Fee (%)","000104480001099","1","0.00","0.00","","0.00","0.00","0.00","N","9999","Request From LOS Module","","","",""
"2910","4681","Agreement Fee (%)","000104480001100","1","0.00","0.00","","0.00","0.00","0.00","N","9999","Request From LOS Module","","","",""
"2911","4682","Legal Fee (%)","000104480001100","1","0.00","0.00","","0.00","0.00","0.00","N","9999","Request From LOS Module","","","",""
"2912","4683","Other Fee (%)","000104480001100","1","0.00","0.00","","0.00","0.00","0.00","N","9999","Request From LOS Module","","","",""
"2913","4684","Agreement Fee (%)","000104480001101","1","0.00","0.00","","0.00","0.00","0.00","N","9999","Request From LOS Module","","","",""
"2914","4685","Legal Fee (%)","000104480001101","1","0.00","0.00","","0.00","0.00","0.00","N","9999","Request From LOS Module","","","",""
"2915","4686","Other Fee (%)","000104480001101","1","0.00","0.00","","0.00","0.00","0.00","N","9999","Request From LOS Module","","","",""
"2916","4687","Agreement Fee (%)","000104480001102","1","0.00","0.00","","0.00","0.00","0.00","N","9999","Request From LOS Module","","","",""
"2917","4688","Legal Fee (%)","000104480001102","1","0.00","0.00","","0.00","0.00","0.00","N","9999","Request From LOS Module","","","",""
"2918","4689","Other Fee (%)","000104480001102","1","0.00","0.00","","0.00","0.00","0.00","N","9999","Request From LOS Module","","","",""
"2919","4690","Agreement Fee (%)","000104480001103","1","0.00","0.00","","0.00","0.00","0.00","N","9999","Request From LOS Module","","","",""
"2920","4691","Legal Fee (%)","000104480001103","1","0.00","0.00","","0.00","0.00","0.00","N","9999","Request From LOS Module","","","",""
"2921","4692","Other Fee (%)","000104480001103","1","0.00","0.00","","0.00","0.00","0.00","N","9999","Request From LOS Module","","","",""
"2922","4693","Agreement Fee (%)","000104480001104","1","0.00","0.00","","0.00","0.00","0.00","N","9999","Request From LOS Module","","","",""
"2923","4694","Legal Fee (%)","000104480001104","1","0.00","0.00","","0.00","0.00","0.00","N","9999","Request From LOS Module","","","",""
"2924","4695","Other Fee (%)","000104480001104","1","0.00","0.00","","0.00","0.00","0.00","N","9999","Request From LOS Module","","","",""
"2925","4696","Agreement Fee (%)","000104480001105","1","0.00","0.00","","0.00","0.00","0.00","N","9999","Request From LOS Module","","","",""
"2926","4697","Legal Fee (%)","000104480001105","1","0.00","0.00","","0.00","0.00","0.00","N","9999","Request From LOS Module","","","",""
"2927","4698","Other Fee (%)","000104480001105","1","0.00","0.00","","0.00","0.00","0.00","N","9999","Request From LOS Module","","","",""
"2928","4699","Agreement Fee (%)","000104480001106","1","0.00","0.00","","0.00","0.00","0.00","N","9999","Request From LOS Module","","","",""
"2929","4700","Legal Fee (%)","000104480001106","1","0.00","0.00","","0.00","0.00","0.00","N","9999","Request From LOS Module","","","",""
"2930","4701","Other Fee (%)","000104480001106","1","0.00","0.00","","0.00","0.00","0.00","N","9999","Request From LOS Module","","","",""
"2931","4702","Agreement Fee (%)","000104480001107","1","0.00","0.00","","0.00","0.00","0.00","N","9999","Request From LOS Module","","","",""
"2932","4703","Legal Fee (%)","000104480001107","1","0.00","0.00","","0.00","0.00","0.00","N","9999","Request From LOS Module","","","",""
"2933","4704","Other Fee (%)","000104480001107","1","0.00","0.00","","0.00","0.00","0.00","N","9999","Request From LOS Module","","","",""
"2934","4705","Agreement Fee (%)","000104480001108","1","0.00","0.00","","0.00","0.00","0.00","N","9999","Request From LOS Module","","","",""
"2935","4706","Legal Fee (%)","000104480001108","1","0.00","0.00","","0.00","0.00","0.00","N","9999","Request From LOS Module","","","",""
"2936","4707","Other Fee (%)","000104480001108","1","0.00","0.00","","0.00","0.00","0.00","N","9999","Request From LOS Module","","","",""
"2937","4708","Agreement Fee (%)","000104480001109","1","0.00","0.00","","0.00","0.00","0.00","N","9999","Request From LOS Module","","","",""
"2938","4709","Legal Fee (%)","000104480001109","1","0.00","0.00","","0.00","0.00","0.00","N","9999","Request From LOS Module","","","",""
"2939","4710","Other Fee (%)","000104480001109","1","0.00","0.00","","0.00","0.00","0.00","N","9999","Request From LOS Module","","","",""
"2940","4711","Agreement Fee (%)","000104480001110","1","0.00","0.00","","0.00","0.00","0.00","N","9999","Request From LOS Module","","","",""
"2941","4712","Legal Fee (%)","000104480001110","1","0.00","0.00","","0.00","0.00","0.00","N","9999","Request From LOS Module","","","",""
"2942","4713","Other Fee (%)","000104480001110","1","0.00","0.00","","0.00","0.00","0.00","N","9999","Request From LOS Module","","","",""
"2943","4714","Agreement Fee (%)","000104480001111","1","0.00","0.00","","0.00","0.00","0.00","N","9999","Request From LOS Module","","","",""
"2944","4715","Legal Fee (%)","000104480001111","1","0.00","0.00","","0.00","0.00","0.00","N","9999","Request From LOS Module","","","",""
"2945","4716","Other Fee (%)","000104480001111","1","0.00","0.00","","0.00","0.00","0.00","N","9999","Request From LOS Module","","","",""
"2946","4717","Agreement Fee (%)","000104480001112","1","0.00","0.00","","0.00","0.00","0.00","N","9999","Request From LOS Module","","","",""
"2947","4718","Legal Fee (%)","000104480001112","1","0.00","0.00","","0.00","0.00","0.00","N","9999","Request From LOS Module","","","",""
"2948","4719","Other Fee (%)","000104480001112","1","0.00","0.00","","0.00","0.00","0.00","N","9999","Request From LOS Module","","","",""
"2949","4720","Agreement Fee (%)","000104480001113","1","0.00","0.00","","0.00","0.00","0.00","N","9999","Request From LOS Module","","","",""
"2950","4721","Legal Fee (%)","000104480001113","1","0.00","0.00","","0.00","0.00","0.00","N","9999","Request From LOS Module","","","",""
"2951","4722","Other Fee (%)","000104480001113","1","0.00","0.00","","0.00","0.00","0.00","N","9999","Request From LOS Module","","","",""
"2952","4723","Agreement Fee (%)","000104480001114","1","0.00","0.00","","0.00","0.00","0.00","N","9999","Request From LOS Module","","","",""
"2953","4724","Legal Fee (%)","000104480001114","1","0.00","0.00","","0.00","0.00","0.00","N","9999","Request From LOS Module","","","",""
"2954","4725","Other Fee (%)","000104480001114","1","0.00","0.00","","0.00","0.00","0.00","N","9999","Request From LOS Module","","","",""
"2955","4726","Agreement Fee (%)","000104480001115","1","0.00","0.00","","0.00","0.00","0.00","N","9999","Request From LOS Module","","","",""
"2956","4727","Legal Fee (%)","000104480001115","1","0.00","0.00","","0.00","0.00","0.00","N","9999","Request From LOS Module","","","",""
"2957","4728","Other Fee (%)","000104480001115","1","0.00","0.00","","0.00","0.00","0.00","N","9999","Request From LOS Module","","","",""
"2958","4729","Agreement Fee (%)","000104480001116","1","0.00","0.00","","0.00","0.00","0.00","N","9999","Request From LOS Module","","","",""
"2959","4730","Legal Fee (%)","000104480001116","1","0.00","0.00","","0.00","0.00","0.00","N","9999","Request From LOS Module","","","",""
"2960","4731","Other Fee (%)","000104480001116","1","0.00","0.00","","0.00","0.00","0.00","N","9999","Request From LOS Module","","","",""
"2961","4732","Agreement Fee (%)","000104480001117","1","0.00","0.00","","0.00","0.00","0.00","N","9999","Request From LOS Module","","","",""
"2962","4733","Legal Fee (%)","000104480001117","1","0.00","0.00","","0.00","0.00","0.00","N","9999","Request From LOS Module","","","",""
"2963","4734","Other Fee (%)","000104480001117","1","0.00","0.00","","0.00","0.00","0.00","N","9999","Request From LOS Module","","","",""
"2964","4735","Agreement Fee (%)","000104480001118","1","0.00","0.00","","0.00","0.00","0.00","N","9999","Request From LOS Module","","","",""
"2965","4736","Legal Fee (%)","000104480001118","1","0.00","0.00","","0.00","0.00","0.00","N","9999","Request From LOS Module","","","",""
"2966","4737","Other Fee (%)","000104480001118","1","0.00","0.00","","0.00","0.00","0.00","N","9999","Request From LOS Module","","","",""
"2967","4738","Agreement Fee (%)","000104480001119","1","0.00","0.00","","0.00","0.00","0.00","N","9999","Request From LOS Module","","","",""
"2968","4739","Legal Fee (%)","000104480001119","1","0.00","0.00","","0.00","0.00","0.00","N","9999","Request From LOS Module","","","",""
"2969","4740","Other Fee (%)","000104480001119","1","0.00","0.00","","0.00","0.00","0.00","N","9999","Request From LOS Module","","","",""
"2970","4741","Agreement Fee (%)","000104480001120","1","0.00","0.00","","0.00","0.00","0.00","N","9999","Request From LOS Module","","","",""
"2971","4742","Legal Fee (%)","000104480001120","1","0.00","0.00","","0.00","0.00","0.00","N","9999","Request From LOS Module","","","",""
"2972","4743","Other Fee (%)","000104480001120","1","0.00","0.00","","0.00","0.00","0.00","N","9999","Request From LOS Module","","","",""
"2973","4744","Agreement Fee (%)","000104480001121","1","0.00","0.00","","0.00","0.00","0.00","N","9999","Request From LOS Module","","","",""
"2974","4745","Legal Fee (%)","000104480001121","1","0.00","0.00","","0.00","0.00","0.00","N","9999","Request From LOS Module","","","",""
"2975","4746","Other Fee (%)","000104480001121","1","0.00","0.00","","0.00","0.00","0.00","N","9999","Request From LOS Module","","","",""
"2976","4747","Agreement Fee (%)","000104480001122","1","0.00","0.00","","0.00","0.00","0.00","N","9999","Request From LOS Module","","","",""
"2977","4748","Legal Fee (%)","000104480001122","1","0.00","0.00","","0.00","0.00","0.00","N","9999","Request From LOS Module","","","",""
"2978","4749","Other Fee (%)","000104480001122","1","0.00","0.00","","0.00","0.00","0.00","N","9999","Request From LOS Module","","","",""
"2979","4750","Agreement Fee (%)","000104480001123","1","0.00","0.00","","0.00","0.00","0.00","N","9999","Request From LOS Module","","","",""
"2980","4751","Legal Fee (%)","000104480001123","1","0.00","0.00","","0.00","0.00","0.00","N","9999","Request From LOS Module","","","",""
"2981","4752","Other Fee (%)","000104480001123","1","0.00","0.00","","0.00","0.00","0.00","N","9999","Request From LOS Module","","","",""
"2982","4753","Agreement Fee (%)","000104480001124","1","0.00","0.00","","0.00","0.00","0.00","N","9999","Request From LOS Module","","","",""
"2983","4754","Legal Fee (%)","000104480001124","1","0.00","0.00","","0.00","0.00","0.00","N","9999","Request From LOS Module","","","",""
"2984","4755","Other Fee (%)","000104480001124","1","0.00","0.00","","0.00","0.00","0.00","N","9999","Request From LOS Module","","","",""
"2985","4756","Agreement Fee (%)","000104480001125","1","0.00","0.00","","0.00","0.00","0.00","N","9999","Request From LOS Module","","","",""
"2986","4757","Legal Fee (%)","000104480001125","1","0.00","0.00","","0.00","0.00","0.00","N","9999","Request From LOS Module","","","",""
"2987","4758","Other Fee (%)","000104480001125","1","0.00","0.00","","0.00","0.00","0.00","N","9999","Request From LOS Module","","","",""
"2988","4759","Agreement Fee (%)","000104480001126","1","0.00","0.00","","0.00","0.00","0.00","N","9999","Request From LOS Module","","","",""
"2989","4760","Legal Fee (%)","000104480001126","1","0.00","0.00","","0.00","0.00","0.00","N","9999","Request From LOS Module","","","",""
"2990","4761","Other Fee (%)","000104480001126","1","0.00","0.00","","0.00","0.00","0.00","N","9999","Request From LOS Module","","","",""
"2991","4762","Agreement Fee (%)","000104480001127","1","0.00","0.00","","0.00","0.00","0.00","N","9999","Request From LOS Module","","","",""
"2992","4763","Legal Fee (%)","000104480001127","1","0.00","0.00","","0.00","0.00","0.00","N","9999","Request From LOS Module","","","",""
"2993","4764","Other Fee (%)","000104480001127","1","0.00","0.00","","0.00","0.00","0.00","N","9999","Request From LOS Module","","","",""
"2994","4765","Agreement Fee (%)","000104480001128","1","0.00","0.00","","0.00","0.00","0.00","N","9999","Request From LOS Module","","","",""
"2995","4766","Legal Fee (%)","000104480001128","1","0.00","0.00","","0.00","0.00","0.00","N","9999","Request From LOS Module","","","",""
"2996","4767","Other Fee (%)","000104480001128","1","0.00","0.00","","0.00","0.00","0.00","N","9999","Request From LOS Module","","","",""
"2997","4768","Agreement Fee (%)","000104480001129","1","0.00","0.00","","0.00","0.00","0.00","N","9999","Request From LOS Module","","","",""
"2998","4769","Legal Fee (%)","000104480001129","1","0.00","0.00","","0.00","0.00","0.00","N","9999","Request From LOS Module","","","",""
"2999","4770","Other Fee (%)","000104480001129","1","0.00","0.00","","0.00","0.00","0.00","N","9999","Request From LOS Module","","","",""
"3000","4771","Agreement Fee (%)","000104480001130","1","0.00","0.00","","0.00","0.00","0.00","N","9999","Request From LOS Module","","","",""
"3001","4772","Legal Fee (%)","000104480001130","1","0.00","0.00","","0.00","0.00","0.00","N","9999","Request From LOS Module","","","",""
"3002","4773","Other Fee (%)","000104480001130","1","0.00","0.00","","0.00","0.00","0.00","N","9999","Request From LOS Module","","","",""
"3003","4774","Agreement Fee (%)","000104480001131","1","0.00","0.00","","0.00","0.00","0.00","N","9999","Request From LOS Module","","","",""
"3004","4775","Legal Fee (%)","000104480001131","1","0.00","0.00","","0.00","0.00","0.00","N","9999","Request From LOS Module","","","",""
"3005","4776","Other Fee (%)","000104480001131","1","0.00","0.00","","0.00","0.00","0.00","N","9999","Request From LOS Module","","","",""
"3006","4777","Agreement Fee (%)","000104480001132","1","0.00","0.00","","0.00","0.00","0.00","N","9999","Request From LOS Module","","","",""
"3007","4778","Legal Fee (%)","000104480001132","1","0.00","0.00","","0.00","0.00","0.00","N","9999","Request From LOS Module","","","",""
"3008","4779","Other Fee (%)","000104480001132","1","0.00","0.00","","0.00","0.00","0.00","N","9999","Request From LOS Module","","","",""
"3009","4780","Agreement Fee (%)","000104480001133","1","0.00","0.00","","0.00","0.00","0.00","N","9999","Request From LOS Module","","","",""
"3010","4781","Legal Fee (%)","000104480001133","1","0.00","0.00","","0.00","0.00","0.00","N","9999","Request From LOS Module","","","",""
"3011","4782","Other Fee (%)","000104480001133","1","0.00","0.00","","0.00","0.00","0.00","N","9999","Request From LOS Module","","","",""
"3012","4783","Agreement Fee (%)","000104480001134","1","0.00","0.00","","0.00","0.00","0.00","N","9999","Request From LOS Module","","","",""
"3013","4784","Legal Fee (%)","000104480001134","1","0.00","0.00","","0.00","0.00","0.00","N","9999","Request From LOS Module","","","",""
"3014","4785","Other Fee (%)","000104480001134","1","0.00","0.00","","0.00","0.00","0.00","N","9999","Request From LOS Module","","","",""
"3015","4795","Agreement Fee (%)","000104480001135","1","0.00","0.00","","0.00","0.00","0.00","N","9999","Request From LOS Module","","","",""
"3016","4796","Legal Fee (%)","000104480001135","1","0.00","0.00","","0.00","0.00","0.00","N","9999","Request From LOS Module","","","",""
"3017","4797","Other Fee (%)","000104480001135","1","0.00","0.00","","0.00","0.00","0.00","N","9999","Request From LOS Module","","","",""
"3018","4798","Agreement Fee (%)","000104480001136","1","0.00","0.00","","0.00","0.00","0.00","N","9999","Request From LOS Module","","","",""
"3019","4799","Legal Fee (%)","000104480001136","1","0.00","0.00","","0.00","0.00","0.00","N","9999","Request From LOS Module","","","",""
"3020","4800","Other Fee (%)","000104480001136","1","0.00","0.00","","0.00","0.00","0.00","N","9999","Request From LOS Module","","","",""
"3021","4801","Agreement Fee (%)","000104480001137","1","0.00","0.00","","0.00","0.00","0.00","N","9999","Request From LOS Module","","","",""
"3022","4802","Legal Fee (%)","000104480001137","1","0.00","0.00","","0.00","0.00","0.00","N","9999","Request From LOS Module","","","",""
"3023","4803","Other Fee (%)","000104480001137","1","0.00","0.00","","0.00","0.00","0.00","N","9999","Request From LOS Module","","","",""
"3024","4861","Agreement Fee (%)","000104480001138","1","0.00","0.00","","0.00","0.00","0.00","N","9999","Request From LOS Module","","","",""
"3025","4862","Legal Fee (%)","000104480001138","1","0.00","0.00","","0.00","0.00","0.00","N","9999","Request From LOS Module","","","",""
"3026","4863","Other Fee (%)","000104480001138","1","0.00","0.00","","0.00","0.00","0.00","N","9999","Request From LOS Module","","","",""
"3027","5041","Agreement Fee (%)","000104480001139","1","0.00","0.00","","0.00","0.00","0.00","N","9999","Request From LOS Module","","","",""
"3028","5042","Legal Fee (%)","000104480001139","1","0.00","0.00","","0.00","0.00","0.00","N","9999","Request From LOS Module","","","",""
"3029","5043","Other Fee (%)","000104480001139","1","0.00","0.00","","0.00","0.00","0.00","N","9999","Request From LOS Module","","","",""
"3030","5044","Agreement Fee (%)","000104480001140","1","0.00","0.00","","0.00","0.00","0.00","N","9999","Request From LOS Module","","","",""
"3031","5045","Legal Fee (%)","000104480001140","1","0.00","0.00","","0.00","0.00","0.00","N","9999","Request From LOS Module","","","",""
"3032","5046","Other Fee (%)","000104480001140","1","0.00","0.00","","0.00","0.00","0.00","N","9999","Request From LOS Module","","","",""
"3033","5047","Agreement Fee (%)","000104480001141","1","0.00","0.00","","0.00","0.00","0.00","N","9999","Request From LOS Module","","","",""
"3034","5048","Legal Fee (%)","000104480001141","1","0.00","0.00","","0.00","0.00","0.00","N","9999","Request From LOS Module","","","",""
"3035","5049","Other Fee (%)","000104480001141","1","0.00","0.00","","0.00","0.00","0.00","N","9999","Request From LOS Module","","","",""
"3036","5050","Agreement Fee (%)","000104480001142","1","0.00","0.00","","0.00","0.00","0.00","N","9999","Request From LOS Module","","","",""
"3037","5051","Legal Fee (%)","000104480001142","1","0.00","0.00","","0.00","0.00","0.00","N","9999","Request From LOS Module","","","",""
"3038","5052","Other Fee (%)","000104480001142","1","0.00","0.00","","0.00","0.00","0.00","N","9999","Request From LOS Module","","","",""
"3039","5053","Agreement Fee (%)","000104480001143","1","0.00","0.00","","0.00","0.00","0.00","N","9999","Request From LOS Module","","","",""
"3040","5054","Legal Fee (%)","000104480001143","1","0.00","0.00","","0.00","0.00","0.00","N","9999","Request From LOS Module","","","",""
"3041","5055","Other Fee (%)","000104480001143","1","0.00","0.00","","0.00","0.00","0.00","N","9999","Request From LOS Module","","","",""
"3042","5056","Agreement Fee (%)","000104480001144","1","0.00","0.00","","0.00","0.00","0.00","N","9999","Request From LOS Module","","","",""
"3043","5057","Legal Fee (%)","000104480001144","1","0.00","0.00","","0.00","0.00","0.00","N","9999","Request From LOS Module","","","",""
"3044","5058","Other Fee (%)","000104480001144","1","0.00","0.00","","0.00","0.00","0.00","N","9999","Request From LOS Module","","","",""
"3045","5059","Agreement Fee (%)","000104480001145","1","0.00","0.00","","0.00","0.00","0.00","N","9999","Request From LOS Module","","","",""
"3046","5060","Legal Fee (%)","000104480001145","1","0.00","0.00","","0.00","0.00","0.00","N","9999","Request From LOS Module","","","",""
"3047","5061","Other Fee (%)","000104480001145","1","0.00","0.00","","0.00","0.00","0.00","N","9999","Request From LOS Module","","","",""
"3048","5062","Agreement Fee (%)","000104480001146","1","0.00","0.00","","0.00","0.00","0.00","N","9999","Request From LOS Module","","","",""
"3049","5063","Legal Fee (%)","000104480001146","1","0.00","0.00","","0.00","0.00","0.00","N","9999","Request From LOS Module","","","",""
"3050","5064","Other Fee (%)","000104480001146","1","0.00","0.00","","0.00","0.00","0.00","N","9999","Request From LOS Module","","","",""
"3051","5065","Agreement Fee (%)","000104480001147","1","0.00","0.00","","0.00","0.00","0.00","N","9999","Request From LOS Module","","","",""
"3052","5066","Legal Fee (%)","000104480001147","1","0.00","0.00","","0.00","0.00","0.00","N","9999","Request From LOS Module","","","",""
"3053","5067","Other Fee (%)","000104480001147","1","0.00","0.00","","0.00","0.00","0.00","N","9999","Request From LOS Module","","","",""
"3054","5068","Agreement Fee (%)","000104480001148","1","0.00","0.00","","0.00","0.00","0.00","N","9999","Request From LOS Module","","","",""
"3055","5069","Legal Fee (%)","000104480001148","1","0.00","0.00","","0.00","0.00","0.00","N","9999","Request From LOS Module","","","",""
"3056","5070","Other Fee (%)","000104480001148","1","0.00","0.00","","0.00","0.00","0.00","N","9999","Request From LOS Module","","","",""
"3057","5071","Agreement Fee (%)","000104480001149","1","0.00","0.00","","0.00","0.00","0.00","N","9999","Request From LOS Module","","","",""
"3058","5072","Legal Fee (%)","000104480001149","1","0.00","0.00","","0.00","0.00","0.00","N","9999","Request From LOS Module","","","",""
"3059","5073","Other Fee (%)","000104480001149","1","0.00","0.00","","0.00","0.00","0.00","N","9999","Request From LOS Module","","","",""
"3060","5074","Agreement Fee (%)","000104480001150","1","0.00","0.00","","0.00","0.00","0.00","N","9999","Request From LOS Module","","","",""
"3061","5075","Legal Fee (%)","000104480001150","1","0.00","0.00","","0.00","0.00","0.00","N","9999","Request From LOS Module","","","",""
"3062","5076","Other Fee (%)","000104480001150","1","0.00","0.00","","0.00","0.00","0.00","N","9999","Request From LOS Module","","","",""
"3063","5077","Agreement Fee (%)","000104480001151","1","0.00","0.00","","0.00","0.00","0.00","N","9999","Request From LOS Module","","","",""
"3064","5078","Legal Fee (%)","000104480001151","1","0.00","0.00","","0.00","0.00","0.00","N","9999","Request From LOS Module","","","",""
"3065","5079","Other Fee (%)","000104480001151","1","0.00","0.00","","0.00","0.00","0.00","N","9999","Request From LOS Module","","","",""
"3066","5080","Agreement Fee (%)","000104480001152","1","0.00","0.00","","0.00","0.00","0.00","N","9999","Request From LOS Module","","","",""
"3067","5081","Legal Fee (%)","000104480001152","1","0.00","0.00","","0.00","0.00","0.00","N","9999","Request From LOS Module","","","",""
"3068","5082","Other Fee (%)","000104480001152","1","0.00","0.00","","0.00","0.00","0.00","N","9999","Request From LOS Module","","","",""
"3069","5083","Agreement Fee (%)","000104480001153","1","0.00","0.00","","0.00","0.00","0.00","N","9999","Request From LOS Module","","","",""
"3070","5084","Legal Fee (%)","000104480001153","1","0.00","0.00","","0.00","0.00","0.00","N","9999","Request From LOS Module","","","",""
"3071","5085","Other Fee (%)","000104480001153","1","0.00","0.00","","0.00","0.00","0.00","N","9999","Request From LOS Module","","","",""
"3072","5089","Agreement Fee (%)","000104480001154","1","0.00","0.00","","0.00","0.00","0.00","N","9999","Request From LOS Module","","","",""
"3073","5090","Legal Fee (%)","000104480001154","1","0.00","0.00","","0.00","0.00","0.00","N","9999","Request From LOS Module","","","",""
"3074","5091","Other Fee (%)","000104480001154","1","0.00","0.00","","0.00","0.00","0.00","N","9999","Request From LOS Module","","","",""
"3075","5092","Agreement Fee (%)","000104480001155","1","0.00","0.00","","0.00","0.00","0.00","N","9999","Request From LOS Module","","","",""
"3076","5093","Legal Fee (%)","000104480001155","1","0.00","0.00","","0.00","0.00","0.00","N","9999","Request From LOS Module","","","",""
"3077","5094","Other Fee (%)","000104480001155","1","0.00","0.00","","0.00","0.00","0.00","N","9999","Request From LOS Module","","","",""
"3078","5098","Agreement Fee (%)","000104480001156","1","0.00","0.00","","0.00","0.00","0.00","N","9999","Request From LOS Module","","","",""
"3079","5099","Legal Fee (%)","000104480001156","1","0.00","0.00","","0.00","0.00","0.00","N","9999","Request From LOS Module","","","",""
"3080","5100","Other Fee (%)","000104480001156","1","0.00","0.00","","0.00","0.00","0.00","N","9999","Request From LOS Module","","","",""
"3081","5104","Agreement Fee (%)","000104480001157","1","0.00","0.00","","0.00","0.00","0.00","N","9999","Request From LOS Module","","","",""
"3082","5105","Legal Fee (%)","000104480001157","1","0.00","0.00","","0.00","0.00","0.00","N","9999","Request From LOS Module","","","",""
"3083","5106","Other Fee (%)","000104480001157","1","0.00","0.00","","0.00","0.00","0.00","N","9999","Request From LOS Module","","","",""
"3084","5107","Agreement Fee (%)","000104480001158","1","0.00","0.00","","0.00","0.00","0.00","N","9999","Request From LOS Module","","","",""
"3085","5108","Legal Fee (%)","000104480001158","1","0.00","0.00","","0.00","0.00","0.00","N","9999","Request From LOS Module","","","",""
"3086","5109","Other Fee (%)","000104480001158","1","0.00","0.00","","0.00","0.00","0.00","N","9999","Request From LOS Module","","","",""
"3087","5110","Agreement Fee (%)","000104480001159","1","0.00","0.00","","0.00","0.00","0.00","N","9999","Request From LOS Module","","","",""
"3088","5111","Legal Fee (%)","000104480001159","1","0.00","0.00","","0.00","0.00","0.00","N","9999","Request From LOS Module","","","",""
"3089","5112","Other Fee (%)","000104480001159","1","0.00","0.00","","0.00","0.00","0.00","N","9999","Request From LOS Module","","","",""
"3090","5113","Agreement Fee (%)","000104480001160","1","0.00","0.00","","0.00","0.00","0.00","N","9999","Request From LOS Module","","","",""
"3091","5114","Legal Fee (%)","000104480001160","1","0.00","0.00","","0.00","0.00","0.00","N","9999","Request From LOS Module","","","",""
"3092","5115","Other Fee (%)","000104480001160","1","0.00","0.00","","0.00","0.00","0.00","N","9999","Request From LOS Module","","","",""
"3093","5116","Agreement Fee (%)","000104480001161","1","0.00","0.00","","0.00","0.00","0.00","N","9999","Request From LOS Module","","","",""
"3094","5117","Legal Fee (%)","000104480001161","1","0.00","0.00","","0.00","0.00","0.00","N","9999","Request From LOS Module","","","",""
"3095","5118","Other Fee (%)","000104480001161","1","0.00","0.00","","0.00","0.00","0.00","N","9999","Request From LOS Module","","","",""
"3096","5119","Agreement Fee (%)","000104480001162","1","0.00","0.00","","0.00","0.00","0.00","N","9999","Request From LOS Module","","","",""
"3097","5120","Legal Fee (%)","000104480001162","1","0.00","0.00","","0.00","0.00","0.00","N","9999","Request From LOS Module","","","",""
"3098","5121","Other Fee (%)","000104480001162","1","0.00","0.00","","0.00","0.00","0.00","N","9999","Request From LOS Module","","","",""
"3099","5122","Agreement Fee (%)","000104480001163","1","0.00","0.00","","0.00","0.00","0.00","N","9999","Request From LOS Module","","","",""
"3100","5123","Legal Fee (%)","000104480001163","1","0.00","0.00","","0.00","0.00","0.00","N","9999","Request From LOS Module","","","",""
"3101","5124","Other Fee (%)","000104480001163","1","0.00","0.00","","0.00","0.00","0.00","N","9999","Request From LOS Module","","","",""
"3102","5125","Agreement Fee (%)","000104480001164","1","0.00","0.00","","0.00","0.00","0.00","N","9999","Request From LOS Module","","","",""
"3103","5126","Legal Fee (%)","000104480001164","1","0.00","0.00","","0.00","0.00","0.00","N","9999","Request From LOS Module","","","",""
"3104","5127","Other Fee (%)","000104480001164","1","0.00","0.00","","0.00","0.00","0.00","N","9999","Request From LOS Module","","","",""
"3105","5128","Agreement Fee (%)","000104480001165","1","0.00","0.00","","0.00","0.00","0.00","N","9999","Request From LOS Module","","","",""
"3106","5129","Legal Fee (%)","000104480001165","1","0.00","0.00","","0.00","0.00","0.00","N","9999","Request From LOS Module","","","",""
"3107","5130","Other Fee (%)","000104480001165","1","0.00","0.00","","0.00","0.00","0.00","N","9999","Request From LOS Module","","","",""
"3108","5131","Agreement Fee (%)","000104480001166","1","0.00","0.00","","0.00","0.00","0.00","N","9999","Request From LOS Module","","","",""
"3109","5132","Legal Fee (%)","000104480001166","1","0.00","0.00","","0.00","0.00","0.00","N","9999","Request From LOS Module","","","",""
"3110","5133","Other Fee (%)","000104480001166","1","0.00","0.00","","0.00","0.00","0.00","N","9999","Request From LOS Module","","","",""
"3111","5134","Agreement Fee (%)","000104480001167","1","0.00","0.00","","0.00","0.00","0.00","N","9999","Request From LOS Module","","","",""
"3112","5135","Legal Fee (%)","000104480001167","1","0.00","0.00","","0.00","0.00","0.00","N","9999","Request From LOS Module","","","",""
"3113","5136","Other Fee (%)","000104480001167","1","0.00","0.00","","0.00","0.00","0.00","N","9999","Request From LOS Module","","","",""
"3114","5137","Agreement Fee (%)","000104480001168","1","0.00","0.00","","0.00","0.00","0.00","N","9999","Request From LOS Module","","","",""
"3115","5138","Legal Fee (%)","000104480001168","1","0.00","0.00","","0.00","0.00","0.00","N","9999","Request From LOS Module","","","",""
"3116","5139","Other Fee (%)","000104480001168","1","0.00","0.00","","0.00","0.00","0.00","N","9999","Request From LOS Module","","","",""
"3117","5140","Agreement Fee (%)","000104480001169","1","0.00","0.00","","0.00","0.00","0.00","N","9999","Request From LOS Module","","","",""
"3118","5141","Legal Fee (%)","000104480001169","1","0.00","0.00","","0.00","0.00","0.00","N","9999","Request From LOS Module","","","",""
"3119","5142","Other Fee (%)","000104480001169","1","0.00","0.00","","0.00","0.00","0.00","N","9999","Request From LOS Module","","","",""
"3120","5143","Agreement Fee (%)","000104480001170","1","0.00","0.00","","0.00","0.00","0.00","N","9999","Request From LOS Module","","","",""
"3121","5144","Legal Fee (%)","000104480001170","1","0.00","0.00","","0.00","0.00","0.00","N","9999","Request From LOS Module","","","",""
"3122","5145","Other Fee (%)","000104480001170","1","0.00","0.00","","0.00","0.00","0.00","N","9999","Request From LOS Module","","","",""
"3123","5146","Agreement Fee (%)","000104480001171","1","0.00","0.00","","0.00","0.00","0.00","N","9999","Request From LOS Module","","","",""
"3124","5147","Legal Fee (%)","000104480001171","1","0.00","0.00","","0.00","0.00","0.00","N","9999","Request From LOS Module","","","",""
"3125","5148","Other Fee (%)","000104480001171","1","0.00","0.00","","0.00","0.00","0.00","N","9999","Request From LOS Module","","","",""
"3126","5149","Agreement Fee (%)","000104480001172","1","0.00","0.00","","0.00","0.00","0.00","N","9999","Request From LOS Module","","","",""
"3127","5150","Legal Fee (%)","000104480001172","1","0.00","0.00","","0.00","0.00","0.00","N","9999","Request From LOS Module","","","",""
"3128","5151","Other Fee (%)","000104480001172","1","0.00","0.00","","0.00","0.00","0.00","N","9999","Request From LOS Module","","","",""
"3129","5152","Agreement Fee (%)","000104480001173","1","0.00","0.00","","0.00","0.00","0.00","N","9999","Request From LOS Module","","","",""
"3130","5153","Legal Fee (%)","000104480001173","1","0.00","0.00","","0.00","0.00","0.00","N","9999","Request From LOS Module","","","",""
"3131","5154","Other Fee (%)","000104480001173","1","0.00","0.00","","0.00","0.00","0.00","N","9999","Request From LOS Module","","","",""
"3132","5155","Agreement Fee (%)","000104480001174","1","0.00","0.00","","0.00","0.00","0.00","N","9999","Request From LOS Module","","","",""
"3133","5156","Legal Fee (%)","000104480001174","1","0.00","0.00","","0.00","0.00","0.00","N","9999","Request From LOS Module","","","",""
"3134","5157","Other Fee (%)","000104480001174","1","0.00","0.00","","0.00","0.00","0.00","N","9999","Request From LOS Module","","","",""
"3135","5158","Agreement Fee (%)","000104480001175","1","0.00","0.00","","0.00","0.00","0.00","N","9999","Request From LOS Module","","","",""
"3136","5159","Legal Fee (%)","000104480001175","1","0.00","0.00","","0.00","0.00","0.00","N","9999","Request From LOS Module","","","",""
"3137","5160","Other Fee (%)","000104480001175","1","0.00","0.00","","0.00","0.00","0.00","N","9999","Request From LOS Module","","","",""
"3138","5161","Agreement Fee (%)","000104480001176","1","0.00","0.00","","0.00","0.00","0.00","N","9999","Request From LOS Module","","","",""
"3139","5162","Legal Fee (%)","000104480001176","1","0.00","0.00","","0.00","0.00","0.00","N","9999","Request From LOS Module","","","",""
"3140","5163","Other Fee (%)","000104480001176","1","0.00","0.00","","0.00","0.00","0.00","N","9999","Request From LOS Module","","","",""
"3141","5164","Agreement Fee (%)","000104480001177","1","0.00","0.00","","0.00","0.00","0.00","N","9999","Request From LOS Module","","","",""
"3142","5165","Legal Fee (%)","000104480001177","1","0.00","0.00","","0.00","0.00","0.00","N","9999","Request From LOS Module","","","",""
"3143","5166","Other Fee (%)","000104480001177","1","0.00","0.00","","0.00","0.00","0.00","N","9999","Request From LOS Module","","","",""
"3144","5167","Agreement Fee (%)","000104480001178","1","0.00","0.00","","0.00","0.00","0.00","N","9999","Request From LOS Module","","","",""
"3145","5168","Legal Fee (%)","000104480001178","1","0.00","0.00","","0.00","0.00","0.00","N","9999","Request From LOS Module","","","",""
"3146","5169","Other Fee (%)","000104480001178","1","0.00","0.00","","0.00","0.00","0.00","N","9999","Request From LOS Module","","","",""
"3147","5170","Agreement Fee (%)","000104480001179","1","0.00","0.00","","0.00","0.00","0.00","N","9999","Request From LOS Module","","","",""
"3148","5171","Legal Fee (%)","000104480001179","1","0.00","0.00","","0.00","0.00","0.00","N","9999","Request From LOS Module","","","",""
"3149","5172","Other Fee (%)","000104480001179","1","0.00","0.00","","0.00","0.00","0.00","N","9999","Request From LOS Module","","","",""
"3150","5173","Agreement Fee (%)","000104480001180","1","0.00","0.00","","0.00","0.00","0.00","N","9999","Request From LOS Module","","","",""
"3151","5174","Legal Fee (%)","000104480001180","1","0.00","0.00","","0.00","0.00","0.00","N","9999","Request From LOS Module","","","",""
"3152","5175","Other Fee (%)","000104480001180","1","0.00","0.00","","0.00","0.00","0.00","N","9999","Request From LOS Module","","","",""
"3153","5176","Agreement Fee (%)","000104480001181","1","0.00","0.00","","0.00","0.00","0.00","N","9999","Request From LOS Module","","","",""
"3154","5177","Legal Fee (%)","000104480001181","1","0.00","0.00","","0.00","0.00","0.00","N","9999","Request From LOS Module","","","",""
"3155","5178","Other Fee (%)","000104480001181","1","0.00","0.00","","0.00","0.00","0.00","N","9999","Request From LOS Module","","","",""
"3156","5179","Agreement Fee (%)","000104480001182","1","0.00","0.00","","0.00","0.00","0.00","N","9999","Request From LOS Module","","","",""
"3157","5180","Legal Fee (%)","000104480001182","1","0.00","0.00","","0.00","0.00","0.00","N","9999","Request From LOS Module","","","",""
"3158","5181","Other Fee (%)","000104480001182","1","0.00","0.00","","0.00","0.00","0.00","N","9999","Request From LOS Module","","","",""
"3159","5182","Agreement Fee (%)","000104480001183","1","0.00","0.00","","0.00","0.00","0.00","N","9999","Request From LOS Module","","","",""
"3160","5183","Legal Fee (%)","000104480001183","1","0.00","0.00","","0.00","0.00","0.00","N","9999","Request From LOS Module","","","",""
"3161","5184","Other Fee (%)","000104480001183","1","0.00","0.00","","0.00","0.00","0.00","N","9999","Request From LOS Module","","","",""
"3162","5185","Agreement Fee (%)","000104480001184","1","0.00","0.00","","0.00","0.00","0.00","N","9999","Request From LOS Module","","","",""
"3163","5186","Legal Fee (%)","000104480001184","1","0.00","0.00","","0.00","0.00","0.00","N","9999","Request From LOS Module","","","",""
"3164","5187","Other Fee (%)","000104480001184","1","0.00","0.00","","0.00","0.00","0.00","N","9999","Request From LOS Module","","","",""
"3165","5188","Agreement Fee (%)","000104480001185","1","0.00","0.00","","0.00","0.00","0.00","N","9999","Request From LOS Module","","","",""
"3166","5189","Legal Fee (%)","000104480001185","1","0.00","0.00","","0.00","0.00","0.00","N","9999","Request From LOS Module","","","",""
"3167","5190","Other Fee (%)","000104480001185","1","0.00","0.00","","0.00","0.00","0.00","N","9999","Request From LOS Module","","","",""
"3168","5191","Agreement Fee (%)","000104480001186","1","0.00","0.00","","0.00","0.00","0.00","N","9999","Request From LOS Module","","","",""
"3169","5192","Legal Fee (%)","000104480001186","1","0.00","0.00","","0.00","0.00","0.00","N","9999","Request From LOS Module","","","",""
"3170","5193","Other Fee (%)","000104480001186","1","0.00","0.00","","0.00","0.00","0.00","N","9999","Request From LOS Module","","","",""
"3171","5194","Agreement Fee (%)","000104480001187","1","0.00","0.00","","0.00","0.00","0.00","N","9999","Request From LOS Module","","","",""
"3172","5195","Legal Fee (%)","000104480001187","1","0.00","0.00","","0.00","0.00","0.00","N","9999","Request From LOS Module","","","",""
"3173","5196","Other Fee (%)","000104480001187","1","0.00","0.00","","0.00","0.00","0.00","N","9999","Request From LOS Module","","","",""
"3174","5197","Agreement Fee (%)","000104480001188","1","0.00","0.00","","0.00","0.00","0.00","N","9999","Request From LOS Module","","","",""
"3175","5198","Legal Fee (%)","000104480001188","1","0.00","0.00","","0.00","0.00","0.00","N","9999","Request From LOS Module","","","",""
"3176","5199","Other Fee (%)","000104480001188","1","0.00","0.00","","0.00","0.00","0.00","N","9999","Request From LOS Module","","","",""
"3177","5200","Agreement Fee (%)","000104480001189","1","0.00","0.00","","0.00","0.00","0.00","N","9999","Request From LOS Module","","","",""
"3178","5201","Legal Fee (%)","000104480001189","1","0.00","0.00","","0.00","0.00","0.00","N","9999","Request From LOS Module","","","",""
"3179","5202","Other Fee (%)","000104480001189","1","0.00","0.00","","0.00","0.00","0.00","N","9999","Request From LOS Module","","","",""
"3180","5203","Agreement Fee (%)","000104480001190","1","0.00","0.00","","0.00","0.00","0.00","N","9999","Request From LOS Module","","","",""
"3181","5204","Legal Fee (%)","000104480001190","1","0.00","0.00","","0.00","0.00","0.00","N","9999","Request From LOS Module","","","",""
"3182","5205","Other Fee (%)","000104480001190","1","0.00","0.00","","0.00","0.00","0.00","N","9999","Request From LOS Module","","","",""
"3183","5206","Agreement Fee (%)","000104480001191","1","0.00","0.00","","0.00","0.00","0.00","N","9999","Request From LOS Module","","","",""
"3184","5207","Legal Fee (%)","000104480001191","1","0.00","0.00","","0.00","0.00","0.00","N","9999","Request From LOS Module","","","",""
"3185","5208","Other Fee (%)","000104480001191","1","0.00","0.00","","0.00","0.00","0.00","N","9999","Request From LOS Module","","","",""
"3186","5209","Agreement Fee (%)","000104480001192","1","0.00","0.00","","0.00","0.00","0.00","N","9999","Request From LOS Module","","","",""
"3187","5210","Legal Fee (%)","000104480001192","1","0.00","0.00","","0.00","0.00","0.00","N","9999","Request From LOS Module","","","",""
"3188","5211","Other Fee (%)","000104480001192","1","0.00","0.00","","0.00","0.00","0.00","N","9999","Request From LOS Module","","","",""
"3189","5212","Agreement Fee (%)","000104480001193","1","0.00","0.00","","0.00","0.00","0.00","N","9999","Request From LOS Module","","","",""
"3190","5213","Legal Fee (%)","000104480001193","1","0.00","0.00","","0.00","0.00","0.00","N","9999","Request From LOS Module","","","",""
"3191","5214","Other Fee (%)","000104480001193","1","0.00","0.00","","0.00","0.00","0.00","N","9999","Request From LOS Module","","","",""
"3192","5215","Agreement Fee (%)","000104480001194","1","0.00","0.00","","0.00","0.00","0.00","N","9999","Request From LOS Module","","","",""
"3193","5216","Legal Fee (%)","000104480001194","1","0.00","0.00","","0.00","0.00","0.00","N","9999","Request From LOS Module","","","",""
"3194","5217","Other Fee (%)","000104480001194","1","0.00","0.00","","0.00","0.00","0.00","N","9999","Request From LOS Module","","","",""
"3195","5218","Agreement Fee (%)","000104480001195","1","0.00","0.00","","0.00","0.00","0.00","N","9999","Request From LOS Module","","","",""
"3196","5219","Legal Fee (%)","000104480001195","1","0.00","0.00","","0.00","0.00","0.00","N","9999","Request From LOS Module","","","",""
"3197","5220","Other Fee (%)","000104480001195","1","0.00","0.00","","0.00","0.00","0.00","N","9999","Request From LOS Module","","","",""
"3198","5221","Agreement Fee (%)","000104480001196","1","0.00","0.00","","0.00","0.00","0.00","N","9999","Request From LOS Module","","","",""
"3199","5222","Legal Fee (%)","000104480001196","1","0.00","0.00","","0.00","0.00","0.00","N","9999","Request From LOS Module","","","",""
"3200","5223","Other Fee (%)","000104480001196","1","0.00","0.00","","0.00","0.00","0.00","N","9999","Request From LOS Module","","","",""
"3201","5224","Agreement Fee (%)","000104480001197","1","0.00","0.00","","0.00","0.00","0.00","N","9999","Request From LOS Module","","","",""
"3202","5225","Legal Fee (%)","000104480001197","1","0.00","0.00","","0.00","0.00","0.00","N","9999","Request From LOS Module","","","",""
"3203","5226","Other Fee (%)","000104480001197","1","0.00","0.00","","0.00","0.00","0.00","N","9999","Request From LOS Module","","","",""
"3204","5227","Agreement Fee (%)","000104480001198","1","0.00","0.00","","0.00","0.00","0.00","N","9999","Request From LOS Module","","","",""
"3205","5228","Legal Fee (%)","000104480001198","1","0.00","0.00","","0.00","0.00","0.00","N","9999","Request From LOS Module","","","",""
"3206","5229","Other Fee (%)","000104480001198","1","0.00","0.00","","0.00","0.00","0.00","N","9999","Request From LOS Module","","","",""
"3207","5230","Agreement Fee (%)","000104480001199","1","0.00","0.00","","0.00","0.00","0.00","N","9999","Request From LOS Module","","","",""
"3208","5231","Legal Fee (%)","000104480001199","1","0.00","0.00","","0.00","0.00","0.00","N","9999","Request From LOS Module","","","",""
"3209","5232","Other Fee (%)","000104480001199","1","0.00","0.00","","0.00","0.00","0.00","N","9999","Request From LOS Module","","","",""
"3210","5233","Agreement Fee (%)","000104480001200","1","0.00","0.00","","0.00","0.00","0.00","N","9999","Request From LOS Module","","","",""
"3211","5234","Legal Fee (%)","000104480001200","1","0.00","0.00","","0.00","0.00","0.00","N","9999","Request From LOS Module","","","",""
"3212","5235","Other Fee (%)","000104480001200","1","0.00","0.00","","0.00","0.00","0.00","N","9999","Request From LOS Module","","","",""
"3213","5236","Agreement Fee (%)","000104480001201","1","0.00","0.00","","0.00","0.00","0.00","N","9999","Request From LOS Module","","","",""
"3214","5237","Legal Fee (%)","000104480001201","1","0.00","0.00","","0.00","0.00","0.00","N","9999","Request From LOS Module","","","",""
"3215","5238","Other Fee (%)","000104480001201","1","0.00","0.00","","0.00","0.00","0.00","N","9999","Request From LOS Module","","","",""
"3216","5239","Agreement Fee (%)","000104480001202","1","0.00","0.00","","0.00","0.00","0.00","N","9999","Request From LOS Module","","","",""
"3217","5240","Legal Fee (%)","000104480001202","1","0.00","0.00","","0.00","0.00","0.00","N","9999","Request From LOS Module","","","",""
"3218","5241","Other Fee (%)","000104480001202","1","0.00","0.00","","0.00","0.00","0.00","N","9999","Request From LOS Module","","","",""
"3219","5242","Agreement Fee (%)","000104480001203","1","0.00","0.00","","0.00","0.00","0.00","N","9999","Request From LOS Module","","","",""
"3220","5243","Legal Fee (%)","000104480001203","1","0.00","0.00","","0.00","0.00","0.00","N","9999","Request From LOS Module","","","",""
"3221","5244","Other Fee (%)","000104480001203","1","0.00","0.00","","0.00","0.00","0.00","N","9999","Request From LOS Module","","","",""
"3222","5584","Agreement Fee (%)","000104480001204","1","0.00","0.00","","0.00","0.00","0.00","N","9999","Request From LOS Module","","","",""
"3223","5585","Legal Fee (%)","000104480001204","1","0.00","0.00","","0.00","0.00","0.00","N","9999","Request From LOS Module","","","",""
"3224","5586","Other Fee (%)","000104480001204","1","0.00","0.00","","0.00","0.00","0.00","N","9999","Request From LOS Module","","","",""
"3225","5587","Agreement Fee (%)","000104480001205","1","0.00","0.00","","0.00","0.00","0.00","N","9999","Request From LOS Module","","","",""
"3226","5588","Legal Fee (%)","000104480001205","1","0.00","0.00","","0.00","0.00","0.00","N","9999","Request From LOS Module","","","",""
"3227","5589","Other Fee (%)","000104480001205","1","0.00","0.00","","0.00","0.00","0.00","N","9999","Request From LOS Module","","","",""
"3228","5590","Agreement Fee (%)","000104480001206","1","0.00","0.00","","0.00","0.00","0.00","N","9999","Request From LOS Module","","","",""
"3229","5591","Legal Fee (%)","000104480001206","1","0.00","0.00","","0.00","0.00","0.00","N","9999","Request From LOS Module","","","",""
"3230","5592","Other Fee (%)","000104480001206","1","0.00","0.00","","0.00","0.00","0.00","N","9999","Request From LOS Module","","","",""
"3231","5593","Agreement Fee (%)","000104480001207","1","0.00","0.00","","0.00","0.00","0.00","N","9999","Request From LOS Module","","","",""
"3232","5594","Legal Fee (%)","000104480001207","1","0.00","0.00","","0.00","0.00","0.00","N","9999","Request From LOS Module","","","",""
"3233","5595","Other Fee (%)","000104480001207","1","0.00","0.00","","0.00","0.00","0.00","N","9999","Request From LOS Module","","","",""
"3234","5596","Agreement Fee (%)","000104480001208","1","0.00","0.00","","0.00","0.00","0.00","N","9999","Request From LOS Module","","","",""
"3235","5597","Legal Fee (%)","000104480001208","1","0.00","0.00","","0.00","0.00","0.00","N","9999","Request From LOS Module","","","",""
"3236","5598","Other Fee (%)","000104480001208","1","0.00","0.00","","0.00","0.00","0.00","N","9999","Request From LOS Module","","","",""
"3237","5599","Agreement Fee (%)","000104480001209","1","0.00","0.00","","0.00","0.00","0.00","N","9999","Request From LOS Module","","","",""
"3238","5600","Legal Fee (%)","000104480001209","1","0.00","0.00","","0.00","0.00","0.00","N","9999","Request From LOS Module","","","",""
"3239","5601","Other Fee (%)","000104480001209","1","0.00","0.00","","0.00","0.00","0.00","N","9999","Request From LOS Module","","","",""
"3240","5602","Agreement Fee (%)","000104480001210","1","0.00","0.00","","0.00","0.00","0.00","N","9999","Request From LOS Module","","","",""
"3241","5603","Legal Fee (%)","000104480001210","1","0.00","0.00","","0.00","0.00","0.00","N","9999","Request From LOS Module","","","",""
"3242","5604","Other Fee (%)","000104480001210","1","0.00","0.00","","0.00","0.00","0.00","N","9999","Request From LOS Module","","","",""
"3243","5605","Agreement Fee (%)","000104480001211","1","0.00","0.00","","0.00","0.00","0.00","N","9999","Request From LOS Module","","","",""
"3244","5606","Legal Fee (%)","000104480001211","1","0.00","0.00","","0.00","0.00","0.00","N","9999","Request From LOS Module","","","",""
"3245","5607","Other Fee (%)","000104480001211","1","0.00","0.00","","0.00","0.00","0.00","N","9999","Request From LOS Module","","","",""
"3246","5608","Agreement Fee (%)","000104480001212","1","0.00","0.00","","0.00","0.00","0.00","N","9999","Request From LOS Module","","","",""
"3247","5609","Legal Fee (%)","000104480001212","1","0.00","0.00","","0.00","0.00","0.00","N","9999","Request From LOS Module","","","",""
"3248","5610","Other Fee (%)","000104480001212","1","0.00","0.00","","0.00","0.00","0.00","N","9999","Request From LOS Module","","","",""
"3249","5611","Agreement Fee (%)","000104480001213","1","0.00","0.00","","0.00","0.00","0.00","N","9999","Request From LOS Module","","","",""
"3250","5612","Legal Fee (%)","000104480001213","1","0.00","0.00","","0.00","0.00","0.00","N","9999","Request From LOS Module","","","",""
"3251","5613","Other Fee (%)","000104480001213","1","0.00","0.00","","0.00","0.00","0.00","N","9999","Request From LOS Module","","","",""
"3252","5614","Agreement Fee (%)","000104480001214","1","0.00","0.00","","0.00","0.00","0.00","N","9999","Request From LOS Module","","","",""
"3253","5615","Legal Fee (%)","000104480001214","1","0.00","0.00","","0.00","0.00","0.00","N","9999","Request From LOS Module","","","",""
"3254","5616","Other Fee (%)","000104480001214","1","0.00","0.00","","0.00","0.00","0.00","N","9999","Request From LOS Module","","","",""
"3255","5617","Agreement Fee (%)","000104480001215","1","0.00","0.00","","0.00","0.00","0.00","N","9999","Request From LOS Module","","","",""
"3256","5618","Legal Fee (%)","000104480001215","1","0.00","0.00","","0.00","0.00","0.00","N","9999","Request From LOS Module","","","",""
"3257","5619","Other Fee (%)","000104480001215","1","0.00","0.00","","0.00","0.00","0.00","N","9999","Request From LOS Module","","","",""
"3258","5620","Agreement Fee (%)","000104480001216","1","0.00","0.00","","0.00","0.00","0.00","N","9999","Request From LOS Module","","","",""
"3259","5621","Legal Fee (%)","000104480001216","1","0.00","0.00","","0.00","0.00","0.00","N","9999","Request From LOS Module","","","",""
"3260","5622","Other Fee (%)","000104480001216","1","0.00","0.00","","0.00","0.00","0.00","N","9999","Request From LOS Module","","","",""
"3261","5623","Agreement Fee (%)","000104480001217","1","0.00","0.00","","0.00","0.00","0.00","N","9999","Request From LOS Module","","","",""
"3262","5624","Legal Fee (%)","000104480001217","1","0.00","0.00","","0.00","0.00","0.00","N","9999","Request From LOS Module","","","",""
"3263","5625","Other Fee (%)","000104480001217","1","0.00","0.00","","0.00","0.00","0.00","N","9999","Request From LOS Module","","","",""
"3264","5626","Agreement Fee (%)","000104480001218","1","0.00","0.00","","0.00","0.00","0.00","N","9999","Request From LOS Module","","","",""
"3265","5627","Legal Fee (%)","000104480001218","1","0.00","0.00","","0.00","0.00","0.00","N","9999","Request From LOS Module","","","",""
"3266","5628","Other Fee (%)","000104480001218","1","0.00","0.00","","0.00","0.00","0.00","N","9999","Request From LOS Module","","","",""
"3267","5629","Agreement Fee (%)","000104480001219","1","0.00","0.00","","0.00","0.00","0.00","N","9999","Request From LOS Module","","","",""
"3268","5630","Legal Fee (%)","000104480001219","1","0.00","0.00","","0.00","0.00","0.00","N","9999","Request From LOS Module","","","",""
"3269","5631","Other Fee (%)","000104480001219","1","0.00","0.00","","0.00","0.00","0.00","N","9999","Request From LOS Module","","","",""
"3270","5632","Agreement Fee (%)","000104480001220","1","0.00","0.00","","0.00","0.00","0.00","N","9999","Request From LOS Module","","","",""
"3271","5633","Legal Fee (%)","000104480001220","1","0.00","0.00","","0.00","0.00","0.00","N","9999","Request From LOS Module","","","",""
"3272","5634","Other Fee (%)","000104480001220","1","0.00","0.00","","0.00","0.00","0.00","N","9999","Request From LOS Module","","","",""
"3273","5635","Agreement Fee (%)","000104480001221","1","0.00","0.00","","0.00","0.00","0.00","N","9999","Request From LOS Module","","","",""
"3274","5636","Legal Fee (%)","000104480001221","1","0.00","0.00","","0.00","0.00","0.00","N","9999","Request From LOS Module","","","",""
"3275","5637","Other Fee (%)","000104480001221","1","0.00","0.00","","0.00","0.00","0.00","N","9999","Request From LOS Module","","","",""
"3276","5638","Agreement Fee (%)","000104480001222","1","0.00","0.00","","0.00","0.00","0.00","N","9999","Request From LOS Module","","","",""
"3277","5639","Legal Fee (%)","000104480001222","1","0.00","0.00","","0.00","0.00","0.00","N","9999","Request From LOS Module","","","",""
"3278","5640","Other Fee (%)","000104480001222","1","0.00","0.00","","0.00","0.00","0.00","N","9999","Request From LOS Module","","","",""
"3279","5641","Agreement Fee (%)","000104480001223","1","0.00","0.00","","0.00","0.00","0.00","N","9999","Request From LOS Module","","","",""
"3280","5642","Legal Fee (%)","000104480001223","1","0.00","0.00","","0.00","0.00","0.00","N","9999","Request From LOS Module","","","",""
"3281","5643","Other Fee (%)","000104480001223","1","0.00","0.00","","0.00","0.00","0.00","N","9999","Request From LOS Module","","","",""
"3282","5644","Agreement Fee (%)","000104480001224","1","0.00","0.00","","0.00","0.00","0.00","N","9999","Request From LOS Module","","","",""
"3283","5645","Legal Fee (%)","000104480001224","1","0.00","0.00","","0.00","0.00","0.00","N","9999","Request From LOS Module","","","",""
"3284","5646","Other Fee (%)","000104480001224","1","0.00","0.00","","0.00","0.00","0.00","N","9999","Request From LOS Module","","","",""
"3285","5647","Agreement Fee (%)","000104480001225","1","0.00","0.00","","0.00","0.00","0.00","N","9999","Request From LOS Module","","","",""
"3286","5648","Legal Fee (%)","000104480001225","1","0.00","0.00","","0.00","0.00","0.00","N","9999","Request From LOS Module","","","",""
"3287","5649","Other Fee (%)","000104480001225","1","0.00","0.00","","0.00","0.00","0.00","N","9999","Request From LOS Module","","","",""
"3288","5650","Agreement Fee (%)","000104480001226","1","0.00","0.00","","0.00","0.00","0.00","N","9999","Request From LOS Module","","","",""
"3289","5651","Legal Fee (%)","000104480001226","1","0.00","0.00","","0.00","0.00","0.00","N","9999","Request From LOS Module","","","",""
"3290","5652","Other Fee (%)","000104480001226","1","0.00","0.00","","0.00","0.00","0.00","N","9999","Request From LOS Module","","","",""
"3291","5653","Agreement Fee (%)","000104480001227","1","0.00","0.00","","0.00","0.00","0.00","N","9999","Request From LOS Module","","","",""
"3292","5654","Legal Fee (%)","000104480001227","1","0.00","0.00","","0.00","0.00","0.00","N","9999","Request From LOS Module","","","",""
"3293","5655","Other Fee (%)","000104480001227","1","0.00","0.00","","0.00","0.00","0.00","N","9999","Request From LOS Module","","","",""
"3294","5656","Agreement Fee (%)","000104480001228","1","0.00","0.00","","0.00","0.00","0.00","N","9999","Request From LOS Module","","","",""
"3295","5657","Legal Fee (%)","000104480001228","1","0.00","0.00","","0.00","0.00","0.00","N","9999","Request From LOS Module","","","",""
"3296","5658","Other Fee (%)","000104480001228","1","0.00","0.00","","0.00","0.00","0.00","N","9999","Request From LOS Module","","","",""
"3297","5659","Agreement Fee (%)","000104480001229","1","0.00","0.00","","0.00","0.00","0.00","N","9999","Request From LOS Module","","","",""
"3298","5660","Legal Fee (%)","000104480001229","1","0.00","0.00","","0.00","0.00","0.00","N","9999","Request From LOS Module","","","",""
"3299","5661","Other Fee (%)","000104480001229","1","0.00","0.00","","0.00","0.00","0.00","N","9999","Request From LOS Module","","","",""
"3300","5662","Agreement Fee (%)","000104480001230","1","0.00","0.00","","0.00","0.00","0.00","N","9999","Request From LOS Module","","","",""
"3301","5663","Legal Fee (%)","000104480001230","1","0.00","0.00","","0.00","0.00","0.00","N","9999","Request From LOS Module","","","",""
"3302","5664","Other Fee (%)","000104480001230","1","0.00","0.00","","0.00","0.00","0.00","N","9999","Request From LOS Module","","","",""
"3303","5665","Agreement Fee (%)","000104480001231","1","0.00","0.00","","0.00","0.00","0.00","N","9999","Request From LOS Module","","","",""
"3304","5666","Legal Fee (%)","000104480001231","1","0.00","0.00","","0.00","0.00","0.00","N","9999","Request From LOS Module","","","",""
"3305","5667","Other Fee (%)","000104480001231","1","0.00","0.00","","0.00","0.00","0.00","N","9999","Request From LOS Module","","","",""
"3306","5668","Agreement Fee (%)","000104480001232","1","0.00","0.00","","0.00","0.00","0.00","N","9999","Request From LOS Module","","","",""
"3307","5669","Legal Fee (%)","000104480001232","1","0.00","0.00","","0.00","0.00","0.00","N","9999","Request From LOS Module","","","",""
"3308","5670","Other Fee (%)","000104480001232","1","0.00","0.00","","0.00","0.00","0.00","N","9999","Request From LOS Module","","","",""
"3309","5671","Agreement Fee (%)","000104480001233","1","0.00","0.00","","0.00","0.00","0.00","N","9999","Request From LOS Module","","","",""
"3310","5672","Legal Fee (%)","000104480001233","1","0.00","0.00","","0.00","0.00","0.00","N","9999","Request From LOS Module","","","",""
"3311","5673","Other Fee (%)","000104480001233","1","0.00","0.00","","0.00","0.00","0.00","N","9999","Request From LOS Module","","","",""
"3312","5674","Agreement Fee (%)","000104480001234","1","0.00","0.00","","0.00","0.00","0.00","N","9999","Request From LOS Module","","","",""
"3313","5675","Legal Fee (%)","000104480001234","1","0.00","0.00","","0.00","0.00","0.00","N","9999","Request From LOS Module","","","",""
"3314","5676","Other Fee (%)","000104480001234","1","0.00","0.00","","0.00","0.00","0.00","N","9999","Request From LOS Module","","","",""
"3315","5680","Agreement Fee (%)","000104480001235","1","0.00","0.00","","0.00","0.00","0.00","N","9999","Request From LOS Module","","","",""
"3316","5681","Legal Fee (%)","000104480001235","1","0.00","0.00","","0.00","0.00","0.00","N","9999","Request From LOS Module","","","",""
"3317","5682","Other Fee (%)","000104480001235","1","0.00","0.00","","0.00","0.00","0.00","N","9999","Request From LOS Module","","","",""
"3318","5689","Agreement Fee (%)","000104480001236","1","0.00","0.00","","0.00","0.00","0.00","N","9999","Request From LOS Module","","","",""
"3319","5690","Legal Fee (%)","000104480001236","1","0.00","0.00","","0.00","0.00","0.00","N","9999","Request From LOS Module","","","",""
"3320","5691","Other Fee (%)","000104480001236","1","0.00","0.00","","0.00","0.00","0.00","N","9999","Request From LOS Module","","","",""
"3321","5695","Agreement Fee (%)","000104480001237","1","0.00","0.00","","0.00","0.00","0.00","N","9999","Request From LOS Module","","","",""
"3322","5696","Legal Fee (%)","000104480001237","1","0.00","0.00","","0.00","0.00","0.00","N","9999","Request From LOS Module","","","",""
"3323","5697","Other Fee (%)","000104480001237","1","0.00","0.00","","0.00","0.00","0.00","N","9999","Request From LOS Module","","","",""
"3324","5698","Agreement Fee (%)","000104480001238","1","0.00","0.00","","0.00","0.00","0.00","N","9999","Request From LOS Module","","","",""
"3325","5699","Legal Fee (%)","000104480001238","1","0.00","0.00","","0.00","0.00","0.00","N","9999","Request From LOS Module","","","",""
"3326","5700","Other Fee (%)","000104480001238","1","0.00","0.00","","0.00","0.00","0.00","N","9999","Request From LOS Module","","","",""
"3327","5707","Agreement Fee (%)","000104480001239","1","0.00","0.00","","0.00","0.00","0.00","N","9999","Request From LOS Module","","","",""
"3328","5708","Legal Fee (%)","000104480001239","1","0.00","0.00","","0.00","0.00","0.00","N","9999","Request From LOS Module","","","",""
"3329","5709","Other Fee (%)","000104480001239","1","0.00","0.00","","0.00","0.00","0.00","N","9999","Request From LOS Module","","","",""
"3330","5710","Agreement Fee (%)","000104480001240","1","0.00","0.00","","0.00","0.00","0.00","N","9999","Request From LOS Module","","","",""
"3331","5711","Legal Fee (%)","000104480001240","1","0.00","0.00","","0.00","0.00","0.00","N","9999","Request From LOS Module","","","",""
"3332","5712","Other Fee (%)","000104480001240","1","0.00","0.00","","0.00","0.00","0.00","N","9999","Request From LOS Module","","","",""
"3333","5713","Agreement Fee (%)","000104480001241","1","0.00","0.00","","0.00","0.00","0.00","N","9999","Request From LOS Module","","","",""
"3334","5714","Legal Fee (%)","000104480001241","1","0.00","0.00","","0.00","0.00","0.00","N","9999","Request From LOS Module","","","",""
"3335","5715","Other Fee (%)","000104480001241","1","0.00","0.00","","0.00","0.00","0.00","N","9999","Request From LOS Module","","","",""
"3336","5716","Agreement Fee (%)","000104480001242","1","0.00","0.00","","0.00","0.00","0.00","N","9999","Request From LOS Module","","","",""
"3337","5717","Legal Fee (%)","000104480001242","1","0.00","0.00","","0.00","0.00","0.00","N","9999","Request From LOS Module","","","",""
"3338","5718","Other Fee (%)","000104480001242","1","0.00","0.00","","0.00","0.00","0.00","N","9999","Request From LOS Module","","","",""
"3339","5719","Agreement Fee (%)","000104480001243","1","0.00","0.00","","0.00","0.00","0.00","N","9999","Request From LOS Module","","","",""
"3340","5720","Legal Fee (%)","000104480001243","1","0.00","0.00","","0.00","0.00","0.00","N","9999","Request From LOS Module","","","",""
"3341","5721","Other Fee (%)","000104480001243","1","0.00","0.00","","0.00","0.00","0.00","N","9999","Request From LOS Module","","","",""
"3342","5722","Agreement Fee (%)","000104480001244","1","0.00","0.00","","0.00","0.00","0.00","N","9999","Request From LOS Module","","","",""
"3343","5723","Legal Fee (%)","000104480001244","1","0.00","0.00","","0.00","0.00","0.00","N","9999","Request From LOS Module","","","",""
"3344","5724","Other Fee (%)","000104480001244","1","0.00","0.00","","0.00","0.00","0.00","N","9999","Request From LOS Module","","","",""
"3345","5725","Agreement Fee (%)","000104480001245","1","0.00","0.00","","0.00","0.00","0.00","N","9999","Request From LOS Module","","","",""
"3346","5726","Legal Fee (%)","000104480001245","1","0.00","0.00","","0.00","0.00","0.00","N","9999","Request From LOS Module","","","",""
"3347","5727","Other Fee (%)","000104480001245","1","0.00","0.00","","0.00","0.00","0.00","N","9999","Request From LOS Module","","","",""
"3348","5728","Agreement Fee (%)","000104480001246","1","0.00","0.00","","0.00","0.00","0.00","N","9999","Request From LOS Module","","","",""
"3349","5729","Legal Fee (%)","000104480001246","1","0.00","0.00","","0.00","0.00","0.00","N","9999","Request From LOS Module","","","",""
"3350","5730","Other Fee (%)","000104480001246","1","0.00","0.00","","0.00","0.00","0.00","N","9999","Request From LOS Module","","","",""
"3351","5731","Agreement Fee (%)","000104480001247","1","0.00","0.00","","0.00","0.00","0.00","N","9999","Request From LOS Module","","","",""
"3352","5732","Legal Fee (%)","000104480001247","1","0.00","0.00","","0.00","0.00","0.00","N","9999","Request From LOS Module","","","",""
"3353","5733","Other Fee (%)","000104480001247","1","0.00","0.00","","0.00","0.00","0.00","N","9999","Request From LOS Module","","","",""
"3354","5734","Agreement Fee (%)","000104480001248","1","0.00","0.00","","0.00","0.00","0.00","N","9999","Request From LOS Module","","","",""
"3355","5735","Legal Fee (%)","000104480001248","1","0.00","0.00","","0.00","0.00","0.00","N","9999","Request From LOS Module","","","",""
"3356","5736","Other Fee (%)","000104480001248","1","0.00","0.00","","0.00","0.00","0.00","N","9999","Request From LOS Module","","","",""
"3357","5737","Agreement Fee (%)","000104480001249","1","0.00","0.00","","0.00","0.00","0.00","N","9999","Request From LOS Module","","","",""
"3358","5738","Legal Fee (%)","000104480001249","1","0.00","0.00","","0.00","0.00","0.00","N","9999","Request From LOS Module","","","",""
"3359","5739","Other Fee (%)","000104480001249","1","0.00","0.00","","0.00","0.00","0.00","N","9999","Request From LOS Module","","","",""
"3360","5740","Agreement Fee (%)","000104480001250","1","0.00","0.00","","0.00","0.00","0.00","N","9999","Request From LOS Module","","","",""
"3361","5741","Legal Fee (%)","000104480001250","1","0.00","0.00","","0.00","0.00","0.00","N","9999","Request From LOS Module","","","",""
"3362","5742","Other Fee (%)","000104480001250","1","0.00","0.00","","0.00","0.00","0.00","N","9999","Request From LOS Module","","","",""
"3363","5743","Agreement Fee (%)","000104480001251","1","0.00","0.00","","0.00","0.00","0.00","N","9999","Request From LOS Module","","","",""
"3364","5744","Legal Fee (%)","000104480001251","1","0.00","0.00","","0.00","0.00","0.00","N","9999","Request From LOS Module","","","",""
"3365","5745","Other Fee (%)","000104480001251","1","0.00","0.00","","0.00","0.00","0.00","N","9999","Request From LOS Module","","","",""
"3366","5746","Agreement Fee (%)","000104480001252","1","0.00","0.00","","0.00","0.00","0.00","N","9999","Request From LOS Module","","","",""
"3367","5747","Legal Fee (%)","000104480001252","1","0.00","0.00","","0.00","0.00","0.00","N","9999","Request From LOS Module","","","",""
"3368","5748","Other Fee (%)","000104480001252","1","0.00","0.00","","0.00","0.00","0.00","N","9999","Request From LOS Module","","","",""
"3369","5749","Agreement Fee (%)","000104480001253","1","0.00","0.00","","0.00","0.00","0.00","N","9999","Request From LOS Module","","","",""
"3370","5750","Legal Fee (%)","000104480001253","1","0.00","0.00","","0.00","0.00","0.00","N","9999","Request From LOS Module","","","",""
"3371","5751","Other Fee (%)","000104480001253","1","0.00","0.00","","0.00","0.00","0.00","N","9999","Request From LOS Module","","","",""
"3372","5752","Agreement Fee (%)","000104480001254","1","0.00","0.00","","0.00","0.00","0.00","N","9999","Request From LOS Module","","","",""
"3373","5753","Legal Fee (%)","000104480001254","1","0.00","0.00","","0.00","0.00","0.00","N","9999","Request From LOS Module","","","",""
"3374","5754","Other Fee (%)","000104480001254","1","0.00","0.00","","0.00","0.00","0.00","N","9999","Request From LOS Module","","","",""
"3375","5755","Agreement Fee (%)","000104480001255","1","0.00","0.00","","0.00","0.00","0.00","N","9999","Request From LOS Module","","","",""
"3376","5756","Legal Fee (%)","000104480001255","1","0.00","0.00","","0.00","0.00","0.00","N","9999","Request From LOS Module","","","",""
"3377","5757","Other Fee (%)","000104480001255","1","0.00","0.00","","0.00","0.00","0.00","N","9999","Request From LOS Module","","","",""
"3378","5758","Agreement Fee (%)","000104480001256","1","0.00","0.00","","0.00","0.00","0.00","N","9999","Request From LOS Module","","","",""
"3379","5759","Legal Fee (%)","000104480001256","1","0.00","0.00","","0.00","0.00","0.00","N","9999","Request From LOS Module","","","",""
"3380","5760","Other Fee (%)","000104480001256","1","0.00","0.00","","0.00","0.00","0.00","N","9999","Request From LOS Module","","","",""
"3381","5761","Agreement Fee (%)","000104480001257","1","0.00","0.00","","0.00","0.00","0.00","N","9999","Request From LOS Module","","","",""
"3382","5762","Legal Fee (%)","000104480001257","1","0.00","0.00","","0.00","0.00","0.00","N","9999","Request From LOS Module","","","",""
"3383","5763","Other Fee (%)","000104480001257","1","0.00","0.00","","0.00","0.00","0.00","N","9999","Request From LOS Module","","","",""
"3384","5764","Agreement Fee (%)","000104480001258","1","0.00","0.00","","0.00","0.00","0.00","N","9999","Request From LOS Module","","","",""
"3385","5765","Legal Fee (%)","000104480001258","1","0.00","0.00","","0.00","0.00","0.00","N","9999","Request From LOS Module","","","",""
"3386","5766","Other Fee (%)","000104480001258","1","0.00","0.00","","0.00","0.00","0.00","N","9999","Request From LOS Module","","","",""
"3387","5767","Agreement Fee (%)","000104480001259","1","0.00","0.00","","0.00","0.00","0.00","N","9999","Request From LOS Module","","","",""
"3388","5768","Legal Fee (%)","000104480001259","1","0.00","0.00","","0.00","0.00","0.00","N","9999","Request From LOS Module","","","",""
"3389","5769","Other Fee (%)","000104480001259","1","0.00","0.00","","0.00","0.00","0.00","N","9999","Request From LOS Module","","","",""
"3390","5770","Agreement Fee (%)","000104480001260","1","0.00","0.00","","0.00","0.00","0.00","N","9999","Request From LOS Module","","","",""
"3391","5771","Legal Fee (%)","000104480001260","1","0.00","0.00","","0.00","0.00","0.00","N","9999","Request From LOS Module","","","",""
"3392","5772","Other Fee (%)","000104480001260","1","0.00","0.00","","0.00","0.00","0.00","N","9999","Request From LOS Module","","","",""
"3393","5773","Agreement Fee (%)","000104480001261","1","0.00","0.00","","0.00","0.00","0.00","N","9999","Request From LOS Module","","","",""
"3394","5774","Legal Fee (%)","000104480001261","1","0.00","0.00","","0.00","0.00","0.00","N","9999","Request From LOS Module","","","",""
"3395","5775","Other Fee (%)","000104480001261","1","0.00","0.00","","0.00","0.00","0.00","N","9999","Request From LOS Module","","","",""
"3396","5776","Agreement Fee (%)","000104480001262","1","0.00","0.00","","0.00","0.00","0.00","N","9999","Request From LOS Module","","","",""
"3397","5777","Legal Fee (%)","000104480001262","1","0.00","0.00","","0.00","0.00","0.00","N","9999","Request From LOS Module","","","",""
"3398","5778","Other Fee (%)","000104480001262","1","0.00","0.00","","0.00","0.00","0.00","N","9999","Request From LOS Module","","","",""
"3399","5779","Agreement Fee (%)","000104480001263","1","0.00","0.00","","0.00","0.00","0.00","N","9999","Request From LOS Module","","","",""
"3400","5780","Legal Fee (%)","000104480001263","1","0.00","0.00","","0.00","0.00","0.00","N","9999","Request From LOS Module","","","",""
"3401","5781","Other Fee (%)","000104480001263","1","0.00","0.00","","0.00","0.00","0.00","N","9999","Request From LOS Module","","","",""
"3402","5782","Agreement Fee (%)","000104480001264","1","0.00","0.00","","0.00","0.00","0.00","N","9999","Request From LOS Module","","","",""
"3403","5783","Legal Fee (%)","000104480001264","1","0.00","0.00","","0.00","0.00","0.00","N","9999","Request From LOS Module","","","",""
"3404","5784","Other Fee (%)","000104480001264","1","0.00","0.00","","0.00","0.00","0.00","N","9999","Request From LOS Module","","","",""
"3405","5785","Agreement Fee (%)","000104480001265","1","0.00","0.00","","0.00","0.00","0.00","N","9999","Request From LOS Module","","","",""
"3406","5786","Legal Fee (%)","000104480001265","1","0.00","0.00","","0.00","0.00","0.00","N","9999","Request From LOS Module","","","",""
"3407","5787","Other Fee (%)","000104480001265","1","0.00","0.00","","0.00","0.00","0.00","N","9999","Request From LOS Module","","","",""
"3408","5788","Agreement Fee (%)","000104480001266","1","0.00","0.00","","0.00","0.00","0.00","N","9999","Request From LOS Module","","","",""
"3409","5789","Legal Fee (%)","000104480001266","1","0.00","0.00","","0.00","0.00","0.00","N","9999","Request From LOS Module","","","",""
"3410","5790","Other Fee (%)","000104480001266","1","0.00","0.00","","0.00","0.00","0.00","N","9999","Request From LOS Module","","","",""
"3411","5791","Agreement Fee (%)","000104480001267","1","0.00","0.00","","0.00","0.00","0.00","N","9999","Request From LOS Module","","","",""
"3412","5792","Legal Fee (%)","000104480001267","1","0.00","0.00","","0.00","0.00","0.00","N","9999","Request From LOS Module","","","",""
"3413","5793","Other Fee (%)","000104480001267","1","0.00","0.00","","0.00","0.00","0.00","N","9999","Request From LOS Module","","","",""
"3414","5794","Agreement Fee (%)","000104480001268","1","0.00","0.00","","0.00","0.00","0.00","N","9999","Request From LOS Module","","","",""
"3415","5795","Legal Fee (%)","000104480001268","1","0.00","0.00","","0.00","0.00","0.00","N","9999","Request From LOS Module","","","",""
"3416","5796","Other Fee (%)","000104480001268","1","0.00","0.00","","0.00","0.00","0.00","N","9999","Request From LOS Module","","","",""
"3417","5797","Agreement Fee (%)","000104480001269","1","0.00","0.00","","0.00","0.00","0.00","N","9999","Request From LOS Module","","","",""
"3418","5798","Legal Fee (%)","000104480001269","1","0.00","0.00","","0.00","0.00","0.00","N","9999","Request From LOS Module","","","",""
"3419","5799","Other Fee (%)","000104480001269","1","0.00","0.00","","0.00","0.00","0.00","N","9999","Request From LOS Module","","","",""
"3420","5800","Agreement Fee (%)","000104480001270","1","0.00","0.00","","0.00","0.00","0.00","N","9999","Request From LOS Module","","","",""
"3421","5801","Legal Fee (%)","000104480001270","1","0.00","0.00","","0.00","0.00","0.00","N","9999","Request From LOS Module","","","",""
"3422","5802","Other Fee (%)","000104480001270","1","0.00","0.00","","0.00","0.00","0.00","N","9999","Request From LOS Module","","","",""
"3423","5803","Agreement Fee (%)","000104480001271","1","0.00","0.00","","0.00","0.00","0.00","N","9999","Request From LOS Module","","","",""
"3424","5804","Legal Fee (%)","000104480001271","1","0.00","0.00","","0.00","0.00","0.00","N","9999","Request From LOS Module","","","",""
"3425","5805","Other Fee (%)","000104480001271","1","0.00","0.00","","0.00","0.00","0.00","N","9999","Request From LOS Module","","","",""
"3426","5806","Agreement Fee (%)","000104480001272","1","0.00","0.00","","0.00","0.00","0.00","N","9999","Request From LOS Module","","","",""
"3427","5807","Legal Fee (%)","000104480001272","1","0.00","0.00","","0.00","0.00","0.00","N","9999","Request From LOS Module","","","",""
"3428","5808","Other Fee (%)","000104480001272","1","0.00","0.00","","0.00","0.00","0.00","N","9999","Request From LOS Module","","","",""
"3429","5809","Agreement Fee (%)","000104480001273","1","0.00","0.00","","0.00","0.00","0.00","N","9999","Request From LOS Module","","","",""
"3430","5810","Legal Fee (%)","000104480001273","1","0.00","0.00","","0.00","0.00","0.00","N","9999","Request From LOS Module","","","",""
"3431","5811","Other Fee (%)","000104480001273","1","0.00","0.00","","0.00","0.00","0.00","N","9999","Request From LOS Module","","","",""
"3432","5812","Agreement Fee (%)","000104480001274","1","0.00","0.00","","0.00","0.00","0.00","N","9999","Request From LOS Module","","","",""
"3433","5813","Legal Fee (%)","000104480001274","1","0.00","0.00","","0.00","0.00","0.00","N","9999","Request From LOS Module","","","",""
"3434","5814","Other Fee (%)","000104480001274","1","0.00","0.00","","0.00","0.00","0.00","N","9999","Request From LOS Module","","","",""
"3435","5815","Agreement Fee (%)","000104480001275","1","0.00","0.00","","0.00","0.00","0.00","N","9999","Request From LOS Module","","","",""
"3436","5816","Legal Fee (%)","000104480001275","1","0.00","0.00","","0.00","0.00","0.00","N","9999","Request From LOS Module","","","",""
"3437","5817","Other Fee (%)","000104480001275","1","0.00","0.00","","0.00","0.00","0.00","N","9999","Request From LOS Module","","","",""
"3438","5818","Agreement Fee (%)","000104480001276","1","0.00","0.00","","0.00","0.00","0.00","N","9999","Request From LOS Module","","","",""
"3439","5819","Legal Fee (%)","000104480001276","1","0.00","0.00","","0.00","0.00","0.00","N","9999","Request From LOS Module","","","",""
"3440","5820","Other Fee (%)","000104480001276","1","0.00","0.00","","0.00","0.00","0.00","N","9999","Request From LOS Module","","","",""
"3441","5821","Agreement Fee (%)","000104480001277","1","0.00","0.00","","0.00","0.00","0.00","N","9999","Request From LOS Module","","","",""
"3442","5822","Legal Fee (%)","000104480001277","1","0.00","0.00","","0.00","0.00","0.00","N","9999","Request From LOS Module","","","",""
"3443","5823","Other Fee (%)","000104480001277","1","0.00","0.00","","0.00","0.00","0.00","N","9999","Request From LOS Module","","","",""
"3444","5824","Agreement Fee (%)","000104480001278","1","0.00","0.00","","0.00","0.00","0.00","N","9999","Request From LOS Module","","","",""
"3445","5825","Legal Fee (%)","000104480001278","1","0.00","0.00","","0.00","0.00","0.00","N","9999","Request From LOS Module","","","",""
"3446","5826","Other Fee (%)","000104480001278","1","0.00","0.00","","0.00","0.00","0.00","N","9999","Request From LOS Module","","","",""
"3447","5827","Agreement Fee (%)","000104480001279","1","0.00","0.00","","0.00","0.00","0.00","N","9999","Request From LOS Module","","","",""
"3448","5828","Legal Fee (%)","000104480001279","1","0.00","0.00","","0.00","0.00","0.00","N","9999","Request From LOS Module","","","",""
"3449","5829","Other Fee (%)","000104480001279","1","0.00","0.00","","0.00","0.00","0.00","N","9999","Request From LOS Module","","","",""
"3450","5830","Agreement Fee (%)","000104480001280","1","0.00","0.00","","0.00","0.00","0.00","N","9999","Request From LOS Module","","","",""
"3451","5831","Legal Fee (%)","000104480001280","1","0.00","0.00","","0.00","0.00","0.00","N","9999","Request From LOS Module","","","",""
"3452","5832","Other Fee (%)","000104480001280","1","0.00","0.00","","0.00","0.00","0.00","N","9999","Request From LOS Module","","","",""
"3453","5833","Agreement Fee (%)","000104480001281","1","0.00","0.00","","0.00","0.00","0.00","N","9999","Request From LOS Module","","","",""
"3454","5834","Legal Fee (%)","000104480001281","1","0.00","0.00","","0.00","0.00","0.00","N","9999","Request From LOS Module","","","",""
"3455","5835","Other Fee (%)","000104480001281","1","0.00","0.00","","0.00","0.00","0.00","N","9999","Request From LOS Module","","","",""
"3456","5836","Agreement Fee (%)","000104480001282","1","0.00","0.00","","0.00","0.00","0.00","N","9999","Request From LOS Module","","","",""
"3457","5837","Legal Fee (%)","000104480001282","1","0.00","0.00","","0.00","0.00","0.00","N","9999","Request From LOS Module","","","",""
"3458","5838","Other Fee (%)","000104480001282","1","0.00","0.00","","0.00","0.00","0.00","N","9999","Request From LOS Module","","","",""
"3459","5839","Agreement Fee (%)","000104480001283","1","0.00","0.00","","0.00","0.00","0.00","N","9999","Request From LOS Module","","","",""
"3460","5840","Legal Fee (%)","000104480001283","1","0.00","0.00","","0.00","0.00","0.00","N","9999","Request From LOS Module","","","",""
"3461","5841","Other Fee (%)","000104480001283","1","0.00","0.00","","0.00","0.00","0.00","N","9999","Request From LOS Module","","","",""
"3462","5845","Agreement Fee (%)","000104480001284","1","0.00","0.00","","0.00","0.00","0.00","N","9999","Request From LOS Module","","","",""
"3463","5846","Legal Fee (%)","000104480001284","1","0.00","0.00","","0.00","0.00","0.00","N","9999","Request From LOS Module","","","",""
"3464","5847","Other Fee (%)","000104480001284","1","0.00","0.00","","0.00","0.00","0.00","N","9999","Request From LOS Module","","","",""
"3465","5848","Agreement Fee (%)","000104480001285","1","0.00","0.00","","0.00","0.00","0.00","N","9999","Request From LOS Module","","","",""
"3466","5849","Legal Fee (%)","000104480001285","1","0.00","0.00","","0.00","0.00","0.00","N","9999","Request From LOS Module","","","",""
"3467","5850","Other Fee (%)","000104480001285","1","0.00","0.00","","0.00","0.00","0.00","N","9999","Request From LOS Module","","","",""
"3468","5851","Agreement Fee (%)","000104480001286","1","0.00","0.00","","0.00","0.00","0.00","N","9999","Request From LOS Module","","","",""
"3469","5852","Legal Fee (%)","000104480001286","1","0.00","0.00","","0.00","0.00","0.00","N","9999","Request From LOS Module","","","",""
"3470","5853","Other Fee (%)","000104480001286","1","0.00","0.00","","0.00","0.00","0.00","N","9999","Request From LOS Module","","","",""
"3471","5854","Agreement Fee (%)","000104480001287","1","0.00","0.00","","0.00","0.00","0.00","N","9999","Request From LOS Module","","","",""
"3472","5855","Legal Fee (%)","000104480001287","1","0.00","0.00","","0.00","0.00","0.00","N","9999","Request From LOS Module","","","",""
"3473","5856","Other Fee (%)","000104480001287","1","0.00","0.00","","0.00","0.00","0.00","N","9999","Request From LOS Module","","","",""
"3474","5857","Agreement Fee (%)","000104480001288","1","0.00","0.00","","0.00","0.00","0.00","N","9999","Request From LOS Module","","","",""
"3475","5858","Legal Fee (%)","000104480001288","1","0.00","0.00","","0.00","0.00","0.00","N","9999","Request From LOS Module","","","",""
"3476","5859","Other Fee (%)","000104480001288","1","0.00","0.00","","0.00","0.00","0.00","N","9999","Request From LOS Module","","","",""
"3477","5860","Agreement Fee (%)","000104480001289","1","0.00","0.00","","0.00","0.00","0.00","N","9999","Request From LOS Module","","","",""
"3478","5861","Legal Fee (%)","000104480001289","1","0.00","0.00","","0.00","0.00","0.00","N","9999","Request From LOS Module","","","",""
"3479","5862","Other Fee (%)","000104480001289","1","0.00","0.00","","0.00","0.00","0.00","N","9999","Request From LOS Module","","","",""
"3480","5863","Agreement Fee (%)","000104480001290","1","0.00","0.00","","0.00","0.00","0.00","N","9999","Request From LOS Module","","","",""
"3481","5864","Legal Fee (%)","000104480001290","1","0.00","0.00","","0.00","0.00","0.00","N","9999","Request From LOS Module","","","",""
"3482","5865","Other Fee (%)","000104480001290","1","0.00","0.00","","0.00","0.00","0.00","N","9999","Request From LOS Module","","","",""
"3483","5866","Agreement Fee (%)","000104480001291","1","0.00","0.00","","0.00","0.00","0.00","N","9999","Request From LOS Module","","","",""
"3484","5867","Legal Fee (%)","000104480001291","1","0.00","0.00","","0.00","0.00","0.00","N","9999","Request From LOS Module","","","",""
"3485","5868","Other Fee (%)","000104480001291","1","0.00","0.00","","0.00","0.00","0.00","N","9999","Request From LOS Module","","","",""
"3486","5869","Agreement Fee (%)","000104480001292","1","0.00","0.00","","0.00","0.00","0.00","N","9999","Request From LOS Module","","","",""
"3487","5870","Legal Fee (%)","000104480001292","1","0.00","0.00","","0.00","0.00","0.00","N","9999","Request From LOS Module","","","",""
"3488","5871","Other Fee (%)","000104480001292","1","0.00","0.00","","0.00","0.00","0.00","N","9999","Request From LOS Module","","","",""
"3489","5872","Agreement Fee (%)","000104480001293","1","0.00","0.00","","0.00","0.00","0.00","N","9999","Request From LOS Module","","","",""
"3490","5873","Legal Fee (%)","000104480001293","1","0.00","0.00","","0.00","0.00","0.00","N","9999","Request From LOS Module","","","",""
"3491","5874","Other Fee (%)","000104480001293","1","0.00","0.00","","0.00","0.00","0.00","N","9999","Request From LOS Module","","","",""
"3492","5875","Agreement Fee (%)","000104480001294","1","0.00","0.00","","0.00","0.00","0.00","N","9999","Request From LOS Module","","","",""
"3493","5876","Legal Fee (%)","000104480001294","1","0.00","0.00","","0.00","0.00","0.00","N","9999","Request From LOS Module","","","",""
"3494","5877","Other Fee (%)","000104480001294","1","0.00","0.00","","0.00","0.00","0.00","N","9999","Request From LOS Module","","","",""
"3495","5878","Agreement Fee (%)","000104480001295","1","0.00","0.00","","0.00","0.00","0.00","N","9999","Request From LOS Module","","","",""
"3496","5879","Legal Fee (%)","000104480001295","1","0.00","0.00","","0.00","0.00","0.00","N","9999","Request From LOS Module","","","",""
"3497","5880","Other Fee (%)","000104480001295","1","0.00","0.00","","0.00","0.00","0.00","N","9999","Request From LOS Module","","","",""
"3498","5881","Agreement Fee (%)","000104480001296","1","0.00","0.00","","0.00","0.00","0.00","N","9999","Request From LOS Module","","","",""
"3499","5882","Legal Fee (%)","000104480001296","1","0.00","0.00","","0.00","0.00","0.00","N","9999","Request From LOS Module","","","",""
"3500","5883","Other Fee (%)","000104480001296","1","0.00","0.00","","0.00","0.00","0.00","N","9999","Request From LOS Module","","","",""
"3501","5884","Agreement Fee (%)","000104480001297","1","0.00","0.00","","0.00","0.00","0.00","N","9999","Request From LOS Module","","","",""
"3502","5885","Legal Fee (%)","000104480001297","1","0.00","0.00","","0.00","0.00","0.00","N","9999","Request From LOS Module","","","",""
"3503","5886","Other Fee (%)","000104480001297","1","0.00","0.00","","0.00","0.00","0.00","N","9999","Request From LOS Module","","","",""
"3504","5887","Agreement Fee (%)","000104480001298","1","0.00","0.00","","0.00","0.00","0.00","N","9999","Request From LOS Module","","","",""
"3505","5888","Legal Fee (%)","000104480001298","1","0.00","0.00","","0.00","0.00","0.00","N","9999","Request From LOS Module","","","",""
"3506","5889","Other Fee (%)","000104480001298","1","0.00","0.00","","0.00","0.00","0.00","N","9999","Request From LOS Module","","","",""
"3507","5890","Agreement Fee (%)","000104480001299","1","0.00","0.00","","0.00","0.00","0.00","N","9999","Request From LOS Module","","","",""
"3508","5891","Legal Fee (%)","000104480001299","1","0.00","0.00","","0.00","0.00","0.00","N","9999","Request From LOS Module","","","",""
"3509","5892","Other Fee (%)","000104480001299","1","0.00","0.00","","0.00","0.00","0.00","N","9999","Request From LOS Module","","","",""
"3510","5893","Agreement Fee (%)","000104480001300","1","0.00","0.00","","0.00","0.00","0.00","N","9999","Request From LOS Module","","","",""
"3511","5894","Legal Fee (%)","000104480001300","1","0.00","0.00","","0.00","0.00","0.00","N","9999","Request From LOS Module","","","",""
"3512","5895","Other Fee (%)","000104480001300","1","0.00","0.00","","0.00","0.00","0.00","N","9999","Request From LOS Module","","","",""
"3513","5896","Agreement Fee (%)","000104480001301","1","0.00","0.00","","0.00","0.00","0.00","N","9999","Request From LOS Module","","","",""
"3514","5897","Legal Fee (%)","000104480001301","1","0.00","0.00","","0.00","0.00","0.00","N","9999","Request From LOS Module","","","",""
"3515","5898","Other Fee (%)","000104480001301","1","0.00","0.00","","0.00","0.00","0.00","N","9999","Request From LOS Module","","","",""
"3516","5899","Agreement Fee (%)","000104480001302","1","0.00","0.00","","0.00","0.00","0.00","N","9999","Request From LOS Module","","","",""
"3517","5900","Legal Fee (%)","000104480001302","1","0.00","0.00","","0.00","0.00","0.00","N","9999","Request From LOS Module","","","",""
"3518","5901","Other Fee (%)","000104480001302","1","0.00","0.00","","0.00","0.00","0.00","N","9999","Request From LOS Module","","","",""
"3519","5902","Agreement Fee (%)","000104480001303","1","0.00","0.00","","0.00","0.00","0.00","N","9999","Request From LOS Module","","","",""
"3520","5903","Legal Fee (%)","000104480001303","1","0.00","0.00","","0.00","0.00","0.00","N","9999","Request From LOS Module","","","",""
"3521","5904","Other Fee (%)","000104480001303","1","0.00","0.00","","0.00","0.00","0.00","N","9999","Request From LOS Module","","","",""
"3522","5905","Agreement Fee (%)","000104480001304","1","0.00","0.00","","0.00","0.00","0.00","N","9999","Request From LOS Module","","","",""
"3523","5906","Legal Fee (%)","000104480001304","1","0.00","0.00","","0.00","0.00","0.00","N","9999","Request From LOS Module","","","",""
"3524","5907","Other Fee (%)","000104480001304","1","0.00","0.00","","0.00","0.00","0.00","N","9999","Request From LOS Module","","","",""
"3525","5908","Agreement Fee (%)","000104480001305","1","0.00","0.00","","0.00","0.00","0.00","N","9999","Request From LOS Module","","","",""
"3526","5909","Legal Fee (%)","000104480001305","1","0.00","0.00","","0.00","0.00","0.00","N","9999","Request From LOS Module","","","",""
"3527","5910","Other Fee (%)","000104480001305","1","0.00","0.00","","0.00","0.00","0.00","N","9999","Request From LOS Module","","","",""
"3528","5911","Agreement Fee (%)","000104480001306","1","0.00","0.00","","0.00","0.00","0.00","N","9999","Request From LOS Module","","","",""
"3529","5912","Legal Fee (%)","000104480001306","1","0.00","0.00","","0.00","0.00","0.00","N","9999","Request From LOS Module","","","",""
"3530","5913","Other Fee (%)","000104480001306","1","0.00","0.00","","0.00","0.00","0.00","N","9999","Request From LOS Module","","","",""
"3531","5914","Agreement Fee (%)","000104480001307","1","0.00","0.00","","0.00","0.00","0.00","N","9999","Request From LOS Module","","","",""
"3532","5915","Legal Fee (%)","000104480001307","1","0.00","0.00","","0.00","0.00","0.00","N","9999","Request From LOS Module","","","",""
"3533","5916","Other Fee (%)","000104480001307","1","0.00","0.00","","0.00","0.00","0.00","N","9999","Request From LOS Module","","","",""
"3534","5917","Agreement Fee (%)","000104480001308","1","0.00","0.00","","0.00","0.00","0.00","N","9999","Request From LOS Module","","","",""
"3535","5918","Legal Fee (%)","000104480001308","1","0.00","0.00","","0.00","0.00","0.00","N","9999","Request From LOS Module","","","",""
"3536","5919","Other Fee (%)","000104480001308","1","0.00","0.00","","0.00","0.00","0.00","N","9999","Request From LOS Module","","","",""
"3537","5920","Agreement Fee (%)","000104480001309","1","0.00","0.00","","0.00","0.00","0.00","N","9999","Request From LOS Module","","","",""
"3538","5921","Legal Fee (%)","000104480001309","1","0.00","0.00","","0.00","0.00","0.00","N","9999","Request From LOS Module","","","",""
"3539","5922","Other Fee (%)","000104480001309","1","0.00","0.00","","0.00","0.00","0.00","N","9999","Request From LOS Module","","","",""
"3540","5923","Agreement Fee (%)","000104480001310","1","0.00","0.00","","0.00","0.00","0.00","N","9999","Request From LOS Module","","","",""
"3541","5924","Legal Fee (%)","000104480001310","1","0.00","0.00","","0.00","0.00","0.00","N","9999","Request From LOS Module","","","",""
"3542","5925","Other Fee (%)","000104480001310","1","0.00","0.00","","0.00","0.00","0.00","N","9999","Request From LOS Module","","","",""
"3543","5926","Agreement Fee (%)","000104480001311","1","0.00","0.00","","0.00","0.00","0.00","N","9999","Request From LOS Module","","","",""
"3544","5927","Legal Fee (%)","000104480001311","1","0.00","0.00","","0.00","0.00","0.00","N","9999","Request From LOS Module","","","",""
"3545","5928","Other Fee (%)","000104480001311","1","0.00","0.00","","0.00","0.00","0.00","N","9999","Request From LOS Module","","","",""
"3546","5929","Agreement Fee (%)","000104480001312","1","0.00","0.00","","0.00","0.00","0.00","N","9999","Request From LOS Module","","","",""
"3547","5930","Legal Fee (%)","000104480001312","1","0.00","0.00","","0.00","0.00","0.00","N","9999","Request From LOS Module","","","",""
"3548","5931","Other Fee (%)","000104480001312","1","0.00","0.00","","0.00","0.00","0.00","N","9999","Request From LOS Module","","","",""
"3549","5932","Agreement Fee (%)","000104480001313","1","0.00","0.00","","0.00","0.00","0.00","N","9999","Request From LOS Module","","","",""
"3550","5933","Legal Fee (%)","000104480001313","1","0.00","0.00","","0.00","0.00","0.00","N","9999","Request From LOS Module","","","",""
"3551","5934","Other Fee (%)","000104480001313","1","0.00","0.00","","0.00","0.00","0.00","N","9999","Request From LOS Module","","","",""
"3552","5935","Agreement Fee (%)","000104480001314","1","0.00","0.00","","0.00","0.00","0.00","N","9999","Request From LOS Module","","","",""
"3553","5936","Legal Fee (%)","000104480001314","1","0.00","0.00","","0.00","0.00","0.00","N","9999","Request From LOS Module","","","",""
"3554","5937","Other Fee (%)","000104480001314","1","0.00","0.00","","0.00","0.00","0.00","N","9999","Request From LOS Module","","","",""
"3555","5938","Agreement Fee (%)","000104480001315","1","0.00","0.00","","0.00","0.00","0.00","N","9999","Request From LOS Module","","","",""
"3556","5939","Legal Fee (%)","000104480001315","1","0.00","0.00","","0.00","0.00","0.00","N","9999","Request From LOS Module","","","",""
"3557","5940","Other Fee (%)","000104480001315","1","0.00","0.00","","0.00","0.00","0.00","N","9999","Request From LOS Module","","","",""
"3558","5941","Agreement Fee (%)","000104480001316","1","0.00","0.00","","0.00","0.00","0.00","N","9999","Request From LOS Module","","","",""
"3559","5942","Legal Fee (%)","000104480001316","1","0.00","0.00","","0.00","0.00","0.00","N","9999","Request From LOS Module","","","",""
"3560","5943","Other Fee (%)","000104480001316","1","0.00","0.00","","0.00","0.00","0.00","N","9999","Request From LOS Module","","","",""
"3561","5944","Agreement Fee (%)","000104480001317","1","0.00","0.00","","0.00","0.00","0.00","N","9999","Request From LOS Module","","","",""
"3562","5945","Legal Fee (%)","000104480001317","1","0.00","0.00","","0.00","0.00","0.00","N","9999","Request From LOS Module","","","",""
"3563","5946","Other Fee (%)","000104480001317","1","0.00","0.00","","0.00","0.00","0.00","N","9999","Request From LOS Module","","","",""
"3564","5947","Agreement Fee (%)","000104480001318","1","0.00","0.00","","0.00","0.00","0.00","N","9999","Request From LOS Module","","","",""
"3565","5948","Legal Fee (%)","000104480001318","1","0.00","0.00","","0.00","0.00","0.00","N","9999","Request From LOS Module","","","",""
"3566","5949","Other Fee (%)","000104480001318","1","0.00","0.00","","0.00","0.00","0.00","N","9999","Request From LOS Module","","","",""
"3567","5953","Agreement Fee (%)","000104480001319","1","0.00","0.00","","0.00","0.00","0.00","N","9999","Request From LOS Module","","","",""
"3568","5954","Legal Fee (%)","000104480001319","1","0.00","0.00","","0.00","0.00","0.00","N","9999","Request From LOS Module","","","",""
"3569","5955","Other Fee (%)","000104480001319","1","0.00","0.00","","0.00","0.00","0.00","N","9999","Request From LOS Module","","","",""
"3570","5956","Agreement Fee (%)","000104480001320","1","0.00","0.00","","0.00","0.00","0.00","N","9999","Request From LOS Module","","","",""
"3571","5957","Legal Fee (%)","000104480001320","1","0.00","0.00","","0.00","0.00","0.00","N","9999","Request From LOS Module","","","",""
"3572","5958","Other Fee (%)","000104480001320","1","0.00","0.00","","0.00","0.00","0.00","N","9999","Request From LOS Module","","","",""
"3573","5959","Agreement Fee (%)","000104480001321","1","0.00","0.00","","0.00","0.00","0.00","N","9999","Request From LOS Module","","","",""
"3574","5960","Legal Fee (%)","000104480001321","1","0.00","0.00","","0.00","0.00","0.00","N","9999","Request From LOS Module","","","",""
"3575","5961","Other Fee (%)","000104480001321","1","0.00","0.00","","0.00","0.00","0.00","N","9999","Request From LOS Module","","","",""
"3576","5962","Agreement Fee (%)","000104480001322","1","0.00","0.00","","0.00","0.00","0.00","N","9999","Request From LOS Module","","","",""
"3577","5963","Legal Fee (%)","000104480001322","1","0.00","0.00","","0.00","0.00","0.00","N","9999","Request From LOS Module","","","",""
"3578","5964","Other Fee (%)","000104480001322","1","0.00","0.00","","0.00","0.00","0.00","N","9999","Request From LOS Module","","","",""
"3579","5965","Agreement Fee (%)","000104480001323","1","0.00","0.00","","0.00","0.00","0.00","N","9999","Request From LOS Module","","","",""
"3580","5966","Legal Fee (%)","000104480001323","1","0.00","0.00","","0.00","0.00","0.00","N","9999","Request From LOS Module","","","",""
"3581","5967","Other Fee (%)","000104480001323","1","0.00","0.00","","0.00","0.00","0.00","N","9999","Request From LOS Module","","","",""
"3582","5968","Agreement Fee (%)","000104480001324","1","0.00","0.00","","0.00","0.00","0.00","N","9999","Request From LOS Module","","","",""
"3583","5969","Legal Fee (%)","000104480001324","1","0.00","0.00","","0.00","0.00","0.00","N","9999","Request From LOS Module","","","",""
"3584","5970","Other Fee (%)","000104480001324","1","0.00","0.00","","0.00","0.00","0.00","N","9999","Request From LOS Module","","","",""
"3585","5971","Agreement Fee (%)","000104480001325","1","0.00","0.00","","0.00","0.00","0.00","N","9999","Request From LOS Module","","","",""
"3586","5972","Legal Fee (%)","000104480001325","1","0.00","0.00","","0.00","0.00","0.00","N","9999","Request From LOS Module","","","",""
"3587","5973","Other Fee (%)","000104480001325","1","0.00","0.00","","0.00","0.00","0.00","N","9999","Request From LOS Module","","","",""
"3588","5974","Agreement Fee (%)","000104480001326","1","0.00","0.00","","0.00","0.00","0.00","N","9999","Request From LOS Module","","","",""
"3589","5975","Legal Fee (%)","000104480001326","1","0.00","0.00","","0.00","0.00","0.00","N","9999","Request From LOS Module","","","",""
"3590","5976","Other Fee (%)","000104480001326","1","0.00","0.00","","0.00","0.00","0.00","N","9999","Request From LOS Module","","","",""
"3591","5977","Agreement Fee (%)","000104480001327","1","0.00","0.00","","0.00","0.00","0.00","N","9999","Request From LOS Module","","","",""
"3592","5978","Legal Fee (%)","000104480001327","1","0.00","0.00","","0.00","0.00","0.00","N","9999","Request From LOS Module","","","",""
"3593","5979","Other Fee (%)","000104480001327","1","0.00","0.00","","0.00","0.00","0.00","N","9999","Request From LOS Module","","","",""
"3594","5980","Agreement Fee (%)","000104480001328","1","0.00","0.00","","0.00","0.00","0.00","N","9999","Request From LOS Module","","","",""
"3595","5981","Legal Fee (%)","000104480001328","1","0.00","0.00","","0.00","0.00","0.00","N","9999","Request From LOS Module","","","",""
"3596","5982","Other Fee (%)","000104480001328","1","0.00","0.00","","0.00","0.00","0.00","N","9999","Request From LOS Module","","","",""
"3597","5983","Agreement Fee (%)","000104480001329","1","0.00","0.00","","0.00","0.00","0.00","N","9999","Request From LOS Module","","","",""
"3598","5984","Legal Fee (%)","000104480001329","1","0.00","0.00","","0.00","0.00","0.00","N","9999","Request From LOS Module","","","",""
"3599","5985","Other Fee (%)","000104480001329","1","0.00","0.00","","0.00","0.00","0.00","N","9999","Request From LOS Module","","","",""
"3600","5986","Agreement Fee (%)","000104480001330","1","0.00","0.00","","0.00","0.00","0.00","N","9999","Request From LOS Module","","","",""
"3601","5987","Legal Fee (%)","000104480001330","1","0.00","0.00","","0.00","0.00","0.00","N","9999","Request From LOS Module","","","",""
"3602","5988","Other Fee (%)","000104480001330","1","0.00","0.00","","0.00","0.00","0.00","N","9999","Request From LOS Module","","","",""
"3603","5989","Agreement Fee (%)","000104480001331","1","0.00","0.00","","0.00","0.00","0.00","N","9999","Request From LOS Module","","","",""
"3604","5990","Legal Fee (%)","000104480001331","1","0.00","0.00","","0.00","0.00","0.00","N","9999","Request From LOS Module","","","",""
"3605","5991","Other Fee (%)","000104480001331","1","0.00","0.00","","0.00","0.00","0.00","N","9999","Request From LOS Module","","","",""
"3606","5992","Agreement Fee (%)","000104480001332","1","0.00","0.00","","0.00","0.00","0.00","N","9999","Request From LOS Module","","","",""
"3607","5993","Legal Fee (%)","000104480001332","1","0.00","0.00","","0.00","0.00","0.00","N","9999","Request From LOS Module","","","",""
"3608","5994","Other Fee (%)","000104480001332","1","0.00","0.00","","0.00","0.00","0.00","N","9999","Request From LOS Module","","","",""
"3609","5995","Agreement Fee (%)","000104480001333","1","0.00","0.00","","0.00","0.00","0.00","N","9999","Request From LOS Module","","","",""
"3610","5996","Legal Fee (%)","000104480001333","1","0.00","0.00","","0.00","0.00","0.00","N","9999","Request From LOS Module","","","",""
"3611","5997","Other Fee (%)","000104480001333","1","0.00","0.00","","0.00","0.00","0.00","N","9999","Request From LOS Module","","","",""
"3612","5998","Agreement Fee (%)","000104480001334","1","0.00","0.00","","0.00","0.00","0.00","N","9999","Request From LOS Module","","","",""
"3613","5999","Legal Fee (%)","000104480001334","1","0.00","0.00","","0.00","0.00","0.00","N","9999","Request From LOS Module","","","",""
"3614","6000","Other Fee (%)","000104480001334","1","0.00","0.00","","0.00","0.00","0.00","N","9999","Request From LOS Module","","","",""
"3615","6001","Agreement Fee (%)","000104480001335","1","0.00","0.00","","0.00","0.00","0.00","N","9999","Request From LOS Module","","","",""
"3616","6002","Legal Fee (%)","000104480001335","1","0.00","0.00","","0.00","0.00","0.00","N","9999","Request From LOS Module","","","",""
"3617","6003","Other Fee (%)","000104480001335","1","0.00","0.00","","0.00","0.00","0.00","N","9999","Request From LOS Module","","","",""
"3618","6007","Agreement Fee (%)","000104480001336","1","0.00","0.00","","0.00","0.00","0.00","N","9999","Request From LOS Module","","","",""
"3619","6008","Legal Fee (%)","000104480001336","1","0.00","0.00","","0.00","0.00","0.00","N","9999","Request From LOS Module","","","",""
"3620","6009","Other Fee (%)","000104480001336","1","0.00","0.00","","0.00","0.00","0.00","N","9999","Request From LOS Module","","","",""
"3621","6010","Agreement Fee (%)","000104480001337","1","0.00","0.00","","0.00","0.00","0.00","N","9999","Request From LOS Module","","","",""
"3622","6011","Legal Fee (%)","000104480001337","1","0.00","0.00","","0.00","0.00","0.00","N","9999","Request From LOS Module","","","",""
"3623","6012","Other Fee (%)","000104480001337","1","0.00","0.00","","0.00","0.00","0.00","N","9999","Request From LOS Module","","","",""
"3624","6013","Agreement Fee (%)","000104480001338","1","0.00","0.00","","0.00","0.00","0.00","N","9999","Request From LOS Module","","","",""
"3625","6014","Legal Fee (%)","000104480001338","1","0.00","0.00","","0.00","0.00","0.00","N","9999","Request From LOS Module","","","",""
"3626","6015","Other Fee (%)","000104480001338","1","0.00","0.00","","0.00","0.00","0.00","N","9999","Request From LOS Module","","","",""
"3627","6016","Agreement Fee (%)","000104480001339","1","0.00","0.00","","0.00","0.00","0.00","N","9999","Request From LOS Module","","","",""
"3628","6017","Legal Fee (%)","000104480001339","1","0.00","0.00","","0.00","0.00","0.00","N","9999","Request From LOS Module","","","",""
"3629","6018","Other Fee (%)","000104480001339","1","0.00","0.00","","0.00","0.00","0.00","N","9999","Request From LOS Module","","","",""
"3630","6019","Agreement Fee (%)","000104480001340","1","0.00","0.00","","0.00","0.00","0.00","N","9999","Request From LOS Module","","","",""
"3631","6020","Legal Fee (%)","000104480001340","1","0.00","0.00","","0.00","0.00","0.00","N","9999","Request From LOS Module","","","",""
"3632","6021","Other Fee (%)","000104480001340","1","0.00","0.00","","0.00","0.00","0.00","N","9999","Request From LOS Module","","","",""
"3633","6022","Agreement Fee (%)","000104480001341","1","0.00","0.00","","0.00","0.00","0.00","N","9999","Request From LOS Module","","","",""
"3634","6023","Legal Fee (%)","000104480001341","1","0.00","0.00","","0.00","0.00","0.00","N","9999","Request From LOS Module","","","",""
"3635","6024","Other Fee (%)","000104480001341","1","0.00","0.00","","0.00","0.00","0.00","N","9999","Request From LOS Module","","","",""
"3636","6025","Agreement Fee (%)","000104480001342","1","0.00","0.00","","0.00","0.00","0.00","N","9999","Request From LOS Module","","","",""
"3637","6026","Legal Fee (%)","000104480001342","1","0.00","0.00","","0.00","0.00","0.00","N","9999","Request From LOS Module","","","",""
"3638","6027","Other Fee (%)","000104480001342","1","0.00","0.00","","0.00","0.00","0.00","N","9999","Request From LOS Module","","","",""
"3639","6028","Agreement Fee (%)","000104480001343","1","0.00","0.00","","0.00","0.00","0.00","N","9999","Request From LOS Module","","","",""
"3640","6029","Legal Fee (%)","000104480001343","1","0.00","0.00","","0.00","0.00","0.00","N","9999","Request From LOS Module","","","",""
"3641","6030","Other Fee (%)","000104480001343","1","0.00","0.00","","0.00","0.00","0.00","N","9999","Request From LOS Module","","","",""
"3642","6031","Agreement Fee (%)","000104480001344","1","0.00","0.00","","0.00","0.00","0.00","N","9999","Request From LOS Module","","","",""
"3643","6032","Legal Fee (%)","000104480001344","1","0.00","0.00","","0.00","0.00","0.00","N","9999","Request From LOS Module","","","",""
"3644","6033","Other Fee (%)","000104480001344","1","0.00","0.00","","0.00","0.00","0.00","N","9999","Request From LOS Module","","","",""
"3645","6034","Agreement Fee (%)","000104480001345","1","0.00","0.00","","0.00","0.00","0.00","N","9999","Request From LOS Module","","","",""
"3646","6035","Legal Fee (%)","000104480001345","1","0.00","0.00","","0.00","0.00","0.00","N","9999","Request From LOS Module","","","",""
"3647","6036","Other Fee (%)","000104480001345","1","0.00","0.00","","0.00","0.00","0.00","N","9999","Request From LOS Module","","","",""
"3648","6037","Agreement Fee (%)","000104480001346","1","0.00","0.00","","0.00","0.00","0.00","N","9999","Request From LOS Module","","","",""
"3649","6038","Legal Fee (%)","000104480001346","1","0.00","0.00","","0.00","0.00","0.00","N","9999","Request From LOS Module","","","",""
"3650","6039","Other Fee (%)","000104480001346","1","0.00","0.00","","0.00","0.00","0.00","N","9999","Request From LOS Module","","","",""
"3651","6040","Agreement Fee (%)","000104480001347","1","0.00","0.00","","0.00","0.00","0.00","N","9999","Request From LOS Module","","","",""
