"   ","INST_CHART_DET_ID","NEW_AC_NUMBER","SUB_ACCOUNT_NO","TRANSACTION_DATE","INST_DET_ID","INST_SR_NO","INSTALLMENT_DATE","INSTALLMENT_AMT","INST_RECOVERED","LAST_OVD_CALC_DATE","REMARK","ACTIVE_FLAG","STATUS_CHANGE_DATE","STATUS_REASON","DELETE_FLAG","OPERATION_ID","OPERATION_DATE","ENTER_USER_ID","ENTER_DESC","DELETE_USER_ID","DELETE_DESC","VERIFY_FLAG","VERIFY_USER_ID","VERIFY_DESC","PASS_USER_ID","PASS_DESC","INTR_INSTALLMENT_AMT","PRIN_INSTALLMENT_AMT","EXP_BALANCE","INT_RECEIVED_FLAG","CUMVOUCH_DET_ID","INTEREST_RECOVERED","INTEREST_RECEIVABLE","PENAL_INT","PENAL_RECOVERED","ACT_INT_RECOVERY","RECOV_CUMVOUID","INT_RECOVERY_REUPDATE"
"1","10808","000104420000003","1","3/28/2024","1089","1","7/28/2020","0.00","34061.94","","","Y","","","N","","","9999","15760000","","","Y","9999","0","9999","0","34061.94","-34061.94","15794061.94","Y","","34061.94","0.00","0.00","0.00","0.00","","0.00"
"2","10809","000104420000003","1","3/28/2024","1089","2","8/1/2020","0.00","264550.54","","","Y","","","N","","","9999","15794061.94","","","Y","9999","0","9999","0","264550.54","-264550.54","16058612.47","Y","","264550.54","0.00","0.00","0.00","0.00","","0.00"
"3","10810","000104420000003","1","3/28/2024","1089","3","9/1/2020","0.00","268981.76","","","Y","","","N","","","9999","16058612.47","","","Y","9999","0","9999","0","268981.76","-268981.76","16327594.23","Y","","268981.76","0.00","0.00","0.00","0.00","","0.00"
"4","10811","000104420000003","1","3/28/2024","1089","4","10/1/2020","0.00","273487.20","","","Y","","","N","","","9999","16327594.23","","","Y","9999","0","9999","0","273487.20","-273487.20","16601081.44","Y","","273487.20","0.00","0.00","0.00","0.00","","0.00"
"5","10812","000104420000003","1","3/28/2024","1089","5","11/1/2020","0.00","278068.11","","","Y","","","N","","","9999","16601081.44","","","Y","9999","0","9999","0","278068.11","-278068.11","16879149.55","Y","","278068.11","0.00","0.00","0.00","0.00","","0.00"
"6","10813","000104420000003","1","3/28/2024","1089","6","12/1/2020","0.00","282725.75","","","Y","","","N","","","9999","16879149.55","","","Y","9999","0","9999","0","282725.75","-282725.75","17161875.30","Y","","282725.75","0.00","0.00","0.00","0.00","","0.00"
"7","10814","000104420000003","1","3/28/2024","1089","7","1/1/2021","0.00","329001.41","","","Y","","","N","","","9999","19641875.3","","","Y","9999","0","9999","0","329001.41","-329001.41","19970876.72","Y","","329001.41","0.00","0.00","0.00","0.00","","0.00"
"8","10815","000104420000003","1","3/28/2024","1090","8","2/1/2021","1294338.14","334512.18","","","Y","","","N","","","9999","19970876.72","","","Y","9999","0","9999","1294338.14","334512.18","959825.95","19011050.76","Y","","334512.18","0.00","0.00","0.00","0.00","","0.00"
"9","10816","000104420000003","1","3/28/2024","1090","9","3/1/2021","1294338.14","318435.10","","","Y","","","N","","","9999","19011050.76","","","Y","9999","0","9999","2588676.27","318435.10","975903.04","18035147.73","Y","","318435.10","0.00","0.00","0.00","0.00","","0.00"
"10","10817","000104420000003","1","3/28/2024","1090","10","4/1/2021","1294338.14","302088.72","","","Y","","","N","","","9999","18035147.73","","","Y","9999","0","9999","3883014.41","302088.72","992249.41","17042898.32","Y","","302088.72","0.00","0.00","0.00","0.00","","0.00"
"11","10818","000104420000003","1","3/28/2024","1090","11","5/1/2021","1294338.14","285468.55","","","Y","","","N","","","9999","17042898.32","","","Y","9999","0","9999","5177352.55","285468.55","1008869.59","16034028.73","Y","","285468.55","0.00","0.00","0.00","0.00","","0.00"
"12","10819","000104420000003","1","3/28/2024","1090","12","6/1/2021","1294338.14","268569.98","","","Y","","","N","","","9999","16034028.73","","","Y","9999","0","9999","6471690.68","268569.98","1025768.16","15008260.57","Y","","268569.98","0.00","0.00","0.00","0.00","","0.00"
"13","10820","000104420000003","1","3/28/2024","1090","13","7/1/2021","1294338.14","251388.36","","","Y","","","N","","","9999","15008260.57","","","Y","9999","0","9999","7766028.82","251388.36","1042949.77","13965310.80","Y","","251388.36","0.00","0.00","0.00","0.00","","0.00"
"14","10821","000104420000003","1","3/28/2024","1090","14","8/1/2021","1294338.14","233918.96","","","Y","","","N","","","9999","13965310.8","","","Y","9999","0","9999","9060366.95","233918.96","1060419.18","12904891.62","Y","","233918.96","0.00","0.00","0.00","0.00","","0.00"
"15","10822","000104420000003","1","3/28/2024","1090","15","9/1/2021","1294338.14","216156.93","","","Y","","","N","","","9999","12904891.62","","","Y","9999","0","9999","10354705.09","216156.93","1078181.20","11826710.42","Y","","216156.93","0.00","0.00","0.00","0.00","","0.00"
"16","10823","000104420000003","1","3/28/2024","1090","16","10/1/2021","1294338.14","198097.40","","","Y","","","N","","","9999","11826710.42","","","Y","9999","500000","9999","11149043.23","198097.40","1096240.74","10730469.68","Y","","198097.40","0.00","0.00","0.00","0.00","","0.00"
"17","10824","000104420000003","1","3/28/2024","1090","17","11/1/2021","1294338.14","179735.37","","","Y","","","N","","","9999","10730469.68","","","Y","9999","0","9999","12443381.36","179735.37","1114602.77","9615866.91","Y","","179735.37","0.00","0.00","0.00","0.00","","0.00"
"18","10825","000104420000003","1","3/28/2024","1090","18","12/1/2021","1294338.14","161065.77","","","Y","","","N","","","9999","9615866.91","","","Y","9999","0","9999","13737719.5","161065.77","1133272.37","8482594.55","Y","","161065.77","0.00","0.00","0.00","0.00","","0.00"
"19","10826","000104420000003","1","3/28/2024","1090","19","1/1/2022","1294338.14","142083.46","","","Y","","","N","","","9999","8482594.55","","","Y","9999","0","9999","15032057.64","142083.46","1152254.68","7330339.87","Y","","142083.46","0.00","0.00","0.00","0.00","","0.00"
"20","10827","000104420000003","1","3/28/2024","1090","20","2/1/2022","1294338.14","122783.19","","","Y","","","N","","","9999","7330339.87","","","Y","9999","0","9999","16326395.77","122783.19","1171554.94","6158784.92","Y","","122783.19","0.00","0.00","0.00","0.00","","0.00"
"21","10828","000104420000003","1","3/28/2024","1090","21","3/1/2022","1294338.14","103159.65","","","Y","","","N","","","9999","6158784.92","","","Y","9999","0","9999","17620733.91","103159.65","1191178.49","4967606.44","Y","","103159.65","0.00","0.00","0.00","0.00","","0.00"
"22","10829","000104420000003","1","3/28/2024","1090","22","4/1/2022","1294338.14","83207.41","","","Y","","","N","","","9999","4967606.44","","","Y","9999","0","9999","18915072.05","83207.41","1211130.73","3756475.71","Y","","83207.41","0.00","0.00","0.00","0.00","","0.00"
"23","10830","000104420000003","1","3/28/2024","1091","23","5/1/2022","1294549.14","63234.01","","","Y","","","N","","","9999","3756475.71","","","Y","9999","0","9999","20209621.18","63234.01","1231315.13","2525160.58","Y","","63234.01","0.00","0.00","0.00","0.00","","0.00"
"24","10831","000104420000003","1","3/28/2024","1091","24","6/1/2022","1294549.14","42506.87","","","Y","","","N","","","9999","2525160.58","","","Y","9999","0","9999","21504170.32","42506.87","1252042.27","1273118.31","Y","","42506.87","0.00","0.00","0.00","0.00","","0.00"
"25","10832","000104420000003","1","3/28/2024","1091","25","7/1/2022","1294549.14","21430.82","","","Y","","","N","","","9999","1273118.31","","","Y","9999","0","9999","22798719.45","21430.82","1273118.31","0.00","Y","","21430.82","0.00","0.00","0.00","0.00","","0.00"
"26","108907","000104420000005","1","11/1/2025","","1","7/23/2020","5657917.00","0.00","","","Y","","","N","","11/1/2025","55555","","","","N","","","","","5657917.00","0.00","370000000.00","N","","","","0.00","0.00","","",""
"27","108908","000104420000005","1","11/1/2025","","2","8/1/2020","5657917.00","0.00","","","Y","","","N","","11/1/2025","55555","","","","N","","","","","5657917.00","0.00","370000000.00","N","","","","0.00","0.00","","",""
"28","108909","000104420000005","1","11/1/2025","","3","9/1/2020","5688750.00","0.00","","","Y","","","N","","11/1/2025","55555","","","","N","","","","","5688750.00","0.00","370000000.00","N","","","","0.00","0.00","","",""
"29","108910","000104420000005","1","11/1/2025","","4","10/1/2020","5688750.00","0.00","","","Y","","","N","","11/1/2025","55555","","","","N","","","","","5688750.00","0.00","370000000.00","N","","","","0.00","0.00","","",""
"30","108911","000104420000005","1","11/1/2025","","5","11/1/2020","5688750.00","0.00","","","Y","","","N","","11/1/2025","55555","","","","N","","","","","5688750.00","0.00","370000000.00","N","","","","0.00","0.00","","",""
"31","108912","000104420000005","1","11/1/2025","","6","12/1/2020","5688750.00","0.00","","","Y","","","N","","11/1/2025","55555","","","","N","","","","","5688750.00","0.00","370000000.00","N","","","","0.00","0.00","","",""
"32","108913","000104420000005","1","11/1/2025","","7","1/1/2021","5688750.00","0.00","","","Y","","","N","","11/1/2025","55555","","","","N","","","","","5688750.00","0.00","370000000.00","N","","","","0.00","0.00","","",""
"33","108914","000104420000005","1","11/1/2025","","8","2/1/2021","5688750.00","0.00","","","Y","","","N","","11/1/2025","55555","","","","N","","","","","5688750.00","0.00","370000000.00","N","","","","0.00","0.00","","",""
"34","108915","000104420000005","1","11/1/2025","","9","3/1/2021","5688750.00","0.00","","","Y","","","N","","11/1/2025","55555","","","","N","","","","","5688750.00","0.00","370000000.00","N","","","","0.00","0.00","","",""
"35","108916","000104420000005","1","11/1/2025","","10","4/1/2021","5257083.00","0.00","","","Y","","","N","","11/1/2025","55555","","","","N","","","","","5257083.00","0.00","370000000.00","N","","","","0.00","0.00","","",""
"36","108917","000104420000005","1","11/1/2025","","11","5/1/2021","5257083.00","0.00","","","Y","","","N","","11/1/2025","55555","","","","N","","","","","5257083.00","0.00","370000000.00","N","","","","0.00","0.00","","",""
"37","108918","000104420000005","1","11/1/2025","","12","6/1/2021","5257083.00","0.00","","","Y","","","N","","11/1/2025","55555","","","","N","","","","","5257083.00","0.00","370000000.00","N","","","","0.00","0.00","","",""
"38","108919","000104420000005","1","11/1/2025","","13","7/1/2021","5257083.00","0.00","","","Y","","","N","","11/1/2025","55555","","","","N","","","","","5257083.00","0.00","370000000.00","N","","","","0.00","0.00","","",""
"39","108920","000104420000005","1","11/1/2025","","14","8/1/2021","5257083.00","0.00","","","Y","","","N","","11/1/2025","55555","","","","N","","","","","5257083.00","0.00","370000000.00","N","","","","0.00","0.00","","",""
"40","108921","000104420000005","1","11/1/2025","8235","15","9/1/2021","8113254.00","0.00","","","Y","","","N","","11/1/2025","55555","","","","N","","","","","5141808.00","2971446.00","367028554.00","N","","","","0.00","0.00","","",""
"41","108922","000104420000005","1","11/1/2025","8235","16","10/1/2021","8113254.00","0.00","","","Y","","","N","","11/1/2025","55555","","","","N","","","","","5099588.00","3013666.00","364014888.00","N","","","","0.00","0.00","","",""
"42","108923","000104420000005","1","11/1/2025","8235","17","11/1/2021","8113254.00","0.00","","","Y","","","N","","11/1/2025","55555","","","","N","","","","","5056769.00","3056485.00","360958403.00","N","","","","0.00","0.00","","",""
"43","108924","000104420000005","1","11/1/2025","8236","18","12/1/2021","9428270.00","0.00","","","Y","","","N","","11/1/2025","55555","","","","N","","","","","5053246.00","4375024.00","356583379.00","N","","","","0.00","0.00","","",""
"44","108925","000104420000005","1","11/1/2025","8236","19","1/1/2022","9428270.00","0.00","","","Y","","","N","","11/1/2025","55555","","","","N","","","","","4990355.00","4437915.00","352145464.00","N","","","","0.00","0.00","","",""
"45","108926","000104420000005","1","11/1/2025","8236","20","2/1/2022","9428270.00","0.00","","","Y","","","N","","11/1/2025","55555","","","","N","","","","","4926560.00","4501710.00","347643754.00","N","","","","0.00","0.00","","",""
"46","108927","000104420000005","1","11/1/2025","8236","21","3/1/2022","9428270.00","0.00","","","Y","","","N","","11/1/2025","55555","","","","N","","","","","4861848.00","4566422.00","343077332.00","N","","","","0.00","0.00","","",""
"47","108928","000104420000005","1","11/1/2025","8236","22","4/1/2022","9428270.00","0.00","","","Y","","","N","","11/1/2025","55555","","","","N","","","","","4796205.00","4632065.00","338445267.00","N","","","","0.00","0.00","","",""
"48","108929","000104420000005","1","11/1/2025","8236","23","5/1/2022","9428270.00","0.00","","","Y","","","N","","11/1/2025","55555","","","","N","","","","","4729619.00","4698651.00","333746616.00","N","","","","0.00","0.00","","",""
"49","108930","000104420000005","1","11/1/2025","8237","24","6/1/2022","9404516.00","0.00","","","Y","","","N","","11/1/2025","55555","","","","N","","","","","4662418.00","4742098.00","329004518.00","N","","","","0.00","0.00","","",""
"50","108931","000104420000005","1","11/1/2025","8237","25","7/1/2022","9404516.00","0.00","","","Y","","","N","","11/1/2025","55555","","","","N","","","","","4594250.00","4810266.00","324194252.00","N","","","","0.00","0.00","","",""
"51","108932","000104420000005","1","11/1/2025","8238","26","8/1/2022","9684896.00","0.00","","","Y","","","N","","11/1/2025","55555","","","","N","","","","","4966627.00","4718269.00","319475983.00","N","","","","0.00","0.00","","",""
"52","108933","000104420000005","1","11/1/2025","8239","27","9/1/2022","9680262.00","0.00","","","Y","","","N","","11/1/2025","55555","","","","N","","","","","4892191.00","4788071.00","314687912.00","N","","","","0.00","0.00","","",""
"53","108934","000104420000005","1","11/1/2025","8240","28","10/1/2022","9675560.00","0.00","","","Y","","","N","","11/1/2025","55555","","","","N","","","","","4816653.00","4858907.00","309829005.00","N","","","","0.00","0.00","","",""
"54","108935","000104420000005","1","11/1/2025","8241","29","11/1/2022","9670792.00","0.00","","","Y","","","N","","11/1/2025","55555","","","","N","","","","","4739998.00","4930794.00","304898211.00","N","","","","0.00","0.00","","",""
"55","108936","000104420000005","1","11/1/2025","8241","30","12/1/2022","9670792.00","0.00","","","Y","","","N","","11/1/2025","55555","","","","N","","","","","4662133.00","5008659.00","299889552.00","N","","","","0.00","0.00","","",""
"56","108937","000104420000005","1","11/1/2025","8241","31","1/1/2023","9670792.00","0.00","","","Y","","","N","","11/1/2025","55555","","","","N","","","","","4583038.00","5087754.00","294801798.00","N","","","","0.00","0.00","","",""
"57","108938","000104420000005","1","11/1/2025","8241","32","2/1/2023","9670792.00","0.00","","","Y","","","N","","11/1/2025","55555","","","","N","","","","","4502694.00","5168098.00","289633700.00","N","","","","0.00","0.00","","",""
"58","108939","000104420000005","1","11/1/2025","8242","33","3/1/2023","10163952.00","0.00","","","Y","","","N","","11/1/2025","55555","","","","N","","","","","5205124.00","4958828.00","284674872.00","N","","","","0.00","0.00","","",""
"59","108940","000104420000005","1","11/1/2025","8242","34","4/1/2023","10163952.00","0.00","","","Y","","","N","","11/1/2025","55555","","","","N","","","","","5112766.00","5051186.00","279623686.00","N","","","","0.00","0.00","","",""
"60","108941","000104420000005","1","11/1/2025","8242","35","5/1/2023","10163952.00","0.00","","","Y","","","N","","11/1/2025","55555","","","","N","","","","","5018688.00","5145264.00","274478422.00","N","","","","0.00","0.00","","",""
"61","108942","000104420000005","1","11/1/2025","8242","36","6/1/2023","10163952.00","0.00","","","Y","","","N","","11/1/2025","55555","","","","N","","","","","4922857.00","5241095.00","269237327.00","N","","","","0.00","0.00","","",""
"62","108943","000104420000005","1","11/1/2025","8242","37","7/1/2023","10163952.00","0.00","","","Y","","","N","","11/1/2025","55555","","","","N","","","","","4825242.00","5338710.00","263898617.00","N","","","","0.00","0.00","","",""
"63","108944","000104420000005","1","11/1/2025","8242","38","8/1/2023","10163952.00","0.00","","","Y","","","N","","11/1/2025","55555","","","","N","","","","","4725808.00","5438144.00","258460473.00","N","","","","0.00","0.00","","",""
"64","108945","000104420000005","1","11/1/2025","8242","39","9/1/2023","10163952.00","0.00","","","Y","","","N","","11/1/2025","55555","","","","N","","","","","4624523.00","5539429.00","252921044.00","N","","","","0.00","0.00","","",""
"65","108946","000104420000005","1","11/1/2025","8242","40","10/1/2023","10163952.00","0.00","","","Y","","","N","","11/1/2025","55555","","","","N","","","","","4521351.00","5642601.00","247278443.00","N","","","","0.00","0.00","","",""
"66","108947","000104420000005","1","11/1/2025","8242","41","11/1/2023","10163952.00","0.00","","","Y","","","N","","11/1/2025","55555","","","","N","","","","","4416257.00","5747695.00","241530748.00","N","","","","0.00","0.00","","",""
"67","108948","000104420000005","1","11/1/2025","8242","42","12/1/2023","10163952.00","0.00","","","Y","","","N","","11/1/2025","55555","","","","N","","","","","4309207.00","5854745.00","235676003.00","N","","","","0.00","0.00","","",""
"68","108949","000104420000005","1","11/1/2025","8242","43","1/1/2024","10163952.00","0.00","","","Y","","","N","","11/1/2025","55555","","","","N","","","","","4200162.00","5963790.00","229712213.00","N","","","","0.00","0.00","","",""
"69","108950","000104420000005","1","11/1/2025","8242","44","2/1/2024","10163952.00","0.00","","","Y","","","N","","11/1/2025","55555","","","","N","","","","","4089086.00","6074866.00","223637347.00","N","","","","0.00","0.00","","",""
"70","108951","000104420000005","1","11/1/2025","8242","45","3/1/2024","10163952.00","0.00","","","Y","","","N","","11/1/2025","55555","","","","N","","","","","3975942.00","6188010.00","217449337.00","N","","","","0.00","0.00","","",""
"71","108952","000104420000005","1","11/1/2025","8243","46","4/1/2024","10885876.00","0.00","","","Y","","","N","","11/1/2025","55555","","","","N","","","","","5155480.00","5730396.00","211718941.00","N","","","","0.00","0.00","","",""
"72","108953","000104420000005","1","11/1/2025","8243","47","5/1/2024","10885876.00","0.00","","","Y","","","N","","11/1/2025","55555","","","","N","","","","","5012459.00","5873417.00","205845524.00","N","","","","0.00","0.00","","",""
"73","108954","000104420000005","1","11/1/2025","8243","48","6/1/2024","10885876.00","0.00","","","Y","","","N","","11/1/2025","55555","","","","N","","","","","4865868.00","6020008.00","199825516.00","N","","","","0.00","0.00","","",""
"74","108955","000104420000005","1","11/1/2025","8243","49","7/1/2024","10885876.00","0.00","","","Y","","","N","","11/1/2025","55555","","","","N","","","","","4715619.00","6170257.00","193655259.00","N","","","","0.00","0.00","","",""
"75","108956","000104420000005","1","11/1/2025","8244","50","8/1/2024","10832798.00","0.00","","","Y","","","N","","11/1/2025","55555","","","","N","","","","","4578179.00","6254619.00","187400640.00","N","","","","0.00","0.00","","",""
"76","108957","000104420000005","1","11/1/2025","8245","51","9/1/2024","10817138.00","0.00","","","Y","","","N","","11/1/2025","55555","","","","N","","","","","4421945.00","6395193.00","181005447.00","N","","","","0.00","0.00","","",""
"77","108958","000104420000005","1","11/1/2025","8246","52","10/1/2024","10837922.00","0.00","","","Y","","","N","","11/1/2025","55555","","","","N","","","","","4318001.00","6519921.00","174485526.00","N","","","","0.00","0.00","","",""
"78","108959","000104420000005","1","11/1/2025","8246","53","11/1/2024","10837922.00","0.00","","","Y","","","N","","11/1/2025","55555","","","","N","","","","","4152558.00","6685364.00","167800162.00","N","","","","0.00","0.00","","",""
"79","108960","000104420000005","1","11/1/2025","8246","54","12/1/2024","10837922.00","0.00","","","Y","","","N","","11/1/2025","55555","","","","N","","","","","3982917.00","6855005.00","160945157.00","N","","","","0.00","0.00","","",""
"80","108961","000104420000005","1","11/1/2025","8248","55","1/1/2025","10773136.00","0.00","","","Y","","","N","","11/1/2025","55555","","","","N","","","","","3798101.00","6975035.00","153970122.00","N","","","","0.00","0.00","","",""
"81","108962","000104420000005","1","11/1/2025","8248","56","2/1/2025","10773136.00","0.00","","","Y","","","N","","11/1/2025","55555","","","","N","","","","","3621690.00","7151446.00","146818676.00","N","","","","0.00","0.00","","",""
"82","108963","000104420000005","1","11/1/2025","8248","57","3/1/2025","10773136.00","0.00","","","Y","","","N","","11/1/2025","55555","","","","N","","","","","3440818.00","7332318.00","139486358.00","N","","","","0.00","0.00","","",""
"83","108964","000104420000005","1","11/1/2025","8248","58","4/1/2025","10773136.00","0.00","","","Y","","","N","","11/1/2025","55555","","","","N","","","","","3255372.00","7517764.00","131968594.00","N","","","","0.00","0.00","","",""
"84","108965","000104420000005","1","11/1/2025","8254","59","5/1/2025","10668440.00","0.00","","","Y","","","N","","11/1/2025","55555","","","","N","","","","","3047666.00","7620774.00","124347820.00","N","","","","0.00","0.00","","",""
"85","108966","000104420000005","1","11/1/2025","8258","60","6/1/2025","10651634.00","0.00","","","Y","","","N","","11/1/2025","55555","","","","N","","","","","2866091.00","7785543.00","116562277.00","N","","","","0.00","0.00","","",""
"86","108967","000104420000005","1","11/1/2025","8260","61","7/1/2025","10621410.00","0.00","","","Y","","","N","","11/1/2025","55555","","","","N","","","","","2661764.00","7959646.00","108602631.00","N","","","","0.00","0.00","","",""
"87","108968","000104420000005","1","11/1/2025","8264","62","8/1/2025","10606064.00","0.00","","","Y","","","N","","11/1/2025","55555","","","","N","","","","","2478497.00","8127567.00","100475064.00","N","","","","0.00","0.00","","",""
"88","108969","000104420000005","1","11/1/2025","8264","63","9/1/2025","10606064.00","0.00","","","Y","","","N","","11/1/2025","55555","","","","N","","","","","2272937.00","8333127.00","92141937.00","N","","","","0.00","0.00","","",""
"89","108970","000104420000005","1","11/1/2025","8266","64","10/1/2025","10548436.00","0.00","","","Y","","","N","","11/1/2025","55555","","","","N","","","","","2070435.00","8478001.00","83663936.00","N","","","","0.00","0.00","","",""
"90","108971","000104420000005","1","11/1/2025","8267","65","11/1/2025","10510666.00","0.00","","","Y","","","N","","11/1/2025","55555","","","","N","","","","","1850168.00","8660498.00","75003438.00","N","","","","0.00","0.00","","",""
"91","108972","000104420000005","1","11/1/2025","8267","66","12/1/2025","10510666.00","0.00","","","Y","","","N","","11/1/2025","55555","","","","N","","","","","1631130.00","8879536.00","66123902.00","N","","","","0.00","0.00","","",""
"92","108973","000104420000005","1","11/1/2025","8267","67","1/1/2026","10510666.00","0.00","","","Y","","","N","","11/1/2025","55555","","","","N","","","","","1406551.00","9104115.00","57019787.00","N","","","","0.00","0.00","","",""
"93","108974","000104420000005","1","11/1/2025","8267","68","2/1/2026","10510666.00","0.00","","","Y","","","N","","11/1/2025","55555","","","","N","","","","","1176293.00","9334373.00","47685414.00","N","","","","0.00","0.00","","",""
"94","108975","000104420000005","1","11/1/2025","8267","69","3/1/2026","10510666.00","0.00","","","Y","","","N","","11/1/2025","55555","","","","N","","","","","940211.00","9570455.00","38114959.00","N","","","","0.00","0.00","","",""
"95","108976","000104420000005","1","11/1/2025","8267","70","4/1/2026","10510666.00","0.00","","","Y","","","N","","11/1/2025","55555","","","","N","","","","","698159.00","9812507.00","28302452.00","N","","","","0.00","0.00","","",""
"96","108977","000104420000005","1","11/1/2025","8267","71","5/1/2026","10510666.00","0.00","","","Y","","","N","","11/1/2025","55555","","","","N","","","","","449984.00","10060682.00","18241770.00","N","","","","0.00","0.00","","",""
"97","108978","000104420000005","1","11/1/2025","8267","72","6/1/2026","10510666.00","0.00","","","Y","","","N","","11/1/2025","55555","","","","N","","","","","195533.00","10315133.00","7926637.00","N","","","","0.00","0.00","","",""
"98","108979","000104420000005","1","11/1/2025","8267","73","7/1/2026","7926637.00","0.00","","","Y","","","N","","11/1/2025","55555","","","","N","","","","","0.00","7926637.00","0.00","N","","","","0.00","0.00","","",""
"99","109870","000104420000006","1","11/1/2025","","1","9/2/2020","200113.00","0.00","","","Y","","","N","","11/1/2025","55555","","","","N","","","","","200113.00","0.00","12055000.00","N","","","","0.00","0.00","","",""
"100","109871","000104420000006","1","11/1/2025","","2","10/2/2020","200113.00","0.00","","","Y","","","N","","11/1/2025","55555","","","","N","","","","","200113.00","0.00","12055000.00","N","","","","0.00","0.00","","",""
"101","109872","000104420000006","1","11/1/2025","","3","11/2/2020","200113.00","0.00","","","Y","","","N","","11/1/2025","55555","","","","N","","","","","200113.00","0.00","12055000.00","N","","","","0.00","0.00","","",""
"102","109873","000104420000006","1","11/1/2025","","4","12/2/2020","200113.00","0.00","","","Y","","","N","","11/1/2025","55555","","","","N","","","","","200113.00","0.00","12055000.00","N","","","","0.00","0.00","","",""
"103","109874","000104420000006","1","11/1/2025","","5","1/2/2021","200113.00","0.00","","","Y","","","N","","11/1/2025","55555","","","","N","","","","","200113.00","0.00","12055000.00","N","","","","0.00","0.00","","",""
"104","109875","000104420000006","1","11/1/2025","","6","2/2/2021","200113.00","0.00","","","Y","","","N","","11/1/2025","55555","","","","N","","","","","200113.00","0.00","12055000.00","N","","","","0.00","0.00","","",""
"105","109876","000104420000006","1","11/1/2025","8269","7","3/2/2021","634826.00","0.00","","","Y","","","N","","11/1/2025","55555","","","","N","","","","","189575.00","445251.00","11609749.00","N","","","","0.00","0.00","","",""
"106","109877","000104420000006","1","11/1/2025","8270","8","4/2/2021","781656.00","0.00","","","Y","","","N","","11/1/2025","55555","","","","N","","","","","167114.00","614542.00","10995207.00","N","","","","0.00","0.00","","",""
"107","109878","000104420000006","1","11/1/2025","8271","9","5/2/2021","780798.00","0.00","","","Y","","","N","","11/1/2025","55555","","","","N","","","","","157642.00","623156.00","10372051.00","N","","","","0.00","0.00","","",""
"108","109879","000104420000006","1","11/1/2025","8271","10","6/2/2021","780798.00","0.00","","","Y","","","N","","11/1/2025","55555","","","","N","","","","","148025.00","632773.00","9739278.00","N","","","","0.00","0.00","","",""
"109","109880","000104420000006","1","11/1/2025","8271","11","7/2/2021","780798.00","0.00","","","Y","","","N","","11/1/2025","55555","","","","N","","","","","138259.00","642539.00","9096739.00","N","","","","0.00","0.00","","",""
"110","109881","000104420000006","1","11/1/2025","8271","12","8/2/2021","780798.00","0.00","","","Y","","","N","","11/1/2025","55555","","","","N","","","","","128343.00","652455.00","8444284.00","N","","","","0.00","0.00","","",""
"111","109882","000104420000006","1","11/1/2025","8271","13","9/2/2021","780798.00","0.00","","","Y","","","N","","11/1/2025","55555","","","","N","","","","","118273.00","662525.00","7781759.00","N","","","","0.00","0.00","","",""
"112","109883","000104420000006","1","11/1/2025","8271","14","10/2/2021","780798.00","0.00","","","Y","","","N","","11/1/2025","55555","","","","N","","","","","108048.00","672750.00","7109009.00","N","","","","0.00","0.00","","",""
"113","109884","000104420000006","1","11/1/2025","8271","15","11/2/2021","780798.00","0.00","","","Y","","","N","","11/1/2025","55555","","","","N","","","","","97665.00","683133.00","6425876.00","N","","","","0.00","0.00","","",""
"114","109885","000104420000006","1","11/1/2025","8272","16","12/2/2021","770826.00","0.00","","","Y","","","N","","11/1/2025","55555","","","","N","","","","","88219.00","682607.00","5743269.00","N","","","","0.00","0.00","","",""
"115","109886","000104420000006","1","11/1/2025","8272","17","1/2/2022","770826.00","0.00","","","Y","","","N","","11/1/2025","55555","","","","N","","","","","77570.00","693256.00","5050013.00","N","","","","0.00","0.00","","",""
"116","109887","000104420000006","1","11/1/2025","8272","18","2/2/2022","770826.00","0.00","","","Y","","","N","","11/1/2025","55555","","","","N","","","","","66755.00","704071.00","4345942.00","N","","","","0.00","0.00","","",""
"117","109888","000104420000006","1","11/1/2025","8272","19","3/2/2022","770826.00","0.00","","","Y","","","N","","11/1/2025","55555","","","","N","","","","","55772.00","715054.00","3630888.00","N","","","","0.00","0.00","","",""
"118","109889","000104420000006","1","11/1/2025","8272","20","4/2/2022","770826.00","0.00","","","Y","","","N","","11/1/2025","55555","","","","N","","","","","44617.00","726209.00","2904679.00","N","","","","0.00","0.00","","",""
"119","109890","000104420000006","1","11/1/2025","8272","21","5/2/2022","770826.00","0.00","","","Y","","","N","","11/1/2025","55555","","","","N","","","","","33288.00","737538.00","2167141.00","N","","","","0.00","0.00","","",""
"120","109891","000104420000006","1","11/1/2025","8273","22","6/2/2022","745036.00","0.00","","","Y","","","N","","11/1/2025","55555","","","","N","","","","","22185.00","722851.00","1444290.00","N","","","","0.00","0.00","","",""
"121","109892","000104420000006","1","11/1/2025","8273","23","7/2/2022","745036.00","0.00","","","Y","","","N","","11/1/2025","55555","","","","N","","","","","10908.00","734128.00","710162.00","N","","","","0.00","0.00","","",""
"122","109893","000104420000006","1","11/1/2025","8274","24","8/2/2022","710162.00","0.00","","","Y","","","N","","11/1/2025","55555","","","","N","","","","","0.00","710162.00","0.00","N","","","","0.00","0.00","","",""
"123","138941","000104420000007","1","11/1/2025","","1","9/1/2020","7705000.00","0.00","","","Y","","","N","","11/1/2025","55555","","","","N","","","","","7705000.00","0.00","460000000.00","N","","","","0.00","0.00","","",""
"124","138942","000104420000007","1","11/1/2025","","2","10/1/2020","7705000.00","0.00","","","Y","","","N","","11/1/2025","55555","","","","N","","","","","7705000.00","0.00","460000000.00","N","","","","0.00","0.00","","",""
"125","138943","000104420000007","1","11/1/2025","","3","11/1/2020","7705000.00","0.00","","","Y","","","N","","11/1/2025","55555","","","","N","","","","","7705000.00","0.00","460000000.00","N","","","","0.00","0.00","","",""
"126","138944","000104420000007","1","11/1/2025","","4","12/1/2020","7705000.00","0.00","","","Y","","","N","","11/1/2025","55555","","","","N","","","","","7705000.00","0.00","460000000.00","N","","","","0.00","0.00","","",""
"127","138945","000104420000007","1","11/1/2025","","5","1/1/2021","7705000.00","0.00","","","Y","","","N","","11/1/2025","55555","","","","N","","","","","7705000.00","0.00","460000000.00","N","","","","0.00","0.00","","",""
"128","138946","000104420000007","1","11/1/2025","","6","2/1/2021","7705000.00","0.00","","","Y","","","N","","11/1/2025","55555","","","","N","","","","","7705000.00","0.00","460000000.00","N","","","","0.00","0.00","","",""
"129","138947","000104420000007","1","11/1/2025","","7","3/1/2021","7705000.00","0.00","","","Y","","","N","","11/1/2025","55555","","","","N","","","","","7705000.00","0.00","460000000.00","N","","","","0.00","0.00","","",""
"130","138948","000104420000007","1","11/1/2025","8882","8","4/1/2021","11856850.00","0.00","","","Y","","","N","","11/1/2025","55555","","","","N","","","","","6983564.00","4873286.00","455126714.00","N","","","","0.00","0.00","","",""
"131","138949","000104420000007","1","11/1/2025","8883","9","5/1/2021","12679272.00","0.00","","","Y","","","N","","11/1/2025","55555","","","","N","","","","","6894806.00","5784466.00","449342248.00","N","","","","0.00","0.00","","",""
"132","138950","000104420000007","1","11/1/2025","8883","10","6/1/2021","12679272.00","0.00","","","Y","","","N","","11/1/2025","55555","","","","N","","","","","6804665.00","5874607.00","443467641.00","N","","","","0.00","0.00","","",""
"133","138951","000104420000007","1","11/1/2025","8883","11","7/1/2021","12679272.00","0.00","","","Y","","","N","","11/1/2025","55555","","","","N","","","","","6713119.00","5966153.00","437501488.00","N","","","","0.00","0.00","","",""
"134","138952","000104420000007","1","11/1/2025","8883","12","8/1/2021","12679272.00","0.00","","","Y","","","N","","11/1/2025","55555","","","","N","","","","","6620146.00","6059126.00","431442362.00","N","","","","0.00","0.00","","",""
"135","138953","000104420000007","1","11/1/2025","8883","13","9/1/2021","12679272.00","0.00","","","Y","","","N","","11/1/2025","55555","","","","N","","","","","6525725.00","6153547.00","425288815.00","N","","","","0.00","0.00","","",""
"136","138954","000104420000007","1","11/1/2025","8883","14","10/1/2021","12679272.00","0.00","","","Y","","","N","","11/1/2025","55555","","","","N","","","","","6429832.00","6249440.00","419039375.00","N","","","","0.00","0.00","","",""
"137","138955","000104420000007","1","11/1/2025","8883","15","11/1/2021","12679272.00","0.00","","","Y","","","N","","11/1/2025","55555","","","","N","","","","","6332445.00","6346827.00","412692548.00","N","","","","0.00","0.00","","",""
"138","138956","000104420000007","1","11/1/2025","8884","16","12/1/2021","12678060.00","0.00","","","Y","","","N","","11/1/2025","55555","","","","N","","","","","6300228.00","6377832.00","406314716.00","N","","","","0.00","0.00","","",""
"139","138957","000104420000007","1","11/1/2025","8884","17","1/1/2022","12678060.00","0.00","","","Y","","","N","","11/1/2025","55555","","","","N","","","","","6199777.00","6478283.00","399836433.00","N","","","","0.00","0.00","","",""
"140","138958","000104420000007","1","11/1/2025","8884","18","2/1/2022","12678060.00","0.00","","","Y","","","N","","11/1/2025","55555","","","","N","","","","","6097744.00","6580316.00","393256117.00","N","","","","0.00","0.00","","",""
"141","138959","000104420000007","1","11/1/2025","8884","19","3/1/2022","12678060.00","0.00","","","Y","","","N","","11/1/2025","55555","","","","N","","","","","5994104.00","6683956.00","386572161.00","N","","","","0.00","0.00","","",""
"142","138960","000104420000007","1","11/1/2025","8884","20","4/1/2022","12678060.00","0.00","","","Y","","","N","","11/1/2025","55555","","","","N","","","","","5888832.00","6789228.00","379782933.00","N","","","","0.00","0.00","","",""
"143","138961","000104420000007","1","11/1/2025","8884","21","5/1/2022","12678060.00","0.00","","","Y","","","N","","11/1/2025","55555","","","","N","","","","","5781902.00","6896158.00","372886775.00","N","","","","0.00","0.00","","",""
"144","138962","000104420000007","1","11/1/2025","8885","22","6/1/2022","12635828.00","0.00","","","Y","","","N","","11/1/2025","55555","","","","N","","","","","5673952.00","6961876.00","365924899.00","N","","","","0.00","0.00","","",""
"145","138963","000104420000007","1","11/1/2025","8885","23","7/1/2022","12635828.00","0.00","","","Y","","","N","","11/1/2025","55555","","","","N","","","","","5564303.00","7071525.00","358853374.00","N","","","","0.00","0.00","","",""
"146","138964","000104420000007","1","11/1/2025","8886","24","8/1/2022","12934242.00","0.00","","","Y","","","N","","11/1/2025","55555","","","","N","","","","","5938278.00","6995964.00","351857410.00","N","","","","0.00","0.00","","",""
"147","138965","000104420000007","1","11/1/2025","8887","25","9/1/2022","12926086.00","0.00","","","Y","","","N","","11/1/2025","55555","","","","N","","","","","5818321.00","7107765.00","344749645.00","N","","","","0.00","0.00","","",""
"148","138966","000104420000007","1","11/1/2025","8888","26","10/1/2022","12917772.00","0.00","","","Y","","","N","","11/1/2025","55555","","","","N","","","","","5696447.00","7221325.00","337528320.00","N","","","","0.00","0.00","","",""
"149","138967","000104420000007","1","11/1/2025","8889","27","11/1/2022","12909290.00","0.00","","","Y","","","N","","11/1/2025","55555","","","","N","","","","","5572627.00","7336663.00","330191657.00","N","","","","0.00","0.00","","",""
"150","138968","000104420000007","1","11/1/2025","8889","28","12/1/2022","12909290.00","0.00","","","Y","","","N","","11/1/2025","55555","","","","N","","","","","5446681.00","7462609.00","322729048.00","N","","","","0.00","0.00","","",""
"151","138969","000104420000007","1","11/1/2025","8889","29","1/1/2023","12909290.00","0.00","","","Y","","","N","","11/1/2025","55555","","","","N","","","","","5318573.00","7590717.00","315138331.00","N","","","","0.00","0.00","","",""
"152","138970","000104420000007","1","11/1/2025","8889","30","2/1/2023","12909290.00","0.00","","","Y","","","N","","11/1/2025","55555","","","","N","","","","","5188265.00","7721025.00","307417306.00","N","","","","0.00","0.00","","",""
"153","138971","000104420000007","1","11/1/2025","8890","31","3/1/2023","13402272.00","0.00","","","Y","","","N","","11/1/2025","55555","","","","N","","","","","5880301.00","7521971.00","299895335.00","N","","","","0.00","0.00","","",""
"154","138972","000104420000007","1","11/1/2025","8890","32","4/1/2023","13402272.00","0.00","","","Y","","","N","","11/1/2025","55555","","","","N","","","","","5729861.00","7672411.00","292222924.00","N","","","","0.00","0.00","","",""
"155","138973","000104420000007","1","11/1/2025","8890","33","5/1/2023","13402272.00","0.00","","","Y","","","N","","11/1/2025","55555","","","","N","","","","","5576413.00","7825859.00","284397065.00","N","","","","0.00","0.00","","",""
"156","138974","000104420000007","1","11/1/2025","8890","34","6/1/2023","13402272.00","0.00","","","Y","","","N","","11/1/2025","55555","","","","N","","","","","5419896.00","7982376.00","276414689.00","N","","","","0.00","0.00","","",""
"157","138975","000104420000007","1","11/1/2025","8890","35","7/1/2023","13402272.00","0.00","","","Y","","","N","","11/1/2025","55555","","","","N","","","","","5260248.00","8142024.00","268272665.00","N","","","","0.00","0.00","","",""
"158","138976","000104420000007","1","11/1/2025","8890","36","8/1/2023","13402272.00","0.00","","","Y","","","N","","11/1/2025","55555","","","","N","","","","","5097408.00","8304864.00","259967801.00","N","","","","0.00","0.00","","",""
"159","138977","000104420000007","1","11/1/2025","8890","37","9/1/2023","13402272.00","0.00","","","Y","","","N","","11/1/2025","55555","","","","N","","","","","4931311.00","8470961.00","251496840.00","N","","","","0.00","0.00","","",""
"160","138978","000104420000007","1","11/1/2025","8890","38","10/1/2023","13402272.00","0.00","","","Y","","","N","","11/1/2025","55555","","","","N","","","","","4761891.00","8640381.00","242856459.00","N","","","","0.00","0.00","","",""
"161","138979","000104420000007","1","11/1/2025","8890","39","11/1/2023","13402272.00","0.00","","","Y","","","N","","11/1/2025","55555","","","","N","","","","","4589084.00","8813188.00","234043271.00","N","","","","0.00","0.00","","",""
"162","138980","000104420000007","1","11/1/2025","8890","40","12/1/2023","13402272.00","0.00","","","Y","","","N","","11/1/2025","55555","","","","N","","","","","4412820.00","8989452.00","225053819.00","N","","","","0.00","0.00","","",""
"163","138981","000104420000007","1","11/1/2025","8890","41","1/1/2024","13402272.00","0.00","","","Y","","","N","","11/1/2025","55555","","","","N","","","","","4233031.00","9169241.00","215884578.00","N","","","","0.00","0.00","","",""
"164","138982","000104420000007","1","11/1/2025","8890","42","2/1/2024","13402272.00","0.00","","","Y","","","N","","11/1/2025","55555","","","","N","","","","","4049646.00","9352626.00","206531952.00","N","","","","0.00","0.00","","",""
"165","138983","000104420000007","1","11/1/2025","8890","43","3/1/2024","13402272.00","0.00","","","Y","","","N","","11/1/2025","55555","","","","N","","","","","3862594.00","9539678.00","196992274.00","N","","","","0.00","0.00","","",""
"166","138984","000104420000007","1","11/1/2025","8891","44","4/1/2024","13882738.00","0.00","","","Y","","","N","","11/1/2025","55555","","","","N","","","","","4821884.00","9060854.00","187931420.00","N","","","","0.00","0.00","","",""
"167","138985","000104420000007","1","11/1/2025","8891","45","5/1/2024","13882738.00","0.00","","","Y","","","N","","11/1/2025","55555","","","","N","","","","","4583282.00","9299456.00","178631964.00","N","","","","0.00","0.00","","",""
"168","138986","000104420000007","1","11/1/2025","8891","46","6/1/2024","13882738.00","0.00","","","Y","","","N","","11/1/2025","55555","","","","N","","","","","4338396.00","9544342.00","169087622.00","N","","","","0.00","0.00","","",""
"169","138987","000104420000007","1","11/1/2025","8891","47","7/1/2024","13882738.00","0.00","","","Y","","","N","","11/1/2025","55555","","","","N","","","","","4087062.00","9795676.00","159291946.00","N","","","","0.00","0.00","","",""
"170","138988","000104420000007","1","11/1/2025","8892","48","8/1/2024","13759330.00","0.00","","","Y","","","N","","11/1/2025","55555","","","","N","","","","","3844487.00","9914843.00","149377103.00","N","","","","0.00","0.00","","",""
"171","138989","000104420000007","1","11/1/2025","8893","49","9/1/2024","13725930.00","0.00","","","Y","","","N","","11/1/2025","55555","","","","N","","","","","3583452.00","10142478.00","139234625.00","N","","","","0.00","0.00","","",""
"172","138990","000104420000007","1","11/1/2025","8894","50","10/1/2024","13717812.00","0.00","","","Y","","","N","","11/1/2025","55555","","","","N","","","","","3357575.00","10360237.00","128874388.00","N","","","","0.00","0.00","","",""
"173","138991","000104420000007","1","11/1/2025","8894","51","11/1/2024","13717812.00","0.00","","","Y","","","N","","11/1/2025","55555","","","","N","","","","","3080438.00","10637374.00","118237014.00","N","","","","0.00","0.00","","",""
"174","138992","000104420000007","1","11/1/2025","8894","52","12/1/2024","13717812.00","0.00","","","Y","","","N","","11/1/2025","55555","","","","N","","","","","2795889.00","10921923.00","107315091.00","N","","","","0.00","0.00","","",""
"175","138993","000104420000007","1","11/1/2025","8896","53","1/1/2025","13569488.00","0.00","","","Y","","","N","","11/1/2025","55555","","","","N","","","","","2499883.00","11069605.00","96245486.00","N","","","","0.00","0.00","","",""
"176","138994","000104420000007","1","11/1/2025","8896","54","2/1/2025","13569488.00","0.00","","","Y","","","N","","11/1/2025","55555","","","","N","","","","","2204693.00","11364795.00","84880691.00","N","","","","0.00","0.00","","",""
"177","138995","000104420000007","1","11/1/2025","8896","55","3/1/2025","13569488.00","0.00","","","Y","","","N","","11/1/2025","55555","","","","N","","","","","1901632.00","11667856.00","73212835.00","N","","","","0.00","0.00","","",""
"178","138996","000104420000007","1","11/1/2025","8896","56","4/1/2025","13569488.00","0.00","","","Y","","","N","","11/1/2025","55555","","","","N","","","","","1590489.00","11978999.00","61233836.00","N","","","","0.00","0.00","","",""
"179","138997","000104420000007","1","11/1/2025","8902","57","5/1/2025","13237358.00","0.00","","","Y","","","N","","11/1/2025","55555","","","","N","","","","","1271907.00","11965451.00","49268385.00","N","","","","0.00","0.00","","",""
"180","138998","000104420000007","1","11/1/2025","8906","58","6/1/2025","13146406.00","0.00","","","Y","","","N","","11/1/2025","55555","","","","N","","","","","960243.00","12186163.00","37082222.00","N","","","","0.00","0.00","","",""
"181","138999","000104420000007","1","11/1/2025","8908","59","7/1/2025","13021572.00","0.00","","","Y","","","N","","11/1/2025","55555","","","","N","","","","","637607.00","12383965.00","24698257.00","N","","","","0.00","0.00","","",""
"182","139000","000104420000007","1","11/1/2025","8912","60","8/1/2025","12845260.00","0.00","","","Y","","","N","","11/1/2025","55555","","","","N","","","","","316080.00","12529180.00","12169077.00","N","","","","0.00","0.00","","",""
"183","139001","000104420000007","1","11/1/2025","8912","61","9/1/2025","12169077.00","0.00","","","Y","","","N","","11/1/2025","55555","","","","N","","","","","0.00","12169077.00","0.00","N","","","","0.00","0.00","","",""
"184","140880","000104420000009","1","11/1/2025","","1","10/13/2020","1192096.00","0.00","","","Y","","","N","","11/1/2025","55555","","","","N","","","","","1192096.00","0.00","65023440.00","N","","","","0.00","0.00","","",""
"185","140881","000104420000009","1","11/1/2025","","2","11/13/2020","1192096.00","0.00","","","Y","","","N","","11/1/2025","55555","","","","N","","","","","1192096.00","0.00","65023440.00","N","","","","0.00","0.00","","",""
"186","140882","000104420000009","1","11/1/2025","","3","12/13/2020","1192096.00","0.00","","","Y","","","N","","11/1/2025","55555","","","","N","","","","","1192096.00","0.00","65023440.00","N","","","","0.00","0.00","","",""
"187","140883","000104420000009","1","11/1/2025","","4","1/13/2021","1192096.00","0.00","","","Y","","","N","","11/1/2025","55555","","","","N","","","","","1192096.00","0.00","65023440.00","N","","","","0.00","0.00","","",""
"188","140884","000104420000009","1","11/1/2025","","5","2/13/2021","1192096.00","0.00","","","Y","","","N","","11/1/2025","55555","","","","N","","","","","1192096.00","0.00","65023440.00","N","","","","0.00","0.00","","",""
"189","140885","000104420000009","1","11/1/2025","","6","3/13/2021","1192096.00","0.00","","","Y","","","N","","11/1/2025","55555","","","","N","","","","","1192096.00","0.00","65023440.00","N","","","","0.00","0.00","","",""
"190","140886","000104420000009","1","11/1/2025","","7","4/13/2021","1116236.00","0.00","","","Y","","","N","","11/1/2025","55555","","","","N","","","","","1116236.00","0.00","65023440.00","N","","","","0.00","0.00","","",""
"191","140887","000104420000009","1","11/1/2025","8917","8","5/13/2021","1856880.00","0.00","","","Y","","","N","","11/1/2025","55555","","","","N","","","","","1084359.00","772521.00","64250919.00","N","","","","0.00","0.00","","",""
"192","140888","000104420000009","1","11/1/2025","8917","9","6/13/2021","1856880.00","0.00","","","Y","","","N","","11/1/2025","55555","","","","N","","","","","1071098.00","785782.00","63465137.00","N","","","","0.00","0.00","","",""
"193","140889","000104420000009","1","11/1/2025","8917","10","7/13/2021","1856880.00","0.00","","","Y","","","N","","11/1/2025","55555","","","","N","","","","","1057608.00","799272.00","62665865.00","N","","","","0.00","0.00","","",""
"194","140890","000104420000009","1","11/1/2025","8917","11","8/13/2021","1856880.00","0.00","","","Y","","","N","","11/1/2025","55555","","","","N","","","","","1043888.00","812992.00","61852873.00","N","","","","0.00","0.00","","",""
"195","140891","000104420000009","1","11/1/2025","8917","12","9/13/2021","1856880.00","0.00","","","Y","","","N","","11/1/2025","55555","","","","N","","","","","1029931.00","826949.00","61025924.00","N","","","","0.00","0.00","","",""
"196","140892","000104420000009","1","11/1/2025","8917","13","10/13/2021","1856880.00","0.00","","","Y","","","N","","11/1/2025","55555","","","","N","","","","","1015735.00","841145.00","60184779.00","N","","","","0.00","0.00","","",""
"197","140893","000104420000009","1","11/1/2025","8917","14","11/13/2021","1856880.00","0.00","","","Y","","","N","","11/1/2025","55555","","","","N","","","","","1001296.00","855584.00","59329195.00","N","","","","0.00","0.00","","",""
"198","140894","000104420000009","1","11/1/2025","8918","15","12/13/2021","2033632.00","0.00","","","Y","","","N","","11/1/2025","55555","","","","N","","","","","993123.00","1040509.00","58288686.00","N","","","","0.00","0.00","","",""
"199","140895","000104420000009","1","11/1/2025","8918","16","1/13/2022","2033632.00","0.00","","","Y","","","N","","11/1/2025","55555","","","","N","","","","","975088.00","1058544.00","57230142.00","N","","","","0.00","0.00","","",""
"200","140896","000104420000009","1","11/1/2025","8918","17","2/13/2022","2033632.00","0.00","","","Y","","","N","","11/1/2025","55555","","","","N","","","","","956740.00","1076892.00","56153250.00","N","","","","0.00","0.00","","",""
"201","140897","000104420000009","1","11/1/2025","8918","18","3/13/2022","2033632.00","0.00","","","Y","","","N","","11/1/2025","55555","","","","N","","","","","938073.00","1095559.00","55057691.00","N","","","","0.00","0.00","","",""
"202","140898","000104420000009","1","11/1/2025","8918","19","4/13/2022","2033632.00","0.00","","","Y","","","N","","11/1/2025","55555","","","","N","","","","","919084.00","1114548.00","53943143.00","N","","","","0.00","0.00","","",""
"203","140899","000104420000009","1","11/1/2025","8918","20","5/13/2022","2033632.00","0.00","","","Y","","","N","","11/1/2025","55555","","","","N","","","","","899765.00","1133867.00","52809276.00","N","","","","0.00","0.00","","",""
"204","140900","000104420000009","1","11/1/2025","8919","21","6/13/2022","2025162.00","0.00","","","Y","","","N","","11/1/2025","55555","","","","N","","","","","880258.00","1144904.00","51664372.00","N","","","","0.00","0.00","","",""
"205","140901","000104420000009","1","11/1/2025","8920","22","7/13/2022","2068746.00","0.00","","","Y","","","N","","11/1/2025","55555","","","","N","","","","","374956.00","1693790.00","49970582.00","N","","","","0.00","0.00","","",""
"206","140902","000104420000009","1","11/1/2025","8920","23","8/13/2022","2068746.00","0.00","","","Y","","","N","","11/1/2025","55555","","","","N","","","","","898159.00","1170587.00","48799995.00","N","","","","0.00","0.00","","",""
"207","140903","000104420000009","1","11/1/2025","8921","24","9/13/2022","2041814.00","0.00","","","Y","","","N","","11/1/2025","55555","","","","N","","","","","876716.00","1165098.00","47634897.00","N","","","","0.00","0.00","","",""
"208","140904","000104420000009","1","11/1/2025","8922","25","10/13/2022","2040174.00","0.00","","","Y","","","N","","11/1/2025","55555","","","","N","","","","","854901.00","1185273.00","46449624.00","N","","","","0.00","0.00","","",""
"209","140905","000104420000009","1","11/1/2025","8923","26","11/13/2022","2038496.00","0.00","","","Y","","","N","","11/1/2025","55555","","","","N","","","","","832709.00","1205787.00","45243837.00","N","","","","0.00","0.00","","",""
"210","140906","000104420000009","1","11/1/2025","8923","27","12/13/2022","2038496.00","0.00","","","Y","","","N","","11/1/2025","55555","","","","N","","","","","810100.00","1228396.00","44015441.00","N","","","","0.00","0.00","","",""
"211","140907","000104420000009","1","11/1/2025","8923","28","1/13/2023","2038496.00","0.00","","","Y","","","N","","11/1/2025","55555","","","","N","","","","","787068.00","1251428.00","42764013.00","N","","","","0.00","0.00","","",""
"212","140908","000104420000009","1","11/1/2025","8924","29","2/13/2023","2106482.00","0.00","","","Y","","","N","","11/1/2025","55555","","","","N","","","","","316337.00","1790145.00","40973868.00","N","","","","0.00","0.00","","",""
"213","140909","000104420000009","1","11/1/2025","8924","30","3/13/2023","2106482.00","0.00","","","Y","","","N","","11/1/2025","55555","","","","N","","","","","838888.00","1267594.00","39706274.00","N","","","","0.00","0.00","","",""
"214","140910","000104420000009","1","11/1/2025","8924","31","4/13/2023","2106482.00","0.00","","","Y","","","N","","11/1/2025","55555","","","","N","","","","","811529.00","1294953.00","38411321.00","N","","","","0.00","0.00","","",""
"215","140911","000104420000009","1","11/1/2025","8924","32","5/13/2023","2106482.00","0.00","","","Y","","","N","","11/1/2025","55555","","","","N","","","","","783579.00","1322903.00","37088418.00","N","","","","0.00","0.00","","",""
"216","140912","000104420000009","1","11/1/2025","8924","33","6/13/2023","2106482.00","0.00","","","Y","","","N","","11/1/2025","55555","","","","N","","","","","755027.00","1351455.00","35736963.00","N","","","","0.00","0.00","","",""
"217","140913","000104420000009","1","11/1/2025","8924","34","7/13/2023","2106482.00","0.00","","","Y","","","N","","11/1/2025","55555","","","","N","","","","","725858.00","1380624.00","34356339.00","N","","","","0.00","0.00","","",""
"218","140914","000104420000009","1","11/1/2025","8924","35","8/13/2023","2106482.00","0.00","","","Y","","","N","","11/1/2025","55555","","","","N","","","","","696059.00","1410423.00","32945916.00","N","","","","0.00","0.00","","",""
"219","140915","000104420000009","1","11/1/2025","8924","36","9/13/2023","2106482.00","0.00","","","Y","","","N","","11/1/2025","55555","","","","N","","","","","665618.00","1440864.00","31505052.00","N","","","","0.00","0.00","","",""
"220","140916","000104420000009","1","11/1/2025","8924","37","10/13/2023","2106482.00","0.00","","","Y","","","N","","11/1/2025","55555","","","","N","","","","","634519.00","1471963.00","30033089.00","N","","","","0.00","0.00","","",""
"221","140917","000104420000009","1","11/1/2025","8924","38","11/13/2023","2106482.00","0.00","","","Y","","","N","","11/1/2025","55555","","","","N","","","","","602749.00","1503733.00","28529356.00","N","","","","0.00","0.00","","",""
"222","140918","000104420000009","1","11/1/2025","8924","39","12/13/2023","2106482.00","0.00","","","Y","","","N","","11/1/2025","55555","","","","N","","","","","570294.00","1536188.00","26993168.00","N","","","","0.00","0.00","","",""
"223","140919","000104420000009","1","11/1/2025","8924","40","1/13/2024","2106482.00","0.00","","","Y","","","N","","11/1/2025","55555","","","","N","","","","","537138.00","1569344.00","25423824.00","N","","","","0.00","0.00","","",""
"224","140920","000104420000009","1","11/1/2025","8924","41","2/13/2024","2106482.00","0.00","","","Y","","","N","","11/1/2025","55555","","","","N","","","","","503266.00","1603216.00","23820608.00","N","","","","0.00","0.00","","",""
"225","140921","000104420000009","1","11/1/2025","8924","42","3/13/2024","2106482.00","0.00","","","Y","","","N","","11/1/2025","55555","","","","N","","","","","468663.00","1637819.00","22182789.00","N","","","","0.00","0.00","","",""
"226","140922","000104420000009","1","11/1/2025","8925","43","4/13/2024","2058146.00","0.00","","","Y","","","N","","11/1/2025","55555","","","","N","","","","","561813.00","1496333.00","20686456.00","N","","","","0.00","0.00","","",""
"227","140923","000104420000009","1","11/1/2025","8925","44","5/13/2024","2058146.00","0.00","","","Y","","","N","","11/1/2025","55555","","","","N","","","","","520040.00","1538106.00","19148350.00","N","","","","0.00","0.00","","",""
"228","140924","000104420000009","1","11/1/2025","8925","45","6/13/2024","2058146.00","0.00","","","Y","","","N","","11/1/2025","55555","","","","N","","","","","477102.00","1581044.00","17567306.00","N","","","","0.00","0.00","","",""
"229","140925","000104420000009","1","11/1/2025","8925","46","7/13/2024","2058146.00","0.00","","","Y","","","N","","11/1/2025","55555","","","","N","","","","","432964.00","1625182.00","15942124.00","N","","","","0.00","0.00","","",""
"230","140926","000104420000009","1","11/1/2025","8926","47","8/13/2024","2028458.00","0.00","","","Y","","","N","","11/1/2025","55555","","","","N","","","","","389583.00","1638875.00","14303249.00","N","","","","0.00","0.00","","",""
"231","140927","000104420000009","1","11/1/2025","8927","48","9/13/2024","2020434.00","0.00","","","Y","","","N","","11/1/2025","55555","","","","N","","","","","343919.00","1676515.00","12626734.00","N","","","","0.00","0.00","","",""
"232","140928","000104420000009","1","11/1/2025","8928","49","10/13/2024","2013960.00","0.00","","","Y","","","N","","11/1/2025","55555","","","","N","","","","","300695.00","1713265.00","10913469.00","N","","","","0.00","0.00","","",""
"233","140929","000104420000009","1","11/1/2025","8928","50","11/13/2024","2013960.00","0.00","","","Y","","","N","","11/1/2025","55555","","","","N","","","","","252153.00","1761807.00","9151662.00","N","","","","0.00","0.00","","",""
"234","140930","000104420000009","1","11/1/2025","8930","51","12/13/2024","1988334.00","0.00","","","Y","","","N","","11/1/2025","55555","","","","N","","","","","102223.00","1886111.00","7265551.00","N","","","","0.00","0.00","","",""
"235","140931","000104420000009","1","11/1/2025","8930","52","1/13/2025","1988334.00","0.00","","","Y","","","N","","11/1/2025","55555","","","","N","","","","","149081.00","1839253.00","5426298.00","N","","","","0.00","0.00","","",""
"236","140932","000104420000009","1","11/1/2025","8930","53","2/13/2025","1988334.00","0.00","","","Y","","","N","","11/1/2025","55555","","","","N","","","","","97122.00","1891212.00","3535086.00","N","","","","0.00","0.00","","",""
"237","140933","000104420000009","1","11/1/2025","8930","54","3/13/2025","1988334.00","0.00","","","Y","","","N","","11/1/2025","55555","","","","N","","","","","43696.00","1944638.00","1590448.00","N","","","","0.00","0.00","","",""
"238","140934","000104420000009","1","11/1/2025","8930","55","4/13/2025","1609651.00","0.00","","","Y","","","N","","11/1/2025","55555","","","","N","","","","","19203.00","1590448.00","0.00","N","","","","0.00","0.00","","",""
"239","148502","000104420000010","1","11/1/2025","","1","4/21/2021","0.00","0.00","","","Y","","","N","","11/1/2025","55555","","","","N","","","","","1200000.00","0.00","81200000.00","N","","","","0.00","0.00","","",""
"240","148503","000104420000010","1","11/1/2025","","2","5/21/2021","0.00","0.00","","","Y","","","N","","11/1/2025","55555","","","","N","","","","","1218000.00","0.00","82418000.00","N","","","","0.00","0.00","","",""
"241","148504","000104420000010","1","11/1/2025","","3","6/21/2021","0.00","0.00","","","Y","","","N","","11/1/2025","55555","","","","N","","","","","1236270.00","0.00","83654270.00","N","","","","0.00","0.00","","",""
"242","148505","000104420000010","1","11/1/2025","","4","7/21/2021","0.00","0.00","","","Y","","","N","","11/1/2025","55555","","","","N","","","","","1254814.00","0.00","84909084.00","N","","","","0.00","0.00","","",""
"243","148506","000104420000010","1","11/1/2025","","5","8/21/2021","0.00","0.00","","","Y","","","N","","11/1/2025","55555","","","","N","","","","","1273636.00","0.00","86182720.00","N","","","","0.00","0.00","","",""
"244","148507","000104420000010","1","11/1/2025","","6","9/21/2021","0.00","0.00","","","Y","","","N","","11/1/2025","55555","","","","N","","","","","1292741.00","0.00","87475461.00","N","","","","0.00","0.00","","",""
"245","148508","000104420000010","1","11/1/2025","8378","7","10/21/2021","12655172.00","0.00","","","Y","","","N","","11/1/2025","55555","","","","N","","","","","1122304.00","11532868.00","75942593.00","N","","","","0.00","0.00","","",""
"246","148509","000104420000010","1","11/1/2025","8378","8","11/21/2021","0.00","0.00","","","Y","","","N","","11/1/2025","55555","","","","N","","","","","1139139.00","0.00","77081732.00","N","","","","0.00","0.00","","",""
"247","148510","000104420000010","1","11/1/2025","8378","9","12/21/2021","0.00","0.00","","","Y","","","N","","11/1/2025","55555","","","","N","","","","","1169073.00","0.00","78250805.00","N","","","","0.00","0.00","","",""
"248","148511","000104420000010","1","11/1/2025","8378","10","1/21/2022","0.00","0.00","","","Y","","","N","","11/1/2025","55555","","","","N","","","","","1186804.00","0.00","79437609.00","N","","","","0.00","0.00","","",""
"249","148512","000104420000010","1","11/1/2025","8378","11","2/21/2022","0.00","0.00","","","Y","","","N","","11/1/2025","55555","","","","N","","","","","1204804.00","0.00","80642413.00","N","","","","0.00","0.00","","",""
"250","148513","000104420000010","1","11/1/2025","8378","12","3/21/2022","0.00","0.00","","","Y","","","N","","11/1/2025","55555","","","","N","","","","","1223077.00","0.00","81865490.00","N","","","","0.00","0.00","","",""
"251","148514","000104420000010","1","11/1/2025","9062","13","4/21/2022","12900896.00","0.00","","","Y","","","N","","11/1/2025","55555","","","","N","","","","","1045963.00","11854933.00","70010557.00","N","","","","0.00","0.00","","",""
"252","148515","000104420000010","1","11/1/2025","9062","14","5/21/2022","0.00","0.00","","","Y","","","N","","11/1/2025","55555","","","","N","","","","","1061827.00","0.00","71072384.00","N","","","","0.00","0.00","","",""
"253","148516","000104420000010","1","11/1/2025","9062","15","6/21/2022","0.00","0.00","","","Y","","","N","","11/1/2025","55555","","","","N","","","","","1077931.00","0.00","72150315.00","N","","","","0.00","0.00","","",""
"254","148517","000104420000010","1","11/1/2025","9062","16","7/21/2022","0.00","0.00","","","Y","","","N","","11/1/2025","55555","","","","N","","","","","1094280.00","0.00","73244595.00","N","","","","0.00","0.00","","",""
"255","148518","000104420000010","1","11/1/2025","9062","17","8/21/2022","0.00","0.00","","","Y","","","N","","11/1/2025","55555","","","","N","","","","","1214640.00","0.00","74459235.00","N","","","","0.00","0.00","","",""
"256","148519","000104420000010","1","11/1/2025","9062","18","9/21/2022","0.00","0.00","","","Y","","","N","","11/1/2025","55555","","","","N","","","","","1234782.00","0.00","75694017.00","N","","","","0.00","0.00","","",""
"257","148520","000104420000010","1","11/1/2025","9067","19","10/21/2022","13301176.00","0.00","","","Y","","","N","","11/1/2025","55555","","","","N","","","","","825376.00","12475800.00","63218217.00","N","","","","0.00","0.00","","",""
"258","148521","000104420000010","1","11/1/2025","9067","20","11/21/2022","0.00","0.00","","","Y","","","N","","11/1/2025","55555","","","","N","","","","","1048369.00","0.00","64266586.00","N","","","","0.00","0.00","","",""
"259","148522","000104420000010","1","11/1/2025","9067","21","12/21/2022","0.00","0.00","","","Y","","","N","","11/1/2025","55555","","","","N","","","","","1065754.00","0.00","65332340.00","N","","","","0.00","0.00","","",""
"260","148523","000104420000010","1","11/1/2025","9067","22","1/21/2023","0.00","0.00","","","Y","","","N","","11/1/2025","55555","","","","N","","","","","1083428.00","0.00","66415768.00","N","","","","0.00","0.00","","",""
"261","148524","000104420000010","1","11/1/2025","9067","23","2/21/2023","0.00","0.00","","","Y","","","N","","11/1/2025","55555","","","","N","","","","","1101395.00","0.00","67517163.00","N","","","","0.00","0.00","","",""
"262","148525","000104420000010","1","11/1/2025","9067","24","3/21/2023","0.00","0.00","","","Y","","","N","","11/1/2025","55555","","","","N","","","","","1310958.00","0.00","68828121.00","N","","","","0.00","0.00","","",""
"263","148526","000104420000010","1","11/1/2025","9068","25","4/21/2023","13953572.00","0.00","","","Y","","","N","","11/1/2025","55555","","","","N","","","","","1065481.00","12888091.00","55940030.00","N","","","","0.00","0.00","","",""
"264","148527","000104420000010","1","11/1/2025","9068","26","5/21/2023","0.00","0.00","","","Y","","","N","","11/1/2025","55555","","","","N","","","","","1086169.00","0.00","57026199.00","N","","","","0.00","0.00","","",""
"265","148528","000104420000010","1","11/1/2025","9068","27","6/21/2023","0.00","0.00","","","Y","","","N","","11/1/2025","55555","","","","N","","","","","1107259.00","0.00","58133458.00","N","","","","0.00","0.00","","",""
"266","148529","000104420000010","1","11/1/2025","9068","28","7/21/2023","0.00","0.00","","","Y","","","N","","11/1/2025","55555","","","","N","","","","","1128758.00","0.00","59262216.00","N","","","","0.00","0.00","","",""
"267","148530","000104420000010","1","11/1/2025","9068","29","8/21/2023","0.00","0.00","","","Y","","","N","","11/1/2025","55555","","","","N","","","","","1150675.00","0.00","60412891.00","N","","","","0.00","0.00","","",""
"268","148531","000104420000010","1","11/1/2025","9068","30","9/21/2023","0.00","0.00","","","Y","","","N","","11/1/2025","55555","","","","N","","","","","1173017.00","0.00","61585908.00","N","","","","0.00","0.00","","",""
"269","148532","000104420000010","1","11/1/2025","9069","31","10/21/2023","15374820.00","0.00","","","Y","","","N","","11/1/2025","55555","","","","N","","","","","897265.00","14477555.00","47108353.00","N","","","","0.00","0.00","","",""
"270","148533","000104420000010","1","11/1/2025","9069","32","11/21/2023","0.00","0.00","","","Y","","","N","","11/1/2025","55555","","","","N","","","","","914687.00","0.00","48023040.00","N","","","","0.00","0.00","","",""
"271","148534","000104420000010","1","11/1/2025","9069","33","12/21/2023","0.00","0.00","","","Y","","","N","","11/1/2025","55555","","","","N","","","","","932447.00","0.00","48955487.00","N","","","","0.00","0.00","","",""
"272","148535","000104420000010","1","11/1/2025","9069","34","1/21/2024","0.00","0.00","","","Y","","","N","","11/1/2025","55555","","","","N","","","","","950552.00","0.00","49906039.00","N","","","","0.00","0.00","","",""
"273","148536","000104420000010","1","11/1/2025","9069","35","2/21/2024","0.00","0.00","","","Y","","","N","","11/1/2025","55555","","","","N","","","","","969009.00","0.00","50875048.00","N","","","","0.00","0.00","","",""
"274","148537","000104420000010","1","11/1/2025","9069","36","3/21/2024","0.00","0.00","","","Y","","","N","","11/1/2025","55555","","","","N","","","","","987824.00","0.00","51862872.00","N","","","","0.00","0.00","","",""
"275","148538","000104420000010","1","11/1/2025","9070","37","4/21/2024","14567700.00","0.00","","","Y","","","N","","11/1/2025","55555","","","","N","","","","","960351.00","13607349.00","38255523.00","N","","","","0.00","0.00","","",""
"276","148539","000104420000010","1","11/1/2025","9070","38","5/21/2024","0.00","0.00","","","Y","","","N","","11/1/2025","55555","","","","N","","","","","985080.00","0.00","39240603.00","N","","","","0.00","0.00","","",""
"277","148540","000104420000010","1","11/1/2025","9070","39","6/21/2024","0.00","0.00","","","Y","","","N","","11/1/2025","55555","","","","N","","","","","1010446.00","0.00","40251049.00","N","","","","0.00","0.00","","",""
"278","148541","000104420000010","1","11/1/2025","9070","40","7/21/2024","0.00","0.00","","","Y","","","N","","11/1/2025","55555","","","","N","","","","","1036465.00","0.00","41287514.00","N","","","","0.00","0.00","","",""
"279","148542","000104420000010","1","11/1/2025","9070","41","8/21/2024","0.00","0.00","","","Y","","","N","","11/1/2025","55555","","","","N","","","","","1066594.00","0.00","42354108.00","N","","","","0.00","0.00","","",""
"280","148543","000104420000010","1","11/1/2025","9070","42","9/21/2024","0.00","0.00","","","Y","","","N","","11/1/2025","55555","","","","N","","","","","1094148.00","0.00","43448256.00","N","","","","0.00","0.00","","",""
"281","148544","000104420000010","1","11/1/2025","9072","43","10/21/2024","13880502.00","0.00","","","Y","","","N","","11/1/2025","55555","","","","N","","","","","773690.00","13106812.00","30341444.00","N","","","","0.00","0.00","","",""
"282","148545","000104420000010","1","11/1/2025","9072","44","11/21/2024","0.00","0.00","","","Y","","","N","","11/1/2025","55555","","","","N","","","","","793934.00","0.00","31135378.00","N","","","","0.00","0.00","","",""
"283","148485","000104420000010","1","11/1/2025","9072","45","12/21/2024","0.00","0.00","","","Y","","","N","","11/1/2025","55555","","","","N","","","","","814709.00","0.00","31950087.00","N","","","","0.00","0.00","","",""
"284","148486","000104420000010","1","11/1/2025","9072","46","1/21/2025","0.00","0.00","","","Y","","","N","","11/1/2025","55555","","","","N","","","","","833365.00","0.00","32783452.00","N","","","","0.00","0.00","","",""
"285","148487","000104420000010","1","11/1/2025","9072","47","2/21/2025","0.00","0.00","","","Y","","","N","","11/1/2025","55555","","","","N","","","","","855102.00","0.00","33638554.00","N","","","","0.00","0.00","","",""
"286","148488","000104420000010","1","11/1/2025","9072","48","3/21/2025","0.00","0.00","","","Y","","","N","","11/1/2025","55555","","","","N","","","","","877406.00","0.00","34515960.00","N","","","","0.00","0.00","","",""
"287","148489","000104420000010","1","11/1/2025","9077","49","4/21/2025","13641272.00","0.00","","","Y","","","N","","11/1/2025","55555","","","","N","","","","","591216.00","13050056.00","21465904.00","N","","","","0.00","0.00","","",""
"288","148490","000104420000010","1","11/1/2025","9077","50","5/21/2025","0.00","0.00","","","Y","","","N","","11/1/2025","55555","","","","N","","","","","556325.00","0.00","22022229.00","N","","","","0.00","0.00","","",""
"289","148491","000104420000010","1","11/1/2025","9077","51","6/21/2025","0.00","0.00","","","Y","","","N","","11/1/2025","55555","","","","N","","","","","572578.00","0.00","22594807.00","N","","","","0.00","0.00","","",""
"290","148492","000104420000010","1","11/1/2025","9077","52","7/21/2025","0.00","0.00","","","Y","","","N","","11/1/2025","55555","","","","N","","","","","585582.00","0.00","23180389.00","N","","","","0.00","0.00","","",""
"291","148493","000104420000010","1","11/1/2025","9077","53","8/21/2025","0.00","0.00","","","Y","","","N","","11/1/2025","55555","","","","N","","","","","604622.00","0.00","23785011.00","N","","","","0.00","0.00","","",""
"292","148494","000104420000010","1","11/1/2025","9077","54","9/21/2025","0.00","0.00","","","Y","","","N","","11/1/2025","55555","","","","N","","","","","620392.00","0.00","24405403.00","N","","","","0.00","0.00","","",""
"293","148495","000104420000010","1","11/1/2025","9092","55","10/21/2025","13501366.00","0.00","","","Y","","","N","","11/1/2025","55555","","","","N","","","","","419907.00","13081459.00","11323944.00","N","","","","0.00","0.00","","",""
"294","148496","000104420000010","1","11/1/2025","9092","56","11/21/2025","0.00","0.00","","","Y","","","N","","11/1/2025","55555","","","","N","","","","","295366.00","0.00","11619310.00","N","","","","0.00","0.00","","",""
"295","148497","000104420000010","1","11/1/2025","9092","57","12/21/2025","0.00","0.00","","","Y","","","N","","11/1/2025","55555","","","","N","","","","","303070.00","0.00","11922380.00","N","","","","0.00","0.00","","",""
"296","148498","000104420000010","1","11/1/2025","9092","58","1/21/2026","0.00","0.00","","","Y","","","N","","11/1/2025","55555","","","","N","","","","","310975.00","0.00","12233355.00","N","","","","0.00","0.00","","",""
"297","148499","000104420000010","1","11/1/2025","9092","59","2/21/2026","0.00","0.00","","","Y","","","N","","11/1/2025","55555","","","","N","","","","","319087.00","0.00","12552442.00","N","","","","0.00","0.00","","",""
"298","148500","000104420000010","1","11/1/2025","9092","60","3/21/2026","0.00","0.00","","","Y","","","N","","11/1/2025","55555","","","","N","","","","","327410.00","0.00","12879852.00","N","","","","0.00","0.00","","",""
"299","148501","000104420000010","1","11/1/2025","9093","61","4/21/2026","13111795.00","0.00","","","Y","","","N","","11/1/2025","55555","","","","N","","","","","231943.00","12879852.00","0.00","Y","369080","231943.00","","0.00","0.00","","",""
"300","146439","000104420000011","1","12/10/2024","","1","3/11/2021","0.00","0.00","","","Y","","","N","","12/10/2024","55555","","","","N","","","","","1528748.00","0.00","98081248.00","N","","","","0.00","0.00","","",""
"301","146440","000104420000011","1","12/10/2024","","2","4/11/2021","0.00","0.00","","","Y","","","N","","12/10/2024","55555","","","","N","","","","","1552953.00","0.00","99634201.00","N","","","","0.00","0.00","","",""
"302","146441","000104420000011","1","12/10/2024","","3","5/11/2021","0.00","0.00","","","Y","","","N","","12/10/2024","55555","","","","N","","","","","1577542.00","0.00","101211743.00","N","","","","0.00","0.00","","",""
"303","146442","000104420000011","1","12/10/2024","","4","6/11/2021","0.00","0.00","","","Y","","","N","","12/10/2024","55555","","","","N","","","","","1602519.00","0.00","102814262.00","N","","","","0.00","0.00","","",""
"304","146443","000104420000011","1","12/10/2024","","5","7/11/2021","0.00","0.00","","","Y","","","N","","12/10/2024","55555","","","","N","","","","","1627892.00","0.00","104442154.00","N","","","","0.00","0.00","","",""
"305","146444","000104420000011","1","12/10/2024","","6","8/11/2021","0.00","0.00","","","Y","","","N","","12/10/2024","55555","","","","N","","","","","1653667.00","0.00","106095821.00","N","","","","0.00","0.00","","",""
"306","146445","000104420000011","1","12/10/2024","9048","7","9/11/2021","18021882.00","0.00","","","Y","","","N","","12/10/2024","55555","","","","N","","","","","1394504.00","16627378.00","89468443.00","N","","","","0.00","0.00","","",""
"307","146446","000104420000011","1","12/10/2024","9048","8","10/11/2021","0.00","0.00","","","Y","","","N","","12/10/2024","55555","","","","N","","","","","1416584.00","0.00","90885027.00","N","","","","0.00","0.00","","",""
"308","146447","000104420000011","1","12/10/2024","9048","9","11/11/2021","0.00","0.00","","","Y","","","N","","12/10/2024","55555","","","","N","","","","","1439013.00","0.00","92324040.00","N","","","","0.00","0.00","","",""
"309","146448","000104420000011","1","12/10/2024","9048","10","12/11/2021","0.00","0.00","","","Y","","","N","","12/10/2024","55555","","","","N","","","","","1477185.00","0.00","93801225.00","N","","","","0.00","0.00","","",""
"310","146449","000104420000011","1","12/10/2024","9048","11","1/11/2022","0.00","0.00","","","Y","","","N","","12/10/2024","55555","","","","N","","","","","1500820.00","0.00","95302045.00","N","","","","0.00","0.00","","",""
"311","146450","000104420000011","1","12/10/2024","9048","12","2/11/2022","0.00","0.00","","","Y","","","N","","12/10/2024","55555","","","","N","","","","","1524833.00","0.00","96826878.00","N","","","","0.00","0.00","","",""
"312","146451","000104420000011","1","12/10/2024","9049","13","3/11/2022","18372646.00","0.00","","","Y","","","N","","12/10/2024","55555","","","","N","","","","","1255268.00","17117378.00","79709500.00","N","","","","0.00","0.00","","",""
"313","146452","000104420000011","1","12/10/2024","9049","14","4/11/2022","0.00","0.00","","","Y","","","N","","12/10/2024","55555","","","","N","","","","","1275352.00","0.00","80984852.00","N","","","","0.00","0.00","","",""
"314","146453","000104420000011","1","12/10/2024","9049","15","5/11/2022","0.00","0.00","","","Y","","","N","","12/10/2024","55555","","","","N","","","","","1295758.00","0.00","82280610.00","N","","","","0.00","0.00","","",""
"315","146454","000104420000011","1","12/10/2024","9049","16","6/11/2022","0.00","0.00","","","Y","","","N","","12/10/2024","55555","","","","N","","","","","1316490.00","0.00","83597100.00","N","","","","0.00","0.00","","",""
"316","146455","000104420000011","1","12/10/2024","9049","17","7/11/2022","0.00","0.00","","","Y","","","N","","12/10/2024","55555","","","","N","","","","","1337554.00","0.00","84934654.00","N","","","","0.00","0.00","","",""
"317","146456","000104420000011","1","12/10/2024","9049","18","8/11/2022","0.00","0.00","","","Y","","","N","","12/10/2024","55555","","","","N","","","","","1479279.00","0.00","86413933.00","N","","","","0.00","0.00","","",""
"318","146457","000104420000011","1","12/10/2024","9052","19","9/11/2022","18795734.00","0.00","","","Y","","","N","","12/10/2024","55555","","","","N","","","","","1177684.00","17618050.00","68795883.00","N","","","","0.00","0.00","","",""
"319","146458","000104420000011","1","12/10/2024","9052","20","10/11/2022","0.00","0.00","","","Y","","","N","","12/10/2024","55555","","","","N","","","","","1198195.00","0.00","69994078.00","N","","","","0.00","0.00","","",""
"320","146459","000104420000011","1","12/10/2024","9052","21","11/11/2022","0.00","0.00","","","Y","","","N","","12/10/2024","55555","","","","N","","","","","1219064.00","0.00","71213142.00","N","","","","0.00","0.00","","",""
"321","146460","000104420000011","1","12/10/2024","9052","22","12/11/2022","0.00","0.00","","","Y","","","N","","12/10/2024","55555","","","","N","","","","","1240296.00","0.00","72453438.00","N","","","","0.00","0.00","","",""
"322","146461","000104420000011","1","12/10/2024","9052","23","1/11/2023","0.00","0.00","","","Y","","","N","","12/10/2024","55555","","","","N","","","","","1261897.00","0.00","73715335.00","N","","","","0.00","0.00","","",""
"323","146462","000104420000011","1","12/10/2024","9052","24","2/11/2023","0.00","0.00","","","Y","","","N","","12/10/2024","55555","","","","N","","","","","1283875.00","0.00","74999210.00","N","","","","0.00","0.00","","",""
"324","146463","000104420000011","1","12/10/2024","9055","25","3/11/2023","19455716.00","0.00","","","Y","","","N","","12/10/2024","55555","","","","N","","","","","1124756.00","18330960.00","56668250.00","N","","","","0.00","0.00","","",""
"325","146464","000104420000011","1","12/10/2024","9055","26","4/11/2023","0.00","0.00","","","Y","","","N","","12/10/2024","55555","","","","N","","","","","1147532.00","0.00","57815782.00","N","","","","0.00","0.00","","",""
"326","146465","000104420000011","1","12/10/2024","9055","27","5/11/2023","0.00","0.00","","","Y","","","N","","12/10/2024","55555","","","","N","","","","","1170770.00","0.00","58986552.00","N","","","","0.00","0.00","","",""
"327","146466","000104420000011","1","12/10/2024","9055","28","6/11/2023","0.00","0.00","","","Y","","","N","","12/10/2024","55555","","","","N","","","","","1194478.00","0.00","60181030.00","N","","","","0.00","0.00","","",""
"328","146467","000104420000011","1","12/10/2024","9055","29","7/11/2023","0.00","0.00","","","Y","","","N","","12/10/2024","55555","","","","N","","","","","1218666.00","0.00","61399696.00","N","","","","0.00","0.00","","",""
"329","146468","000104420000011","1","12/10/2024","9055","30","8/11/2023","0.00","0.00","","","Y","","","N","","12/10/2024","55555","","","","N","","","","","1243344.00","0.00","62643040.00","N","","","","0.00","0.00","","",""
"330","146469","000104420000011","1","12/10/2024","9056","31","9/11/2023","20677130.00","0.00","","","Y","","","N","","12/10/2024","55555","","","","N","","","","","849810.00","19827320.00","42815720.00","N","","","","0.00","0.00","","",""
"331","146470","000104420000011","1","12/10/2024","9056","32","10/11/2023","0.00","0.00","","","Y","","","N","","12/10/2024","55555","","","","N","","","","","867018.00","0.00","43682738.00","N","","","","0.00","0.00","","",""
"332","146471","000104420000011","1","12/10/2024","9056","33","11/11/2023","0.00","0.00","","","Y","","","N","","12/10/2024","55555","","","","N","","","","","884575.00","0.00","44567313.00","N","","","","0.00","0.00","","",""
"333","146423","000104420000011","1","12/10/2024","9056","34","12/11/2023","0.00","0.00","","","Y","","","N","","12/10/2024","55555","","","","N","","","","","902488.00","0.00","45469801.00","N","","","","0.00","0.00","","",""
"334","146424","000104420000011","1","12/10/2024","9056","35","1/11/2024","0.00","0.00","","","Y","","","N","","12/10/2024","55555","","","","N","","","","","920763.00","0.00","46390564.00","N","","","","0.00","0.00","","",""
"335","146425","000104420000011","1","12/10/2024","9056","36","2/11/2024","0.00","0.00","","","Y","","","N","","12/10/2024","55555","","","","N","","","","","939409.00","0.00","47329973.00","N","","","","0.00","0.00","","",""
"336","146426","000104420000011","1","12/10/2024","9057","37","3/11/2024","19410356.00","0.00","","","Y","","","N","","12/10/2024","55555","","","","N","","","","","565372.00","18844984.00","28484989.00","N","","","","0.00","0.00","","",""
"337","146427","000104420000011","1","12/10/2024","9057","38","4/11/2024","0.00","0.00","","","Y","","","N","","12/10/2024","55555","","","","N","","","","","757226.00","0.00","29242215.00","N","","","","0.00","0.00","","",""
"338","146428","000104420000011","1","12/10/2024","9057","39","5/11/2024","0.00","0.00","","","Y","","","N","","12/10/2024","55555","","","","N","","","","","777356.00","0.00","30019571.00","N","","","","0.00","0.00","","",""
"339","146429","000104420000011","1","12/10/2024","9057","40","6/11/2024","0.00","0.00","","","Y","","","N","","12/10/2024","55555","","","","N","","","","","798020.00","0.00","30817591.00","N","","","","0.00","0.00","","",""
"340","146430","000104420000011","1","12/10/2024","9057","41","7/11/2024","0.00","0.00","","","Y","","","N","","12/10/2024","55555","","","","N","","","","","819234.00","0.00","31636825.00","N","","","","0.00","0.00","","",""
"341","146431","000104420000011","1","12/10/2024","9057","42","8/11/2024","0.00","0.00","","","Y","","","N","","12/10/2024","55555","","","","N","","","","","843649.00","0.00","32480474.00","N","","","","0.00","0.00","","",""
"342","146432","000104420000011","1","12/10/2024","9058","43","9/11/2024","17992812.00","0.00","","","Y","","","N","","12/10/2024","55555","","","","N","","","","","386338.00","17606474.00","14874000.00","N","","","","0.00","0.00","","",""
"343","146433","000104420000011","1","12/10/2024","9058","44","10/11/2024","0.00","0.00","","","Y","","","N","","12/10/2024","55555","","","","N","","","","","401598.00","0.00","15275598.00","N","","","","0.00","0.00","","",""
"344","146434","000104420000011","1","12/10/2024","9058","45","11/11/2024","0.00","0.00","","","Y","","","N","","12/10/2024","55555","","","","N","","","","","412441.00","0.00","15688039.00","N","","","","0.00","0.00","","",""
"345","146435","000104420000011","1","12/10/2024","9058","46","12/11/2024","0.00","0.00","","","Y","","","N","","12/10/2024","55555","","","","N","","","","","423577.00","0.00","16111616.00","N","","","","0.00","0.00","","",""
"346","146436","000104420000011","1","12/10/2024","9058","47","1/11/2025","0.00","0.00","","","Y","","","N","","12/10/2024","55555","","","","N","","","","","433671.00","0.00","16545287.00","N","","","","0.00","0.00","","",""
"347","146437","000104420000011","1","12/10/2024","9058","48","2/11/2025","0.00","0.00","","","Y","","","N","","12/10/2024","55555","","","","N","","","","","445344.00","0.00","16990631.00","N","","","","0.00","0.00","","",""
"348","146438","000104420000011","1","12/10/2024","9061","49","3/11/2025","17156022.00","0.00","","","Y","","","N","","12/10/2024","55555","","","","N","","","","","165391.00","16990631.00","0.00","Y","284607","165391.00","","0.00","0.00","","",""
"349","165623","000104420000012","1","3/5/2026","","1","7/23/2021","0.00","0.00","","","Y","","","N","","3/5/2026","51","0-1-09/03/2026-14:35:39-192.168.002.001","","","N","","","","","1275000.00","0.00","86275000.00","N","","","","0.00","0.00","","",""
"350","165624","000104420000012","1","3/5/2026","","2","8/23/2021","0.00","0.00","","","Y","","","N","","3/5/2026","51","0-1-09/03/2026-14:35:39-192.168.002.001","","","N","","","","","1294125.00","0.00","87569125.00","N","","","","0.00","0.00","","",""
"351","165625","000104420000012","1","3/5/2026","","3","9/23/2021","0.00","0.00","","","Y","","","N","","3/5/2026","51","0-1-09/03/2026-14:35:39-192.168.002.001","","","N","","","","","1313537.00","0.00","88882662.00","N","","","","0.00","0.00","","",""
"352","165626","000104420000012","1","3/5/2026","","4","10/23/2021","0.00","0.00","","","Y","","","N","","3/5/2026","51","0-1-09/03/2026-14:35:39-192.168.002.001","","","N","","","","","1333240.00","0.00","90215902.00","N","","","","0.00","0.00","","",""
"353","165627","000104420000012","1","3/5/2026","","5","11/23/2021","0.00","0.00","","","Y","","","N","","3/5/2026","51","0-1-09/03/2026-14:35:39-192.168.002.001","","","N","","","","","1353239.00","0.00","91569141.00","N","","","","0.00","0.00","","",""
"354","165628","000104420000012","1","3/5/2026","","6","12/23/2021","0.00","0.00","","","Y","","","N","","3/5/2026","51","0-1-09/03/2026-14:35:39-192.168.002.001","","","N","","","","","1388799.00","0.00","92957940.00","N","","","","0.00","0.00","","",""
"355","165629","000104420000012","1","3/5/2026","9094","7","1/23/2022","13509438.00","0.00","","","Y","","","N","","3/5/2026","51","0-1-09/03/2026-14:35:39-192.168.002.001","","","N","","","","","1204969.00","12304469.00","80653471.00","N","","","","0.00","0.00","","",""
"356","165630","000104420000012","1","3/5/2026","9094","8","2/23/2022","0.00","0.00","","","Y","","","N","","3/5/2026","51","0-1-09/03/2026-14:35:39-192.168.002.001","","","N","","","","","1223244.00","0.00","81876715.00","N","","","","0.00","0.00","","",""
"357","165631","000104420000012","1","3/5/2026","9094","9","3/23/2022","0.00","0.00","","","Y","","","N","","3/5/2026","51","0-1-09/03/2026-14:35:39-192.168.002.001","","","N","","","","","1241797.00","0.00","83118512.00","N","","","","0.00","0.00","","",""
"358","165632","000104420000012","1","3/5/2026","9094","10","4/23/2022","0.00","0.00","","","Y","","","N","","3/5/2026","51","0-1-09/03/2026-14:35:39-192.168.002.001","","","N","","","","","1260631.00","0.00","84379143.00","N","","","","0.00","0.00","","",""
"359","165633","000104420000012","1","3/5/2026","9094","11","5/23/2022","0.00","0.00","","","Y","","","N","","3/5/2026","51","0-1-09/03/2026-14:35:39-192.168.002.001","","","N","","","","","1279750.00","0.00","85658893.00","N","","","","0.00","0.00","","",""
"360","165634","000104420000012","1","3/5/2026","9094","12","6/23/2022","0.00","0.00","","","Y","","","N","","3/5/2026","51","0-1-09/03/2026-14:35:39-192.168.002.001","","","N","","","","","1299160.00","0.00","86958053.00","N","","","","0.00","0.00","","",""
"361","165635","000104420000012","1","3/5/2026","9096","13","7/23/2022","14212314.00","0.00","","","Y","","","N","","3/5/2026","51","0-1-09/03/2026-14:35:39-192.168.002.001","","","N","","","","","1030870.00","13181444.00","73776609.00","N","","","","0.00","0.00","","",""
"362","165636","000104420000012","1","3/5/2026","9096","14","8/23/2022","0.00","0.00","","","Y","","","N","","3/5/2026","51","0-1-09/03/2026-14:35:39-192.168.002.001","","","N","","","","","1223462.00","0.00","75000071.00","N","","","","0.00","0.00","","",""
"363","165637","000104420000012","1","3/5/2026","9096","15","9/23/2022","0.00","0.00","","","Y","","","N","","3/5/2026","51","0-1-09/03/2026-14:35:39-192.168.002.001","","","N","","","","","1243751.00","0.00","76243822.00","N","","","","0.00","0.00","","",""
"364","165638","000104420000012","1","3/5/2026","9096","16","10/23/2022","0.00","0.00","","","Y","","","N","","3/5/2026","51","0-1-09/03/2026-14:35:39-192.168.002.001","","","N","","","","","1264377.00","0.00","77508199.00","N","","","","0.00","0.00","","",""
"365","165639","000104420000012","1","3/5/2026","9096","17","11/23/2022","0.00","0.00","","","Y","","","N","","3/5/2026","51","0-1-09/03/2026-14:35:39-192.168.002.001","","","N","","","","","1285344.00","0.00","78793543.00","N","","","","0.00","0.00","","",""
"366","165640","000104420000012","1","3/5/2026","9096","18","12/23/2022","0.00","0.00","","","Y","","","N","","3/5/2026","51","0-1-09/03/2026-14:35:39-192.168.002.001","","","N","","","","","1306660.00","0.00","80100203.00","N","","","","0.00","0.00","","",""
"367","165641","000104420000012","1","3/5/2026","9099","19","1/23/2023","14016680.00","0.00","","","Y","","","N","","3/5/2026","51","0-1-09/03/2026-14:35:39-192.168.002.001","","","N","","","","","1095885.00","12920795.00","67179408.00","N","","","","0.00","0.00","","",""
"368","165642","000104420000012","1","3/5/2026","9099","20","2/23/2023","0.00","0.00","","","Y","","","N","","3/5/2026","51","0-1-09/03/2026-14:35:39-192.168.002.001","","","N","","","","","1114059.00","0.00","68293467.00","N","","","","0.00","0.00","","",""
"369","165643","000104420000012","1","3/5/2026","9099","21","3/23/2023","0.00","0.00","","","Y","","","N","","3/5/2026","51","0-1-09/03/2026-14:35:39-192.168.002.001","","","N","","","","","1326031.00","0.00","69619498.00","N","","","","0.00","0.00","","",""
"370","165644","000104420000012","1","3/5/2026","9099","22","4/23/2023","0.00","0.00","","","Y","","","N","","3/5/2026","51","0-1-09/03/2026-14:35:39-192.168.002.001","","","N","","","","","1351779.00","0.00","70971277.00","N","","","","0.00","0.00","","",""
"371","165645","000104420000012","1","3/5/2026","9099","23","5/23/2023","0.00","0.00","","","Y","","","N","","3/5/2026","51","0-1-09/03/2026-14:35:39-192.168.002.001","","","N","","","","","1378026.00","0.00","72349303.00","N","","","","0.00","0.00","","",""
"372","165646","000104420000012","1","3/5/2026","9099","24","6/23/2023","0.00","0.00","","","Y","","","N","","3/5/2026","51","0-1-09/03/2026-14:35:39-192.168.002.001","","","N","","","","","1404782.00","0.00","73754085.00","N","","","","0.00","0.00","","",""
"373","165647","000104420000012","1","3/5/2026","9100","25","7/23/2023","14827890.00","0.00","","","Y","","","N","","3/5/2026","51","0-1-09/03/2026-14:35:39-192.168.002.001","","","N","","","","","1144150.00","13683740.00","60070345.00","N","","","","0.00","0.00","","",""
"374","165648","000104420000012","1","3/5/2026","9100","26","8/23/2023","0.00","0.00","","","Y","","","N","","3/5/2026","51","0-1-09/03/2026-14:35:39-192.168.002.001","","","N","","","","","1166366.00","0.00","61236711.00","N","","","","0.00","0.00","","",""
"375","165649","000104420000012","1","3/5/2026","9100","27","9/23/2023","0.00","0.00","","","Y","","","N","","3/5/2026","51","0-1-09/03/2026-14:35:39-192.168.002.001","","","N","","","","","1189013.00","0.00","62425724.00","N","","","","0.00","0.00","","",""
"376","165650","000104420000012","1","3/5/2026","9100","28","10/23/2023","0.00","0.00","","","Y","","","N","","3/5/2026","51","0-1-09/03/2026-14:35:39-192.168.002.001","","","N","","","","","1212099.00","0.00","63637823.00","N","","","","0.00","0.00","","",""
"377","165651","000104420000012","1","3/5/2026","9100","29","11/23/2023","0.00","0.00","","","Y","","","N","","3/5/2026","51","0-1-09/03/2026-14:35:39-192.168.002.001","","","N","","","","","1235634.00","0.00","64873457.00","N","","","","0.00","0.00","","",""
"378","165652","000104420000012","1","3/5/2026","9100","30","12/23/2023","0.00","0.00","","","Y","","","N","","3/5/2026","51","0-1-09/03/2026-14:35:39-192.168.002.001","","","N","","","","","1259626.00","0.00","66133083.00","N","","","","0.00","0.00","","",""
"379","165653","000104420000012","1","3/5/2026","9101","31","1/23/2024","16510014.00","0.00","","","Y","","","N","","3/5/2026","51","0-1-09/03/2026-14:35:39-192.168.002.001","","","N","","","","","963515.00","15546499.00","50586584.00","N","","","","0.00","0.00","","",""
"380","165654","000104420000012","1","3/5/2026","9101","32","2/23/2024","0.00","0.00","","","Y","","","N","","3/5/2026","51","0-1-09/03/2026-14:35:39-192.168.002.001","","","N","","","","","982223.00","0.00","51568807.00","N","","","","0.00","0.00","","",""
"381","165655","000104420000012","1","3/5/2026","9101","33","3/23/2024","0.00","0.00","","","Y","","","N","","3/5/2026","51","0-1-09/03/2026-14:35:39-192.168.002.001","","","N","","","","","1001294.00","0.00","52570101.00","N","","","","0.00","0.00","","",""
"382","165656","000104420000012","1","3/5/2026","9101","34","4/23/2024","0.00","0.00","","","Y","","","N","","3/5/2026","51","0-1-09/03/2026-14:35:39-192.168.002.001","","","N","","","","","1353680.00","0.00","53923781.00","N","","","","0.00","0.00","","",""
"383","165657","000104420000012","1","3/5/2026","9101","35","5/23/2024","0.00","0.00","","","Y","","","N","","3/5/2026","51","0-1-09/03/2026-14:35:39-192.168.002.001","","","N","","","","","1388537.00","0.00","55312318.00","N","","","","0.00","0.00","","",""
"384","165658","000104420000012","1","3/5/2026","9101","36","6/23/2024","0.00","0.00","","","Y","","","N","","3/5/2026","51","0-1-09/03/2026-14:35:39-192.168.002.001","","","N","","","","","1424292.00","0.00","56736610.00","N","","","","0.00","0.00","","",""
"385","165659","000104420000012","1","3/5/2026","9102","37","7/23/2024","15643300.00","0.00","","","Y","","","N","","3/5/2026","51","0-1-09/03/2026-14:35:39-192.168.002.001","","","N","","","","","1057788.00","14585512.00","42151098.00","N","","","","0.00","0.00","","",""
"386","165660","000104420000012","1","3/5/2026","9102","38","8/23/2024","0.00","0.00","","","Y","","","N","","3/5/2026","51","0-1-09/03/2026-14:35:39-192.168.002.001","","","N","","","","","1088903.00","0.00","43240001.00","N","","","","0.00","0.00","","",""
"387","165661","000104420000012","1","3/5/2026","9102","39","9/23/2024","0.00","0.00","","","Y","","","N","","3/5/2026","51","0-1-09/03/2026-14:35:39-192.168.002.001","","","N","","","","","1117033.00","0.00","44357034.00","N","","","","0.00","0.00","","",""
"388","165662","000104420000012","1","3/5/2026","9102","40","10/23/2024","0.00","0.00","","","Y","","","N","","3/5/2026","51","0-1-09/03/2026-14:35:39-192.168.002.001","","","N","","","","","1160676.00","0.00","45517710.00","N","","","","0.00","0.00","","",""
"389","165663","000104420000012","1","3/5/2026","9102","41","11/23/2024","0.00","0.00","","","Y","","","N","","3/5/2026","51","0-1-09/03/2026-14:35:39-192.168.002.001","","","N","","","","","1191047.00","0.00","46708757.00","N","","","","0.00","0.00","","",""
"390","165664","000104420000012","1","3/5/2026","9102","42","12/23/2024","0.00","0.00","","","Y","","","N","","3/5/2026","51","0-1-09/03/2026-14:35:39-192.168.002.001","","","N","","","","","1222212.00","0.00","47930969.00","N","","","","0.00","0.00","","",""
"391","165665","000104420000012","1","3/5/2026","9106","43","1/23/2025","15276770.00","0.00","","","Y","","","N","","3/5/2026","51","0-1-09/03/2026-14:35:39-192.168.002.001","","","N","","","","","851730.00","14425040.00","33505929.00","N","","","","0.00","0.00","","",""
"392","165666","000104420000012","1","3/5/2026","9106","44","2/23/2025","0.00","0.00","","","Y","","","N","","3/5/2026","51","0-1-09/03/2026-14:35:39-192.168.002.001","","","N","","","","","873946.00","0.00","34379875.00","N","","","","0.00","0.00","","",""
"393","165667","000104420000012","1","3/5/2026","9106","45","3/23/2025","0.00","0.00","","","Y","","","N","","3/5/2026","51","0-1-09/03/2026-14:35:39-192.168.002.001","","","N","","","","","896742.00","0.00","35276617.00","N","","","","0.00","0.00","","",""
"394","165668","000104420000012","1","3/5/2026","9106","46","4/23/2025","0.00","0.00","","","Y","","","N","","3/5/2026","51","0-1-09/03/2026-14:35:39-192.168.002.001","","","N","","","","","920132.00","0.00","36196749.00","N","","","","0.00","0.00","","",""
"395","165669","000104420000012","1","3/5/2026","9106","47","5/23/2025","0.00","0.00","","","Y","","","N","","3/5/2026","51","0-1-09/03/2026-14:35:39-192.168.002.001","","","N","","","","","938099.00","0.00","37134848.00","N","","","","0.00","0.00","","",""
"396","165670","000104420000012","1","3/5/2026","9106","48","6/23/2025","0.00","0.00","","","Y","","","N","","3/5/2026","51","0-1-09/03/2026-14:35:39-192.168.002.001","","","N","","","","","965506.00","0.00","38100354.00","N","","","","0.00","0.00","","",""
"397","165671","000104420000012","1","3/5/2026","9122","49","7/23/2025","15091888.00","0.00","","","Y","","","N","","3/5/2026","51","0-1-09/03/2026-14:35:39-192.168.002.001","","","N","","","","","714199.00","14377689.00","23722665.00","N","","","","0.00","0.00","","",""
"398","165672","000104420000012","1","3/5/2026","9122","50","8/23/2025","0.00","0.00","","","Y","","","N","","3/5/2026","51","0-1-09/03/2026-14:35:39-192.168.002.001","","","N","","","","","618766.00","0.00","24341431.00","N","","","","0.00","0.00","","",""
"399","165673","000104420000012","1","3/5/2026","9122","51","9/23/2025","0.00","0.00","","","Y","","","N","","3/5/2026","51","0-1-09/03/2026-14:35:39-192.168.002.001","","","N","","","","","634906.00","0.00","24976337.00","N","","","","0.00","0.00","","",""
"400","165674","000104420000012","1","3/5/2026","9122","52","10/23/2025","0.00","0.00","","","Y","","","N","","3/5/2026","51","0-1-09/03/2026-14:35:39-192.168.002.001","","","N","","","","","653547.00","0.00","25629884.00","N","","","","0.00","0.00","","",""
"401","165675","000104420000012","1","3/5/2026","9122","53","11/23/2025","0.00","0.00","","","Y","","","N","","3/5/2026","51","0-1-09/03/2026-14:35:39-192.168.002.001","","","N","","","","","668513.00","0.00","26298397.00","N","","","","0.00","0.00","","",""
"402","165676","000104420000012","1","3/5/2026","9122","54","12/23/2025","0.00","0.00","","","Y","","","N","","3/5/2026","51","0-1-09/03/2026-14:35:39-192.168.002.001","","","N","","","","","685950.00","0.00","26984347.00","N","","","","0.00","0.00","","",""
"403","165677","000104420000012","1","3/5/2026","9125","55","1/23/2026","14910176.00","0.00","","","Y","","","N","","3/5/2026","51","0-1-09/03/2026-14:35:39-192.168.002.001","","","N","","","","","314935.00","14595241.00","12389106.00","N","","","","0.00","0.00","","",""
"404","165678","000104420000012","1","3/5/2026","9373","56","2/23/2026","12618966.00","0.00","","","Y","","","N","","3/5/2026","51","0-1-09/03/2026-14:35:39-192.168.002.001","","","N","","","","","229860.00","12389106.00","0.00","N","","","","0.00","0.00","","",""
"405","171348","000104420000032","1","9/3/2026","1163","1","5/18/2022","1767154.00","0.00","","","Y","","","N","","9/3/2026","52","0-1-10/09/2026-17:36:32-192.168.002.001","","","N","","","","","1767154.00","0.00","104979420.00","N","","","","0.00","0.00","","",""
"406","171349","000104420000032","1","9/3/2026","1163","2","6/18/2022","2657078.00","0.00","","","Y","","","N","","9/3/2026","52","0-1-10/09/2026-17:36:32-192.168.002.001","","","N","","","","","1722426.00","934652.00","104044768.00","N","","","","0.00","0.00","","",""
"407","171350","000104420000032","1","9/3/2026","9126","3","7/18/2022","2750112.00","0.00","","","Y","","","N","","9/3/2026","52","0-1-10/09/2026-17:36:32-192.168.002.001","","","N","","","","","1046719.00","1703393.00","102341375.00","N","","","","0.00","0.00","","",""
"408","171351","000104420000032","1","9/3/2026","9127","4","8/18/2022","2727372.00","0.00","","","Y","","","N","","9/3/2026","52","0-1-10/09/2026-17:36:32-192.168.002.001","","","N","","","","","1043882.00","1683490.00","100657885.00","N","","","","0.00","0.00","","",""
"409","171352","000104420000032","1","9/3/2026","9128","5","9/18/2022","2705198.00","0.00","","","Y","","","N","","9/3/2026","52","0-1-10/09/2026-17:36:32-192.168.002.001","","","N","","","","","1026710.00","1678488.00","98979397.00","N","","","","0.00","0.00","","",""
"410","171353","000104420000032","1","9/3/2026","9128","6","10/18/2022","2705198.00","0.00","","","Y","","","N","","9/3/2026","52","0-1-10/09/2026-17:36:32-192.168.002.001","","","N","","","","","1757004.00","948194.00","98031203.00","N","","","","0.00","0.00","","",""
"411","171354","000104420000032","1","9/3/2026","9129","7","11/18/2022","2681132.00","0.00","","","Y","","","N","","9/3/2026","52","0-1-10/09/2026-17:36:32-192.168.002.001","","","N","","","","","1740139.00","940993.00","97090210.00","N","","","","0.00","0.00","","",""
"412","171355","000104420000032","1","9/3/2026","9129","8","12/18/2022","2681132.00","0.00","","","Y","","","N","","9/3/2026","52","0-1-10/09/2026-17:36:32-192.168.002.001","","","N","","","","","1722966.00","958166.00","96132044.00","N","","","","0.00","0.00","","",""
"413","171356","000104420000032","1","9/3/2026","9129","9","1/18/2023","2681132.00","0.00","","","Y","","","N","","9/3/2026","52","0-1-10/09/2026-17:36:32-192.168.002.001","","","N","","","","","1705479.00","975653.00","95156391.00","N","","","","0.00","0.00","","",""
"414","171357","000104420000032","1","9/3/2026","9130","10","2/18/2023","2846864.00","0.00","","","Y","","","N","","9/3/2026","52","0-1-10/09/2026-17:36:32-192.168.002.001","","","N","","","","","1014915.00","1831949.00","93324442.00","N","","","","0.00","0.00","","",""
"415","171358","000104420000032","1","9/3/2026","9130","11","3/18/2023","2846864.00","0.00","","","Y","","","N","","9/3/2026","52","0-1-10/09/2026-17:36:32-192.168.002.001","","","N","","","","","1907569.00","939295.00","92385147.00","N","","","","0.00","0.00","","",""
"416","171359","000104420000032","1","9/3/2026","9130","12","4/18/2023","2846864.00","0.00","","","Y","","","N","","9/3/2026","52","0-1-10/09/2026-17:36:32-192.168.002.001","","","N","","","","","1887765.00","959099.00","91426048.00","N","","","","0.00","0.00","","",""
"417","171360","000104420000032","1","9/3/2026","9130","13","5/18/2023","2846864.00","0.00","","","Y","","","N","","9/3/2026","52","0-1-10/09/2026-17:36:32-192.168.002.001","","","N","","","","","1867544.00","979320.00","90446728.00","N","","","","0.00","0.00","","",""
"418","171361","000104420000032","1","9/3/2026","9130","14","6/18/2023","2846864.00","0.00","","","Y","","","N","","9/3/2026","52","0-1-10/09/2026-17:36:32-192.168.002.001","","","N","","","","","1846897.00","999967.00","89446761.00","N","","","","0.00","0.00","","",""
"419","171362","000104420000032","1","9/3/2026","9130","15","7/18/2023","2846864.00","0.00","","","Y","","","N","","9/3/2026","52","0-1-10/09/2026-17:36:32-192.168.002.001","","","N","","","","","1825814.00","1021050.00","88425711.00","N","","","","0.00","0.00","","",""
"420","171363","000104420000032","1","9/3/2026","9130","16","8/18/2023","2846864.00","0.00","","","Y","","","N","","9/3/2026","52","0-1-10/09/2026-17:36:32-192.168.002.001","","","N","","","","","1804287.00","1042577.00","87383134.00","N","","","","0.00","0.00","","",""
"421","171364","000104420000032","1","9/3/2026","9130","17","9/18/2023","2846864.00","0.00","","","Y","","","N","","9/3/2026","52","0-1-10/09/2026-17:36:32-192.168.002.001","","","N","","","","","1782306.00","1064558.00","86318576.00","N","","","","0.00","0.00","","",""
"422","171365","000104420000032","1","9/3/2026","9130","18","10/18/2023","2846864.00","0.00","","","Y","","","N","","9/3/2026","52","0-1-10/09/2026-17:36:32-192.168.002.001","","","N","","","","","1759862.00","1087002.00","85231574.00","N","","","","0.00","0.00","","",""
"423","171366","000104420000032","1","9/3/2026","9130","19","11/18/2023","2846864.00","0.00","","","Y","","","N","","9/3/2026","52","0-1-10/09/2026-17:36:32-192.168.002.001","","","N","","","","","1736944.00","1109920.00","84121654.00","N","","","","0.00","0.00","","",""
"424","171367","000104420000032","1","9/3/2026","9130","20","12/18/2023","2846864.00","0.00","","","Y","","","N","","9/3/2026","52","0-1-10/09/2026-17:36:32-192.168.002.001","","","N","","","","","1713543.00","1133321.00","82988333.00","N","","","","0.00","0.00","","",""
"425","171368","000104420000032","1","9/3/2026","9130","21","1/18/2024","2846864.00","0.00","","","Y","","","N","","9/3/2026","52","0-1-10/09/2026-17:36:32-192.168.002.001","","","N","","","","","1689649.00","1157215.00","81831118.00","N","","","","0.00","0.00","","",""
"426","171369","000104420000032","1","9/3/2026","9130","22","2/18/2024","2846864.00","0.00","","","Y","","","N","","9/3/2026","52","0-1-10/09/2026-17:36:32-192.168.002.001","","","N","","","","","1665251.00","1181613.00","80649505.00","N","","","","0.00","0.00","","",""
"427","171370","000104420000032","1","9/3/2026","9130","23","3/18/2024","2846864.00","0.00","","","Y","","","N","","9/3/2026","52","0-1-10/09/2026-17:36:32-192.168.002.001","","","N","","","","","1640339.00","1206525.00","79442980.00","N","","","","0.00","0.00","","",""
"428","171371","000104420000032","1","9/3/2026","9131","24","4/18/2024","3065738.00","0.00","","","Y","","","N","","9/3/2026","52","0-1-10/09/2026-17:36:32-192.168.002.001","","","N","","","","","2094009.00","971729.00","78471251.00","N","","","","0.00","0.00","","",""
"429","171372","000104420000032","1","9/3/2026","9131","25","5/18/2024","3065738.00","0.00","","","Y","","","N","","9/3/2026","52","0-1-10/09/2026-17:36:32-192.168.002.001","","","N","","","","","2067368.00","998370.00","77472881.00","N","","","","0.00","0.00","","",""
"430","171373","000104420000032","1","9/3/2026","9131","26","6/18/2024","3065738.00","0.00","","","Y","","","N","","9/3/2026","52","0-1-10/09/2026-17:36:32-192.168.002.001","","","N","","","","","2039996.00","1025742.00","76447139.00","N","","","","0.00","0.00","","",""
"431","171374","000104420000032","1","9/3/2026","9132","27","7/18/2024","3057916.00","0.00","","","Y","","","N","","9/3/2026","52","0-1-10/09/2026-17:36:32-192.168.002.001","","","N","","","","","1171840.00","1886076.00","74561063.00","N","","","","0.00","0.00","","",""
"432","171375","000104420000032","1","9/3/2026","9133","28","8/18/2024","3020040.00","0.00","","","Y","","","N","","9/3/2026","52","0-1-10/09/2026-17:36:32-192.168.002.001","","","N","","","","","1145993.00","1874047.00","72687016.00","N","","","","0.00","0.00","","",""
"433","171376","000104420000032","1","9/3/2026","9134","29","9/18/2024","2996848.00","0.00","","","Y","","","N","","9/3/2026","52","0-1-10/09/2026-17:36:32-192.168.002.001","","","N","","","","","1118783.00","1878065.00","70808951.00","N","","","","0.00","0.00","","",""
"434","171377","000104420000032","1","9/3/2026","9134","30","10/18/2024","2996848.00","0.00","","","Y","","","N","","9/3/2026","52","0-1-10/09/2026-17:36:32-192.168.002.001","","","N","","","","","1887437.00","1109411.00","69699540.00","N","","","","0.00","0.00","","",""
"435","171378","000104420000032","1","9/3/2026","9134","31","11/18/2024","2996848.00","0.00","","","Y","","","N","","9/3/2026","52","0-1-10/09/2026-17:36:32-192.168.002.001","","","N","","","","","1856558.00","1140290.00","68559250.00","N","","","","0.00","0.00","","",""
"436","171379","000104420000032","1","9/3/2026","9136","32","12/18/2024","2943416.00","0.00","","","Y","","","N","","9/3/2026","52","0-1-10/09/2026-17:36:32-192.168.002.001","","","N","","","","","1065016.00","1878400.00","66680850.00","N","","","","0.00","0.00","","",""
"437","171380","000104420000032","1","9/3/2026","9136","33","1/18/2025","2943416.00","0.00","","","Y","","","N","","9/3/2026","52","0-1-10/09/2026-17:36:32-192.168.002.001","","","N","","","","","1768714.00","1174702.00","65506148.00","N","","","","0.00","0.00","","",""
"438","171381","000104420000032","1","9/3/2026","9136","34","2/18/2025","2943416.00","0.00","","","Y","","","N","","9/3/2026","52","0-1-10/09/2026-17:36:32-192.168.002.001","","","N","","","","","1736116.00","1207300.00","64298848.00","N","","","","0.00","0.00","","",""
"439","171382","000104420000032","1","9/3/2026","9136","35","3/18/2025","2943416.00","0.00","","","Y","","","N","","9/3/2026","52","0-1-10/09/2026-17:36:32-192.168.002.001","","","N","","","","","1702613.00","1240803.00","63058045.00","N","","","","0.00","0.00","","",""
"440","171383","000104420000032","1","9/3/2026","9139","36","4/18/2025","2881150.00","0.00","","","Y","","","N","","9/3/2026","52","0-1-10/09/2026-17:36:32-192.168.002.001","","","N","","","","","977659.00","1903491.00","61154554.00","N","","","","0.00","0.00","","",""
"441","171384","000104420000032","1","9/3/2026","9142","37","5/18/2025","2845388.00","0.00","","","Y","","","N","","9/3/2026","52","0-1-10/09/2026-17:36:32-192.168.002.001","","","N","","","","","1608361.00","1237027.00","59917527.00","N","","","","0.00","0.00","","",""
"442","171385","000104420000032","1","9/3/2026","9148","38","6/18/2025","2840874.00","0.00","","","Y","","","N","","9/3/2026","52","0-1-10/09/2026-17:36:32-192.168.002.001","","","N","","","","","926177.00","1914697.00","58002830.00","N","","","","0.00","0.00","","",""
"443","171386","000104420000032","1","9/3/2026","9151","39","7/18/2025","2810284.00","0.00","","","Y","","","N","","9/3/2026","52","0-1-10/09/2026-17:36:32-192.168.002.001","","","N","","","","","894833.00","1915451.00","56087379.00","N","","","","0.00","0.00","","",""
"444","171387","000104420000032","1","9/3/2026","9152","40","8/18/2025","2774522.00","0.00","","","Y","","","N","","9/3/2026","52","0-1-10/09/2026-17:36:32-192.168.002.001","","","N","","","","","1479432.00","1295090.00","54792289.00","N","","","","0.00","0.00","","",""
"445","171388","000104420000032","1","9/3/2026","9153","41","9/18/2025","2769636.00","0.00","","","Y","","","N","","9/3/2026","52","0-1-10/09/2026-17:36:32-192.168.002.001","","","N","","","","","849806.00","1919830.00","52872459.00","N","","","","0.00","0.00","","",""
"446","171389","000104420000032","1","9/3/2026","9154","42","10/18/2025","2736606.00","0.00","","","Y","","","N","","9/3/2026","52","0-1-10/09/2026-17:36:32-192.168.002.001","","","N","","","","","822493.00","1914113.00","50958346.00","N","","","","0.00","0.00","","",""
"447","171390","000104420000032","1","9/3/2026","9155","43","11/18/2025","2699668.00","0.00","","","Y","","","N","","9/3/2026","52","0-1-10/09/2026-17:36:32-192.168.002.001","","","N","","","","","790343.00","1909325.00","49049021.00","N","","","","0.00","0.00","","",""
"448","171391","000104420000032","1","9/3/2026","9155","44","12/18/2025","2699668.00","0.00","","","Y","","","N","","9/3/2026","52","0-1-10/09/2026-17:36:32-192.168.002.001","","","N","","","","","1286195.00","1413473.00","47635548.00","N","","","","0.00","0.00","","",""
"449","171392","000104420000032","1","9/3/2026","9155","45","1/18/2026","2699668.00","0.00","","","Y","","","N","","9/3/2026","52","0-1-10/09/2026-17:36:32-192.168.002.001","","","N","","","","","1246971.00","1452697.00","46182851.00","N","","","","0.00","0.00","","",""
"450","171393","000104420000032","1","9/3/2026","9371","46","2/18/2026","3792039.00","0.00","","","Y","","","N","","9/3/2026","52","0-1-10/09/2026-17:36:32-192.168.002.001","","","N","","","","","705649.00","3086390.00","43096461.00","N","","","","0.00","0.00","","",""
"451","171394","000104420000032","1","9/3/2026","9404","47","3/18/2026","3694838.00","0.00","","","Y","","","N","","9/3/2026","52","0-1-10/09/2026-17:36:32-192.168.002.001","","","N","","","","","631924.00","3062914.00","40033547.00","N","","","","0.00","0.00","","",""
"452","171395","000104420000032","1","9/3/2026","9404","48","4/18/2026","3694838.00","0.00","","","Y","","","N","","9/3/2026","52","0-1-10/09/2026-17:36:32-192.168.002.001","","","N","","","","","920581.00","2774257.00","37259290.00","N","","","","0.00","0.00","","",""
"453","171396","000104420000032","1","9/3/2026","9430","49","5/18/2026","3606691.00","0.00","","","Y","","","N","","9/3/2026","52","0-1-10/09/2026-17:36:32-192.168.002.001","","","N","","","","","497335.00","3109356.00","34149934.00","N","","","","0.00","0.00","","",""
"454","171397","000104420000032","1","9/3/2026","9461","50","6/18/2026","3594620.00","0.00","","","Y","","","N","","9/3/2026","52","0-1-10/09/2026-17:36:32-192.168.002.001","","","N","","","","","452089.00","3142531.00","31007403.00","N","","","","0.00","0.00","","",""
"455","171398","000104420000032","1","9/3/2026","9480","51","7/18/2026","3520022.00","0.00","","","Y","","","N","","9/3/2026","52","0-1-10/09/2026-17:36:32-192.168.002.001","","","N","","","","","411422.00","3108600.00","27898803.00","N","","","","0.00","0.00","","",""
"456","171399","000104420000032","1","9/3/2026","9497","52","8/18/2026","3483605.00","0.00","","","Y","","","N","","9/3/2026","52","0-1-10/09/2026-17:36:32-192.168.002.001","","","N","","","","","373309.00","3110296.00","24788507.00","N","","","","0.00","0.00","","",""
"457","171400","000104420000032","1","9/3/2026","9518","53","9/18/2026","3447367.00","0.00","","","Y","","","N","","9/3/2026","52","0-1-10/09/2026-17:36:32-192.168.002.001","","","N","","","","","336580.00","3110787.00","21677720.00","N","","","","0.00","0.00","","",""
"458","171401","000104420000032","1","9/3/2026","9518","54","10/18/2026","3447367.00","0.00","","","Y","","","N","","9/3/2026","52","0-1-10/09/2026-17:36:32-192.168.002.001","","","N","","","","","443605.00","3003762.00","18673958.00","N","","","","0.00","0.00","","",""
"459","171402","000104420000032","1","9/3/2026","9518","55","11/18/2026","3447367.00","0.00","","","Y","","","N","","9/3/2026","52","0-1-10/09/2026-17:36:32-192.168.002.001","","","N","","","","","370514.00","3076853.00","15597105.00","N","","","","0.00","0.00","","",""
"460","171403","000104420000032","1","9/3/2026","9518","56","12/18/2026","3447367.00","0.00","","","Y","","","N","","9/3/2026","52","0-1-10/09/2026-17:36:32-192.168.002.001","","","N","","","","","295644.00","3151723.00","12445382.00","N","","","","0.00","0.00","","",""
"461","171404","000104420000032","1","9/3/2026","9518","57","1/18/2027","3447367.00","0.00","","","Y","","","N","","9/3/2026","52","0-1-10/09/2026-17:36:32-192.168.002.001","","","N","","","","","218952.00","3228415.00","9216967.00","N","","","","0.00","0.00","","",""
"462","171405","000104420000032","1","9/3/2026","9518","58","2/18/2027","3447367.00","0.00","","","Y","","","N","","9/3/2026","52","0-1-10/09/2026-17:36:32-192.168.002.001","","","N","","","","","140394.00","3306973.00","5909994.00","N","","","","0.00","0.00","","",""
"463","171406","000104420000032","1","9/3/2026","9518","59","3/18/2027","3447367.00","0.00","","","Y","","","N","","9/3/2026","52","0-1-10/09/2026-17:36:32-192.168.002.001","","","N","","","","","59924.00","3387443.00","2522551.00","N","","","","0.00","0.00","","",""
"464","171407","000104420000032","1","9/3/2026","9518","60","4/18/2027","2522551.00","0.00","","","Y","","","N","","9/3/2026","52","0-1-10/09/2026-17:36:32-192.168.002.001","","","N","","","","","0.00","2522551.00","0.00","N","","","","0.00","0.00","","",""
"465","165575","000104420000043","1","3/5/2026","1176","1","7/4/2022","2823722.00","0.00","","","Y","","","N","","3/5/2026","51","0-1-09/03/2026-14:35:39-192.168.002.001","","","N","","","","","2823722.00","0.00","154724500.00","N","","","","0.00","0.00","","",""
"466","165576","000104420000043","1","3/5/2026","1176","2","8/4/2022","4866366.00","0.00","","","Y","","","N","","3/5/2026","51","0-1-09/03/2026-14:35:39-192.168.002.001","","","N","","","","","2734911.00","2131455.00","152593045.00","N","","","","0.00","0.00","","",""
"467","165577","000104420000043","1","3/5/2026","9156","3","9/4/2022","4863536.00","0.00","","","Y","","","N","","3/5/2026","51","0-1-09/03/2026-14:35:39-192.168.002.001","","","N","","","","","2696064.00","2167472.00","150425573.00","N","","","","0.00","0.00","","",""
"468","165578","000104420000043","1","3/5/2026","9157","4","10/4/2022","4860668.00","0.00","","","Y","","","N","","3/5/2026","51","0-1-09/03/2026-14:35:39-192.168.002.001","","","N","","","","","2656560.00","2204108.00","148221465.00","N","","","","0.00","0.00","","",""
"469","165579","000104420000043","1","3/5/2026","9158","5","11/4/2022","4857760.00","0.00","","","Y","","","N","","3/5/2026","51","0-1-09/03/2026-14:35:39-192.168.002.001","","","N","","","","","2616388.00","2241372.00","145980093.00","N","","","","0.00","0.00","","",""
"470","165580","000104420000043","1","3/5/2026","9158","6","12/4/2022","4857760.00","0.00","","","Y","","","N","","3/5/2026","51","0-1-09/03/2026-14:35:39-192.168.002.001","","","N","","","","","2575483.00","2282277.00","143697816.00","N","","","","0.00","0.00","","",""
"471","165581","000104420000043","1","3/5/2026","9158","7","1/4/2023","4857760.00","0.00","","","Y","","","N","","3/5/2026","51","0-1-09/03/2026-14:35:39-192.168.002.001","","","N","","","","","2533831.00","2323929.00","141373887.00","N","","","","0.00","0.00","","",""
"472","165582","000104420000043","1","3/5/2026","9158","8","2/4/2023","4857760.00","0.00","","","Y","","","N","","3/5/2026","51","0-1-09/03/2026-14:35:39-192.168.002.001","","","N","","","","","2491419.00","2366341.00","139007546.00","N","","","","0.00","0.00","","",""
"473","165583","000104420000043","1","3/5/2026","9159","9","3/4/2023","5097832.00","0.00","","","Y","","","N","","3/5/2026","51","0-1-09/03/2026-14:35:39-192.168.002.001","","","N","","","","","2823263.00","2274569.00","136732977.00","N","","","","0.00","0.00","","",""
"474","165584","000104420000043","1","3/5/2026","9159","10","4/4/2023","5097832.00","0.00","","","Y","","","N","","3/5/2026","51","0-1-09/03/2026-14:35:39-192.168.002.001","","","N","","","","","2775308.00","2322524.00","134410453.00","N","","","","0.00","0.00","","",""
"475","165585","000104420000043","1","3/5/2026","9159","11","5/4/2023","5097832.00","0.00","","","Y","","","N","","3/5/2026","51","0-1-09/03/2026-14:35:39-192.168.002.001","","","N","","","","","2726341.00","2371491.00","132038962.00","N","","","","0.00","0.00","","",""
"476","165586","000104420000043","1","3/5/2026","9159","12","6/4/2023","5097832.00","0.00","","","Y","","","N","","3/5/2026","51","0-1-09/03/2026-14:35:39-192.168.002.001","","","N","","","","","2676342.00","2421490.00","129617472.00","N","","","","0.00","0.00","","",""
"477","165587","000104420000043","1","3/5/2026","9159","13","7/4/2023","5097832.00","0.00","","","Y","","","N","","3/5/2026","51","0-1-09/03/2026-14:35:39-192.168.002.001","","","N","","","","","2625289.00","2472543.00","127144929.00","N","","","","0.00","0.00","","",""
"478","165588","000104420000043","1","3/5/2026","9159","14","8/4/2023","5097832.00","0.00","","","Y","","","N","","3/5/2026","51","0-1-09/03/2026-14:35:39-192.168.002.001","","","N","","","","","2573160.00","2524672.00","124620257.00","N","","","","0.00","0.00","","",""
"479","165589","000104420000043","1","3/5/2026","9159","15","9/4/2023","5097832.00","0.00","","","Y","","","N","","3/5/2026","51","0-1-09/03/2026-14:35:39-192.168.002.001","","","N","","","","","2519931.00","2577901.00","122042356.00","N","","","","0.00","0.00","","",""
"480","165590","000104420000043","1","3/5/2026","9159","16","10/4/2023","5097832.00","0.00","","","Y","","","N","","3/5/2026","51","0-1-09/03/2026-14:35:39-192.168.002.001","","","N","","","","","2465580.00","2632252.00","119410104.00","N","","","","0.00","0.00","","",""
"481","165591","000104420000043","1","3/5/2026","9159","17","11/4/2023","5097832.00","0.00","","","Y","","","N","","3/5/2026","51","0-1-09/03/2026-14:35:39-192.168.002.001","","","N","","","","","2410084.00","2687748.00","116722356.00","N","","","","0.00","0.00","","",""
"482","165592","000104420000043","1","3/5/2026","9159","18","12/4/2023","5097832.00","0.00","","","Y","","","N","","3/5/2026","51","0-1-09/03/2026-14:35:39-192.168.002.001","","","N","","","","","2353417.00","2744415.00","113977941.00","N","","","","0.00","0.00","","",""
"483","165593","000104420000043","1","3/5/2026","9159","19","1/4/2024","5097832.00","0.00","","","Y","","","N","","3/5/2026","51","0-1-09/03/2026-14:35:39-192.168.002.001","","","N","","","","","2295556.00","2802276.00","111175665.00","N","","","","0.00","0.00","","",""
"484","165594","000104420000043","1","3/5/2026","9159","20","2/4/2024","5097832.00","0.00","","","Y","","","N","","3/5/2026","51","0-1-09/03/2026-14:35:39-192.168.002.001","","","N","","","","","2236474.00","2861358.00","108314307.00","N","","","","0.00","0.00","","",""
"485","165595","000104420000043","1","3/5/2026","9159","21","3/4/2024","5097832.00","0.00","","","Y","","","N","","3/5/2026","51","0-1-09/03/2026-14:35:39-192.168.002.001","","","N","","","","","2176147.00","2921685.00","105392622.00","N","","","","0.00","0.00","","",""
"486","165596","000104420000043","1","3/5/2026","9160","22","4/4/2024","5440786.00","0.00","","","Y","","","N","","3/5/2026","51","0-1-09/03/2026-14:35:39-192.168.002.001","","","N","","","","","2740346.00","2700440.00","102692182.00","N","","","","0.00","0.00","","",""
"487","165597","000104420000043","1","3/5/2026","9160","23","5/4/2024","5440786.00","0.00","","","Y","","","N","","3/5/2026","51","0-1-09/03/2026-14:35:39-192.168.002.001","","","N","","","","","2666309.00","2774477.00","99917705.00","N","","","","0.00","0.00","","",""
"488","165598","000104420000043","1","3/5/2026","9160","24","6/4/2024","5440786.00","0.00","","","Y","","","N","","3/5/2026","51","0-1-09/03/2026-14:35:39-192.168.002.001","","","N","","","","","2590242.00","2850544.00","97067161.00","N","","","","0.00","0.00","","",""
"489","165599","000104420000043","1","3/5/2026","9160","25","7/4/2024","5440786.00","0.00","","","Y","","","N","","3/5/2026","51","0-1-09/03/2026-14:35:39-192.168.002.001","","","N","","","","","2512090.00","2928696.00","94138465.00","N","","","","0.00","0.00","","",""
"490","165600","000104420000043","1","3/5/2026","9161","26","8/4/2024","5410010.00","0.00","","","Y","","","N","","3/5/2026","51","0-1-09/03/2026-14:35:39-192.168.002.001","","","N","","","","","2440033.00","2969977.00","91168488.00","N","","","","0.00","0.00","","",""
"491","165601","000104420000043","1","3/5/2026","9162","27","9/4/2024","5401196.00","0.00","","","Y","","","N","","3/5/2026","51","0-1-09/03/2026-14:35:39-192.168.002.001","","","N","","","","","2358601.00","3042595.00","88125893.00","N","","","","0.00","0.00","","",""
"492","165602","000104420000043","1","3/5/2026","9163","28","10/4/2024","5410342.00","0.00","","","Y","","","N","","3/5/2026","51","0-1-09/03/2026-14:35:39-192.168.002.001","","","N","","","","","2302250.00","3108092.00","85017801.00","N","","","","0.00","0.00","","",""
"493","165603","000104420000043","1","3/5/2026","9163","29","11/4/2024","5410342.00","0.00","","","Y","","","N","","3/5/2026","51","0-1-09/03/2026-14:35:39-192.168.002.001","","","N","","","","","2215741.00","3194601.00","81823200.00","N","","","","0.00","0.00","","",""
"494","165604","000104420000043","1","3/5/2026","9163","30","12/4/2024","5410342.00","0.00","","","Y","","","N","","3/5/2026","51","0-1-09/03/2026-14:35:39-192.168.002.001","","","N","","","","","2126825.00","3283517.00","78539683.00","N","","","","0.00","0.00","","",""
"495","165605","000104420000043","1","3/5/2026","9165","31","1/4/2025","5374532.00","0.00","","","Y","","","N","","3/5/2026","51","0-1-09/03/2026-14:35:39-192.168.002.001","","","N","","","","","2030333.00","3344199.00","75195484.00","N","","","","0.00","0.00","","",""
"496","165606","000104420000043","1","3/5/2026","9165","32","2/4/2025","5374532.00","0.00","","","Y","","","N","","3/5/2026","51","0-1-09/03/2026-14:35:39-192.168.002.001","","","N","","","","","1937531.00","3437001.00","71758483.00","N","","","","0.00","0.00","","",""
"497","165607","000104420000043","1","3/5/2026","9165","33","3/4/2025","5374532.00","0.00","","","Y","","","N","","3/5/2026","51","0-1-09/03/2026-14:35:39-192.168.002.001","","","N","","","","","1842155.00","3532377.00","68226106.00","N","","","","0.00","0.00","","",""
"498","165608","000104420000043","1","3/5/2026","9165","34","4/4/2025","5374532.00","0.00","","","Y","","","N","","3/5/2026","51","0-1-09/03/2026-14:35:39-192.168.002.001","","","N","","","","","1744131.00","3630401.00","64595705.00","N","","","","0.00","0.00","","",""
"499","165609","000104420000043","1","3/5/2026","9171","35","5/4/2025","5316820.00","0.00","","","Y","","","N","","3/5/2026","51","0-1-09/03/2026-14:35:39-192.168.002.001","","","N","","","","","1635109.00","3681711.00","60913994.00","N","","","","0.00","0.00","","",""
"500","165610","000104420000043","1","3/5/2026","9175","36","6/4/2025","5307088.00","0.00","","","Y","","","N","","3/5/2026","51","0-1-09/03/2026-14:35:39-192.168.002.001","","","N","","","","","1538458.00","3768630.00","57145364.00","N","","","","0.00","0.00","","",""
"501","165611","000104420000043","1","3/5/2026","9177","37","7/4/2025","5290646.00","0.00","","","Y","","","N","","3/5/2026","51","0-1-09/03/2026-14:35:39-192.168.002.001","","","N","","","","","1430326.00","3860320.00","53285044.00","N","","","","0.00","0.00","","",""
"502","165612","000104420000043","1","3/5/2026","9181","38","8/4/2025","5281482.00","0.00","","","Y","","","N","","3/5/2026","51","0-1-09/03/2026-14:35:39-192.168.002.001","","","N","","","","","1332099.00","3949383.00","49335661.00","N","","","","0.00","0.00","","",""
"503","165613","000104420000043","1","3/5/2026","9182","39","9/4/2025","5265838.00","0.00","","","Y","","","N","","3/5/2026","51","0-1-09/03/2026-14:35:39-192.168.002.001","","","N","","","","","135031.00","5130807.00","44204854.00","N","","","","0.00","0.00","","",""
"504","165614","000104420000043","1","3/5/2026","9183","40","10/4/2025","5125020.00","0.00","","","Y","","","N","","3/5/2026","51","0-1-09/03/2026-14:35:39-192.168.002.001","","","N","","","","","121351.00","5003669.00","39201185.00","N","","","","0.00","0.00","","",""
"505","165615","000104420000043","1","3/5/2026","9184","41","11/4/2025","4982074.00","0.00","","","Y","","","N","","3/5/2026","51","0-1-09/03/2026-14:35:39-192.168.002.001","","","N","","","","","107293.00","4874781.00","34326404.00","N","","","","0.00","0.00","","",""
"506","165616","000104420000043","1","3/5/2026","9184","42","12/4/2025","4982074.00","0.00","","","Y","","","N","","3/5/2026","51","0-1-09/03/2026-14:35:39-192.168.002.001","","","N","","","","","814305.00","4167769.00","30158635.00","N","","","","0.00","0.00","","",""
"507","165617","000104420000043","1","3/5/2026","9184","43","1/4/2026","4982074.00","0.00","","","Y","","","N","","3/5/2026","51","0-1-09/03/2026-14:35:39-192.168.002.001","","","N","","","","","698650.00","4283424.00","25875211.00","N","","","","0.00","0.00","","",""
"508","165618","000104420000043","1","3/5/2026","9372","44","2/4/2026","5605682.00","0.00","","","Y","","","N","","3/5/2026","51","0-1-09/03/2026-14:35:39-192.168.002.001","","","N","","","","","70820.00","5534862.00","20340349.00","N","","","","0.00","0.00","","",""
"509","165619","000104420000043","1","3/5/2026","9372","45","3/4/2026","5605682.00","0.00","","","Y","","","N","","3/5/2026","51","0-1-09/03/2026-14:35:39-192.168.002.001","","","N","","","","","401520.00","5204162.00","15136187.00","N","","","","0.00","0.00","","",""
"510","165620","000104420000043","1","3/5/2026","9405","46","4/4/2026","5314277.00","0.00","","","Y","","","N","","3/5/2026","51","0-1-09/03/2026-14:35:39-192.168.002.001","","","N","","","","","259462.00","5054815.00","10081372.00","N","","","","0.00","0.00","","",""
"511","165621","000104420000043","1","3/5/2026","9405","47","5/4/2026","5314277.00","0.00","","","Y","","","N","","3/5/2026","51","0-1-09/03/2026-14:35:39-192.168.002.001","","","N","","","","","125931.00","5188346.00","4893026.00","N","","","","0.00","0.00","","",""
"512","165622","000104420000043","1","3/5/2026","9405","48","6/4/2026","4893026.00","0.00","","","Y","","","N","","3/5/2026","51","0-1-09/03/2026-14:35:39-192.168.002.001","","","N","","","","","0.00","4893026.00","0.00","N","","","","0.00","0.00","","",""
"513","88777","000104420000044","1","8/5/2025","2128","0","6/1/2025","0.00","0.00","","","Y","","","N","","8/5/2025","16","0-1-05/08/2025-13:37:58-192.168.002.001","","","N","","","","","0.00","0.00","0.00","N","","","","0.00","0.00","","",""
"514","88778","000104420000044","1","8/5/2025","2128","0","7/1/2025","0.00","0.00","","","Y","","","N","","8/5/2025","16","0-1-05/08/2025-13:37:58-192.168.002.001","","","N","","","","","0.00","0.00","0.00","N","","","","0.00","0.00","","",""
"515","88779","000104420000044","1","8/5/2025","2128","0","8/1/2025","0.00","0.00","","","Y","","","N","","8/5/2025","16","0-1-05/08/2025-13:37:58-192.168.002.001","","","N","","","","","0.00","0.00","0.00","N","","","","0.00","0.00","","",""
"516","170417","000104420000052","1","8/5/2026","","1","8/16/2022","0.00","0.00","","","Y","","","N","","8/5/2026","51","0-1-10/08/2026-12:01:30-192.168.002.001","","","N","","","","","1882789.00","0.00","105049289.00","N","","","","0.00","0.00","","",""
"517","170418","000104420000052","1","8/5/2026","9185","2","9/16/2022","3244774.00","0.00","","","Y","","","N","","8/5/2026","51","0-1-10/08/2026-12:01:30-192.168.002.001","","","N","","","","","945444.00","2299330.00","102749959.00","N","","","","0.00","0.00","","",""
"518","170419","000104420000052","1","8/5/2026","9185","3","10/16/2022","3244774.00","0.00","","","Y","","","N","","8/5/2026","51","0-1-10/08/2026-12:01:30-192.168.002.001","","","N","","","","","1815970.00","1428804.00","101321155.00","N","","","","0.00","0.00","","",""
"519","170420","000104420000052","1","8/5/2026","9186","4","11/16/2022","3273968.00","0.00","","","Y","","","N","","8/5/2026","51","0-1-10/08/2026-12:01:30-192.168.002.001","","","N","","","","","1789361.00","1484607.00","99836548.00","N","","","","0.00","0.00","","",""
"520","170421","000104420000052","1","8/5/2026","9186","5","12/16/2022","3273968.00","0.00","","","Y","","","N","","8/5/2026","51","0-1-10/08/2026-12:01:30-192.168.002.001","","","N","","","","","1762267.00","1511701.00","98324847.00","N","","","","0.00","0.00","","",""
"521","170422","000104420000052","1","8/5/2026","9186","6","1/16/2023","3273968.00","0.00","","","Y","","","N","","8/5/2026","51","0-1-10/08/2026-12:01:30-192.168.002.001","","","N","","","","","1734679.00","1539289.00","96785558.00","N","","","","0.00","0.00","","",""
"522","170423","000104420000052","1","8/5/2026","9187","7","2/16/2023","3445304.00","0.00","","","Y","","","N","","8/5/2026","51","0-1-10/08/2026-12:01:30-192.168.002.001","","","N","","","","","898117.00","2547187.00","94238371.00","N","","","","0.00","0.00","","",""
"523","170424","000104420000052","1","8/5/2026","9187","8","3/16/2023","3445304.00","0.00","","","Y","","","N","","8/5/2026","51","0-1-10/08/2026-12:01:30-192.168.002.001","","","N","","","","","1914220.00","1531084.00","92707287.00","N","","","","0.00","0.00","","",""
"524","170425","000104420000052","1","8/5/2026","9187","9","4/16/2023","3445304.00","0.00","","","Y","","","N","","8/5/2026","51","0-1-10/08/2026-12:01:30-192.168.002.001","","","N","","","","","1881940.00","1563364.00","91143923.00","N","","","","0.00","0.00","","",""
"525","170426","000104420000052","1","8/5/2026","9187","10","5/16/2023","3445304.00","0.00","","","Y","","","N","","8/5/2026","51","0-1-10/08/2026-12:01:30-192.168.002.001","","","N","","","","","1848979.00","1596325.00","89547598.00","N","","","","0.00","0.00","","",""
"526","170427","000104420000052","1","8/5/2026","9187","11","6/16/2023","3445304.00","0.00","","","Y","","","N","","8/5/2026","51","0-1-10/08/2026-12:01:30-192.168.002.001","","","N","","","","","1815323.00","1629981.00","87917617.00","N","","","","0.00","0.00","","",""
"527","170428","000104420000052","1","8/5/2026","9187","12","7/16/2023","3445304.00","0.00","","","Y","","","N","","8/5/2026","51","0-1-10/08/2026-12:01:30-192.168.002.001","","","N","","","","","1780958.00","1664346.00","86253271.00","N","","","","0.00","0.00","","",""
"528","170429","000104420000052","1","8/5/2026","9187","13","8/16/2023","3445304.00","0.00","","","Y","","","N","","8/5/2026","51","0-1-10/08/2026-12:01:30-192.168.002.001","","","N","","","","","1745868.00","1699436.00","84553835.00","N","","","","0.00","0.00","","",""
"529","170430","000104420000052","1","8/5/2026","9187","14","9/16/2023","3445304.00","0.00","","","Y","","","N","","8/5/2026","51","0-1-10/08/2026-12:01:30-192.168.002.001","","","N","","","","","1710038.00","1735266.00","82818569.00","N","","","","0.00","0.00","","",""
"530","170431","000104420000052","1","8/5/2026","9187","15","10/16/2023","3445304.00","0.00","","","Y","","","N","","8/5/2026","51","0-1-10/08/2026-12:01:30-192.168.002.001","","","N","","","","","1673453.00","1771851.00","81046718.00","N","","","","0.00","0.00","","",""
"531","170432","000104420000052","1","8/5/2026","9187","16","11/16/2023","3445304.00","0.00","","","Y","","","N","","8/5/2026","51","0-1-10/08/2026-12:01:30-192.168.002.001","","","N","","","","","1636096.00","1809208.00","79237510.00","N","","","","0.00","0.00","","",""
"532","170433","000104420000052","1","8/5/2026","9187","17","12/16/2023","3445304.00","0.00","","","Y","","","N","","8/5/2026","51","0-1-10/08/2026-12:01:30-192.168.002.001","","","N","","","","","1597952.00","1847352.00","77390158.00","N","","","","0.00","0.00","","",""
"533","170434","000104420000052","1","8/5/2026","9187","18","1/16/2024","3445304.00","0.00","","","Y","","","N","","8/5/2026","51","0-1-10/08/2026-12:01:30-192.168.002.001","","","N","","","","","1559004.00","1886300.00","75503858.00","N","","","","0.00","0.00","","",""
"534","170435","000104420000052","1","8/5/2026","9187","19","2/16/2024","3445304.00","0.00","","","Y","","","N","","8/5/2026","51","0-1-10/08/2026-12:01:30-192.168.002.001","","","N","","","","","1519235.00","1926069.00","73577789.00","N","","","","0.00","0.00","","",""
"535","170436","000104420000052","1","8/5/2026","9187","20","3/16/2024","3445304.00","0.00","","","Y","","","N","","8/5/2026","51","0-1-10/08/2026-12:01:30-192.168.002.001","","","N","","","","","1478627.00","1966677.00","71611112.00","N","","","","0.00","0.00","","",""
"536","170437","000104420000052","1","8/5/2026","9188","21","4/16/2024","3611752.00","0.00","","","Y","","","N","","8/5/2026","51","0-1-10/08/2026-12:01:30-192.168.002.001","","","N","","","","","1864316.00","1747436.00","69863676.00","N","","","","0.00","0.00","","",""
"537","170438","000104420000052","1","8/5/2026","9188","22","5/16/2024","3611752.00","0.00","","","Y","","","N","","8/5/2026","51","0-1-10/08/2026-12:01:30-192.168.002.001","","","N","","","","","1816407.00","1795345.00","68068331.00","N","","","","0.00","0.00","","",""
"538","170439","000104420000052","1","8/5/2026","9188","23","6/16/2024","3611752.00","0.00","","","Y","","","N","","8/5/2026","51","0-1-10/08/2026-12:01:30-192.168.002.001","","","N","","","","","1767185.00","1844567.00","66223764.00","N","","","","0.00","0.00","","",""
"539","170440","000104420000052","1","8/5/2026","9189","24","7/16/2024","3598676.00","0.00","","","Y","","","N","","8/5/2026","51","0-1-10/08/2026-12:01:30-192.168.002.001","","","N","","","","","895382.00","2703294.00","63520470.00","N","","","","0.00","0.00","","",""
"540","170441","000104420000052","1","8/5/2026","9190","25","8/16/2024","3546982.00","0.00","","","Y","","","N","","8/5/2026","51","0-1-10/08/2026-12:01:30-192.168.002.001","","","N","","","","","861442.00","2685540.00","60834930.00","N","","","","0.00","0.00","","",""
"541","170442","000104420000052","1","8/5/2026","9191","26","9/16/2024","3508826.00","0.00","","","Y","","","N","","8/5/2026","51","0-1-10/08/2026-12:01:30-192.168.002.001","","","N","","","","","825022.00","2683804.00","58151126.00","N","","","","0.00","0.00","","",""
"542","170443","000104420000052","1","8/5/2026","9191","27","10/16/2024","3508826.00","0.00","","","Y","","","N","","8/5/2026","51","0-1-10/08/2026-12:01:30-192.168.002.001","","","N","","","","","1520877.00","1987949.00","56163177.00","N","","","","0.00","0.00","","",""
"543","170444","000104420000052","1","8/5/2026","9191","28","11/16/2024","3508826.00","0.00","","","Y","","","N","","8/5/2026","51","0-1-10/08/2026-12:01:30-192.168.002.001","","","N","","","","","1465546.00","2043280.00","54119897.00","N","","","","0.00","0.00","","",""
"544","170445","000104420000052","1","8/5/2026","9193","29","12/16/2024","3435192.00","0.00","","","Y","","","N","","8/5/2026","51","0-1-10/08/2026-12:01:30-192.168.002.001","","","N","","","","","741962.00","2693230.00","51426667.00","N","","","","0.00","0.00","","",""
"545","170446","000104420000052","1","8/5/2026","9193","30","1/16/2025","3435192.00","0.00","","","Y","","","N","","8/5/2026","51","0-1-10/08/2026-12:01:30-192.168.002.001","","","N","","","","","1331763.00","2103429.00","49323238.00","N","","","","0.00","0.00","","",""
"546","170447","000104420000052","1","8/5/2026","9193","31","2/16/2025","3435192.00","0.00","","","Y","","","N","","8/5/2026","51","0-1-10/08/2026-12:01:30-192.168.002.001","","","N","","","","","1273393.00","2161799.00","47161439.00","N","","","","0.00","0.00","","",""
"547","170448","000104420000052","1","8/5/2026","9193","32","3/16/2025","3435192.00","0.00","","","Y","","","N","","8/5/2026","51","0-1-10/08/2026-12:01:30-192.168.002.001","","","N","","","","","1213403.00","2221789.00","44939650.00","N","","","","0.00","0.00","","",""
"548","170449","000104420000052","1","8/5/2026","9195","33","4/16/2025","3347208.00","0.00","","","Y","","","N","","8/5/2026","51","0-1-10/08/2026-12:01:30-192.168.002.001","","","N","","","","","614996.00","2732212.00","42207438.00","N","","","","0.00","0.00","","",""
"549","170450","000104420000052","1","8/5/2026","9199","34","5/16/2025","3298398.00","0.00","","","Y","","","N","","8/5/2026","51","0-1-10/08/2026-12:01:30-192.168.002.001","","","N","","","","","1073241.00","2225157.00","39982281.00","N","","","","0.00","0.00","","",""
"550","170451","000104420000052","1","8/5/2026","9205","35","6/16/2025","3290910.00","0.00","","","Y","","","N","","8/5/2026","51","0-1-10/08/2026-12:01:30-192.168.002.001","","","N","","","","","545512.00","2745398.00","37236883.00","N","","","","0.00","0.00","","",""
"551","170452","000104420000052","1","8/5/2026","9208","36","7/16/2025","3246094.00","0.00","","","Y","","","N","","8/5/2026","51","0-1-10/08/2026-12:01:30-192.168.002.001","","","N","","","","","506524.00","2739570.00","34497313.00","N","","","","0.00","0.00","","",""
"552","170453","000104420000052","1","8/5/2026","9209","37","8/16/2025","3197268.00","0.00","","","Y","","","N","","8/5/2026","51","0-1-10/08/2026-12:01:30-192.168.002.001","","","N","","","","","868576.00","2328692.00","32168621.00","N","","","","0.00","0.00","","",""
"553","170454","000104420000052","1","8/5/2026","9210","38","9/16/2025","3188474.00","0.00","","","Y","","","N","","8/5/2026","51","0-1-10/08/2026-12:01:30-192.168.002.001","","","N","","","","","440225.00","2748249.00","29420372.00","N","","","","0.00","0.00","","",""
"554","170455","000104420000052","1","8/5/2026","9211","39","10/16/2025","3141640.00","0.00","","","Y","","","N","","8/5/2026","51","0-1-10/08/2026-12:01:30-192.168.002.001","","","N","","","","","403825.00","2737815.00","26682557.00","N","","","","0.00","0.00","","",""
"555","170456","000104420000052","1","8/5/2026","9212","40","11/16/2025","3092198.00","0.00","","","Y","","","N","","8/5/2026","51","0-1-10/08/2026-12:01:30-192.168.002.001","","","N","","","","","365149.00","2727049.00","23955508.00","N","","","","0.00","0.00","","",""
"556","170457","000104420000052","1","8/5/2026","9212","41","12/16/2025","3092198.00","0.00","","","Y","","","N","","8/5/2026","51","0-1-10/08/2026-12:01:30-192.168.002.001","","","N","","","","","578957.00","2513241.00","21442267.00","N","","","","0.00","0.00","","",""
"557","170458","000104420000052","1","8/5/2026","9212","42","1/16/2026","3092198.00","0.00","","","Y","","","N","","8/5/2026","51","0-1-10/08/2026-12:01:30-192.168.002.001","","","N","","","","","509214.00","2582984.00","18859283.00","N","","","","0.00","0.00","","",""
"558","170459","000104420000052","1","8/5/2026","9374","43","2/16/2026","3449711.00","0.00","","","Y","","","N","","8/5/2026","51","0-1-10/08/2026-12:01:30-192.168.002.001","","","N","","","","","254368.00","3195343.00","15663940.00","N","","","","0.00","0.00","","",""
"559","170460","000104420000052","1","8/5/2026","9407","44","3/16/2026","3374850.00","0.00","","","Y","","","N","","8/5/2026","51","0-1-10/08/2026-12:01:30-192.168.002.001","","","N","","","","","203588.00","3171262.00","12492678.00","N","","","","0.00","0.00","","",""
"560","170461","000104420000052","1","8/5/2026","9407","45","4/16/2026","3374850.00","0.00","","","Y","","","N","","8/5/2026","51","0-1-10/08/2026-12:01:30-192.168.002.001","","","N","","","","","230985.00","3143865.00","9348813.00","N","","","","0.00","0.00","","",""
"561","170462","000104420000052","1","8/5/2026","9431","46","5/16/2026","3265979.00","0.00","","","Y","","","N","","8/5/2026","51","0-1-10/08/2026-12:01:30-192.168.002.001","","","N","","","","","110137.00","3155842.00","6192971.00","N","","","","0.00","0.00","","",""
"562","170463","000104420000052","1","8/5/2026","9462","47","6/16/2026","3226601.00","0.00","","","Y","","","N","","8/5/2026","51","0-1-10/08/2026-12:01:30-192.168.002.001","","","N","","","","","72347.00","3154254.00","3038717.00","N","","","","0.00","0.00","","",""
"563","170464","000104420000052","1","8/5/2026","9481","48","7/16/2026","3074291.00","0.00","","","Y","","","N","","8/5/2026","51","0-1-10/08/2026-12:01:30-192.168.002.001","","","N","","","","","35574.00","3038717.00","0.00","N","","","","0.00","0.00","","",""
"564","170465","000104420000062","1","8/5/2026","","1","9/14/2022","0.00","0.00","","","Y","","","N","","8/5/2026","51","0-1-10/08/2026-12:01:30-192.168.002.001","","","N","","","","","4705959.00","0.00","262566709.00","N","","","","0.00","0.00","","",""
"565","170466","000104420000062","1","8/5/2026","","2","10/4/2022","0.00","0.00","","","Y","","","N","","8/5/2026","51","0-1-10/08/2026-12:01:30-192.168.002.001","","","N","","","","","4791842.00","0.00","267358551.00","N","","","","0.00","0.00","","",""
"566","170467","000104420000062","1","8/5/2026","","3","11/4/2022","0.00","0.00","","","Y","","","N","","8/5/2026","51","0-1-10/08/2026-12:01:30-192.168.002.001","","","N","","","","","4879294.00","0.00","272237845.00","N","","","","0.00","0.00","","",""
"567","170468","000104420000062","1","8/5/2026","","4","12/4/2022","0.00","0.00","","","Y","","","N","","8/5/2026","51","0-1-10/08/2026-12:01:30-192.168.002.001","","","N","","","","","4968341.00","0.00","277206186.00","N","","","","0.00","0.00","","",""
"568","170469","000104420000062","1","8/5/2026","","5","1/4/2023","0.00","0.00","","","Y","","","N","","8/5/2026","51","0-1-10/08/2026-12:01:30-192.168.002.001","","","N","","","","","5059013.00","0.00","282265199.00","N","","","","0.00","0.00","","",""
"569","170470","000104420000062","1","8/5/2026","","6","2/4/2023","0.00","0.00","","","Y","","","N","","8/5/2026","51","0-1-10/08/2026-12:01:30-192.168.002.001","","","N","","","","","5151340.00","0.00","287416539.00","N","","","","0.00","0.00","","",""
"570","170471","000104420000062","1","8/5/2026","","7","3/4/2023","0.00","0.00","","","Y","","","N","","8/5/2026","51","0-1-10/08/2026-12:01:30-192.168.002.001","","","N","","","","","6059699.00","0.00","293476238.00","N","","","","0.00","0.00","","",""
"571","170472","000104420000062","1","8/5/2026","","8","4/4/2023","0.00","0.00","","","Y","","","N","","8/5/2026","51","0-1-10/08/2026-12:01:30-192.168.002.001","","","N","","","","","6187457.00","0.00","299663695.00","N","","","","0.00","0.00","","",""
"572","170473","000104420000062","1","8/5/2026","","9","5/4/2023","0.00","0.00","","","Y","","","N","","8/5/2026","51","0-1-10/08/2026-12:01:30-192.168.002.001","","","N","","","","","6317910.00","0.00","305981605.00","N","","","","0.00","0.00","","",""
"573","170474","000104420000062","1","8/5/2026","9214","10","6/4/2023","8593126.00","0.00","","","Y","","","N","","8/5/2026","51","0-1-10/08/2026-12:01:30-192.168.002.001","","","N","","","","","6269940.00","2323186.00","303658419.00","N","","","","0.00","0.00","","",""
"574","170475","000104420000062","1","8/5/2026","9214","11","7/4/2023","8593126.00","0.00","","","Y","","","N","","8/5/2026","51","0-1-10/08/2026-12:01:30-192.168.002.001","","","N","","","","","6220960.00","2372166.00","301286253.00","N","","","","0.00","0.00","","",""
"575","170476","000104420000062","1","8/5/2026","9214","12","8/4/2023","8593126.00","0.00","","","Y","","","N","","8/5/2026","51","0-1-10/08/2026-12:01:30-192.168.002.001","","","N","","","","","6170947.00","2422179.00","298864074.00","N","","","","0.00","0.00","","",""
"576","170477","000104420000062","1","8/5/2026","9214","13","9/4/2023","8593126.00","0.00","","","Y","","","N","","8/5/2026","51","0-1-10/08/2026-12:01:30-192.168.002.001","","","N","","","","","6119879.00","2473247.00","296390827.00","N","","","","0.00","0.00","","",""
"577","170478","000104420000062","1","8/5/2026","9214","14","10/4/2023","8593126.00","0.00","","","Y","","","N","","8/5/2026","51","0-1-10/08/2026-12:01:30-192.168.002.001","","","N","","","","","6067735.00","2525391.00","293865436.00","N","","","","0.00","0.00","","",""
"578","170479","000104420000062","1","8/5/2026","9214","15","11/4/2023","8593126.00","0.00","","","Y","","","N","","8/5/2026","51","0-1-10/08/2026-12:01:30-192.168.002.001","","","N","","","","","6014491.00","2578635.00","291286801.00","N","","","","0.00","0.00","","",""
"579","170480","000104420000062","1","8/5/2026","9214","16","12/4/2023","8593126.00","0.00","","","Y","","","N","","8/5/2026","51","0-1-10/08/2026-12:01:30-192.168.002.001","","","N","","","","","5960125.00","2633001.00","288653800.00","N","","","","0.00","0.00","","",""
"580","170481","000104420000062","1","8/5/2026","9214","17","1/4/2024","8593126.00","0.00","","","Y","","","N","","8/5/2026","51","0-1-10/08/2026-12:01:30-192.168.002.001","","","N","","","","","5904613.00","2688513.00","285965287.00","N","","","","0.00","0.00","","",""
"581","170482","000104420000062","1","8/5/2026","9214","18","2/4/2024","8593126.00","0.00","","","Y","","","N","","8/5/2026","51","0-1-10/08/2026-12:01:30-192.168.002.001","","","N","","","","","5847930.00","2745196.00","283220091.00","N","","","","0.00","0.00","","",""
"582","170483","000104420000062","1","8/5/2026","9214","19","3/4/2024","8593126.00","0.00","","","Y","","","N","","8/5/2026","51","0-1-10/08/2026-12:01:30-192.168.002.001","","","N","","","","","5790052.00","2803074.00","280417017.00","N","","","","0.00","0.00","","",""
"583","170484","000104420000062","1","8/5/2026","9215","20","4/4/2024","13833086.00","0.00","","","Y","","","N","","8/5/2026","51","0-1-10/08/2026-12:01:30-192.168.002.001","","","N","","","","","7308843.00","6524243.00","273892774.00","N","","","","0.00","0.00","","",""
"584","170485","000104420000062","1","8/5/2026","9215","21","5/4/2024","13833086.00","0.00","","","Y","","","N","","8/5/2026","51","0-1-10/08/2026-12:01:30-192.168.002.001","","","N","","","","","7129970.00","6703116.00","267189658.00","N","","","","0.00","0.00","","",""
"585","170486","000104420000062","1","8/5/2026","9215","22","6/4/2024","13833086.00","0.00","","","Y","","","N","","8/5/2026","51","0-1-10/08/2026-12:01:30-192.168.002.001","","","N","","","","","6946193.00","6886893.00","260302765.00","N","","","","0.00","0.00","","",""
"586","170487","000104420000062","1","8/5/2026","9215","23","7/4/2024","13833086.00","0.00","","","Y","","","N","","8/5/2026","51","0-1-10/08/2026-12:01:30-192.168.002.001","","","N","","","","","6757377.00","7075709.00","253227056.00","N","","","","0.00","0.00","","",""
"587","170488","000104420000062","1","8/5/2026","9216","24","8/4/2024","13760654.00","0.00","","","Y","","","N","","8/5/2026","51","0-1-10/08/2026-12:01:30-192.168.002.001","","","N","","","","","6585326.00","7175328.00","246051728.00","N","","","","0.00","0.00","","",""
"588","170489","000104420000062","1","8/5/2026","9217","25","9/4/2024","13739522.00","0.00","","","Y","","","N","","8/5/2026","51","0-1-10/08/2026-12:01:30-192.168.002.001","","","N","","","","","6388586.00","7350936.00","238700792.00","N","","","","0.00","0.00","","",""
"589","170490","000104420000062","1","8/5/2026","9218","26","10/4/2024","13767740.00","0.00","","","Y","","","N","","8/5/2026","51","0-1-10/08/2026-12:01:30-192.168.002.001","","","N","","","","","6260637.00","7507103.00","231193689.00","N","","","","0.00","0.00","","",""
"590","170491","000104420000062","1","8/5/2026","9218","27","11/4/2024","13767740.00","0.00","","","Y","","","N","","8/5/2026","51","0-1-10/08/2026-12:01:30-192.168.002.001","","","N","","","","","6051689.00","7716051.00","223477638.00","N","","","","0.00","0.00","","",""
"591","170492","000104420000062","1","8/5/2026","9218","28","12/4/2024","13767740.00","0.00","","","Y","","","N","","8/5/2026","51","0-1-10/08/2026-12:01:30-192.168.002.001","","","N","","","","","5836925.00","7930815.00","215546823.00","N","","","","0.00","0.00","","",""
"592","170493","000104420000062","1","8/5/2026","9220","29","1/4/2025","13681562.00","0.00","","","Y","","","N","","8/5/2026","51","0-1-10/08/2026-12:01:30-192.168.002.001","","","N","","","","","5601761.00","8079801.00","207467022.00","N","","","","0.00","0.00","","",""
"593","170494","000104420000062","1","8/5/2026","9220","30","2/4/2025","13681562.00","0.00","","","Y","","","N","","8/5/2026","51","0-1-10/08/2026-12:01:30-192.168.002.001","","","N","","","","","5377547.00","8304015.00","199163007.00","N","","","","0.00","0.00","","",""
"594","170495","000104420000062","1","8/5/2026","9220","31","3/4/2025","13681562.00","0.00","","","Y","","","N","","8/5/2026","51","0-1-10/08/2026-12:01:30-192.168.002.001","","","N","","","","","5147110.00","8534452.00","190628555.00","N","","","","0.00","0.00","","",""
"595","170496","000104420000062","1","8/5/2026","9220","32","4/4/2025","13681562.00","0.00","","","Y","","","N","","8/5/2026","51","0-1-10/08/2026-12:01:30-192.168.002.001","","","N","","","","","4910279.00","8771283.00","181857272.00","N","","","","0.00","0.00","","",""
"596","170497","000104420000062","1","8/5/2026","9226","33","5/4/2025","13545144.00","0.00","","","Y","","","N","","8/5/2026","51","0-1-10/08/2026-12:01:30-192.168.002.001","","","N","","","","","4642610.00","8902534.00","172954738.00","N","","","","0.00","0.00","","",""
"597","170498","000104420000062","1","8/5/2026","9230","34","6/4/2025","13524634.00","0.00","","","Y","","","N","","8/5/2026","51","0-1-10/08/2026-12:01:30-192.168.002.001","","","N","","","","","4410900.00","9113734.00","163841004.00","N","","","","0.00","0.00","","",""
"598","170499","000104420000062","1","8/5/2026","9232","35","7/4/2025","13485620.00","0.00","","","Y","","","N","","8/5/2026","51","0-1-10/08/2026-12:01:30-192.168.002.001","","","N","","","","","4147303.00","9338317.00","154502687.00","N","","","","0.00","0.00","","",""
"599","170500","000104420000062","1","8/5/2026","9236","36","8/4/2025","13468638.00","0.00","","","Y","","","N","","8/5/2026","51","0-1-10/08/2026-12:01:30-192.168.002.001","","","N","","","","","3913695.00","9554943.00","144947744.00","N","","","","0.00","0.00","","",""
"600","170501","000104420000062","1","8/5/2026","9237","37","9/4/2025","13433998.00","0.00","","","Y","","","N","","8/5/2026","51","0-1-10/08/2026-12:01:30-192.168.002.001","","","N","","","","","396720.00","13037278.00","131910466.00","N","","","","0.00","0.00","","",""
"601","170502","000104420000062","1","8/5/2026","9238","38","10/4/2025","13081186.00","0.00","","","Y","","","N","","8/5/2026","51","0-1-10/08/2026-12:01:30-192.168.002.001","","","N","","","","","362121.00","12719065.00","119191401.00","N","","","","0.00","0.00","","",""
"602","170503","000104420000062","1","8/5/2026","9239","39","11/4/2025","12721886.00","0.00","","","Y","","","N","","8/5/2026","51","0-1-10/08/2026-12:01:30-192.168.002.001","","","N","","","","","326225.00","12395661.00","106795740.00","N","","","","0.00","0.00","","",""
"603","170504","000104420000062","1","8/5/2026","9239","40","12/4/2025","12721886.00","0.00","","","Y","","","N","","8/5/2026","51","0-1-10/08/2026-12:01:30-192.168.002.001","","","N","","","","","2610549.00","10111337.00","96684403.00","N","","","","0.00","0.00","","",""
"604","170505","000104420000062","1","8/5/2026","9239","41","1/4/2026","12721886.00","0.00","","","Y","","","N","","8/5/2026","51","0-1-10/08/2026-12:01:30-192.168.002.001","","","N","","","","","2329960.00","10391926.00","86292477.00","N","","","","0.00","0.00","","",""
"605","170506","000104420000062","1","8/5/2026","9375","42","2/4/2026","13707298.00","0.00","","","Y","","","N","","8/5/2026","51","0-1-10/08/2026-12:01:30-192.168.002.001","","","N","","","","","236181.00","13471117.00","72821360.00","N","","","","0.00","0.00","","",""
"606","170507","000104420000062","1","8/5/2026","9375","43","3/4/2026","13707298.00","0.00","","","Y","","","N","","8/5/2026","51","0-1-10/08/2026-12:01:30-192.168.002.001","","","N","","","","","1610858.00","12096440.00","60724920.00","N","","","","0.00","0.00","","",""
"607","170508","000104420000062","1","8/5/2026","9408","44","4/4/2026","13083393.00","0.00","","","Y","","","N","","8/5/2026","51","0-1-10/08/2026-12:01:30-192.168.002.001","","","N","","","","","1206919.00","11876474.00","48848446.00","N","","","","0.00","0.00","","",""
"608","170509","000104420000062","1","8/5/2026","9432","45","5/4/2026","12956105.00","0.00","","","Y","","","N","","8/5/2026","51","0-1-10/08/2026-12:01:30-192.168.002.001","","","N","","","","","861416.00","12094689.00","36753757.00","N","","","","0.00","0.00","","",""
"609","170510","000104420000062","1","8/5/2026","9448","46","6/4/2026","12835666.00","0.00","","","Y","","","N","","8/5/2026","51","0-1-10/08/2026-12:01:30-192.168.002.001","","","N","","","","","86195.00","12749471.00","24004286.00","N","","","","0.00","0.00","","",""
"610","170511","000104420000062","1","8/5/2026","9482","47","7/4/2026","12679772.00","0.00","","","Y","","","N","","8/5/2026","51","0-1-10/08/2026-12:01:30-192.168.002.001","","","N","","","","","56098.00","12623674.00","11380612.00","N","","","","0.00","0.00","","",""
"611","170512","000104420000062","1","8/5/2026","9482","48","8/4/2026","11380612.00","0.00","","","Y","","","N","","8/5/2026","51","0-1-10/08/2026-12:01:30-192.168.002.001","","","N","","","","","0.00","11380612.00","0.00","N","","","","0.00","0.00","","",""
"612","134089","000104420000063","1","11/1/2025","","1","7/16/2024","0.00","0.00","","","Y","","","N","","11/1/2025","55555","","","","N","","","","","4125000.00","0.00","154125000.00","N","","","","0.00","0.00","","",""
"613","134090","000104420000063","1","11/1/2025","8818","2","8/16/2024","5665738.00","0.00","","","Y","","","N","","11/1/2025","55555","","","","N","","","","","2090188.00","3575550.00","150549450.00","N","","","","0.00","0.00","","",""
"614","134091","000104420000063","1","11/1/2025","8819","3","9/16/2024","5781232.00","0.00","","","Y","","","N","","11/1/2025","55555","","","","N","","","","","2041698.00","3739534.00","146809916.00","N","","","","0.00","0.00","","",""
"615","134092","000104420000063","1","11/1/2025","8819","4","10/16/2024","5781232.00","0.00","","","Y","","","N","","11/1/2025","55555","","","","N","","","","","3925298.00","1855934.00","144953982.00","N","","","","0.00","0.00","","",""
"616","134093","000104420000063","1","11/1/2025","8819","5","11/16/2024","5781232.00","0.00","","","Y","","","N","","11/1/2025","55555","","","","N","","","","","3873642.00","1907590.00","143046392.00","N","","","","0.00","0.00","","",""
"617","134094","000104420000063","1","11/1/2025","8821","6","12/16/2024","5669814.00","0.00","","","Y","","","N","","11/1/2025","55555","","","","N","","","","","1961107.00","3708707.00","139337685.00","N","","","","0.00","0.00","","",""
"618","134095","000104420000063","1","11/1/2025","8821","7","1/16/2025","5669814.00","0.00","","","Y","","","N","","11/1/2025","55555","","","","N","","","","","3709283.00","1960531.00","137377154.00","N","","","","0.00","0.00","","",""
"619","134096","000104420000063","1","11/1/2025","8821","8","2/16/2025","5669814.00","0.00","","","Y","","","N","","11/1/2025","55555","","","","N","","","","","3654879.00","2014935.00","135362219.00","N","","","","0.00","0.00","","",""
"620","134097","000104420000063","1","11/1/2025","8821","9","3/16/2025","5669814.00","0.00","","","Y","","","N","","11/1/2025","55555","","","","N","","","","","3598964.00","2070850.00","133291369.00","N","","","","0.00","0.00","","",""
"621","134098","000104420000063","1","11/1/2025","8823","10","4/16/2025","5543408.00","0.00","","","Y","","","N","","11/1/2025","55555","","","","N","","","","","1824083.00","3719325.00","129572044.00","N","","","","0.00","0.00","","",""
"622","134099","000104420000063","1","11/1/2025","8827","11","5/16/2025","5465268.00","0.00","","","Y","","","N","","11/1/2025","55555","","","","N","","","","","3423279.00","2041989.00","127530055.00","N","","","","0.00","0.00","","",""
"623","134100","000104420000063","1","11/1/2025","8833","12","6/16/2025","5458816.00","0.00","","","Y","","","N","","11/1/2025","55555","","","","N","","","","","1739999.00","3718817.00","123811238.00","N","","","","0.00","0.00","","",""
"624","134101","000104420000063","1","11/1/2025","8836","13","7/16/2025","5395478.00","0.00","","","Y","","","N","","11/1/2025","55555","","","","N","","","","","1684172.00","3711306.00","120099932.00","N","","","","0.00","0.00","","",""
"625","134102","000104420000063","1","11/1/2025","8837","14","8/16/2025","5317918.00","0.00","","","Y","","","N","","11/1/2025","55555","","","","N","","","","","3185201.00","2132717.00","117967215.00","N","","","","0.00","0.00","","",""
"626","134103","000104420000063","1","11/1/2025","8838","15","9/16/2025","5311274.00","0.00","","","Y","","","N","","11/1/2025","55555","","","","N","","","","","1614373.00","3696901.00","114270314.00","N","","","","0.00","0.00","","",""
"627","134104","000104420000063","1","11/1/2025","8839","16","10/16/2025","5241586.00","0.00","","","Y","","","N","","11/1/2025","55555","","","","N","","","","","1568477.00","3673109.00","110597205.00","N","","","","0.00","0.00","","",""
"628","134105","000104420000063","1","11/1/2025","8840","17","11/16/2025","5160192.00","0.00","","","Y","","","N","","11/1/2025","55555","","","","N","","","","","1513515.00","3646677.00","106950528.00","N","","","","0.00","0.00","","",""
"629","134106","000104420000063","1","11/1/2025","8840","18","12/16/2025","5160192.00","0.00","","","Y","","","N","","11/1/2025","55555","","","","N","","","","","2824682.00","2335510.00","104615018.00","N","","","","0.00","0.00","","",""
"630","134107","000104420000063","1","11/1/2025","8840","19","1/16/2026","5160192.00","0.00","","","Y","","","N","","11/1/2025","55555","","","","N","","","","","2759871.00","2400321.00","102214697.00","N","","","","0.00","0.00","","",""
"631","134108","000104420000063","1","11/1/2025","8840","20","2/16/2026","5160192.00","0.00","","","Y","","","N","","11/1/2025","55555","","","","N","","","","","2693263.00","2466929.00","99747768.00","N","","","","0.00","0.00","","",""
"632","134109","000104420000063","1","11/1/2025","8840","21","3/16/2026","5160192.00","0.00","","","Y","","","N","","11/1/2025","55555","","","","N","","","","","2624805.00","2535387.00","97212381.00","N","","","","0.00","0.00","","",""
"633","134110","000104420000063","1","11/1/2025","8840","22","4/16/2026","5160192.00","0.00","","","Y","","","N","","11/1/2025","55555","","","","N","","","","","2554448.00","2605744.00","94606637.00","N","","","","0.00","0.00","","",""
"634","134111","000104420000063","1","11/1/2025","8840","23","5/16/2026","5160192.00","0.00","","","Y","","","N","","11/1/2025","55555","","","","N","","","","","2482139.00","2678053.00","91928584.00","N","","","","0.00","0.00","","",""
"635","134112","000104420000063","1","11/1/2025","8840","24","6/16/2026","5160192.00","0.00","","","Y","","","N","","11/1/2025","55555","","","","N","","","","","2407823.00","2752369.00","89176215.00","N","","","","0.00","0.00","","",""
"636","134113","000104420000063","1","11/1/2025","8840","25","7/16/2026","5160192.00","0.00","","","Y","","","N","","11/1/2025","55555","","","","N","","","","","2331445.00","2828747.00","86347468.00","N","","","","0.00","0.00","","",""
"637","134114","000104420000063","1","11/1/2025","8840","26","8/16/2026","5160192.00","0.00","","","Y","","","N","","11/1/2025","55555","","","","N","","","","","2252947.00","2907245.00","83440223.00","N","","","","0.00","0.00","","",""
"638","134115","000104420000063","1","11/1/2025","8840","27","9/16/2026","5160192.00","0.00","","","Y","","","N","","11/1/2025","55555","","","","N","","","","","2172271.00","2987921.00","80452302.00","N","","","","0.00","0.00","","",""
"639","134116","000104420000063","1","11/1/2025","8840","28","10/16/2026","5160192.00","0.00","","","Y","","","N","","11/1/2025","55555","","","","N","","","","","2089356.00","3070836.00","77381466.00","N","","","","0.00","0.00","","",""
"640","134117","000104420000063","1","11/1/2025","8840","29","11/16/2026","5160192.00","0.00","","","Y","","","N","","11/1/2025","55555","","","","N","","","","","2004140.00","3156052.00","74225414.00","N","","","","0.00","0.00","","",""
"641","134118","000104420000063","1","11/1/2025","8840","30","12/16/2026","5160192.00","0.00","","","Y","","","N","","11/1/2025","55555","","","","N","","","","","1916560.00","3243632.00","70981782.00","N","","","","0.00","0.00","","",""
"642","134119","000104420000063","1","11/1/2025","8840","31","1/16/2027","5160192.00","0.00","","","Y","","","N","","11/1/2025","55555","","","","N","","","","","1826549.00","3333643.00","67648139.00","N","","","","0.00","0.00","","",""
"643","134120","000104420000063","1","11/1/2025","8840","32","2/16/2027","5160192.00","0.00","","","Y","","","N","","11/1/2025","55555","","","","N","","","","","1734041.00","3426151.00","64221988.00","N","","","","0.00","0.00","","",""
"644","134121","000104420000063","1","11/1/2025","8840","33","3/16/2027","5160192.00","0.00","","","Y","","","N","","11/1/2025","55555","","","","N","","","","","1638965.00","3521227.00","60700761.00","N","","","","0.00","0.00","","",""
"645","134122","000104420000063","1","11/1/2025","8840","34","4/16/2027","5160192.00","0.00","","","Y","","","N","","11/1/2025","55555","","","","N","","","","","1541251.00","3618941.00","57081820.00","N","","","","0.00","0.00","","",""
"646","134123","000104420000063","1","11/1/2025","8840","35","5/16/2027","5160192.00","0.00","","","Y","","","N","","11/1/2025","55555","","","","N","","","","","1440825.00","3719367.00","53362453.00","N","","","","0.00","0.00","","",""
"647","134124","000104420000063","1","11/1/2025","8840","36","6/16/2027","5160192.00","0.00","","","Y","","","N","","11/1/2025","55555","","","","N","","","","","1337613.00","3822579.00","49539874.00","N","","","","0.00","0.00","","",""
"648","134125","000104420000063","1","11/1/2025","8840","37","7/16/2027","5160192.00","0.00","","","Y","","","N","","11/1/2025","55555","","","","N","","","","","1231536.00","3928656.00","45611218.00","N","","","","0.00","0.00","","",""
"649","134126","000104420000063","1","11/1/2025","8840","38","8/16/2027","5160192.00","0.00","","","Y","","","N","","11/1/2025","55555","","","","N","","","","","1122516.00","4037676.00","41573542.00","N","","","","0.00","0.00","","",""
"650","134127","000104420000063","1","11/1/2025","8840","39","9/16/2027","5160192.00","0.00","","","Y","","","N","","11/1/2025","55555","","","","N","","","","","1010470.00","4149722.00","37423820.00","N","","","","0.00","0.00","","",""
"651","134128","000104420000063","1","11/1/2025","8840","40","10/16/2027","5160192.00","0.00","","","Y","","","N","","11/1/2025","55555","","","","N","","","","","895316.00","4264876.00","33158944.00","N","","","","0.00","0.00","","",""
"652","134129","000104420000063","1","11/1/2025","8840","41","11/16/2027","5160192.00","0.00","","","Y","","","N","","11/1/2025","55555","","","","N","","","","","776965.00","4383227.00","28775717.00","N","","","","0.00","0.00","","",""
"653","134130","000104420000063","1","11/1/2025","8840","42","12/16/2027","5160192.00","0.00","","","Y","","","N","","11/1/2025","55555","","","","N","","","","","655331.00","4504861.00","24270856.00","N","","","","0.00","0.00","","",""
"654","134131","000104420000063","1","11/1/2025","8840","43","1/16/2028","5160192.00","0.00","","","Y","","","N","","11/1/2025","55555","","","","N","","","","","530321.00","4629871.00","19640985.00","N","","","","0.00","0.00","","",""
"655","134132","000104420000063","1","11/1/2025","8840","44","2/16/2028","5160192.00","0.00","","","Y","","","N","","11/1/2025","55555","","","","N","","","","","401842.00","4758350.00","14882635.00","N","","","","0.00","0.00","","",""
"656","134133","000104420000063","1","11/1/2025","8840","45","3/16/2028","5160192.00","0.00","","","Y","","","N","","11/1/2025","55555","","","","N","","","","","269798.00","4890394.00","9992241.00","N","","","","0.00","0.00","","",""
"657","134134","000104420000063","1","11/1/2025","8840","46","4/16/2028","5160192.00","0.00","","","Y","","","N","","11/1/2025","55555","","","","N","","","","","134089.00","5026103.00","4966138.00","N","","","","0.00","0.00","","",""
"658","134135","000104420000063","1","11/1/2025","8840","47","5/16/2028","4966138.00","0.00","","","Y","","","N","","11/1/2025","55555","","","","N","","","","","0.00","4966138.00","0.00","N","","","","0.00","0.00","","",""
"659","165775","000104420000064","1","3/5/2026","","1","9/3/2025","0.00","0.00","","","Y","","","N","","3/5/2026","51","0-1-09/03/2026-14:35:39-192.168.002.001","","","N","","","","","6937500.00","0.00","256937500.00","N","","","","0.00","0.00","","",""
"660","165776","000104420000064","1","3/5/2026","","2","10/3/2025","0.00","0.00","","","Y","","","N","","3/5/2026","51","0-1-09/03/2026-14:35:39-192.168.002.001","","","N","","","","","7151427.00","0.00","264088927.00","N","","","","0.00","0.00","","",""
"661","165777","000104420000064","1","3/5/2026","","3","11/3/2025","0.00","0.00","","","Y","","","N","","3/5/2026","51","0-1-09/03/2026-14:35:39-192.168.002.001","","","N","","","","","7328468.00","0.00","271417395.00","N","","","","0.00","0.00","","",""
"662","165778","000104420000064","1","3/5/2026","","4","12/3/2025","0.00","0.00","","","Y","","","N","","3/5/2026","51","0-1-09/03/2026-14:35:39-192.168.002.001","","","N","","","","","7531833.00","0.00","278949228.00","N","","","","0.00","0.00","","",""
"663","165779","000104420000064","1","3/5/2026","","5","1/3/2026","0.00","0.00","","","Y","","","N","","3/5/2026","51","0-1-09/03/2026-14:35:39-192.168.002.001","","","N","","","","","7740841.00","0.00","286690069.00","N","","","","0.00","0.00","","",""
"664","165780","000104420000064","1","3/5/2026","","6","2/3/2026","0.00","0.00","","","Y","","","N","","3/5/2026","51","0-1-09/03/2026-14:35:39-192.168.002.001","","","N","","","","","7955649.00","0.00","294645718.00","N","","","","0.00","0.00","","",""
"665","165781","000104420000064","1","3/5/2026","8842","7","3/3/2026","64193457.00","0.00","","","Y","","","N","","3/5/2026","51","0-1-09/03/2026-14:35:39-192.168.002.001","","","N","","","","","6279824.00","57913633.00","236732085.00","N","","","","0.00","0.00","","",""
"666","165782","000104420000064","1","3/5/2026","8842","8","4/3/2026","0.00","0.00","","","Y","","","N","","3/5/2026","51","0-1-09/03/2026-14:35:39-192.168.002.001","","","N","","","","","6253673.00","0.00","242985758.00","N","","","","0.00","0.00","","",""
"667","165783","000104420000064","1","3/5/2026","8842","9","5/3/2026","0.00","0.00","","","Y","","","N","","3/5/2026","51","0-1-09/03/2026-14:35:39-192.168.002.001","","","N","","","","","6418874.00","0.00","249404632.00","N","","","","0.00","0.00","","",""
"668","165784","000104420000064","1","3/5/2026","8842","10","6/3/2026","0.00","0.00","","","Y","","","N","","3/5/2026","51","0-1-09/03/2026-14:35:39-192.168.002.001","","","N","","","","","6588439.00","0.00","255993071.00","N","","","","0.00","0.00","","",""
"669","165785","000104420000064","1","3/5/2026","8842","11","7/3/2026","0.00","0.00","","","Y","","","N","","3/5/2026","51","0-1-09/03/2026-14:35:39-192.168.002.001","","","N","","","","","6762484.00","0.00","262755555.00","N","","","","0.00","0.00","","",""
"670","165786","000104420000064","1","3/5/2026","8842","12","8/3/2026","0.00","0.00","","","Y","","","N","","3/5/2026","51","0-1-09/03/2026-14:35:39-192.168.002.001","","","N","","","","","6941126.00","0.00","269696681.00","N","","","","0.00","0.00","","",""
"671","165787","000104420000064","1","3/5/2026","9409","13","9/3/2026","56351724.00","0.00","","","Y","","","N","","3/5/2026","51","0-1-09/03/2026-14:35:39-192.168.002.001","","","N","","","","","5635863.00","50715861.00","218980820.00","Y","340779","5635863.00","","0.00","0.00","","",""
"672","165788","000104420000064","1","3/5/2026","9409","14","10/3/2026","0.00","0.00","","","Y","","","N","","3/5/2026","51","0-1-09/03/2026-14:35:39-192.168.002.001","","","N","","","","","5784743.00","0.00","224765563.00","Y","354955","5784743.00","","0.00","0.00","","",""
"673","165789","000104420000064","1","3/5/2026","9409","15","11/3/2026","0.00","0.00","","","Y","","","N","","3/5/2026","51","0-1-09/03/2026-14:35:39-192.168.002.001","","","N","","","","","5937557.00","0.00","230703120.00","Y","369084","5937557.00","","0.00","0.00","","",""
"674","165790","000104420000064","1","3/5/2026","9409","16","12/3/2026","0.00","0.00","","","Y","","","N","","3/5/2026","51","0-1-09/03/2026-14:35:39-192.168.002.001","","","N","","","","","6094407.00","0.00","236797527.00","Y","383220","6094407.00","","0.00","0.00","","",""
"675","165791","000104420000064","1","3/5/2026","9409","17","1/3/2027","0.00","0.00","","","Y","","","N","","3/5/2026","51","0-1-09/03/2026-14:35:39-192.168.002.001","","","N","","","","","6255401.00","0.00","243052928.00","Y","383220","6255401.00","","0.00","0.00","","",""
"676","165792","000104420000064","1","3/5/2026","9409","18","2/3/2027","0.00","0.00","","","Y","","","N","","3/5/2026","51","0-1-09/03/2026-14:35:39-192.168.002.001","","","N","","","","","6420648.00","0.00","249473576.00","Y","397385","6420648.00","","0.00","0.00","","",""
"677","165793","000104420000064","1","3/5/2026","9409","19","3/3/2027","56351724.00","0.00","","","Y","","","N","","3/5/2026","51","0-1-09/03/2026-14:35:39-192.168.002.001","","","N","","","","","5101636.00","51250088.00","198223488.00","Y","411625","5101636.00","","0.00","0.00","","",""
"678","165794","000104420000064","1","3/5/2026","9409","20","4/3/2027","0.00","0.00","","","Y","","","N","","3/5/2026","51","0-1-09/03/2026-14:35:39-192.168.002.001","","","N","","","","","5236404.00","0.00","203459892.00","Y","411625","4581720.29","","0.00","0.00","","",""
"679","165795","000104420000064","1","3/5/2026","9409","21","5/3/2027","0.00","0.00","","","Y","","","N","","3/5/2026","51","0-1-09/03/2026-14:35:39-192.168.002.001","","","N","","","","","5374732.00","0.00","208834624.00","N","","","","0.00","0.00","","",""
"680","165796","000104420000064","1","3/5/2026","9409","22","6/3/2027","0.00","0.00","","","Y","","","N","","3/5/2026","51","0-1-09/03/2026-14:35:39-192.168.002.001","","","N","","","","","5516715.00","0.00","214351339.00","N","","","","0.00","0.00","","",""
"681","165797","000104420000064","1","3/5/2026","9409","23","7/3/2027","0.00","0.00","","","Y","","","N","","3/5/2026","51","0-1-09/03/2026-14:35:39-192.168.002.001","","","N","","","","","5662448.00","0.00","220013787.00","N","","","","0.00","0.00","","",""
"682","165798","000104420000064","1","3/5/2026","9409","24","8/3/2027","0.00","0.00","","","Y","","","N","","3/5/2026","51","0-1-09/03/2026-14:35:39-192.168.002.001","","","N","","","","","5812031.00","0.00","225825818.00","N","","","","0.00","0.00","","",""
"683","165799","000104420000064","1","3/5/2026","9409","25","9/3/2027","56351724.00","0.00","","","Y","","","N","","3/5/2026","51","0-1-09/03/2026-14:35:39-192.168.002.001","","","N","","","","","4476941.00","51874783.00","173951035.00","N","","","","0.00","0.00","","",""
"684","165800","000104420000064","1","3/5/2026","9409","26","10/3/2027","0.00","0.00","","","Y","","","N","","3/5/2026","51","0-1-09/03/2026-14:35:39-192.168.002.001","","","N","","","","","4595207.00","0.00","178546242.00","N","","","","0.00","0.00","","",""
"685","165801","000104420000064","1","3/5/2026","9409","27","11/3/2027","0.00","0.00","","","Y","","","N","","3/5/2026","51","0-1-09/03/2026-14:35:39-192.168.002.001","","","N","","","","","4716597.00","0.00","183262839.00","N","","","","0.00","0.00","","",""
"686","165802","000104420000064","1","3/5/2026","9409","28","12/3/2027","0.00","0.00","","","Y","","","N","","3/5/2026","51","0-1-09/03/2026-14:35:39-192.168.002.001","","","N","","","","","4841193.00","0.00","188104032.00","N","","","","0.00","0.00","","",""
"687","165803","000104420000064","1","3/5/2026","9409","29","1/3/2028","0.00","0.00","","","Y","","","N","","3/5/2026","51","0-1-09/03/2026-14:35:39-192.168.002.001","","","N","","","","","4969082.00","0.00","193073114.00","N","","","","0.00","0.00","","",""
"688","165804","000104420000064","1","3/5/2026","9409","30","2/3/2028","0.00","0.00","","","Y","","","N","","3/5/2026","51","0-1-09/03/2026-14:35:39-192.168.002.001","","","N","","","","","5100348.00","0.00","198173462.00","N","","","","0.00","0.00","","",""
"689","165805","000104420000064","1","3/5/2026","9409","31","3/3/2028","56351724.00","0.00","","","Y","","","N","","3/5/2026","51","0-1-09/03/2026-14:35:39-192.168.002.001","","","N","","","","","3746458.00","52605266.00","145568196.00","N","","","","0.00","0.00","","",""
"690","165806","000104420000064","1","3/5/2026","9409","32","4/3/2028","0.00","0.00","","","Y","","","N","","3/5/2026","51","0-1-09/03/2026-14:35:39-192.168.002.001","","","N","","","","","3845427.00","0.00","149413623.00","N","","","","0.00","0.00","","",""
"691","165807","000104420000064","1","3/5/2026","9409","33","5/3/2028","0.00","0.00","","","Y","","","N","","3/5/2026","51","0-1-09/03/2026-14:35:39-192.168.002.001","","","N","","","","","3947010.00","0.00","153360633.00","N","","","","0.00","0.00","","",""
"692","165808","000104420000064","1","3/5/2026","9409","34","6/3/2028","0.00","0.00","","","Y","","","N","","3/5/2026","51","0-1-09/03/2026-14:35:39-192.168.002.001","","","N","","","","","4051277.00","0.00","157411910.00","N","","","","0.00","0.00","","",""
"693","165809","000104420000064","1","3/5/2026","9409","35","7/3/2028","0.00","0.00","","","Y","","","N","","3/5/2026","51","0-1-09/03/2026-14:35:39-192.168.002.001","","","N","","","","","4158298.00","0.00","161570208.00","N","","","","0.00","0.00","","",""
"694","165810","000104420000064","1","3/5/2026","9409","36","8/3/2028","0.00","0.00","","","Y","","","N","","3/5/2026","51","0-1-09/03/2026-14:35:39-192.168.002.001","","","N","","","","","4268146.00","0.00","165838354.00","N","","","","0.00","0.00","","",""
"695","165811","000104420000064","1","3/5/2026","9409","37","9/3/2028","56351724.00","0.00","","","Y","","","N","","3/5/2026","51","0-1-09/03/2026-14:35:39-192.168.002.001","","","N","","","","","2892272.00","53459452.00","112378902.00","N","","","","0.00","0.00","","",""
"696","165812","000104420000064","1","3/5/2026","9409","38","10/3/2028","0.00","0.00","","","Y","","","N","","3/5/2026","51","0-1-09/03/2026-14:35:39-192.168.002.001","","","N","","","","","2968676.00","0.00","115347578.00","N","","","","0.00","0.00","","",""
"697","165813","000104420000064","1","3/5/2026","9409","39","11/3/2028","0.00","0.00","","","Y","","","N","","3/5/2026","51","0-1-09/03/2026-14:35:39-192.168.002.001","","","N","","","","","3047099.00","0.00","118394677.00","N","","","","0.00","0.00","","",""
"698","165814","000104420000064","1","3/5/2026","9409","40","12/3/2028","0.00","0.00","","","Y","","","N","","3/5/2026","51","0-1-09/03/2026-14:35:39-192.168.002.001","","","N","","","","","3127593.00","0.00","121522270.00","N","","","","0.00","0.00","","",""
"699","165815","000104420000064","1","3/5/2026","9409","41","1/3/2029","0.00","0.00","","","Y","","","N","","3/5/2026","51","0-1-09/03/2026-14:35:39-192.168.002.001","","","N","","","","","3210213.00","0.00","124732483.00","N","","","","0.00","0.00","","",""
"700","165816","000104420000064","1","3/5/2026","9409","42","2/3/2029","0.00","0.00","","","Y","","","N","","3/5/2026","51","0-1-09/03/2026-14:35:39-192.168.002.001","","","N","","","","","3295016.00","0.00","128027499.00","N","","","","0.00","0.00","","",""
"701","165817","000104420000064","1","3/5/2026","9409","43","3/3/2029","56351724.00","0.00","","","Y","","","N","","3/5/2026","51","0-1-09/03/2026-14:35:39-192.168.002.001","","","N","","","","","1893435.00","54458289.00","73569210.00","N","","","","0.00","0.00","","",""
"702","165818","000104420000064","1","3/5/2026","9409","44","4/3/2029","0.00","0.00","","","Y","","","N","","3/5/2026","51","0-1-09/03/2026-14:35:39-192.168.002.001","","","N","","","","","1943453.00","0.00","75512663.00","N","","","","0.00","0.00","","",""
"703","165819","000104420000064","1","3/5/2026","9409","45","5/3/2029","0.00","0.00","","","Y","","","N","","3/5/2026","51","0-1-09/03/2026-14:35:39-192.168.002.001","","","N","","","","","1994793.00","0.00","77507456.00","N","","","","0.00","0.00","","",""
"704","165820","000104420000064","1","3/5/2026","9409","46","6/3/2029","0.00","0.00","","","Y","","","N","","3/5/2026","51","0-1-09/03/2026-14:35:39-192.168.002.001","","","N","","","","","2047489.00","0.00","79554945.00","N","","","","0.00","0.00","","",""
"705","165821","000104420000064","1","3/5/2026","9409","47","7/3/2029","0.00","0.00","","","Y","","","N","","3/5/2026","51","0-1-09/03/2026-14:35:39-192.168.002.001","","","N","","","","","2101576.00","0.00","81656521.00","N","","","","0.00","0.00","","",""
"706","165822","000104420000064","1","3/5/2026","9409","48","8/3/2029","0.00","0.00","","","Y","","","N","","3/5/2026","51","0-1-09/03/2026-14:35:39-192.168.002.001","","","N","","","","","2157093.00","0.00","83813614.00","N","","","","0.00","0.00","","",""
"707","165823","000104420000064","1","3/5/2026","9409","49","9/3/2029","56351724.00","0.00","","","Y","","","N","","3/5/2026","51","0-1-09/03/2026-14:35:39-192.168.002.001","","","N","","","","","725452.00","55626272.00","28187342.00","N","","","","0.00","0.00","","",""
"708","165824","000104420000064","1","3/5/2026","9409","50","10/3/2029","0.00","0.00","","","Y","","","N","","3/5/2026","51","0-1-09/03/2026-14:35:39-192.168.002.001","","","N","","","","","744616.00","0.00","28931958.00","N","","","","0.00","0.00","","",""
"709","165825","000104420000064","1","3/5/2026","9409","51","11/3/2029","0.00","0.00","","","Y","","","N","","3/5/2026","51","0-1-09/03/2026-14:35:39-192.168.002.001","","","N","","","","","764286.00","0.00","29696244.00","N","","","","0.00","0.00","","",""
"710","165826","000104420000064","1","3/5/2026","9409","52","12/3/2029","0.00","0.00","","","Y","","","N","","3/5/2026","51","0-1-09/03/2026-14:35:39-192.168.002.001","","","N","","","","","784476.00","0.00","30480720.00","N","","","","0.00","0.00","","",""
"711","165827","000104420000064","1","3/5/2026","9409","53","1/3/2030","0.00","0.00","","","Y","","","N","","3/5/2026","51","0-1-09/03/2026-14:35:39-192.168.002.001","","","N","","","","","805199.00","0.00","31285919.00","N","","","","0.00","0.00","","",""
"712","165828","000104420000064","1","3/5/2026","9409","54","2/3/2030","0.00","0.00","","","Y","","","N","","3/5/2026","51","0-1-09/03/2026-14:35:39-192.168.002.001","","","N","","","","","826470.00","0.00","32112389.00","N","","","","0.00","0.00","","",""
"713","165829","000104420000064","1","3/5/2026","9409","55","3/3/2030","32112389.00","0.00","","","Y","","","N","","3/5/2026","51","0-1-09/03/2026-14:35:39-192.168.002.001","","","N","","","","","0.00","32112389.00","0.00","N","","","","0.00","0.00","","",""
"714","136748","000104430000002","1","11/1/2025","1207","1","3/4/2020","4797500.00","0.00","","","Y","","","N","","11/1/2025","55555","","","","N","","","","","4797500.00","0.00","300000000.00","N","","","","0.00","0.00","","",""
"715","136749","000104430000002","1","11/1/2025","1207","2","4/4/2020","7813563.00","0.00","","","Y","","","N","","11/1/2025","55555","","","","N","","","","","4672548.00","3141015.00","296858985.00","N","","","","0.00","0.00","","",""
"716","136750","000104430000002","1","11/1/2025","1207","3","5/4/2020","7813563.00","0.00","","","Y","","","N","","11/1/2025","55555","","","","N","","","","","4622318.00","3191245.00","293667740.00","N","","","","0.00","0.00","","",""
"717","136751","000104430000002","1","11/1/2025","8844","4","6/4/2020","7790794.00","0.00","","","Y","","","N","","11/1/2025","55555","","","","N","","","","","4547826.00","3242968.00","290424772.00","N","","","","0.00","0.00","","",""
"718","136752","000104430000002","1","11/1/2025","8844","5","7/4/2020","7790794.00","0.00","","","Y","","","N","","11/1/2025","55555","","","","N","","","","","4496236.00","3294558.00","287130214.00","N","","","","0.00","0.00","","",""
"719","136753","000104430000002","1","11/1/2025","8844","6","8/4/2020","7790794.00","0.00","","","Y","","","N","","11/1/2025","55555","","","","N","","","","","4443825.00","3346969.00","283783245.00","N","","","","0.00","0.00","","",""
"720","136754","000104430000002","1","11/1/2025","8845","7","9/4/2020","7795808.00","0.00","","","Y","","","N","","11/1/2025","55555","","","","N","","","","","447600.00","7348208.00","276435037.00","N","","","","0.00","0.00","","",""
"721","136755","000104430000002","1","11/1/2025","8845","8","10/4/2020","7795808.00","0.00","","","Y","","","N","","11/1/2025","55555","","","","N","","","","","4295989.00","3499819.00","272935218.00","N","","","","0.00","0.00","","",""
"722","136756","000104430000002","1","11/1/2025","8846","9","11/4/2020","7675428.00","0.00","","","Y","","","N","","11/1/2025","55555","","","","N","","","","","4241946.00","3433482.00","269501736.00","N","","","","0.00","0.00","","",""
"723","136757","000104430000002","1","11/1/2025","8846","10","12/4/2020","7675428.00","0.00","","","Y","","","N","","11/1/2025","55555","","","","N","","","","","4187039.00","3488389.00","266013347.00","N","","","","0.00","0.00","","",""
"724","136758","000104430000002","1","11/1/2025","8846","11","1/4/2021","7675428.00","0.00","","","Y","","","N","","11/1/2025","55555","","","","N","","","","","4131254.00","3544174.00","262469173.00","N","","","","0.00","0.00","","",""
"725","136759","000104430000002","1","11/1/2025","8846","12","2/4/2021","7675428.00","0.00","","","Y","","","N","","11/1/2025","55555","","","","N","","","","","4074577.00","3600851.00","258868322.00","N","","","","0.00","0.00","","",""
"726","136760","000104430000002","1","11/1/2025","8846","13","3/4/2021","7675428.00","0.00","","","Y","","","N","","11/1/2025","55555","","","","N","","","","","4016993.00","3658435.00","255209887.00","N","","","","0.00","0.00","","",""
"727","136761","000104430000002","1","11/1/2025","8847","14","4/4/2021","7468814.00","0.00","","","Y","","","N","","11/1/2025","55555","","","","N","","","","","3672761.00","3796053.00","251413834.00","N","","","","0.00","0.00","","",""
"728","136762","000104430000002","1","11/1/2025","8848","15","5/4/2021","7465526.00","0.00","","","Y","","","N","","11/1/2025","55555","","","","N","","","","","3616534.00","3848992.00","247564842.00","N","","","","0.00","0.00","","",""
"729","136763","000104430000002","1","11/1/2025","8848","16","6/4/2021","7465526.00","0.00","","","Y","","","N","","11/1/2025","55555","","","","N","","","","","3559472.00","3906054.00","243658788.00","N","","","","0.00","0.00","","",""
"730","136764","000104430000002","1","11/1/2025","8848","17","7/4/2021","7465526.00","0.00","","","Y","","","N","","11/1/2025","55555","","","","N","","","","","3501565.00","3963961.00","239694827.00","N","","","","0.00","0.00","","",""
"731","136765","000104430000002","1","11/1/2025","8848","18","8/4/2021","7465526.00","0.00","","","Y","","","N","","11/1/2025","55555","","","","N","","","","","3442799.00","4022727.00","235672100.00","N","","","","0.00","0.00","","",""
"732","136766","000104430000002","1","11/1/2025","8848","19","9/4/2021","7465526.00","0.00","","","Y","","","N","","11/1/2025","55555","","","","N","","","","","3383162.00","4082364.00","231589736.00","N","","","","0.00","0.00","","",""
"733","136767","000104430000002","1","11/1/2025","8848","20","10/4/2021","7465526.00","0.00","","","Y","","","N","","11/1/2025","55555","","","","N","","","","","3322641.00","4142885.00","227446851.00","N","","","","0.00","0.00","","",""
"734","136768","000104430000002","1","11/1/2025","8848","21","11/4/2021","7465526.00","0.00","","","Y","","","N","","11/1/2025","55555","","","","N","","","","","3261223.00","4204303.00","223242548.00","N","","","","0.00","0.00","","",""
"735","136769","000104430000002","1","11/1/2025","8849","22","12/4/2021","7461216.00","0.00","","","Y","","","N","","11/1/2025","55555","","","","N","","","","","3234922.00","4226294.00","219016254.00","N","","","","0.00","0.00","","",""
"736","136770","000104430000002","1","11/1/2025","8849","23","1/4/2022","7461216.00","0.00","","","Y","","","N","","11/1/2025","55555","","","","N","","","","","3171563.00","4289653.00","214726601.00","N","","","","0.00","0.00","","",""
"737","136771","000104430000002","1","11/1/2025","8849","24","2/4/2022","7461216.00","0.00","","","Y","","","N","","11/1/2025","55555","","","","N","","","","","3107254.00","4353962.00","210372639.00","N","","","","0.00","0.00","","",""
"738","136772","000104430000002","1","11/1/2025","8849","25","3/4/2022","7461216.00","0.00","","","Y","","","N","","11/1/2025","55555","","","","N","","","","","3041980.00","4419236.00","205953403.00","N","","","","0.00","0.00","","",""
"739","136773","000104430000002","1","11/1/2025","8849","26","4/4/2022","7461216.00","0.00","","","Y","","","N","","11/1/2025","55555","","","","N","","","","","2975729.00","4485487.00","201467916.00","N","","","","0.00","0.00","","",""
"740","136774","000104430000002","1","11/1/2025","8849","27","5/4/2022","7461216.00","0.00","","","Y","","","N","","11/1/2025","55555","","","","N","","","","","2908484.00","4552732.00","196915184.00","N","","","","0.00","0.00","","",""
"741","136775","000104430000002","1","11/1/2025","8850","28","6/4/2022","7434908.00","0.00","","","Y","","","N","","11/1/2025","55555","","","","N","","","","","2840625.00","4594283.00","192320901.00","N","","","","0.00","0.00","","",""
"742","136776","000104430000002","1","11/1/2025","8851","29","7/4/2022","7593986.00","0.00","","","Y","","","N","","11/1/2025","55555","","","","N","","","","","284371.00","7309615.00","185011286.00","N","","","","0.00","0.00","","",""
"743","136777","000104430000002","1","11/1/2025","8851","30","8/4/2022","7593986.00","0.00","","","Y","","","N","","11/1/2025","55555","","","","N","","","","","2911122.00","4682864.00","180328422.00","N","","","","0.00","0.00","","",""
"744","136778","000104430000002","1","11/1/2025","8852","31","9/4/2022","7467964.00","0.00","","","Y","","","N","","11/1/2025","55555","","","","N","","","","","2836352.00","4631612.00","175696810.00","N","","","","0.00","0.00","","",""
"745","136779","000104430000002","1","11/1/2025","8853","32","10/4/2022","7462760.00","0.00","","","Y","","","N","","11/1/2025","55555","","","","N","","","","","2760440.00","4702320.00","170994490.00","N","","","","0.00","0.00","","",""
"746","136780","000104430000002","1","11/1/2025","8854","33","11/4/2022","7457420.00","0.00","","","Y","","","N","","11/1/2025","55555","","","","N","","","","","2683371.00","4774049.00","166220441.00","N","","","","0.00","0.00","","",""
"747","136781","000104430000002","1","11/1/2025","8854","34","12/4/2022","7457420.00","0.00","","","Y","","","N","","11/1/2025","55555","","","","N","","","","","2605037.00","4852383.00","161368058.00","N","","","","0.00","0.00","","",""
"748","136782","000104430000002","1","11/1/2025","8854","35","1/4/2023","7457420.00","0.00","","","Y","","","N","","11/1/2025","55555","","","","N","","","","","2525417.00","4932003.00","156436055.00","N","","","","0.00","0.00","","",""
"749","136783","000104430000002","1","11/1/2025","8854","36","2/4/2023","7457420.00","0.00","","","Y","","","N","","11/1/2025","55555","","","","N","","","","","2444491.00","5012929.00","151423126.00","N","","","","0.00","0.00","","",""
"750","136784","000104430000002","1","11/1/2025","8855","37","3/4/2023","7687084.00","0.00","","","Y","","","N","","11/1/2025","55555","","","","N","","","","","2765721.00","4921363.00","146501763.00","N","","","","0.00","0.00","","",""
"751","136785","000104430000002","1","11/1/2025","8855","38","4/4/2023","7687084.00","0.00","","","Y","","","N","","11/1/2025","55555","","","","N","","","","","2671026.00","5016058.00","141485705.00","N","","","","0.00","0.00","","",""
"752","136786","000104430000002","1","11/1/2025","8855","39","5/4/2023","7687084.00","0.00","","","Y","","","N","","11/1/2025","55555","","","","N","","","","","2574508.00","5112576.00","136373129.00","N","","","","0.00","0.00","","",""
"753","136787","000104430000002","1","11/1/2025","8855","40","6/4/2023","7687084.00","0.00","","","Y","","","N","","11/1/2025","55555","","","","N","","","","","2476134.00","5210950.00","131162179.00","N","","","","0.00","0.00","","",""
"754","136788","000104430000002","1","11/1/2025","8855","41","7/4/2023","7687084.00","0.00","","","Y","","","N","","11/1/2025","55555","","","","N","","","","","2375867.00","5311217.00","125850962.00","N","","","","0.00","0.00","","",""
"755","136789","000104430000002","1","11/1/2025","8855","42","8/4/2023","7687084.00","0.00","","","Y","","","N","","11/1/2025","55555","","","","N","","","","","2273670.00","5413414.00","120437548.00","N","","","","0.00","0.00","","",""
"756","136790","000104430000002","1","11/1/2025","8855","43","9/4/2023","7687084.00","0.00","","","Y","","","N","","11/1/2025","55555","","","","N","","","","","2169507.00","5517577.00","114919971.00","N","","","","0.00","0.00","","",""
"757","136791","000104430000002","1","11/1/2025","8855","44","10/4/2023","7687084.00","0.00","","","Y","","","N","","11/1/2025","55555","","","","N","","","","","2063339.00","5623745.00","109296226.00","N","","","","0.00","0.00","","",""
"758","136792","000104430000002","1","11/1/2025","8855","45","11/4/2023","7687084.00","0.00","","","Y","","","N","","11/1/2025","55555","","","","N","","","","","1955129.00","5731955.00","103564271.00","N","","","","0.00","0.00","","",""
"759","136793","000104430000002","1","11/1/2025","8855","46","12/4/2023","7687084.00","0.00","","","Y","","","N","","11/1/2025","55555","","","","N","","","","","1844837.00","5842247.00","97722024.00","N","","","","0.00","0.00","","",""
"760","136794","000104430000002","1","11/1/2025","8855","47","1/4/2024","7687084.00","0.00","","","Y","","","N","","11/1/2025","55555","","","","N","","","","","1732422.00","5954662.00","91767362.00","N","","","","0.00","0.00","","",""
"761","136795","000104430000002","1","11/1/2025","8855","48","2/4/2024","7687084.00","0.00","","","Y","","","N","","11/1/2025","55555","","","","N","","","","","1617845.00","6069239.00","85698123.00","N","","","","0.00","0.00","","",""
"762","136796","000104430000002","1","11/1/2025","8855","49","3/4/2024","7687084.00","0.00","","","Y","","","N","","11/1/2025","55555","","","","N","","","","","1501062.00","6186022.00","79512101.00","N","","","","0.00","0.00","","",""
"763","136797","000104430000002","1","11/1/2025","8856","50","4/4/2024","7778418.00","0.00","","","Y","","","N","","11/1/2025","55555","","","","N","","","","","1834589.00","5943829.00","73568272.00","N","","","","0.00","0.00","","",""
"764","136798","000104430000002","1","11/1/2025","8856","51","5/4/2024","7778418.00","0.00","","","Y","","","N","","11/1/2025","55555","","","","N","","","","","1682576.00","6095842.00","67472430.00","N","","","","0.00","0.00","","",""
"765","136799","000104430000002","1","11/1/2025","8856","52","6/4/2024","7778418.00","0.00","","","Y","","","N","","11/1/2025","55555","","","","N","","","","","1526674.00","6251744.00","61220686.00","N","","","","0.00","0.00","","",""
"766","136800","000104430000002","1","11/1/2025","8856","53","7/4/2024","7778418.00","0.00","","","Y","","","N","","11/1/2025","55555","","","","N","","","","","1366786.00","6411632.00","54809054.00","N","","","","0.00","0.00","","",""
"767","136801","000104430000002","1","11/1/2025","8857","54","8/4/2024","7665546.00","0.00","","","Y","","","N","","11/1/2025","55555","","","","N","","","","","1209624.00","6455922.00","48353132.00","N","","","","0.00","0.00","","",""
"768","136802","000104430000002","1","11/1/2025","8858","55","9/4/2024","7634492.00","0.00","","","Y","","","N","","11/1/2025","55555","","","","N","","","","","1044772.00","6589720.00","41763412.00","N","","","","0.00","0.00","","",""
"769","136803","000104430000002","1","11/1/2025","8859","56","10/4/2024","7607312.00","0.00","","","Y","","","N","","11/1/2025","55555","","","","N","","","","","887774.00","6719538.00","35043874.00","N","","","","0.00","0.00","","",""
"770","136804","000104430000002","1","11/1/2025","8859","57","11/4/2024","7607312.00","0.00","","","Y","","","N","","11/1/2025","55555","","","","N","","","","","713122.00","6894190.00","28149684.00","N","","","","0.00","0.00","","",""
"771","136805","000104430000002","1","11/1/2025","8859","58","12/4/2024","7607312.00","0.00","","","Y","","","N","","11/1/2025","55555","","","","N","","","","","533930.00","7073382.00","21076302.00","N","","","","0.00","0.00","","",""
"772","136806","000104430000002","1","11/1/2025","8861","59","1/4/2025","7392572.00","0.00","","","Y","","","N","","11/1/2025","55555","","","","N","","","","","354523.00","7038049.00","14038253.00","N","","","","0.00","0.00","","",""
"773","136807","000104430000002","1","11/1/2025","8861","60","2/4/2025","7392572.00","0.00","","","Y","","","N","","11/1/2025","55555","","","","N","","","","","172179.00","7220393.00","6817860.00","N","","","","0.00","0.00","","",""
"774","136808","000104430000002","1","11/1/2025","8861","61","3/4/2025","6841089.00","0.00","","","Y","","","N","","11/1/2025","55555","","","","N","","","","","23229.00","6817860.00","0.00","N","","","","0.00","0.00","","",""
"775","171408","000104430000054","1","9/3/2026","1225","1","10/19/2022","3650000.00","0.00","","","Y","","","N","","9/3/2026","52","0-1-10/09/2026-17:36:32-192.168.002.001","","","N","","","","","3650000.00","0.00","200000000.00","N","","","","0.00","0.00","","",""
"776","171409","000104430000054","1","9/3/2026","1225","2","11/19/2022","6290363.00","0.00","","","Y","","","N","","9/3/2026","52","0-1-10/09/2026-17:36:32-192.168.002.001","","","N","","","","","3535201.00","2755162.00","197244838.00","N","","","","0.00","0.00","","",""
"777","171410","000104430000054","1","9/3/2026","1225","3","12/19/2022","6290363.00","0.00","","","Y","","","N","","9/3/2026","52","0-1-10/09/2026-17:36:32-192.168.002.001","","","N","","","","","3484919.00","2805444.00","194439394.00","N","","","","0.00","0.00","","",""
"778","171411","000104430000054","1","9/3/2026","1225","4","1/19/2023","6290363.00","0.00","","","Y","","","N","","9/3/2026","52","0-1-10/09/2026-17:36:32-192.168.002.001","","","N","","","","","3433720.00","2856643.00","191582751.00","N","","","","0.00","0.00","","",""
"779","171412","000104430000054","1","9/3/2026","9240","5","2/19/2023","6633202.00","0.00","","","Y","","","N","","9/3/2026","52","0-1-10/09/2026-17:36:32-192.168.002.001","","","N","","","","","2176170.00","4457032.00","187125719.00","N","","","","0.00","0.00","","",""
"780","171413","000104430000054","1","9/3/2026","9240","6","3/19/2023","6633202.00","0.00","","","Y","","","N","","9/3/2026","52","0-1-10/09/2026-17:36:32-192.168.002.001","","","N","","","","","3805384.00","2827818.00","184297901.00","N","","","","0.00","0.00","","",""
"781","171414","000104430000054","1","9/3/2026","9240","7","4/19/2023","6633202.00","0.00","","","Y","","","N","","9/3/2026","52","0-1-10/09/2026-17:36:32-192.168.002.001","","","N","","","","","3745764.00","2887438.00","181410463.00","N","","","","0.00","0.00","","",""
"782","171415","000104430000054","1","9/3/2026","9240","8","5/19/2023","6633202.00","0.00","","","Y","","","N","","9/3/2026","52","0-1-10/09/2026-17:36:32-192.168.002.001","","","N","","","","","3684887.00","2948315.00","178462148.00","N","","","","0.00","0.00","","",""
"783","171416","000104430000054","1","9/3/2026","9240","9","6/19/2023","6633202.00","0.00","","","Y","","","N","","9/3/2026","52","0-1-10/09/2026-17:36:32-192.168.002.001","","","N","","","","","3622727.00","3010475.00","175451673.00","N","","","","0.00","0.00","","",""
"784","171417","000104430000054","1","9/3/2026","9240","10","7/19/2023","6633202.00","0.00","","","Y","","","N","","9/3/2026","52","0-1-10/09/2026-17:36:32-192.168.002.001","","","N","","","","","3559256.00","3073946.00","172377727.00","N","","","","0.00","0.00","","",""
"785","171418","000104430000054","1","9/3/2026","9240","11","8/19/2023","6633202.00","0.00","","","Y","","","N","","9/3/2026","52","0-1-10/09/2026-17:36:32-192.168.002.001","","","N","","","","","3494447.00","3138755.00","169238972.00","N","","","","0.00","0.00","","",""
"786","171419","000104430000054","1","9/3/2026","9240","12","9/19/2023","6633202.00","0.00","","","Y","","","N","","9/3/2026","52","0-1-10/09/2026-17:36:32-192.168.002.001","","","N","","","","","3428272.00","3204930.00","166034042.00","N","","","","0.00","0.00","","",""
"787","171420","000104430000054","1","9/3/2026","9240","13","10/19/2023","6633202.00","0.00","","","Y","","","N","","9/3/2026","52","0-1-10/09/2026-17:36:32-192.168.002.001","","","N","","","","","3360701.00","3272501.00","162761541.00","N","","","","0.00","0.00","","",""
"788","171421","000104430000054","1","9/3/2026","9240","14","11/19/2023","6633202.00","0.00","","","Y","","","N","","9/3/2026","52","0-1-10/09/2026-17:36:32-192.168.002.001","","","N","","","","","3291706.00","3341496.00","159420045.00","N","","","","0.00","0.00","","",""
"789","171422","000104430000054","1","9/3/2026","9240","15","12/19/2023","6633202.00","0.00","","","Y","","","N","","9/3/2026","52","0-1-10/09/2026-17:36:32-192.168.002.001","","","N","","","","","3221256.00","3411946.00","156008099.00","N","","","","0.00","0.00","","",""
"790","171423","000104430000054","1","9/3/2026","9240","16","1/19/2024","6633202.00","0.00","","","Y","","","N","","9/3/2026","52","0-1-10/09/2026-17:36:32-192.168.002.001","","","N","","","","","3149321.00","3483881.00","152524218.00","N","","","","0.00","0.00","","",""
"791","171424","000104430000054","1","9/3/2026","9240","17","2/19/2024","6633202.00","0.00","","","Y","","","N","","9/3/2026","52","0-1-10/09/2026-17:36:32-192.168.002.001","","","N","","","","","3075869.00","3557333.00","148966885.00","N","","","","0.00","0.00","","",""
"792","171425","000104430000054","1","9/3/2026","9240","18","3/19/2024","6633202.00","0.00","","","Y","","","N","","9/3/2026","52","0-1-10/09/2026-17:36:32-192.168.002.001","","","N","","","","","3000868.00","3632334.00","145334551.00","N","","","","0.00","0.00","","",""
"793","171426","000104430000054","1","9/3/2026","9241","19","4/19/2024","7019690.00","0.00","","","Y","","","N","","9/3/2026","52","0-1-10/09/2026-17:36:32-192.168.002.001","","","N","","","","","3792132.00","3227558.00","142106993.00","N","","","","0.00","0.00","","",""
"794","171427","000104430000054","1","9/3/2026","9241","20","5/19/2024","7019690.00","0.00","","","Y","","","N","","9/3/2026","52","0-1-10/09/2026-17:36:32-192.168.002.001","","","N","","","","","3703644.00","3316046.00","138790947.00","N","","","","0.00","0.00","","",""
"795","171428","000104430000054","1","9/3/2026","9241","21","6/19/2024","7019690.00","0.00","","","Y","","","N","","9/3/2026","52","0-1-10/09/2026-17:36:32-192.168.002.001","","","N","","","","","3612729.00","3406961.00","135383986.00","N","","","","0.00","0.00","","",""
"796","171429","000104430000054","1","9/3/2026","9242","22","7/19/2024","6996290.00","0.00","","","Y","","","N","","9/3/2026","52","0-1-10/09/2026-17:36:32-192.168.002.001","","","N","","","","","2197672.00","4798618.00","130585368.00","N","","","","0.00","0.00","","",""
"797","171430","000104430000054","1","9/3/2026","9243","23","8/19/2024","6915508.00","0.00","","","Y","","","N","","9/3/2026","52","0-1-10/09/2026-17:36:32-192.168.002.001","","","N","","","","","2125143.00","4790365.00","125795003.00","N","","","","0.00","0.00","","",""
"798","171431","000104430000054","1","9/3/2026","9244","24","9/19/2024","6862456.00","0.00","","","Y","","","N","","9/3/2026","52","0-1-10/09/2026-17:36:32-192.168.002.001","","","N","","","","","2051320.00","4811136.00","120983867.00","N","","","","0.00","0.00","","",""
"799","171432","000104430000054","1","9/3/2026","9244","25","10/19/2024","6862456.00","0.00","","","Y","","","N","","9/3/2026","52","0-1-10/09/2026-17:36:32-192.168.002.001","","","N","","","","","3176379.00","3686077.00","117297790.00","N","","","","0.00","0.00","","",""
"800","171433","000104430000054","1","9/3/2026","9244","26","11/19/2024","6862456.00","0.00","","","Y","","","N","","9/3/2026","52","0-1-10/09/2026-17:36:32-192.168.002.001","","","N","","","","","3073783.00","3788673.00","113509117.00","N","","","","0.00","0.00","","",""
"801","171434","000104430000054","1","9/3/2026","9246","27","12/19/2024","6742452.00","0.00","","","Y","","","N","","9/3/2026","52","0-1-10/09/2026-17:36:32-192.168.002.001","","","N","","","","","1866836.00","4875616.00","108633501.00","N","","","","0.00","0.00","","",""
"802","171435","000104430000054","1","9/3/2026","9246","28","1/19/2025","6742452.00","0.00","","","Y","","","N","","9/3/2026","52","0-1-10/09/2026-17:36:32-192.168.002.001","","","N","","","","","2827477.00","3914975.00","104718526.00","N","","","","0.00","0.00","","",""
"803","171436","000104430000054","1","9/3/2026","9246","29","2/19/2025","6742452.00","0.00","","","Y","","","N","","9/3/2026","52","0-1-10/09/2026-17:36:32-192.168.002.001","","","N","","","","","2718836.00","4023616.00","100694910.00","N","","","","0.00","0.00","","",""
"804","171437","000104430000054","1","9/3/2026","9246","30","3/19/2025","6742452.00","0.00","","","Y","","","N","","9/3/2026","52","0-1-10/09/2026-17:36:32-192.168.002.001","","","N","","","","","2607181.00","4135271.00","96559639.00","N","","","","0.00","0.00","","",""
"805","171438","000104430000054","1","9/3/2026","9249","31","4/19/2025","6597816.00","0.00","","","Y","","","N","","9/3/2026","52","0-1-10/09/2026-17:36:32-192.168.002.001","","","N","","","","","1584636.00","5013180.00","91546459.00","N","","","","0.00","0.00","","",""
"806","171439","000104430000054","1","9/3/2026","9253","32","5/19/2025","6520972.00","0.00","","","Y","","","N","","9/3/2026","52","0-1-10/09/2026-17:36:32-192.168.002.001","","","N","","","","","1494339.00","5026633.00","86519826.00","N","","","","0.00","0.00","","",""
"807","171440","000104430000054","1","9/3/2026","9258","33","6/19/2025","6444194.00","0.00","","","Y","","","N","","9/3/2026","52","0-1-10/09/2026-17:36:32-192.168.002.001","","","N","","","","","1415844.00","5028350.00","81491476.00","N","","","","0.00","0.00","","",""
"808","171441","000104430000054","1","9/3/2026","9261","34","7/19/2025","6376526.00","0.00","","","Y","","","N","","9/3/2026","52","0-1-10/09/2026-17:36:32-192.168.002.001","","","N","","","","","1331548.00","5044978.00","76446498.00","N","","","","0.00","0.00","","",""
"809","171442","000104430000054","1","9/3/2026","9262","35","8/19/2025","6299900.00","0.00","","","Y","","","N","","9/3/2026","52","0-1-10/09/2026-17:36:32-192.168.002.001","","","N","","","","","1946568.00","4353332.00","72093166.00","N","","","","0.00","0.00","","",""
"810","171443","000104430000054","1","9/3/2026","9263","36","9/19/2025","6284660.00","0.00","","","Y","","","N","","9/3/2026","52","0-1-10/09/2026-17:36:32-192.168.002.001","","","N","","","","","1183908.00","5100752.00","66992414.00","N","","","","0.00","0.00","","",""
"811","171444","000104430000054","1","9/3/2026","9264","37","10/19/2025","6212300.00","0.00","","","Y","","","N","","9/3/2026","52","0-1-10/09/2026-17:36:32-192.168.002.001","","","N","","","","","1103448.00","5108852.00","61883562.00","N","","","","0.00","0.00","","",""
"812","171445","000104430000054","1","9/3/2026","9265","38","11/19/2025","6133746.00","0.00","","","Y","","","N","","9/3/2026","52","0-1-10/09/2026-17:36:32-192.168.002.001","","","N","","","","","1016247.00","5117499.00","56766063.00","N","","","","0.00","0.00","","",""
"813","171446","000104430000054","1","9/3/2026","9265","39","12/19/2025","6133746.00","0.00","","","Y","","","N","","9/3/2026","52","0-1-10/09/2026-17:36:32-192.168.002.001","","","N","","","","","1405047.00","4728699.00","52037364.00","N","","","","0.00","0.00","","",""
"814","171447","000104430000054","1","9/3/2026","9265","40","1/19/2026","6133746.00","0.00","","","Y","","","N","","9/3/2026","52","0-1-10/09/2026-17:36:32-192.168.002.001","","","N","","","","","1273825.00","4859921.00","47177443.00","N","","","","0.00","0.00","","",""
"815","171448","000104430000054","1","9/3/2026","9376","41","2/19/2026","6642987.00","0.00","","","Y","","","N","","9/3/2026","52","0-1-10/09/2026-17:36:32-192.168.002.001","","","N","","","","","763111.00","5879876.00","41297567.00","N","","","","0.00","0.00","","",""
"816","171449","000104430000054","1","9/3/2026","9410","42","3/19/2026","6512432.00","0.00","","","Y","","","N","","9/3/2026","52","0-1-10/09/2026-17:36:32-192.168.002.001","","","N","","","","","639943.00","5872489.00","35425078.00","N","","","","0.00","0.00","","",""
"817","171450","000104430000054","1","9/3/2026","9410","43","4/19/2026","6512432.00","0.00","","","Y","","","N","","9/3/2026","52","0-1-10/09/2026-17:36:32-192.168.002.001","","","N","","","","","732454.00","5779978.00","29645100.00","N","","","","0.00","0.00","","",""
"818","171451","000104430000054","1","9/3/2026","9433","44","5/19/2026","6359600.00","0.00","","","Y","","","N","","9/3/2026","52","0-1-10/09/2026-17:36:32-192.168.002.001","","","N","","","","","418930.00","5940670.00","23704430.00","N","","","","0.00","0.00","","",""
"819","171452","000104430000054","1","9/3/2026","9463","45","6/19/2026","6317859.00","0.00","","","Y","","","N","","9/3/2026","52","0-1-10/09/2026-17:36:32-192.168.002.001","","","N","","","","","332252.00","5985607.00","17718823.00","N","","","","0.00","0.00","","",""
"820","171453","000104430000054","1","9/3/2026","9483","46","7/19/2026","6189017.00","0.00","","","Y","","","N","","9/3/2026","52","0-1-10/09/2026-17:36:32-192.168.002.001","","","N","","","","","248937.00","5940080.00","11778743.00","N","","","","0.00","0.00","","",""
"821","171454","000104430000054","1","9/3/2026","9500","47","8/19/2026","6102227.00","0.00","","","Y","","","N","","9/3/2026","52","0-1-10/09/2026-17:36:32-192.168.002.001","","","N","","","","","166903.00","5935324.00","5843419.00","N","","","","0.00","0.00","","",""
"822","171455","000104430000054","1","9/3/2026","9519","48","9/19/2026","5927436.00","0.00","","","Y","","","N","","9/3/2026","52","0-1-10/09/2026-17:36:32-192.168.002.001","","","N","","","","","84017.00","5843419.00","0.00","N","","","","0.00","0.00","","",""
"823","158897","000104430000061","1","11/1/2025","1235","1","2/13/2023","1067823.00","0.00","","","Y","","","N","","11/1/2025","55555","","","","N","","","","","1067823.00","0.00","53391150.00","N","","","","0.00","0.00","","",""
"824","158898","000104430000061","1","11/1/2025","1235","2","3/13/2023","2647482.00","0.00","","","Y","","","N","","11/1/2025","55555","","","","N","","","","","1014873.00","1632609.00","51758541.00","N","","","","0.00","0.00","","",""
"825","158899","000104430000061","1","11/1/2025","1235","3","4/13/2023","2647482.00","0.00","","","Y","","","N","","11/1/2025","55555","","","","N","","","","","982221.00","1665261.00","50093280.00","N","","","","0.00","0.00","","",""
"826","158900","000104430000061","1","11/1/2025","1235","4","5/13/2023","2647482.00","0.00","","","Y","","","N","","11/1/2025","55555","","","","N","","","","","948916.00","1698566.00","48394714.00","N","","","","0.00","0.00","","",""
"827","158901","000104430000061","1","11/1/2025","1235","5","6/13/2023","2647482.00","0.00","","","Y","","","N","","11/1/2025","55555","","","","N","","","","","914945.00","1732537.00","46662177.00","N","","","","0.00","0.00","","",""
"828","158902","000104430000061","1","11/1/2025","1235","6","7/13/2023","2647482.00","0.00","","","Y","","","N","","11/1/2025","55555","","","","N","","","","","880294.00","1767188.00","44894989.00","N","","","","0.00","0.00","","",""
"829","158903","000104430000061","1","11/1/2025","1235","7","8/13/2023","2647482.00","0.00","","","Y","","","N","","11/1/2025","55555","","","","N","","","","","844950.00","1802532.00","43092457.00","N","","","","0.00","0.00","","",""
"830","158904","000104430000061","1","11/1/2025","1235","8","9/13/2023","2647482.00","0.00","","","Y","","","N","","11/1/2025","55555","","","","N","","","","","808900.00","1838582.00","41253875.00","N","","","","0.00","0.00","","",""
"831","158905","000104430000061","1","11/1/2025","1235","9","10/13/2023","2647482.00","0.00","","","Y","","","N","","11/1/2025","55555","","","","N","","","","","772128.00","1875354.00","39378521.00","N","","","","0.00","0.00","","",""
"832","158906","000104430000061","1","11/1/2025","1235","10","11/13/2023","2647482.00","0.00","","","Y","","","N","","11/1/2025","55555","","","","N","","","","","734621.00","1912861.00","37465660.00","N","","","","0.00","0.00","","",""
"833","158907","000104430000061","1","11/1/2025","1235","11","12/13/2023","2647482.00","0.00","","","Y","","","N","","11/1/2025","55555","","","","N","","","","","696364.00","1951118.00","35514542.00","N","","","","0.00","0.00","","",""
"834","158908","000104430000061","1","11/1/2025","1235","12","1/13/2024","2647482.00","0.00","","","Y","","","N","","11/1/2025","55555","","","","N","","","","","657341.00","1990141.00","33524401.00","N","","","","0.00","0.00","","",""
"835","158909","000104430000061","1","11/1/2025","1235","13","2/13/2024","2647482.00","0.00","","","Y","","","N","","11/1/2025","55555","","","","N","","","","","617538.00","2029944.00","31494457.00","N","","","","0.00","0.00","","",""
"836","158910","000104430000061","1","11/1/2025","1235","14","3/13/2024","2647482.00","0.00","","","Y","","","N","","11/1/2025","55555","","","","N","","","","","576940.00","2070542.00","29423915.00","N","","","","0.00","0.00","","",""
"837","158911","000104430000061","1","11/1/2025","9266","15","4/13/2024","3115820.00","0.00","","","Y","","","N","","11/1/2025","55555","","","","N","","","","","692780.00","2423040.00","27000875.00","N","","","","0.00","0.00","","",""
"838","158912","000104430000061","1","11/1/2025","9266","16","5/13/2024","3115820.00","0.00","","","Y","","","N","","11/1/2025","55555","","","","N","","","","","628973.00","2486847.00","24514028.00","N","","","","0.00","0.00","","",""
"839","158913","000104430000061","1","11/1/2025","9266","17","6/13/2024","3115820.00","0.00","","","Y","","","N","","11/1/2025","55555","","","","N","","","","","563486.00","2552334.00","21961694.00","N","","","","0.00","0.00","","",""
"840","158914","000104430000061","1","11/1/2025","9266","18","7/13/2024","3115820.00","0.00","","","Y","","","N","","11/1/2025","55555","","","","N","","","","","496275.00","2619545.00","19342149.00","N","","","","0.00","0.00","","",""
"841","158915","000104430000061","1","11/1/2025","9267","19","8/13/2024","3062748.00","0.00","","","Y","","","N","","11/1/2025","55555","","","","N","","","","","430048.00","2632700.00","16709449.00","N","","","","0.00","0.00","","",""
"842","158916","000104430000061","1","11/1/2025","9268","20","9/13/2024","3047990.00","0.00","","","Y","","","N","","11/1/2025","55555","","","","N","","","","","360890.00","2687100.00","14022349.00","N","","","","0.00","0.00","","",""
"843","158917","000104430000061","1","11/1/2025","9269","21","10/13/2024","3033488.00","0.00","","","Y","","","N","","11/1/2025","55555","","","","N","","","","","293952.00","2739536.00","11282813.00","N","","","","0.00","0.00","","",""
"844","158918","000104430000061","1","11/1/2025","9269","22","11/13/2024","3033488.00","0.00","","","Y","","","N","","11/1/2025","55555","","","","N","","","","","220669.00","2812819.00","8469994.00","N","","","","0.00","0.00","","",""
"845","158919","000104430000061","1","11/1/2025","9271","23","12/13/2024","2975230.00","0.00","","","Y","","","N","","11/1/2025","55555","","","","N","","","","","89318.00","2885912.00","5584082.00","N","","","","0.00","0.00","","",""
"846","158920","000104430000061","1","11/1/2025","9271","24","1/13/2025","2975230.00","0.00","","","Y","","","N","","11/1/2025","55555","","","","N","","","","","69569.00","2905661.00","2678421.00","N","","","","0.00","0.00","","",""
"847","158921","000104430000061","1","11/1/2025","9271","25","2/13/2025","2708948.00","0.00","","","Y","","","N","","11/1/2025","55555","","","","N","","","","","30527.00","2678421.00","0.00","N","","","","0.00","0.00","","",""
"848","171480","000104430000062","1","9/3/2026","1069","1","5/13/2024","21441961.00","0.00","","","Y","","","N","","9/3/2026","52","0-1-10/09/2026-17:36:32-192.168.002.001","","","N","","","","","9339434.00","12102527.00","349987473.00","N","","","","0.00","0.00","","",""
"849","171481","000104430000062","1","9/3/2026","1069","2","6/13/2024","21441961.00","0.00","","","Y","","","N","","9/3/2026","52","0-1-10/09/2026-17:36:32-192.168.002.001","","","N","","","","","9007623.00","12434338.00","337553135.00","N","","","","0.00","0.00","","",""
"850","171482","000104430000062","1","9/3/2026","1069","3","6/30/2024","0.00","0.00","","","Y","","","N","","9/3/2026","52","0-1-10/09/2026-17:36:32-192.168.002.001","","","N","","","","","0.00","0.00","603209635.00","N","","","","0.00","0.00","","",""
"851","171483","000104430000062","1","9/3/2026","1069","4","7/13/2024","21441961.00","0.00","","","Y","","","N","","9/3/2026","52","0-1-10/09/2026-17:36:32-192.168.002.001","","","N","","","","","15950130.00","5491831.00","597717804.00","N","","","","0.00","0.00","","",""
"852","171484","000104430000062","1","9/3/2026","8410","5","8/13/2024","20886676.00","0.00","","","Y","","","N","","9/3/2026","52","0-1-10/09/2026-17:36:32-192.168.002.001","","","N","","","","","15862856.00","5023820.00","592693984.00","N","","","","0.00","0.00","","",""
"853","171485","000104430000062","1","9/3/2026","8411","6","9/13/2024","20866454.00","0.00","","","Y","","","N","","9/3/2026","52","0-1-10/09/2026-17:36:32-192.168.002.001","","","N","","","","","15725257.00","5141197.00","587552787.00","N","","","","0.00","0.00","","",""
"854","171486","000104430000062","1","9/3/2026","8412","7","10/13/2024","20991080.00","0.00","","","Y","","","N","","9/3/2026","52","0-1-10/09/2026-17:36:32-192.168.002.001","","","N","","","","","15769301.00","5221779.00","582331008.00","N","","","","0.00","0.00","","",""
"855","171487","000104430000062","1","9/3/2026","8412","8","11/13/2024","20991080.00","0.00","","","Y","","","N","","9/3/2026","52","0-1-10/09/2026-17:36:32-192.168.002.001","","","N","","","","","15623961.00","5367119.00","576963889.00","N","","","","0.00","0.00","","",""
"856","171488","000104430000062","1","9/3/2026","8414","9","12/13/2024","20912764.00","0.00","","","Y","","","N","","9/3/2026","52","0-1-10/09/2026-17:36:32-192.168.002.001","","","N","","","","","6330796.00","14581968.00","562381921.00","N","","","","0.00","0.00","","",""
"857","171489","000104430000062","1","9/3/2026","8414","10","1/13/2025","20912764.00","0.00","","","Y","","","N","","9/3/2026","52","0-1-10/09/2026-17:36:32-192.168.002.001","","","N","","","","","15025769.00","5886995.00","556494926.00","N","","","","0.00","0.00","","",""
"858","171490","000104430000062","1","9/3/2026","8414","11","2/13/2025","20912764.00","0.00","","","Y","","","N","","9/3/2026","52","0-1-10/09/2026-17:36:32-192.168.002.001","","","N","","","","","14862405.00","6050359.00","550444567.00","N","","","","0.00","0.00","","",""
"859","171491","000104430000062","1","9/3/2026","8414","12","3/13/2025","20912764.00","0.00","","","Y","","","N","","9/3/2026","52","0-1-10/09/2026-17:36:32-192.168.002.001","","","N","","","","","14694508.00","6218256.00","544226311.00","N","","","","0.00","0.00","","",""
"860","171492","000104430000062","1","9/3/2026","8414","13","4/13/2025","20912764.00","0.00","","","Y","","","N","","9/3/2026","52","0-1-10/09/2026-17:36:32-192.168.002.001","","","N","","","","","14521951.00","6390813.00","537835498.00","N","","","","0.00","0.00","","",""
"861","171493","000104430000062","1","9/3/2026","8420","14","5/13/2025","20346930.00","0.00","","","Y","","","N","","9/3/2026","52","0-1-10/09/2026-17:36:32-192.168.002.001","","","N","","","","","14274060.00","6072870.00","531762628.00","N","","","","0.00","0.00","","",""
"862","171494","000104430000062","1","9/3/2026","8425","15","6/13/2025","20357014.00","0.00","","","Y","","","N","","9/3/2026","52","0-1-10/09/2026-17:36:32-192.168.002.001","","","N","","","","","5804226.00","14552788.00","517209840.00","N","","","","0.00","0.00","","",""
"863","171495","000104430000062","1","9/3/2026","8427","16","7/13/2025","20042882.00","0.00","","","Y","","","N","","9/3/2026","52","0-1-10/09/2026-17:36:32-192.168.002.001","","","N","","","","","5642547.00","14400335.00","502809505.00","N","","","","0.00","0.00","","",""
"864","171496","000104430000062","1","9/3/2026","8430","17","8/13/2025","19701598.00","0.00","","","Y","","","N","","9/3/2026","52","0-1-10/09/2026-17:36:32-192.168.002.001","","","N","","","","","13406244.00","6295354.00","496514151.00","N","","","","0.00","0.00","","",""
"865","171497","000104430000062","1","9/3/2026","8431","18","9/13/2025","19679928.00","0.00","","","Y","","","N","","9/3/2026","52","0-1-10/09/2026-17:36:32-192.168.002.001","","","N","","","","","5435810.00","14244118.00","482270033.00","N","","","","0.00","0.00","","",""
"866","171498","000104430000062","1","9/3/2026","8432","19","10/13/2025","19373342.00","0.00","","","Y","","","N","","9/3/2026","52","0-1-10/09/2026-17:36:32-192.168.002.001","","","N","","","","","5295721.00","14077621.00","468192412.00","N","","","","0.00","0.00","","",""
"867","171499","000104430000062","1","9/3/2026","8433","20","11/13/2025","19015682.00","0.00","","","Y","","","N","","9/3/2026","52","0-1-10/09/2026-17:36:32-192.168.002.001","","","N","","","","","5125745.00","13889937.00","454302475.00","N","","","","0.00","0.00","","",""
"868","171500","000104430000062","1","9/3/2026","8433","21","12/13/2025","19015682.00","0.00","","","Y","","","N","","9/3/2026","52","0-1-10/09/2026-17:36:32-192.168.002.001","","","N","","","","","12079209.00","6936473.00","447366002.00","N","","","","0.00","0.00","","",""
"869","171501","000104430000062","1","9/3/2026","8433","22","1/13/2026","19015682.00","0.00","","","Y","","","N","","9/3/2026","52","0-1-10/09/2026-17:36:32-192.168.002.001","","","N","","","","","11886721.00","7128961.00","440237041.00","N","","","","0.00","0.00","","",""
"870","171502","000104430000062","1","9/3/2026","9377","23","2/13/2026","18744560.00","0.00","","","Y","","","N","","9/3/2026","52","0-1-10/09/2026-17:36:32-192.168.002.001","","","N","","","","","4754560.00","13990000.00","426247041.00","N","","","","0.00","0.00","","",""
"871","171503","000104430000062","1","9/3/2026","9412","24","3/13/2026","17885933.00","0.00","","","Y","","","N","","9/3/2026","52","0-1-10/09/2026-17:36:32-192.168.002.001","","","N","","","","","4475010.00","13410923.00","412836118.00","N","","","","0.00","0.00","","",""
"872","171504","000104430000062","1","9/3/2026","9412","25","4/13/2026","17885933.00","0.00","","","Y","","","N","","9/3/2026","52","0-1-10/09/2026-17:36:32-192.168.002.001","","","N","","","","","10005405.00","7880528.00","404955590.00","N","","","","0.00","0.00","","",""
"873","171505","000104430000062","1","9/3/2026","9435","26","5/13/2026","17188865.00","0.00","","","Y","","","N","","9/3/2026","52","0-1-10/09/2026-17:36:32-192.168.002.001","","","N","","","","","3818787.00","13370078.00","391585512.00","N","","","","0.00","0.00","","",""
"874","171506","000104430000062","1","9/3/2026","9465","27","6/13/2026","17129739.00","0.00","","","Y","","","N","","9/3/2026","52","0-1-10/09/2026-17:36:32-192.168.002.001","","","N","","","","","3660520.00","13469219.00","378116293.00","N","","","","0.00","0.00","","",""
"875","171507","000104430000062","1","9/3/2026","9485","28","7/13/2026","16657685.00","0.00","","","Y","","","N","","9/3/2026","52","0-1-10/09/2026-17:36:32-192.168.002.001","","","N","","","","","3540826.00","13116859.00","364999434.00","N","","","","0.00","0.00","","",""
"876","171508","000104430000062","1","9/3/2026","9502","29","8/13/2026","16471330.00","0.00","","","Y","","","N","","9/3/2026","52","0-1-10/09/2026-17:36:32-192.168.002.001","","","N","","","","","3443995.00","13027335.00","351972099.00","N","","","","0.00","0.00","","",""
"877","171509","000104430000062","1","9/3/2026","9521","30","9/13/2026","16300929.00","0.00","","","Y","","","N","","9/3/2026","52","0-1-10/09/2026-17:36:32-192.168.002.001","","","N","","","","","3371218.00","12929711.00","339042388.00","N","","","","0.00","0.00","","",""
"878","171510","000104430000062","1","9/3/2026","9521","31","10/13/2026","16300929.00","0.00","","","Y","","","N","","9/3/2026","52","0-1-10/09/2026-17:36:32-192.168.002.001","","","N","","","","","7853376.00","8447553.00","330594835.00","N","","","","0.00","0.00","","",""
"879","171511","000104430000062","1","9/3/2026","9521","32","11/13/2026","16300929.00","0.00","","","Y","","","N","","9/3/2026","52","0-1-10/09/2026-17:36:32-192.168.002.001","","","N","","","","","7647818.00","8653111.00","321941724.00","N","","","","0.00","0.00","","",""
"880","171512","000104430000062","1","9/3/2026","9521","33","12/13/2026","16300929.00","0.00","","","Y","","","N","","9/3/2026","52","0-1-10/09/2026-17:36:32-192.168.002.001","","","N","","","","","7437259.00","8863670.00","313078054.00","N","","","","0.00","0.00","","",""
"881","171513","000104430000062","1","9/3/2026","9521","34","1/13/2027","16300929.00","0.00","","","Y","","","N","","9/3/2026","52","0-1-10/09/2026-17:36:32-192.168.002.001","","","N","","","","","7221577.00","9079352.00","303998702.00","N","","","","0.00","0.00","","",""
"882","171514","000104430000062","1","9/3/2026","9521","35","2/13/2027","16300929.00","0.00","","","Y","","","N","","9/3/2026","52","0-1-10/09/2026-17:36:32-192.168.002.001","","","N","","","","","7000646.00","9300283.00","294698419.00","N","","","","0.00","0.00","","",""
"883","171515","000104430000062","1","9/3/2026","9521","36","3/13/2027","16300929.00","0.00","","","Y","","","N","","9/3/2026","52","0-1-10/09/2026-17:36:32-192.168.002.001","","","N","","","","","6774339.00","9526590.00","285171829.00","N","","","","0.00","0.00","","",""
"884","171516","000104430000062","1","9/3/2026","9521","37","4/13/2027","16300929.00","0.00","","","Y","","","N","","9/3/2026","52","0-1-10/09/2026-17:36:32-192.168.002.001","","","N","","","","","6542525.00","9758404.00","275413425.00","N","","","","0.00","0.00","","",""
"885","171517","000104430000062","1","9/3/2026","9521","38","5/13/2027","16300929.00","0.00","","","Y","","","N","","9/3/2026","52","0-1-10/09/2026-17:36:32-192.168.002.001","","","N","","","","","6305071.00","9995858.00","265417567.00","N","","","","0.00","0.00","","",""
"886","171518","000104430000062","1","9/3/2026","9521","39","6/13/2027","16300929.00","0.00","","","Y","","","N","","9/3/2026","52","0-1-10/09/2026-17:36:32-192.168.002.001","","","N","","","","","6061838.00","10239091.00","255178476.00","N","","","","0.00","0.00","","",""
"887","171519","000104430000062","1","9/3/2026","9521","40","7/13/2027","16300929.00","0.00","","","Y","","","N","","9/3/2026","52","0-1-10/09/2026-17:36:32-192.168.002.001","","","N","","","","","5812687.00","10488242.00","244690234.00","N","","","","0.00","0.00","","",""
"888","171520","000104430000062","1","9/3/2026","9521","41","8/13/2027","16300929.00","0.00","","","Y","","","N","","9/3/2026","52","0-1-10/09/2026-17:36:32-192.168.002.001","","","N","","","","","5557473.00","10743456.00","233946778.00","N","","","","0.00","0.00","","",""
"889","171521","000104430000062","1","9/3/2026","9521","42","9/13/2027","16300929.00","0.00","","","Y","","","N","","9/3/2026","52","0-1-10/09/2026-17:36:32-192.168.002.001","","","N","","","","","5296049.00","11004880.00","222941898.00","N","","","","0.00","0.00","","",""
"890","171522","000104430000062","1","9/3/2026","9521","43","10/13/2027","16300929.00","0.00","","","Y","","","N","","9/3/2026","52","0-1-10/09/2026-17:36:32-192.168.002.001","","","N","","","","","5028264.00","11272665.00","211669233.00","N","","","","0.00","0.00","","",""
"891","171523","000104430000062","1","9/3/2026","9521","44","11/13/2027","16300929.00","0.00","","","Y","","","N","","9/3/2026","52","0-1-10/09/2026-17:36:32-192.168.002.001","","","N","","","","","4753962.00","11546967.00","200122266.00","N","","","","0.00","0.00","","",""
"892","171524","000104430000062","1","9/3/2026","9521","45","12/13/2027","16300929.00","0.00","","","Y","","","N","","9/3/2026","52","0-1-10/09/2026-17:36:32-192.168.002.001","","","N","","","","","4472986.00","11827943.00","188294323.00","N","","","","0.00","0.00","","",""
"893","171525","000104430000062","1","9/3/2026","9521","46","1/13/2028","16300929.00","0.00","","","Y","","","N","","9/3/2026","52","0-1-10/09/2026-17:36:32-192.168.002.001","","","N","","","","","4185173.00","12115756.00","176178567.00","N","","","","0.00","0.00","","",""
"894","171526","000104430000062","1","9/3/2026","9521","47","2/13/2028","16300929.00","0.00","","","Y","","","N","","9/3/2026","52","0-1-10/09/2026-17:36:32-192.168.002.001","","","N","","","","","3890356.00","12410573.00","163767994.00","N","","","","0.00","0.00","","",""
"895","171527","000104430000062","1","9/3/2026","9521","48","3/13/2028","16300929.00","0.00","","","Y","","","N","","9/3/2026","52","0-1-10/09/2026-17:36:32-192.168.002.001","","","N","","","","","3588365.00","12712564.00","151055430.00","N","","","","0.00","0.00","","",""
"896","171528","000104430000062","1","9/3/2026","9521","49","4/13/2028","16300929.00","0.00","","","Y","","","N","","9/3/2026","52","0-1-10/09/2026-17:36:32-192.168.002.001","","","N","","","","","3279026.00","13021903.00","138033527.00","N","","","","0.00","0.00","","",""
"897","171529","000104430000062","1","9/3/2026","9521","50","5/13/2028","16300929.00","0.00","","","Y","","","N","","9/3/2026","52","0-1-10/09/2026-17:36:32-192.168.002.001","","","N","","","","","2962160.00","13338769.00","124694758.00","N","","","","0.00","0.00","","",""
"898","171530","000104430000062","1","9/3/2026","9521","51","6/13/2028","16300929.00","0.00","","","Y","","","N","","9/3/2026","52","0-1-10/09/2026-17:36:32-192.168.002.001","","","N","","","","","2637583.00","13663346.00","111031412.00","N","","","","0.00","0.00","","",""
"899","171531","000104430000062","1","9/3/2026","9521","52","7/13/2028","16300929.00","0.00","","","Y","","","N","","9/3/2026","52","0-1-10/09/2026-17:36:32-192.168.002.001","","","N","","","","","2305108.00","13995821.00","97035591.00","N","","","","0.00","0.00","","",""
"900","171532","000104430000062","1","9/3/2026","9521","53","8/13/2028","16300929.00","0.00","","","Y","","","N","","9/3/2026","52","0-1-10/09/2026-17:36:32-192.168.002.001","","","N","","","","","1964543.00","14336386.00","82699205.00","N","","","","0.00","0.00","","",""
"901","171533","000104430000062","1","9/3/2026","9521","54","9/13/2028","16300929.00","0.00","","","Y","","","N","","9/3/2026","52","0-1-10/09/2026-17:36:32-192.168.002.001","","","N","","","","","1615691.00","14685238.00","68013967.00","N","","","","0.00","0.00","","",""
"902","171534","000104430000062","1","9/3/2026","9521","55","10/13/2028","16300929.00","0.00","","","Y","","","N","","9/3/2026","52","0-1-10/09/2026-17:36:32-192.168.002.001","","","N","","","","","1258351.00","15042578.00","52971389.00","N","","","","0.00","0.00","","",""
"903","171535","000104430000062","1","9/3/2026","9521","56","11/13/2028","16300929.00","0.00","","","Y","","","N","","9/3/2026","52","0-1-10/09/2026-17:36:32-192.168.002.001","","","N","","","","","892315.00","15408614.00","37562775.00","N","","","","0.00","0.00","","",""
"904","171536","000104430000062","1","9/3/2026","9521","57","12/13/2028","16300929.00","0.00","","","Y","","","N","","9/3/2026","52","0-1-10/09/2026-17:36:32-192.168.002.001","","","N","","","","","517372.00","15783557.00","21779218.00","N","","","","0.00","0.00","","",""
"905","171537","000104430000062","1","9/3/2026","9521","58","1/13/2029","16300929.00","0.00","","","Y","","","N","","9/3/2026","52","0-1-10/09/2026-17:36:32-192.168.002.001","","","N","","","","","133305.00","16167624.00","5611594.00","N","","","","0.00","0.00","","",""
"906","171538","000104430000062","1","9/3/2026","9521","59","2/13/2029","5611594.00","0.00","","","Y","","","N","","9/3/2026","52","0-1-10/09/2026-17:36:32-192.168.002.001","","","N","","","","","0.00","5611594.00","0.00","N","","","","0.00","0.00","","",""
"907","171456","000104430000064","1","9/3/2026","","1","10/22/2024","0.00","0.00","","","Y","","","N","","9/3/2026","52","0-1-10/09/2026-17:36:32-192.168.002.001","","","N","","","","","585613.00","0.00","21880613.00","N","","","","0.00","0.00","","",""
"908","171457","000104430000064","1","9/3/2026","","2","11/1/2024","0.00","0.00","","","Y","","","N","","9/3/2026","52","0-1-10/09/2026-17:36:32-192.168.002.001","","","N","","","","","1391104.00","0.00","51976717.00","N","","","","0.00","0.00","","",""
"909","171458","000104430000064","1","9/3/2026","","3","12/1/2024","0.00","0.00","","","Y","","","N","","9/3/2026","52","0-1-10/09/2026-17:36:32-192.168.002.001","","","N","","","","","1429360.00","0.00","53406077.00","N","","","","0.00","0.00","","",""
"910","171459","000104430000064","1","9/3/2026","","4","1/1/2025","0.00","0.00","","","Y","","","N","","9/3/2026","52","0-1-10/09/2026-17:36:32-192.168.002.001","","","N","","","","","1468667.00","0.00","54874744.00","N","","","","0.00","0.00","","",""
"911","171460","000104430000064","1","9/3/2026","8539","5","2/1/2025","2873432.00","0.00","","","Y","","","N","","9/3/2026","52","0-1-10/09/2026-17:36:32-192.168.002.001","","","N","","","","","1430036.00","1443396.00","53431348.00","N","","","","0.00","0.00","","",""
"912","171461","000104430000064","1","9/3/2026","8539","6","3/1/2025","2873432.00","0.00","","","Y","","","N","","9/3/2026","52","0-1-10/09/2026-17:36:32-192.168.002.001","","","N","","","","","1390343.00","1483089.00","51948259.00","N","","","","0.00","0.00","","",""
"913","171462","000104430000064","1","9/3/2026","8539","7","4/1/2025","2873432.00","0.00","","","Y","","","N","","9/3/2026","52","0-1-10/09/2026-17:36:32-192.168.002.001","","","N","","","","","1349558.00","1523874.00","50424385.00","N","","","","0.00","0.00","","",""
"914","171463","000104430000064","1","9/3/2026","8545","8","5/1/2025","3584134.00","0.00","","","Y","","","N","","9/3/2026","52","0-1-10/09/2026-17:36:32-192.168.002.001","","","N","","","","","1280300.00","2303834.00","48120551.00","N","","","","0.00","0.00","","",""
"915","171464","000104430000064","1","9/3/2026","8549","9","6/1/2025","3579276.00","0.00","","","Y","","","N","","9/3/2026","52","0-1-10/09/2026-17:36:32-192.168.002.001","","","N","","","","","1221173.00","2358103.00","45762448.00","N","","","","0.00","0.00","","",""
"916","171465","000104430000064","1","9/3/2026","8551","10","7/1/2025","3569322.00","0.00","","","Y","","","N","","9/3/2026","52","0-1-10/09/2026-17:36:32-192.168.002.001","","","N","","","","","1153279.00","2416043.00","43346405.00","N","","","","0.00","0.00","","",""
"917","171466","000104430000064","1","9/3/2026","8555","11","8/1/2025","3565640.00","0.00","","","Y","","","N","","9/3/2026","52","0-1-10/09/2026-17:36:32-192.168.002.001","","","N","","","","","1093971.00","2471669.00","40874736.00","N","","","","0.00","0.00","","",""
"918","171467","000104430000064","1","9/3/2026","8555","12","9/1/2025","3565640.00","0.00","","","Y","","","N","","9/3/2026","52","0-1-10/09/2026-17:36:32-192.168.002.001","","","N","","","","","1026000.00","2539640.00","38335096.00","N","","","","0.00","0.00","","",""
"919","171468","000104430000064","1","9/3/2026","8557","13","10/1/2025","3549148.00","0.00","","","Y","","","N","","9/3/2026","52","0-1-10/09/2026-17:36:32-192.168.002.001","","","N","","","","","959512.00","2589636.00","35745460.00","N","","","","0.00","0.00","","",""
"920","171469","000104430000064","1","9/3/2026","8558","14","11/1/2025","3537682.00","0.00","","","Y","","","N","","9/3/2026","52","0-1-10/09/2026-17:36:32-192.168.002.001","","","N","","","","","885714.00","2651968.00","33093492.00","N","","","","0.00","0.00","","",""
"921","171470","000104430000064","1","9/3/2026","8558","15","12/1/2025","3537682.00","0.00","","","Y","","","N","","9/3/2026","52","0-1-10/09/2026-17:36:32-192.168.002.001","","","N","","","","","812785.00","2724897.00","30368595.00","N","","","","0.00","0.00","","",""
"922","171471","000104430000064","1","9/3/2026","8558","16","1/1/2026","3537682.00","0.00","","","Y","","","N","","9/3/2026","52","0-1-10/09/2026-17:36:32-192.168.002.001","","","N","","","","","737850.00","2799832.00","27568763.00","N","","","","0.00","0.00","","",""
"923","171472","000104430000064","1","9/3/2026","9370","17","2/1/2026","3473148.00","0.00","","","Y","","","N","","9/3/2026","52","0-1-10/09/2026-17:36:32-192.168.002.001","","","N","","","","","662629.00","2810519.00","24758244.00","N","","","","0.00","0.00","","",""
"924","171473","000104430000064","1","9/3/2026","9370","18","3/1/2026","3473148.00","0.00","","","Y","","","N","","9/3/2026","52","0-1-10/09/2026-17:36:32-192.168.002.001","","","N","","","","","574698.00","2898450.00","21859794.00","N","","","","0.00","0.00","","",""
"925","171474","000104430000064","1","9/3/2026","9411","19","4/1/2026","3969751.00","0.00","","","Y","","","N","","9/3/2026","52","0-1-10/09/2026-17:36:32-192.168.002.001","","","N","","","","","448742.00","3521009.00","18338785.00","N","","","","0.00","0.00","","",""
"926","171475","000104430000064","1","9/3/2026","9434","20","5/1/2026","3934162.00","0.00","","","Y","","","N","","9/3/2026","52","0-1-10/09/2026-17:36:32-192.168.002.001","","","N","","","","","342110.00","3592052.00","14746733.00","N","","","","0.00","0.00","","",""
"927","171476","000104430000064","1","9/3/2026","9449","21","6/1/2026","3906577.00","0.00","","","Y","","","N","","9/3/2026","52","0-1-10/09/2026-17:36:32-192.168.002.001","","","N","","","","","255647.00","3650930.00","11095803.00","N","","","","0.00","0.00","","",""
"928","171477","000104430000064","1","9/3/2026","9464","22","7/1/2026","3873155.00","0.00","","","Y","","","N","","9/3/2026","52","0-1-10/09/2026-17:36:32-192.168.002.001","","","N","","","","","169130.00","3704025.00","7391778.00","N","","","","0.00","0.00","","",""
"929","171478","000104430000064","1","9/3/2026","9484","23","8/1/2026","3826673.00","0.00","","","Y","","","N","","9/3/2026","52","0-1-10/09/2026-17:36:32-192.168.002.001","","","N","","","","","83780.00","3742893.00","3648885.00","N","","","","0.00","0.00","","",""
"930","171479","000104430000064","1","9/3/2026","9501","24","9/1/2026","3648885.00","0.00","","","Y","","","N","","9/3/2026","52","0-1-10/09/2026-17:36:32-192.168.002.001","","","N","","","","","0.00","3648885.00","0.00","N","","","","0.00","0.00","","",""
"931","171539","000104430000068","1","9/3/2026","1546","1","8/14/2024","7554316.00","0.00","","","Y","","","N","","9/3/2026","52","0-1-10/09/2026-17:36:32-192.168.002.001","","","N","","","","","5292256.00","2262060.00","197737940.00","N","","","","0.00","0.00","","",""
"932","171540","000104430000068","1","9/3/2026","1546","2","9/14/2024","7554316.00","0.00","","","Y","","","N","","9/3/2026","52","0-1-10/09/2026-17:36:32-192.168.002.001","","","N","","","","","5230050.00","2324266.00","195413674.00","N","","","","0.00","0.00","","",""
"933","171541","000104430000068","1","9/3/2026","8601","3","10/14/2024","7504058.00","0.00","","","Y","","","N","","9/3/2026","52","0-1-10/09/2026-17:36:32-192.168.002.001","","","N","","","","","5230151.00","2273907.00","193139767.00","N","","","","0.00","0.00","","",""
"934","171542","000104430000068","1","9/3/2026","8601","4","11/14/2024","7504058.00","0.00","","","Y","","","N","","9/3/2026","52","0-1-10/09/2026-17:36:32-192.168.002.001","","","N","","","","","5166861.00","2337197.00","190802570.00","N","","","","0.00","0.00","","",""
"935","171543","000104430000068","1","9/3/2026","8603","5","12/14/2024","7476222.00","0.00","","","Y","","","N","","9/3/2026","52","0-1-10/09/2026-17:36:32-192.168.002.001","","","N","","","","","2267675.00","5208547.00","185594023.00","N","","","","0.00","0.00","","",""
"936","171544","000104430000068","1","9/3/2026","8603","6","1/14/2025","7476222.00","0.00","","","Y","","","N","","9/3/2026","52","0-1-10/09/2026-17:36:32-192.168.002.001","","","N","","","","","4942769.00","2533453.00","183060570.00","N","","","","0.00","0.00","","",""
"937","171545","000104430000068","1","9/3/2026","8603","7","2/14/2025","7476222.00","0.00","","","Y","","","N","","9/3/2026","52","0-1-10/09/2026-17:36:32-192.168.002.001","","","N","","","","","4872466.00","2603756.00","180456814.00","N","","","","0.00","0.00","","",""
"938","171546","000104430000068","1","9/3/2026","8603","8","3/14/2025","7476222.00","0.00","","","Y","","","N","","9/3/2026","52","0-1-10/09/2026-17:36:32-192.168.002.001","","","N","","","","","4800211.00","2676011.00","177780803.00","N","","","","0.00","0.00","","",""
"939","171547","000104430000068","1","9/3/2026","8604","9","4/14/2025","7294246.00","0.00","","","Y","","","N","","9/3/2026","52","0-1-10/09/2026-17:36:32-192.168.002.001","","","N","","","","","2108529.00","5185717.00","172595086.00","N","","","","0.00","0.00","","",""
"940","171548","000104430000068","1","9/3/2026","8609","10","5/14/2025","7177996.00","0.00","","","Y","","","N","","9/3/2026","52","0-1-10/09/2026-17:36:32-192.168.002.001","","","N","","","","","4562755.00","2615241.00","169979845.00","N","","","","0.00","0.00","","",""
"941","171549","000104430000068","1","9/3/2026","8614","11","6/14/2025","7179310.00","0.00","","","Y","","","N","","9/3/2026","52","0-1-10/09/2026-17:36:32-192.168.002.001","","","N","","","","","2009953.00","5169357.00","164810488.00","N","","","","0.00","0.00","","",""
"942","171550","000104430000068","1","9/3/2026","8616","12","7/14/2025","7073218.00","0.00","","","Y","","","N","","9/3/2026","52","0-1-10/09/2026-17:36:32-192.168.002.001","","","N","","","","","1948376.00","5124842.00","159685646.00","N","","","","0.00","0.00","","",""
"943","171551","000104430000068","1","9/3/2026","8619","13","8/14/2025","6958820.00","0.00","","","Y","","","N","","9/3/2026","52","0-1-10/09/2026-17:36:32-192.168.002.001","","","N","","","","","4238169.00","2720651.00","156964995.00","N","","","","0.00","0.00","","",""
"944","171552","000104430000068","1","9/3/2026","8620","14","9/14/2025","6950270.00","0.00","","","Y","","","N","","9/3/2026","52","0-1-10/09/2026-17:36:32-192.168.002.001","","","N","","","","","1861648.00","5088622.00","151876373.00","N","","","","0.00","0.00","","",""
"945","171553","000104430000068","1","9/3/2026","8621","15","10/14/2025","6846434.00","0.00","","","Y","","","N","","9/3/2026","52","0-1-10/09/2026-17:36:32-192.168.002.001","","","N","","","","","1806705.00","5039729.00","146836644.00","N","","","","0.00","0.00","","",""
"946","171554","000104430000068","1","9/3/2026","8622","16","11/14/2025","6727274.00","0.00","","","Y","","","N","","9/3/2026","52","0-1-10/09/2026-17:36:32-192.168.002.001","","","N","","","","","1741523.00","4985751.00","141850893.00","N","","","","0.00","0.00","","",""
"947","171555","000104430000068","1","9/3/2026","8622","17","12/14/2025","6727274.00","0.00","","","Y","","","N","","9/3/2026","52","0-1-10/09/2026-17:36:32-192.168.002.001","","","N","","","","","3749680.00","2977594.00","138873299.00","N","","","","0.00","0.00","","",""
"948","171556","000104430000068","1","9/3/2026","8622","18","1/14/2026","6727274.00","0.00","","","Y","","","N","","9/3/2026","52","0-1-10/09/2026-17:36:32-192.168.002.001","","","N","","","","","3667052.00","3060222.00","135813077.00","N","","","","0.00","0.00","","",""
"949","171557","000104430000068","1","9/3/2026","9378","19","2/14/2026","6685055.00","0.00","","","Y","","","N","","9/3/2026","52","0-1-10/09/2026-17:36:32-192.168.002.001","","","N","","","","","1588455.00","5096600.00","130716477.00","N","","","","0.00","0.00","","",""
"950","171558","000104430000068","1","9/3/2026","9413","20","3/14/2026","6418540.00","0.00","","","Y","","","N","","9/3/2026","52","0-1-10/09/2026-17:36:32-192.168.002.001","","","N","","","","","1481215.00","4937325.00","125779152.00","N","","","","0.00","0.00","","",""
"951","171559","000104430000068","1","9/3/2026","9413","21","4/14/2026","6418540.00","0.00","","","Y","","","N","","9/3/2026","52","0-1-10/09/2026-17:36:32-192.168.002.001","","","N","","","","","3023802.00","3394738.00","122384414.00","N","","","","0.00","0.00","","",""
"952","171560","000104430000068","1","9/3/2026","9436","22","5/14/2026","6198522.00","0.00","","","Y","","","N","","9/3/2026","52","0-1-10/09/2026-17:36:32-192.168.002.001","","","N","","","","","1249998.00","4948524.00","117435890.00","N","","","","0.00","0.00","","",""
"953","171561","000104430000068","1","9/3/2026","9466","23","6/14/2026","6179018.00","0.00","","","Y","","","N","","9/3/2026","52","0-1-10/09/2026-17:36:32-192.168.002.001","","","N","","","","","1189159.00","4989859.00","112446031.00","N","","","","0.00","0.00","","",""
"954","171562","000104430000068","1","9/3/2026","9486","24","7/14/2026","6016191.00","0.00","","","Y","","","N","","9/3/2026","52","0-1-10/09/2026-17:36:32-192.168.002.001","","","N","","","","","1140788.00","4875403.00","107570628.00","N","","","","0.00","0.00","","",""
"955","171563","000104430000068","1","9/3/2026","9503","25","8/14/2026","5948331.00","0.00","","","Y","","","N","","9/3/2026","52","0-1-10/09/2026-17:36:32-192.168.002.001","","","N","","","","","1099873.00","4848458.00","102722170.00","N","","","","0.00","0.00","","",""
"956","171564","000104430000068","1","9/3/2026","9522","26","9/14/2026","5884687.00","0.00","","","Y","","","N","","9/3/2026","52","0-1-10/09/2026-17:36:32-192.168.002.001","","","N","","","","","1066059.00","4818628.00","97903542.00","N","","","","0.00","0.00","","",""
"957","171565","000104430000068","1","9/3/2026","9522","27","10/14/2026","5884687.00","0.00","","","Y","","","N","","9/3/2026","52","0-1-10/09/2026-17:36:32-192.168.002.001","","","N","","","","","2239125.00","3645562.00","94257980.00","N","","","","0.00","0.00","","",""
"958","171566","000104430000068","1","9/3/2026","9522","28","11/14/2026","5884687.00","0.00","","","Y","","","N","","9/3/2026","52","0-1-10/09/2026-17:36:32-192.168.002.001","","","N","","","","","2150417.00","3734270.00","90523710.00","N","","","","0.00","0.00","","",""
"959","171567","000104430000068","1","9/3/2026","9522","29","12/14/2026","5884687.00","0.00","","","Y","","","N","","9/3/2026","52","0-1-10/09/2026-17:36:32-192.168.002.001","","","N","","","","","2059550.00","3825137.00","86698573.00","N","","","","0.00","0.00","","",""
"960","171568","000104430000068","1","9/3/2026","9522","30","1/14/2027","5884687.00","0.00","","","Y","","","N","","9/3/2026","52","0-1-10/09/2026-17:36:32-192.168.002.001","","","N","","","","","1966471.00","3918216.00","82780357.00","N","","","","0.00","0.00","","",""
"961","171569","000104430000068","1","9/3/2026","9522","31","2/14/2027","5884687.00","0.00","","","Y","","","N","","9/3/2026","52","0-1-10/09/2026-17:36:32-192.168.002.001","","","N","","","","","1871128.00","4013559.00","78766798.00","N","","","","0.00","0.00","","",""
"962","171570","000104430000068","1","9/3/2026","9522","32","3/14/2027","5884687.00","0.00","","","Y","","","N","","9/3/2026","52","0-1-10/09/2026-17:36:32-192.168.002.001","","","N","","","","","1773465.00","4111222.00","74655576.00","N","","","","0.00","0.00","","",""
"963","171571","000104430000068","1","9/3/2026","9522","33","4/14/2027","5884687.00","0.00","","","Y","","","N","","9/3/2026","52","0-1-10/09/2026-17:36:32-192.168.002.001","","","N","","","","","1673425.00","4211262.00","70444314.00","N","","","","0.00","0.00","","",""
"964","171572","000104430000068","1","9/3/2026","9522","34","5/14/2027","5884687.00","0.00","","","Y","","","N","","9/3/2026","52","0-1-10/09/2026-17:36:32-192.168.002.001","","","N","","","","","1570951.00","4313736.00","66130578.00","N","","","","0.00","0.00","","",""
"965","171573","000104430000068","1","9/3/2026","9522","35","6/14/2027","5884687.00","0.00","","","Y","","","N","","9/3/2026","52","0-1-10/09/2026-17:36:32-192.168.002.001","","","N","","","","","1465983.00","4418704.00","61711874.00","N","","","","0.00","0.00","","",""
"966","171574","000104430000068","1","9/3/2026","9522","36","7/14/2027","5884687.00","0.00","","","Y","","","N","","9/3/2026","52","0-1-10/09/2026-17:36:32-192.168.002.001","","","N","","","","","1358462.00","4526225.00","57185649.00","N","","","","0.00","0.00","","",""
"967","171575","000104430000068","1","9/3/2026","9522","37","8/14/2027","5884687.00","0.00","","","Y","","","N","","9/3/2026","52","0-1-10/09/2026-17:36:32-192.168.002.001","","","N","","","","","1248323.00","4636364.00","52549285.00","N","","","","0.00","0.00","","",""
"968","171576","000104430000068","1","9/3/2026","9522","38","9/14/2027","5884687.00","0.00","","","Y","","","N","","9/3/2026","52","0-1-10/09/2026-17:36:32-192.168.002.001","","","N","","","","","1135505.00","4749182.00","47800103.00","N","","","","0.00","0.00","","",""
"969","171577","000104430000068","1","9/3/2026","9522","39","10/14/2027","5884687.00","0.00","","","Y","","","N","","9/3/2026","52","0-1-10/09/2026-17:36:32-192.168.002.001","","","N","","","","","1019942.00","4864745.00","42935358.00","N","","","","0.00","0.00","","",""
"970","171578","000104430000068","1","9/3/2026","9522","40","11/14/2027","5884687.00","0.00","","","Y","","","N","","9/3/2026","52","0-1-10/09/2026-17:36:32-192.168.002.001","","","N","","","","","901566.00","4983121.00","37952237.00","N","","","","0.00","0.00","","",""
"971","171579","000104430000068","1","9/3/2026","9522","41","12/14/2027","5884687.00","0.00","","","Y","","","N","","9/3/2026","52","0-1-10/09/2026-17:36:32-192.168.002.001","","","N","","","","","780310.00","5104377.00","32847860.00","N","","","","0.00","0.00","","",""
"972","171580","000104430000068","1","9/3/2026","9522","42","1/14/2028","5884687.00","0.00","","","Y","","","N","","9/3/2026","52","0-1-10/09/2026-17:36:32-192.168.002.001","","","N","","","","","656104.00","5228583.00","27619277.00","N","","","","0.00","0.00","","",""
"973","171581","000104430000068","1","9/3/2026","9522","43","2/14/2028","5884687.00","0.00","","","Y","","","N","","9/3/2026","52","0-1-10/09/2026-17:36:32-192.168.002.001","","","N","","","","","528875.00","5355812.00","22263465.00","N","","","","0.00","0.00","","",""
"974","171582","000104430000068","1","9/3/2026","9522","44","3/14/2028","5884687.00","0.00","","","Y","","","N","","9/3/2026","52","0-1-10/09/2026-17:36:32-192.168.002.001","","","N","","","","","398550.00","5486137.00","16777328.00","N","","","","0.00","0.00","","",""
"975","171583","000104430000068","1","9/3/2026","9522","45","4/14/2028","5884687.00","0.00","","","Y","","","N","","9/3/2026","52","0-1-10/09/2026-17:36:32-192.168.002.001","","","N","","","","","265054.00","5619633.00","11157695.00","N","","","","0.00","0.00","","",""
"976","171584","000104430000068","1","9/3/2026","9522","46","5/14/2028","5884687.00","0.00","","","Y","","","N","","9/3/2026","52","0-1-10/09/2026-17:36:32-192.168.002.001","","","N","","","","","128310.00","5756377.00","5401318.00","N","","","","0.00","0.00","","",""
"977","171585","000104430000068","1","9/3/2026","9522","47","6/14/2028","5401318.00","0.00","","","Y","","","N","","9/3/2026","52","0-1-10/09/2026-17:36:32-192.168.002.001","","","N","","","","","0.00","5401318.00","0.00","N","","","","0.00","0.00","","",""
"978","171839","000104430000069","1","9/3/2026","","1","12/23/2024","0.00","0.00","","","Y","","","N","","9/3/2026","52","0-1-10/09/2026-17:36:32-192.168.002.001","","","N","","","","","9933333.00","0.00","409933333.00","N","","","","0.00","0.00","","",""
"979","171840","000104430000069","1","9/3/2026","","2","1/9/2025","0.00","0.00","","","Y","","","N","","9/3/2026","52","0-1-10/09/2026-17:36:32-192.168.002.001","","","N","","","","","10180011.00","0.00","420113344.00","N","","","","0.00","0.00","","",""
"980","171841","000104430000069","1","9/3/2026","","3","2/9/2025","0.00","0.00","","","Y","","","N","","9/3/2026","52","0-1-10/09/2026-17:36:32-192.168.002.001","","","N","","","","","10432815.00","0.00","430546159.00","N","","","","0.00","0.00","","",""
"981","171842","000104430000069","1","9/3/2026","","4","3/9/2025","0.00","0.00","","","Y","","","N","","9/3/2026","52","0-1-10/09/2026-17:36:32-192.168.002.001","","","N","","","","","10691896.00","0.00","441238055.00","N","","","","0.00","0.00","","",""
"982","171843","000104430000069","1","9/3/2026","","5","4/9/2025","0.00","0.00","","","Y","","","N","","9/3/2026","52","0-1-10/09/2026-17:36:32-192.168.002.001","","","N","","","","","10957412.00","0.00","452195467.00","N","","","","0.00","0.00","","",""
"983","171844","000104430000069","1","9/3/2026","","6","5/9/2025","0.00","0.00","","","Y","","","N","","9/3/2026","52","0-1-10/09/2026-17:36:32-192.168.002.001","","","N","","","","","11154155.00","0.00","463349622.00","N","","","","0.00","0.00","","",""
"984","171845","000104430000069","1","9/3/2026","8634","7","6/9/2025","0.00","0.00","","","Y","","","N","","9/3/2026","52","0-1-10/09/2026-17:36:32-192.168.002.001","","","N","","","","","3016216.00","0.00","466365838.00","N","","","","0.00","0.00","","",""
"985","171846","000104430000069","1","9/3/2026","8634","8","7/9/2025","0.00","0.00","","","Y","","","N","","9/3/2026","52","0-1-10/09/2026-17:36:32-192.168.002.001","","","N","","","","","11503691.00","0.00","477869529.00","N","","","","0.00","0.00","","",""
"986","171847","000104430000069","1","9/3/2026","8634","9","8/9/2025","0.00","0.00","","","Y","","","N","","9/3/2026","52","0-1-10/09/2026-17:36:32-192.168.002.001","","","N","","","","","11867093.00","0.00","489736622.00","N","","","","0.00","0.00","","",""
"987","171848","000104430000069","1","9/3/2026","8634","10","9/9/2025","0.00","0.00","","","Y","","","N","","9/3/2026","52","0-1-10/09/2026-17:36:32-192.168.002.001","","","N","","","","","12161793.00","0.00","501898415.00","N","","","","0.00","0.00","","",""
"988","171849","000104430000069","1","9/3/2026","8634","11","10/9/2025","0.00","0.00","","","Y","","","N","","9/3/2026","52","0-1-10/09/2026-17:36:32-192.168.002.001","","","N","","","","","12505636.00","0.00","514404051.00","N","","","","0.00","0.00","","",""
"989","171850","000104430000069","1","9/3/2026","8634","12","11/9/2025","0.00","0.00","","","Y","","","N","","9/3/2026","52","0-1-10/09/2026-17:36:32-192.168.002.001","","","N","","","","","12774367.00","0.00","527178418.00","N","","","","0.00","0.00","","",""
"990","171851","000104430000069","1","9/3/2026","8642","13","12/9/2025","207163932.00","0.00","","","Y","","","N","","9/3/2026","52","0-1-10/09/2026-17:36:32-192.168.002.001","","","N","","","","","7947026.00","199216906.00","327961512.00","N","","","","0.00","0.00","","",""
"991","171852","000104430000069","1","9/3/2026","8642","14","1/9/2026","0.00","0.00","","","Y","","","N","","9/3/2026","52","0-1-10/09/2026-17:36:32-192.168.002.001","","","N","","","","","8144378.00","0.00","336105890.00","N","","","","0.00","0.00","","",""
"992","171853","000104430000069","1","9/3/2026","9388","15","2/9/2026","241514438.00","0.00","","","Y","","","N","","9/3/2026","52","0-1-10/09/2026-17:36:32-192.168.002.001","","","N","","","","","2167653.00","239346785.00","96759105.00","N","","","","0.00","0.00","","",""
"993","171854","000104430000069","1","9/3/2026","9388","16","3/9/2026","0.00","0.00","","","Y","","","N","","9/3/2026","52","0-1-10/09/2026-17:36:32-192.168.002.001","","","N","","","","","2354472.00","0.00","99113577.00","N","","","","0.00","0.00","","",""
"994","171855","000104430000069","1","9/3/2026","9388","17","4/9/2026","0.00","0.00","","","Y","","","N","","9/3/2026","52","0-1-10/09/2026-17:36:32-192.168.002.001","","","N","","","","","2221796.00","0.00","101335373.00","N","","","","0.00","0.00","","",""
"995","171856","000104430000069","1","9/3/2026","9388","18","5/9/2026","0.00","0.00","","","Y","","","N","","9/3/2026","52","0-1-10/09/2026-17:36:32-192.168.002.001","","","N","","","","","2136487.00","0.00","103471860.00","N","","","","0.00","0.00","","",""
"996","171857","000104430000069","1","9/3/2026","9388","19","6/9/2026","0.00","0.00","","","Y","","","N","","9/3/2026","52","0-1-10/09/2026-17:36:32-192.168.002.001","","","N","","","","","2164286.00","0.00","105636146.00","N","","","","0.00","0.00","","",""
"997","171858","000104430000069","1","9/3/2026","9388","20","7/9/2026","0.00","0.00","","","Y","","","N","","9/3/2026","52","0-1-10/09/2026-17:36:32-192.168.002.001","","","N","","","","","2191950.00","0.00","107828096.00","N","","","","0.00","0.00","","",""
"998","171859","000104430000069","1","9/3/2026","9420","21","8/9/2026","-339686055.00","0.00","","","Y","","","N","","9/3/2026","52","0-1-10/09/2026-17:36:32-192.168.002.001","","","N","","","","","594384.00","-339686055.00","448108535.00","N","","","","0.00","0.00","","",""
"999","171860","000104430000069","1","9/3/2026","9420","22","9/9/2026","0.00","0.00","","","Y","","","N","","9/3/2026","52","0-1-10/09/2026-17:36:32-192.168.002.001","","","N","","","","","9447622.00","0.00","457556157.00","N","","","","0.00","0.00","","",""
"1000","171861","000104430000069","1","9/3/2026","9420","23","10/9/2026","0.00","0.00","","","Y","","","N","","9/3/2026","52","0-1-10/09/2026-17:36:32-192.168.002.001","","","N","","","","","9799328.00","0.00","467355485.00","N","","","","0.00","0.00","","",""
"1001","171862","000104430000069","1","9/3/2026","9420","24","11/9/2026","0.00","0.00","","","Y","","","N","","9/3/2026","52","0-1-10/09/2026-17:36:32-192.168.002.001","","","N","","","","","10009197.00","0.00","477364682.00","N","","","","0.00","0.00","","",""
"1002","171863","000104430000069","1","9/3/2026","9420","25","12/9/2026","480389735.00","0.00","","","Y","","","N","","9/3/2026","52","0-1-10/09/2026-17:36:32-192.168.002.001","","","N","","","","","3025053.00","477364682.00","0.00","N","","","","0.00","0.00","","",""
"1003","171864","000104430000069","1","9/3/2026","9529","26","2/9/2027","0.00","0.00","","","Y","","","N","","9/3/2026","52","0-1-10/09/2026-17:36:32-192.168.002.001","","","N","","","","","0.00","0.00","0.00","N","","","","0.00","0.00","","",""
"1004","171865","000104430000070","1","9/3/2026","","1","12/9/2024","0.00","0.00","","","Y","","","N","","9/3/2026","52","0-1-10/09/2026-17:36:32-192.168.002.001","","","N","","","","","13041667.00","0.00","513041667.00","N","","","","0.00","0.00","","",""
"1005","171866","000104430000070","1","9/3/2026","8643","2","1/9/2025","16578218.00","0.00","","","Y","","","N","","9/3/2026","52","0-1-10/09/2026-17:36:32-192.168.002.001","","","N","","","","","12949422.00","3628796.00","509412871.00","N","","","","0.00","0.00","","",""
"1006","171867","000104430000070","1","9/3/2026","8643","3","2/9/2025","16578218.00","0.00","","","Y","","","N","","9/3/2026","52","0-1-10/09/2026-17:36:32-192.168.002.001","","","N","","","","","12854771.00","3723447.00","505689424.00","N","","","","0.00","0.00","","",""
"1007","171868","000104430000070","1","9/3/2026","8643","4","3/9/2025","16578218.00","0.00","","","Y","","","N","","9/3/2026","52","0-1-10/09/2026-17:36:32-192.168.002.001","","","N","","","","","12757651.00","3820567.00","501868857.00","N","","","","0.00","0.00","","",""
"1008","171869","000104430000070","1","9/3/2026","8643","5","4/9/2025","16578218.00","0.00","","","Y","","","N","","9/3/2026","52","0-1-10/09/2026-17:36:32-192.168.002.001","","","N","","","","","12657998.00","3920220.00","497948637.00","N","","","","0.00","0.00","","",""
"1009","171870","000104430000070","1","9/3/2026","8649","6","5/9/2025","16947674.00","0.00","","","Y","","","N","","9/3/2026","52","0-1-10/09/2026-17:36:32-192.168.002.001","","","N","","","","","12465942.00","4481732.00","493466905.00","N","","","","0.00","0.00","","",""
"1010","171871","000104430000070","1","9/3/2026","8654","7","6/9/2025","16964852.00","0.00","","","Y","","","N","","9/3/2026","52","0-1-10/09/2026-17:36:32-192.168.002.001","","","N","","","","","3374502.00","13590350.00","479876555.00","N","","","","0.00","0.00","","",""
"1011","171872","000104430000070","1","9/3/2026","8656","8","7/9/2025","16666036.00","0.00","","","Y","","","N","","9/3/2026","52","0-1-10/09/2026-17:36:32-192.168.002.001","","","N","","","","","3273678.00","13392358.00","466484197.00","N","","","","0.00","0.00","","",""
"1012","171873","000104430000070","1","9/3/2026","8659","9","8/9/2025","16342224.00","0.00","","","Y","","","N","","9/3/2026","52","0-1-10/09/2026-17:36:32-192.168.002.001","","","N","","","","","11741203.00","4601021.00","461883176.00","N","","","","0.00","0.00","","",""
"1013","171874","000104430000070","1","9/3/2026","8660","10","9/9/2025","16327156.00","0.00","","","Y","","","N","","9/3/2026","52","0-1-10/09/2026-17:36:32-192.168.002.001","","","N","","","","","3168645.00","13158511.00","448724665.00","N","","","","0.00","0.00","","",""
"1014","171875","000104430000070","1","9/3/2026","8661","11","10/9/2025","16037126.00","0.00","","","Y","","","N","","9/3/2026","52","0-1-10/09/2026-17:36:32-192.168.002.001","","","N","","","","","3088209.00","12948917.00","435775748.00","N","","","","0.00","0.00","","",""
"1015","171876","000104430000070","1","9/3/2026","8662","12","11/9/2025","15699002.00","0.00","","","Y","","","N","","9/3/2026","52","0-1-10/09/2026-17:36:32-192.168.002.001","","","N","","","","","2989541.00","12709461.00","423066287.00","N","","","","0.00","0.00","","",""
"1016","171877","000104430000070","1","9/3/2026","8662","13","12/9/2025","15699002.00","0.00","","","Y","","","N","","9/3/2026","52","0-1-10/09/2026-17:36:32-192.168.002.001","","","N","","","","","10625497.00","5073505.00","417992782.00","N","","","","0.00","0.00","","",""
"1017","171878","000104430000070","1","9/3/2026","8662","14","1/9/2026","15699002.00","0.00","","","Y","","","N","","9/3/2026","52","0-1-10/09/2026-17:36:32-192.168.002.001","","","N","","","","","10493163.00","5205839.00","412786943.00","N","","","","0.00","0.00","","",""
"1018","171879","000104430000070","1","9/3/2026","9389","15","2/9/2026","15368501.00","0.00","","","Y","","","N","","9/3/2026","52","0-1-10/09/2026-17:36:32-192.168.002.001","","","N","","","","","2797904.00","12570597.00","400216346.00","N","","","","0.00","0.00","","",""
"1019","171880","000104430000070","1","9/3/2026","9421","16","3/9/2026","14737310.00","0.00","","","Y","","","N","","9/3/2026","52","0-1-10/09/2026-17:36:32-192.168.002.001","","","N","","","","","2692963.00","12044347.00","388171999.00","N","","","","0.00","0.00","","",""
"1020","171881","000104430000070","1","9/3/2026","9421","17","4/9/2026","14737310.00","0.00","","","Y","","","N","","9/3/2026","52","0-1-10/09/2026-17:36:32-192.168.002.001","","","N","","","","","8837954.00","5899356.00","382272643.00","N","","","","0.00","0.00","","",""
"1021","171882","000104430000070","1","9/3/2026","9441","18","5/9/2026","13881151.00","0.00","","","Y","","","N","","9/3/2026","52","0-1-10/09/2026-17:36:32-192.168.002.001","","","N","","","","","2239175.00","11641976.00","370630667.00","N","","","","0.00","0.00","","",""
"1022","171883","000104430000070","1","9/3/2026","9473","19","6/9/2026","13828892.00","0.00","","","Y","","","N","","9/3/2026","52","0-1-10/09/2026-17:36:32-192.168.002.001","","","N","","","","","2148642.00","11680250.00","358950417.00","N","","","","0.00","0.00","","",""
"1023","171884","000104430000070","1","9/3/2026","9491","20","7/9/2026","13398437.00","0.00","","","Y","","","N","","9/3/2026","52","0-1-10/09/2026-17:36:32-192.168.002.001","","","N","","","","","2082896.00","11315541.00","347634876.00","N","","","","0.00","0.00","","",""
"1024","171885","000104430000070","1","9/3/2026","9509","21","8/9/2026","13233800.00","0.00","","","Y","","","N","","9/3/2026","52","0-1-10/09/2026-17:36:32-192.168.002.001","","","N","","","","","2030569.00","11203231.00","336431645.00","N","","","","0.00","0.00","","",""
"1025","171886","000104430000070","1","9/3/2026","9530","22","9/9/2026","13085292.00","0.00","","","Y","","","N","","9/3/2026","52","0-1-10/09/2026-17:36:32-192.168.002.001","","","N","","","","","1998312.00","11086980.00","325344665.00","N","","","","0.00","0.00","","",""
"1026","171887","000104430000070","1","9/3/2026","9530","23","10/9/2026","13085292.00","0.00","","","Y","","","N","","9/3/2026","52","0-1-10/09/2026-17:36:32-192.168.002.001","","","N","","","","","7077879.00","6007413.00","319337252.00","N","","","","0.00","0.00","","",""
"1027","171888","000104430000070","1","9/3/2026","9530","24","11/9/2026","13085292.00","0.00","","","Y","","","N","","9/3/2026","52","0-1-10/09/2026-17:36:32-192.168.002.001","","","N","","","","","6941711.00","6143581.00","313193671.00","N","","","","0.00","0.00","","",""
"1028","171889","000104430000070","1","9/3/2026","9530","25","12/9/2026","13085292.00","0.00","","","Y","","","N","","9/3/2026","52","0-1-10/09/2026-17:36:32-192.168.002.001","","","N","","","","","6802457.00","6282835.00","306910836.00","N","","","","0.00","0.00","","",""
"1029","171890","000104430000070","1","9/3/2026","9530","26","1/9/2027","13085292.00","0.00","","","Y","","","N","","9/3/2026","52","0-1-10/09/2026-17:36:32-192.168.002.001","","","N","","","","","6660046.00","6425246.00","300485590.00","N","","","","0.00","0.00","","",""
"1030","171891","000104430000070","1","9/3/2026","9530","27","2/9/2027","13085292.00","0.00","","","Y","","","N","","9/3/2026","52","0-1-10/09/2026-17:36:32-192.168.002.001","","","N","","","","","6514407.00","6570885.00","293914705.00","N","","","","0.00","0.00","","",""
"1031","171892","000104430000070","1","9/3/2026","9530","28","3/9/2027","13085292.00","0.00","","","Y","","","N","","9/3/2026","52","0-1-10/09/2026-17:36:32-192.168.002.001","","","N","","","","","6365467.00","6719825.00","287194880.00","N","","","","0.00","0.00","","",""
"1032","171893","000104430000070","1","9/3/2026","9530","29","4/9/2027","13085292.00","0.00","","","Y","","","N","","9/3/2026","52","0-1-10/09/2026-17:36:32-192.168.002.001","","","N","","","","","6213151.00","6872141.00","280322739.00","N","","","","0.00","0.00","","",""
"1033","171894","000104430000070","1","9/3/2026","9530","30","5/9/2027","13085292.00","0.00","","","Y","","","N","","9/3/2026","52","0-1-10/09/2026-17:36:32-192.168.002.001","","","N","","","","","6057382.00","7027910.00","273294829.00","N","","","","0.00","0.00","","",""
"1034","171895","000104430000070","1","9/3/2026","9530","31","6/9/2027","13085292.00","0.00","","","Y","","","N","","9/3/2026","52","0-1-10/09/2026-17:36:32-192.168.002.001","","","N","","","","","5898083.00","7187209.00","266107620.00","N","","","","0.00","0.00","","",""
"1035","171896","000104430000070","1","9/3/2026","9530","32","7/9/2027","13085292.00","0.00","","","Y","","","N","","9/3/2026","52","0-1-10/09/2026-17:36:32-192.168.002.001","","","N","","","","","5735173.00","7350119.00","258757501.00","N","","","","0.00","0.00","","",""
"1036","171897","000104430000070","1","9/3/2026","9530","33","8/9/2027","13085292.00","0.00","","","Y","","","N","","9/3/2026","52","0-1-10/09/2026-17:36:32-192.168.002.001","","","N","","","","","5568570.00","7516722.00","251240779.00","N","","","","0.00","0.00","","",""
"1037","171898","000104430000070","1","9/3/2026","9530","34","9/9/2027","13085292.00","0.00","","","Y","","","N","","9/3/2026","52","0-1-10/09/2026-17:36:32-192.168.002.001","","","N","","","","","5398191.00","7687101.00","243553678.00","N","","","","0.00","0.00","","",""
"1038","171899","000104430000070","1","9/3/2026","9530","35","10/9/2027","13085292.00","0.00","","","Y","","","N","","9/3/2026","52","0-1-10/09/2026-17:36:32-192.168.002.001","","","N","","","","","5223950.00","7861342.00","235692336.00","N","","","","0.00","0.00","","",""
"1039","171900","000104430000070","1","9/3/2026","9530","36","11/9/2027","13085292.00","0.00","","","Y","","","N","","9/3/2026","52","0-1-10/09/2026-17:36:32-192.168.002.001","","","N","","","","","5045760.00","8039532.00","227652804.00","N","","","","0.00","0.00","","",""
"1040","171901","000104430000070","1","9/3/2026","9530","37","12/9/2027","13085292.00","0.00","","","Y","","","N","","9/3/2026","52","0-1-10/09/2026-17:36:32-192.168.002.001","","","N","","","","","4863530.00","8221762.00","219431042.00","N","","","","0.00","0.00","","",""
"1041","171902","000104430000070","1","9/3/2026","9530","38","1/9/2028","13085292.00","0.00","","","Y","","","N","","9/3/2026","52","0-1-10/09/2026-17:36:32-192.168.002.001","","","N","","","","","4677170.00","8408122.00","211022920.00","N","","","","0.00","0.00","","",""
"1042","171903","000104430000070","1","9/3/2026","9530","39","2/9/2028","13085292.00","0.00","","","Y","","","N","","9/3/2026","52","0-1-10/09/2026-17:36:32-192.168.002.001","","","N","","","","","4486586.00","8598706.00","202424214.00","N","","","","0.00","0.00","","",""
"1043","171904","000104430000070","1","9/3/2026","9530","40","3/9/2028","13085292.00","0.00","","","Y","","","N","","9/3/2026","52","0-1-10/09/2026-17:36:32-192.168.002.001","","","N","","","","","4291682.00","8793610.00","193630604.00","N","","","","0.00","0.00","","",""
"1044","171905","000104430000070","1","9/3/2026","9530","41","4/9/2028","13085292.00","0.00","","","Y","","","N","","9/3/2026","52","0-1-10/09/2026-17:36:32-192.168.002.001","","","N","","","","","4092360.00","8992932.00","184637672.00","N","","","","0.00","0.00","","",""
"1045","171906","000104430000070","1","9/3/2026","9530","42","5/9/2028","13085292.00","0.00","","","Y","","","N","","9/3/2026","52","0-1-10/09/2026-17:36:32-192.168.002.001","","","N","","","","","3888521.00","9196771.00","175440901.00","N","","","","0.00","0.00","","",""
"1046","171907","000104430000070","1","9/3/2026","9530","43","6/9/2028","13085292.00","0.00","","","Y","","","N","","9/3/2026","52","0-1-10/09/2026-17:36:32-192.168.002.001","","","N","","","","","3680060.00","9405232.00","166035669.00","N","","","","0.00","0.00","","",""
"1047","171908","000104430000070","1","9/3/2026","9530","44","7/9/2028","13085292.00","0.00","","","Y","","","N","","9/3/2026","52","0-1-10/09/2026-17:36:32-192.168.002.001","","","N","","","","","3466875.00","9618417.00","156417252.00","N","","","","0.00","0.00","","",""
"1048","171909","000104430000070","1","9/3/2026","9530","45","8/9/2028","13085292.00","0.00","","","Y","","","N","","9/3/2026","52","0-1-10/09/2026-17:36:32-192.168.002.001","","","N","","","","","3248858.00","9836434.00","146580818.00","N","","","","0.00","0.00","","",""
"1049","171910","000104430000070","1","9/3/2026","9530","46","9/9/2028","13085292.00","0.00","","","Y","","","N","","9/3/2026","52","0-1-10/09/2026-17:36:32-192.168.002.001","","","N","","","","","3025899.00","10059393.00","136521425.00","N","","","","0.00","0.00","","",""
"1050","171911","000104430000070","1","9/3/2026","9530","47","10/9/2028","13085292.00","0.00","","","Y","","","N","","9/3/2026","52","0-1-10/09/2026-17:36:32-192.168.002.001","","","N","","","","","2797886.00","10287406.00","126234019.00","N","","","","0.00","0.00","","",""
"1051","171912","000104430000070","1","9/3/2026","9530","48","11/9/2028","13085292.00","0.00","","","Y","","","N","","9/3/2026","52","0-1-10/09/2026-17:36:32-192.168.002.001","","","N","","","","","2564704.00","10520588.00","115713431.00","N","","","","0.00","0.00","","",""
"1052","171913","000104430000070","1","9/3/2026","9530","49","12/9/2028","13085292.00","0.00","","","Y","","","N","","9/3/2026","52","0-1-10/09/2026-17:36:32-192.168.002.001","","","N","","","","","2326238.00","10759054.00","104954377.00","N","","","","0.00","0.00","","",""
"1053","171914","000104430000070","1","9/3/2026","9530","50","1/9/2029","13085292.00","0.00","","","Y","","","N","","9/3/2026","52","0-1-10/09/2026-17:36:32-192.168.002.001","","","N","","","","","2082366.00","11002926.00","93951451.00","N","","","","0.00","0.00","","",""
"1054","171915","000104430000070","1","9/3/2026","9530","51","2/9/2029","13085292.00","0.00","","","Y","","","N","","9/3/2026","52","0-1-10/09/2026-17:36:32-192.168.002.001","","","N","","","","","1832966.00","11252326.00","82699125.00","N","","","","0.00","0.00","","",""
"1055","171916","000104430000070","1","9/3/2026","9530","52","3/9/2029","13085292.00","0.00","","","Y","","","N","","9/3/2026","52","0-1-10/09/2026-17:36:32-192.168.002.001","","","N","","","","","1577914.00","11507378.00","71191747.00","N","","","","0.00","0.00","","",""
"1056","171917","000104430000070","1","9/3/2026","9530","53","4/9/2029","13085292.00","0.00","","","Y","","","N","","9/3/2026","52","0-1-10/09/2026-17:36:32-192.168.002.001","","","N","","","","","1317080.00","11768212.00","59423535.00","N","","","","0.00","0.00","","",""
"1057","171918","000104430000070","1","9/3/2026","9530","54","5/9/2029","13085292.00","0.00","","","Y","","","N","","9/3/2026","52","0-1-10/09/2026-17:36:32-192.168.002.001","","","N","","","","","1050334.00","12034958.00","47388577.00","N","","","","0.00","0.00","","",""
"1058","171919","000104430000070","1","9/3/2026","9530","55","6/9/2029","13085292.00","0.00","","","Y","","","N","","9/3/2026","52","0-1-10/09/2026-17:36:32-192.168.002.001","","","N","","","","","777541.00","12307751.00","35080826.00","N","","","","0.00","0.00","","",""
"1059","171920","000104430000070","1","9/3/2026","9530","56","7/9/2029","13085292.00","0.00","","","Y","","","N","","9/3/2026","52","0-1-10/09/2026-17:36:32-192.168.002.001","","","N","","","","","498565.00","12586727.00","22494099.00","N","","","","0.00","0.00","","",""
"1060","171921","000104430000070","1","9/3/2026","9530","57","8/9/2029","13085292.00","0.00","","","Y","","","N","","9/3/2026","52","0-1-10/09/2026-17:36:32-192.168.002.001","","","N","","","","","213266.00","12872026.00","9622073.00","N","","","","0.00","0.00","","",""
"1061","171922","000104430000070","1","9/3/2026","9530","58","9/9/2029","9622073.00","0.00","","","Y","","","N","","9/3/2026","52","0-1-10/09/2026-17:36:32-192.168.002.001","","","N","","","","","0.00","9622073.00","0.00","N","","","","0.00","0.00","","",""
"1062","171713","000104430000071","1","9/3/2026","","1","4/16/2025","0.00","0.00","","","Y","","","N","","9/3/2026","52","0-1-10/09/2026-17:36:32-192.168.002.001","","","N","","","","","26132293.00","0.00","1071424017.00","N","","","","0.00","0.00","","",""
"1063","171714","000104430000071","1","9/3/2026","8667","2","5/16/2025","33818738.00","0.00","","","Y","","","N","","9/3/2026","52","0-1-10/09/2026-17:36:32-192.168.002.001","","","N","","","","","25940132.00","7878606.00","1063545411.00","N","","","","0.00","0.00","","",""
"1064","171715","000104430000071","1","9/3/2026","8667","3","6/16/2025","33818738.00","0.00","","","Y","","","N","","9/3/2026","52","0-1-10/09/2026-17:36:32-192.168.002.001","","","N","","","","","13155911.00","20662827.00","1042882584.00","N","","","","0.00","0.00","","",""
"1065","171716","000104430000071","1","9/3/2026","8667","4","7/16/2025","33818738.00","0.00","","","Y","","","N","","9/3/2026","52","0-1-10/09/2026-17:36:32-192.168.002.001","","","N","","","","","12857457.00","20961281.00","1021921303.00","N","","","","0.00","0.00","","",""
"1066","171717","000104430000071","1","9/3/2026","8677","5","8/16/2025","34794410.00","0.00","","","Y","","","N","","9/3/2026","52","0-1-10/09/2026-17:36:32-192.168.002.001","","","N","","","","","24842693.00","9951717.00","1011969586.00","N","","","","0.00","0.00","","",""
"1067","171718","000104430000071","1","9/3/2026","8678","6","9/16/2025","33894144.00","0.00","","","Y","","","N","","9/3/2026","52","0-1-10/09/2026-17:36:32-192.168.002.001","","","N","","","","","12559513.00","21334631.00","990634955.00","N","","","","0.00","0.00","","",""
"1068","171719","000104430000071","1","9/3/2026","8679","7","10/16/2025","33517822.00","0.00","","","Y","","","N","","9/3/2026","52","0-1-10/09/2026-17:36:32-192.168.002.001","","","N","","","","","12335441.00","21182381.00","969452574.00","N","","","","0.00","0.00","","",""
"1069","171720","000104430000071","1","9/3/2026","8680","8","11/16/2025","33027038.00","0.00","","","Y","","","N","","9/3/2026","52","0-1-10/09/2026-17:36:32-192.168.002.001","","","N","","","","","12031836.00","20995202.00","948457372.00","N","","","","0.00","0.00","","",""
"1070","171721","000104430000071","1","9/3/2026","8680","9","12/16/2025","33027038.00","0.00","","","Y","","","N","","9/3/2026","52","0-1-10/09/2026-17:36:32-192.168.002.001","","","N","","","","","23038330.00","9988708.00","938468664.00","N","","","","0.00","0.00","","",""
"1071","171722","000104430000071","1","9/3/2026","8680","10","1/16/2026","33027038.00","0.00","","","Y","","","N","","9/3/2026","52","0-1-10/09/2026-17:36:32-192.168.002.001","","","N","","","","","22786948.00","10240090.00","928228574.00","N","","","","0.00","0.00","","",""
"1072","171723","000104430000071","1","9/3/2026","9382","11","2/16/2026","32509881.00","0.00","","","Y","","","N","","9/3/2026","52","0-1-10/09/2026-17:36:32-192.168.002.001","","","N","","","","","11337104.00","21172777.00","907055797.00","N","","","","0.00","0.00","","",""
"1073","171724","000104430000071","1","9/3/2026","9416","12","3/16/2026","30897048.00","0.00","","","Y","","","N","","9/3/2026","52","0-1-10/09/2026-17:36:32-192.168.002.001","","","N","","","","","10633676.00","20263372.00","886792425.00","N","","","","0.00","0.00","","",""
"1074","171725","000104430000071","1","9/3/2026","9416","13","4/16/2026","30897048.00","0.00","","","Y","","","N","","9/3/2026","52","0-1-10/09/2026-17:36:32-192.168.002.001","","","N","","","","","19471620.00","11425428.00","875366997.00","N","","","","0.00","0.00","","",""
"1075","171726","000104430000071","1","9/3/2026","9439","14","5/16/2026","29630399.00","0.00","","","Y","","","N","","9/3/2026","52","0-1-10/09/2026-17:36:32-192.168.002.001","","","N","","","","","9197349.00","20433050.00","854933947.00","N","","","","0.00","0.00","","",""
"1076","171727","000104430000071","1","9/3/2026","9469","15","6/16/2026","29514772.00","0.00","","","Y","","","N","","9/3/2026","52","0-1-10/09/2026-17:36:32-192.168.002.001","","","N","","","","","8898340.00","20616432.00","834317515.00","N","","","","0.00","0.00","","",""
"1077","171728","000104430000071","1","9/3/2026","9490","16","7/16/2026","28932781.00","0.00","","","Y","","","N","","9/3/2026","52","0-1-10/09/2026-17:36:32-192.168.002.001","","","N","","","","","8704332.00","20228449.00","814089066.00","N","","","","0.00","0.00","","",""
"1078","171729","000104430000071","1","9/3/2026","9506","17","8/16/2026","28752440.00","0.00","","","Y","","","N","","9/3/2026","52","0-1-10/09/2026-17:36:32-192.168.002.001","","","N","","","","","8571354.00","20181086.00","793907980.00","N","","","","0.00","0.00","","",""
"1079","171730","000104430000071","1","9/3/2026","9525","18","9/16/2026","28609534.00","0.00","","","Y","","","N","","9/3/2026","52","0-1-10/09/2026-17:36:32-192.168.002.001","","","N","","","","","8498078.00","20111456.00","773796524.00","N","","","","0.00","0.00","","",""
"1080","171731","000104430000071","1","9/3/2026","9525","19","10/16/2026","28609534.00","0.00","","","Y","","","N","","9/3/2026","52","0-1-10/09/2026-17:36:32-192.168.002.001","","","N","","","","","16207817.00","12401717.00","761394807.00","N","","","","0.00","0.00","","",""
"1081","171732","000104430000071","1","9/3/2026","9525","20","11/16/2026","28609534.00","0.00","","","Y","","","N","","9/3/2026","52","0-1-10/09/2026-17:36:32-192.168.002.001","","","N","","","","","15938080.00","12671454.00","748723353.00","N","","","","0.00","0.00","","",""
"1082","171733","000104430000071","1","9/3/2026","9525","21","12/16/2026","28609534.00","0.00","","","Y","","","N","","9/3/2026","52","0-1-10/09/2026-17:36:32-192.168.002.001","","","N","","","","","15662476.00","12947058.00","735776295.00","N","","","","0.00","0.00","","",""
"1083","171734","000104430000071","1","9/3/2026","9525","22","1/16/2027","28609534.00","0.00","","","Y","","","N","","9/3/2026","52","0-1-10/09/2026-17:36:32-192.168.002.001","","","N","","","","","15380877.00","13228657.00","722547638.00","N","","","","0.00","0.00","","",""
"1084","171735","000104430000071","1","9/3/2026","9525","23","2/16/2027","28609534.00","0.00","","","Y","","","N","","9/3/2026","52","0-1-10/09/2026-17:36:32-192.168.002.001","","","N","","","","","15093154.00","13516380.00","709031258.00","N","","","","0.00","0.00","","",""
"1085","171736","000104430000071","1","9/3/2026","9525","24","3/16/2027","28609534.00","0.00","","","Y","","","N","","9/3/2026","52","0-1-10/09/2026-17:36:32-192.168.002.001","","","N","","","","","14799172.00","13810362.00","695220896.00","N","","","","0.00","0.00","","",""
"1086","171737","000104430000071","1","9/3/2026","9525","25","4/16/2027","28609534.00","0.00","","","Y","","","N","","9/3/2026","52","0-1-10/09/2026-17:36:32-192.168.002.001","","","N","","","","","14498797.00","14110737.00","681110159.00","N","","","","0.00","0.00","","",""
"1087","171738","000104430000071","1","9/3/2026","9525","26","5/16/2027","28609534.00","0.00","","","Y","","","N","","9/3/2026","52","0-1-10/09/2026-17:36:32-192.168.002.001","","","N","","","","","14191889.00","14417645.00","666692514.00","N","","","","0.00","0.00","","",""
"1088","171739","000104430000071","1","9/3/2026","9525","27","6/16/2027","28609534.00","0.00","","","Y","","","N","","9/3/2026","52","0-1-10/09/2026-17:36:32-192.168.002.001","","","N","","","","","13878305.00","14731229.00","651961285.00","N","","","","0.00","0.00","","",""
"1089","171740","000104430000071","1","9/3/2026","9525","28","7/16/2027","28609534.00","0.00","","","Y","","","N","","9/3/2026","52","0-1-10/09/2026-17:36:32-192.168.002.001","","","N","","","","","13557901.00","15051633.00","636909652.00","N","","","","0.00","0.00","","",""
"1090","171741","000104430000071","1","9/3/2026","9525","29","8/16/2027","28609534.00","0.00","","","Y","","","N","","9/3/2026","52","0-1-10/09/2026-17:36:32-192.168.002.001","","","N","","","","","13230528.00","15379006.00","621530646.00","N","","","","0.00","0.00","","",""
"1091","171742","000104430000071","1","9/3/2026","9525","30","9/16/2027","28609534.00","0.00","","","Y","","","N","","9/3/2026","52","0-1-10/09/2026-17:36:32-192.168.002.001","","","N","","","","","12896034.00","15713500.00","605817146.00","N","","","","0.00","0.00","","",""
"1092","171743","000104430000071","1","9/3/2026","9525","31","10/16/2027","28609534.00","0.00","","","Y","","","N","","9/3/2026","52","0-1-10/09/2026-17:36:32-192.168.002.001","","","N","","","","","12554266.00","16055268.00","589761878.00","N","","","","0.00","0.00","","",""
"1093","171744","000104430000071","1","9/3/2026","9525","32","11/16/2027","28609534.00","0.00","","","Y","","","N","","9/3/2026","52","0-1-10/09/2026-17:36:32-192.168.002.001","","","N","","","","","12205063.00","16404471.00","573357407.00","N","","","","0.00","0.00","","",""
"1094","171745","000104430000071","1","9/3/2026","9525","33","12/16/2027","28609534.00","0.00","","","Y","","","N","","9/3/2026","52","0-1-10/09/2026-17:36:32-192.168.002.001","","","N","","","","","11848266.00","16761268.00","556596139.00","N","","","","0.00","0.00","","",""
"1095","171746","000104430000071","1","9/3/2026","9525","34","1/16/2028","28609534.00","0.00","","","Y","","","N","","9/3/2026","52","0-1-10/09/2026-17:36:32-192.168.002.001","","","N","","","","","11483709.00","17125825.00","539470314.00","N","","","","0.00","0.00","","",""
"1096","171747","000104430000071","1","9/3/2026","9525","35","2/16/2028","28609534.00","0.00","","","Y","","","N","","9/3/2026","52","0-1-10/09/2026-17:36:32-192.168.002.001","","","N","","","","","11111222.00","17498312.00","521972002.00","N","","","","0.00","0.00","","",""
"1097","171748","000104430000071","1","9/3/2026","9525","36","3/16/2028","28609534.00","0.00","","","Y","","","N","","9/3/2026","52","0-1-10/09/2026-17:36:32-192.168.002.001","","","N","","","","","10730634.00","17878900.00","504093102.00","N","","","","0.00","0.00","","",""
"1098","171749","000104430000071","1","9/3/2026","9525","37","4/16/2028","28609534.00","0.00","","","Y","","","N","","9/3/2026","52","0-1-10/09/2026-17:36:32-192.168.002.001","","","N","","","","","10341768.00","18267766.00","485825336.00","N","","","","0.00","0.00","","",""
"1099","171750","000104430000071","1","9/3/2026","9525","38","5/16/2028","28609534.00","0.00","","","Y","","","N","","9/3/2026","52","0-1-10/09/2026-17:36:32-192.168.002.001","","","N","","","","","9944444.00","18665090.00","467160246.00","N","","","","0.00","0.00","","",""
"1100","171751","000104430000071","1","9/3/2026","9525","39","6/16/2028","28609534.00","0.00","","","Y","","","N","","9/3/2026","52","0-1-10/09/2026-17:36:32-192.168.002.001","","","N","","","","","9538478.00","19071056.00","448089190.00","N","","","","0.00","0.00","","",""
"1101","171752","000104430000071","1","9/3/2026","9525","40","7/16/2028","28609534.00","0.00","","","Y","","","N","","9/3/2026","52","0-1-10/09/2026-17:36:32-192.168.002.001","","","N","","","","","9123683.00","19485851.00","428603339.00","N","","","","0.00","0.00","","",""
"1102","171753","000104430000071","1","9/3/2026","9525","41","8/16/2028","28609534.00","0.00","","","Y","","","N","","9/3/2026","52","0-1-10/09/2026-17:36:32-192.168.002.001","","","N","","","","","8699865.00","19909669.00","408693670.00","N","","","","0.00","0.00","","",""
"1103","171754","000104430000071","1","9/3/2026","9525","42","9/16/2028","28609534.00","0.00","","","Y","","","N","","9/3/2026","52","0-1-10/09/2026-17:36:32-192.168.002.001","","","N","","","","","8266830.00","20342704.00","388350966.00","N","","","","0.00","0.00","","",""
"1104","171755","000104430000071","1","9/3/2026","9525","43","10/16/2028","28609534.00","0.00","","","Y","","","N","","9/3/2026","52","0-1-10/09/2026-17:36:32-192.168.002.001","","","N","","","","","7824376.00","20785158.00","367565808.00","N","","","","0.00","0.00","","",""
"1105","171756","000104430000071","1","9/3/2026","9525","44","11/16/2028","28609534.00","0.00","","","Y","","","N","","9/3/2026","52","0-1-10/09/2026-17:36:32-192.168.002.001","","","N","","","","","7372299.00","21237235.00","346328573.00","N","","","","0.00","0.00","","",""
"1106","171757","000104430000071","1","9/3/2026","9525","45","12/16/2028","28609534.00","0.00","","","Y","","","N","","9/3/2026","52","0-1-10/09/2026-17:36:32-192.168.002.001","","","N","","","","","6910389.00","21699145.00","324629428.00","N","","","","0.00","0.00","","",""
"1107","171758","000104430000071","1","9/3/2026","9525","46","1/16/2029","28609534.00","0.00","","","Y","","","N","","9/3/2026","52","0-1-10/09/2026-17:36:32-192.168.002.001","","","N","","","","","6438433.00","22171101.00","302458327.00","N","","","","0.00","0.00","","",""
"1108","171759","000104430000071","1","9/3/2026","9525","47","2/16/2029","28609534.00","0.00","","","Y","","","N","","9/3/2026","52","0-1-10/09/2026-17:36:32-192.168.002.001","","","N","","","","","5956211.00","22653323.00","279805004.00","N","","","","0.00","0.00","","",""
"1109","171760","000104430000071","1","9/3/2026","9525","48","3/16/2029","28609534.00","0.00","","","Y","","","N","","9/3/2026","52","0-1-10/09/2026-17:36:32-192.168.002.001","","","N","","","","","5463501.00","23146033.00","256658971.00","N","","","","0.00","0.00","","",""
"1110","171761","000104430000071","1","9/3/2026","9525","49","4/16/2029","28609534.00","0.00","","","Y","","","N","","9/3/2026","52","0-1-10/09/2026-17:36:32-192.168.002.001","","","N","","","","","4960075.00","23649459.00","233009512.00","N","","","","0.00","0.00","","",""
"1111","171762","000104430000071","1","9/3/2026","9525","50","5/16/2029","28609534.00","0.00","","","Y","","","N","","9/3/2026","52","0-1-10/09/2026-17:36:32-192.168.002.001","","","N","","","","","4445700.00","24163834.00","208845678.00","N","","","","0.00","0.00","","",""
"1112","171763","000104430000071","1","9/3/2026","9525","51","6/16/2029","28609534.00","0.00","","","Y","","","N","","9/3/2026","52","0-1-10/09/2026-17:36:32-192.168.002.001","","","N","","","","","3920136.00","24689398.00","184156280.00","N","","","","0.00","0.00","","",""
"1113","171764","000104430000071","1","9/3/2026","9525","52","7/16/2029","28609534.00","0.00","","","Y","","","N","","9/3/2026","52","0-1-10/09/2026-17:36:32-192.168.002.001","","","N","","","","","3383142.00","25226392.00","158929888.00","N","","","","0.00","0.00","","",""
"1114","171765","000104430000071","1","9/3/2026","9525","53","8/16/2029","28609534.00","0.00","","","Y","","","N","","9/3/2026","52","0-1-10/09/2026-17:36:32-192.168.002.001","","","N","","","","","2834468.00","25775066.00","133154822.00","N","","","","0.00","0.00","","",""
"1115","171766","000104430000071","1","9/3/2026","9525","54","9/16/2029","28609534.00","0.00","","","Y","","","N","","9/3/2026","52","0-1-10/09/2026-17:36:32-192.168.002.001","","","N","","","","","2273860.00","26335674.00","106819148.00","N","","","","0.00","0.00","","",""
"1116","171767","000104430000071","1","9/3/2026","9525","55","10/16/2029","28609534.00","0.00","","","Y","","","N","","9/3/2026","52","0-1-10/09/2026-17:36:32-192.168.002.001","","","N","","","","","1701059.00","26908475.00","79910673.00","N","","","","0.00","0.00","","",""
"1117","171768","000104430000071","1","9/3/2026","9525","56","11/16/2029","28609534.00","0.00","","","Y","","","N","","9/3/2026","52","0-1-10/09/2026-17:36:32-192.168.002.001","","","N","","","","","1115800.00","27493734.00","52416939.00","N","","","","0.00","0.00","","",""
"1118","171769","000104430000071","1","9/3/2026","9525","57","12/16/2029","28609534.00","0.00","","","Y","","","N","","9/3/2026","52","0-1-10/09/2026-17:36:32-192.168.002.001","","","N","","","","","517811.00","28091723.00","24325216.00","N","","","","0.00","0.00","","",""
"1119","171770","000104430000071","1","9/3/2026","9525","58","1/16/2030","24325216.00","0.00","","","Y","","","N","","9/3/2026","52","0-1-10/09/2026-17:36:32-192.168.002.001","","","N","","","","","0.00","24325216.00","0.00","N","","","","0.00","0.00","","",""
"1120","128588","000104430000072","1","11/1/2025","","1","4/22/2025","0.00","0.00","","","Y","","","N","","11/1/2025","55555","","","","N","","","","","26155250.00","0.00","1072365250.00","N","","","","0.00","0.00","","",""
"1121","128589","000104430000072","1","11/1/2025","","2","5/22/2025","0.00","0.00","","","Y","","","N","","11/1/2025","55555","","","","N","","","","","26809131.00","0.00","1099174381.00","N","","","","0.00","0.00","","",""
"1122","128590","000104430000072","1","11/1/2025","","3","6/22/2025","0.00","0.00","","","Y","","","N","","11/1/2025","55555","","","","N","","","","","27570957.00","0.00","1126745338.00","N","","","","0.00","0.00","","",""
"1123","128591","000104430000072","1","11/1/2025","8691","4","7/22/2025","314057708.00","0.00","","","Y","","","N","","11/1/2025","55555","","","","N","","","","","19484977.00","294572731.00","832172607.00","N","","","","0.00","0.00","","",""
"1124","128580","000104430000072","1","11/1/2025","8691","5","8/22/2025","0.00","0.00","","","Y","","","N","","11/1/2025","55555","","","","N","","","","","20943011.00","0.00","853115618.00","N","","","","0.00","0.00","","",""
"1125","128581","000104430000072","1","11/1/2025","8691","6","9/22/2025","0.00","0.00","","","Y","","","N","","11/1/2025","55555","","","","N","","","","","21470076.00","0.00","874585694.00","N","","","","0.00","0.00","","",""
"1126","128582","000104430000072","1","11/1/2025","8694","7","10/22/2025","321559272.00","0.00","","","Y","","","N","","11/1/2025","55555","","","","N","","","","","15246545.00","306312727.00","568272967.00","N","","","","0.00","0.00","","",""
"1127","128583","000104430000072","1","11/1/2025","8694","8","11/22/2025","0.00","0.00","","","Y","","","N","","11/1/2025","55555","","","","N","","","","","14301536.00","0.00","582574503.00","N","","","","0.00","0.00","","",""
"1128","128584","000104430000072","1","11/1/2025","8694","9","12/22/2025","0.00","0.00","","","Y","","","N","","11/1/2025","55555","","","","N","","","","","14661458.00","0.00","597235961.00","N","","","","0.00","0.00","","",""
"1129","128585","000104430000072","1","11/1/2025","8695","10","1/22/2026","317541418.00","0.00","","","Y","","","N","","11/1/2025","55555","","","","N","","","","","7038979.00","310502439.00","286733522.00","Y","284627","588852.61","","0.00","0.00","","",""
"1130","128586","000104430000072","1","11/1/2025","8695","11","2/22/2026","0.00","0.00","","","Y","","","N","","11/1/2025","55555","","","","N","","","","","7216127.00","0.00","293949649.00","N","","","","0.00","0.00","","",""
"1131","128587","000104430000072","1","11/1/2025","8695","12","3/22/2026","0.00","0.00","","","Y","","","N","","11/1/2025","55555","","","","N","","","","","7397733.00","0.00","301347382.00","N","","","","0.00","0.00","","",""
"1132","128592","000104430000072","1","11/1/2025","8695","13","4/22/2026","306832730.00","0.00","","","Y","","","N","","11/1/2025","55555","","","","N","","","","","5485348.00","301347382.00","0.00","N","","","","0.00","0.00","","",""
"1133","171973","000104430000073","1","9/3/2026","","1","4/23/2025","0.00","0.00","","","Y","","","N","","9/3/2026","52","0-1-10/09/2026-17:36:32-192.168.002.001","","","N","","","","","12541667.00","0.00","512541667.00","N","","","","0.00","0.00","","",""
"1134","171974","000104430000073","1","9/3/2026","8698","2","5/23/2025","27982154.00","0.00","","","Y","","","N","","9/3/2026","52","0-1-10/09/2026-17:36:32-192.168.002.001","","","N","","","","","9298770.00","18683384.00","493858283.00","N","","","","0.00","0.00","","",""
"1135","171975","000104430000073","1","9/3/2026","8702","3","6/23/2025","28519136.00","0.00","","","Y","","","N","","9/3/2026","52","0-1-10/09/2026-17:36:32-192.168.002.001","","","N","","","","","8980103.00","19539033.00","474319250.00","N","","","","0.00","0.00","","",""
"1136","171976","000104430000073","1","9/3/2026","8702","4","7/23/2025","28519136.00","0.00","","","Y","","","N","","9/3/2026","52","0-1-10/09/2026-17:36:32-192.168.002.001","","","N","","","","","8605321.00","19913815.00","454405435.00","N","","","","0.00","0.00","","",""
"1137","171977","000104430000073","1","9/3/2026","8706","5","8/23/2025","28364114.00","0.00","","","Y","","","N","","9/3/2026","52","0-1-10/09/2026-17:36:32-192.168.002.001","","","N","","","","","10757543.00","17606571.00","436798864.00","N","","","","0.00","0.00","","",""
"1138","171978","000104430000073","1","9/3/2026","8707","6","9/23/2025","28085604.00","0.00","","","Y","","","N","","9/3/2026","52","0-1-10/09/2026-17:36:32-192.168.002.001","","","N","","","","","7977264.00","20108340.00","416690524.00","N","","","","0.00","0.00","","",""
"1139","171979","000104430000073","1","9/3/2026","8708","7","10/23/2025","27902374.00","0.00","","","Y","","","N","","9/3/2026","52","0-1-10/09/2026-17:36:32-192.168.002.001","","","N","","","","","7635140.00","20267234.00","396423290.00","N","","","","0.00","0.00","","",""
"1140","171980","000104430000073","1","9/3/2026","8709","8","11/23/2025","27678410.00","0.00","","","Y","","","N","","9/3/2026","52","0-1-10/09/2026-17:36:32-192.168.002.001","","","N","","","","","7239884.00","20438526.00","375984764.00","N","","","","0.00","0.00","","",""
"1141","171981","000104430000073","1","9/3/2026","8709","9","12/23/2025","27678410.00","0.00","","","Y","","","N","","9/3/2026","52","0-1-10/09/2026-17:36:32-192.168.002.001","","","N","","","","","8794735.00","18883675.00","357101089.00","N","","","","0.00","0.00","","",""
"1142","171982","000104430000073","1","9/3/2026","8709","10","1/23/2026","27678410.00","0.00","","","Y","","","N","","9/3/2026","52","0-1-10/09/2026-17:36:32-192.168.002.001","","","N","","","","","8317923.00","19360487.00","337740602.00","N","","","","0.00","0.00","","",""
"1143","171983","000104430000073","1","9/3/2026","9393","11","2/23/2026","28839156.00","0.00","","","Y","","","N","","9/3/2026","52","0-1-10/09/2026-17:36:32-192.168.002.001","","","N","","","","","6062675.00","22776481.00","314964121.00","N","","","","0.00","0.00","","",""
"1144","171984","000104430000073","1","9/3/2026","9425","12","3/23/2026","28275054.00","0.00","","","Y","","","N","","9/3/2026","52","0-1-10/09/2026-17:36:32-192.168.002.001","","","N","","","","","5360430.00","22914624.00","292049497.00","N","","","","0.00","0.00","","",""
"1145","171985","000104430000073","1","9/3/2026","9445","13","4/23/2026","27863668.00","0.00","","","Y","","","N","","9/3/2026","52","0-1-10/09/2026-17:36:32-192.168.002.001","","","N","","","","","4784811.00","23078857.00","268970640.00","N","","","","0.00","0.00","","",""
"1146","171986","000104430000073","1","9/3/2026","9453","14","5/23/2026","27691730.00","0.00","","","Y","","","N","","9/3/2026","52","0-1-10/09/2026-17:36:32-192.168.002.001","","","N","","","","","4157623.00","23534107.00","245436533.00","N","","","","0.00","0.00","","",""
"1147","171987","000104430000073","1","9/3/2026","9476","15","6/23/2026","27490650.00","0.00","","","Y","","","N","","9/3/2026","52","0-1-10/09/2026-17:36:32-192.168.002.001","","","N","","","","","3760222.00","23730428.00","221706105.00","N","","","","0.00","0.00","","",""
"1148","171988","000104430000073","1","9/3/2026","9494","16","7/23/2026","27324713.00","0.00","","","Y","","","N","","9/3/2026","52","0-1-10/09/2026-17:36:32-192.168.002.001","","","N","","","","","3406378.00","23918335.00","197787770.00","N","","","","0.00","0.00","","",""
"1149","171989","000104430000073","1","9/3/2026","9512","17","8/23/2026","27174801.00","0.00","","","Y","","","N","","9/3/2026","52","0-1-10/09/2026-17:36:32-192.168.002.001","","","N","","","","","3069233.00","24105568.00","173682202.00","N","","","","0.00","0.00","","",""
"1150","171990","000104430000073","1","9/3/2026","9533","18","9/23/2026","27025419.00","0.00","","","Y","","","N","","9/3/2026","52","0-1-10/09/2026-17:36:32-192.168.002.001","","","N","","","","","2738945.00","24286474.00","149395728.00","N","","","","0.00","0.00","","",""
"1151","171991","000104430000073","1","9/3/2026","9533","19","10/23/2026","27025419.00","0.00","","","Y","","","N","","9/3/2026","52","0-1-10/09/2026-17:36:32-192.168.002.001","","","N","","","","","2671752.00","24353667.00","125042061.00","N","","","","0.00","0.00","","",""
"1152","171992","000104430000073","1","9/3/2026","9533","20","11/23/2026","27025419.00","0.00","","","Y","","","N","","9/3/2026","52","0-1-10/09/2026-17:36:32-192.168.002.001","","","N","","","","","2140030.00","24885389.00","100156672.00","N","","","","0.00","0.00","","",""
"1153","171993","000104430000073","1","9/3/2026","9533","21","12/23/2026","27025419.00","0.00","","","Y","","","N","","9/3/2026","52","0-1-10/09/2026-17:36:32-192.168.002.001","","","N","","","","","1596699.00","25428720.00","74727952.00","N","","","","0.00","0.00","","",""
"1154","171994","000104430000073","1","9/3/2026","9533","22","1/23/2027","27025419.00","0.00","","","Y","","","N","","9/3/2026","52","0-1-10/09/2026-17:36:32-192.168.002.001","","","N","","","","","1041505.00","25983914.00","48744038.00","N","","","","0.00","0.00","","",""
"1155","171995","000104430000073","1","9/3/2026","9533","23","2/23/2027","27025419.00","0.00","","","Y","","","N","","9/3/2026","52","0-1-10/09/2026-17:36:32-192.168.002.001","","","N","","","","","474190.00","26551229.00","22192809.00","N","","","","0.00","0.00","","",""
"1156","171996","000104430000073","1","9/3/2026","9533","24","3/23/2027","22192809.00","0.00","","","Y","","","N","","9/3/2026","52","0-1-10/09/2026-17:36:32-192.168.002.001","","","N","","","","","0.00","22192809.00","0.00","N","","","","0.00","0.00","","",""
"1157","171923","000104430000074","1","9/3/2026","","1","4/30/2025","0.00","0.00","","","Y","","","N","","9/3/2026","52","0-1-10/09/2026-17:36:32-192.168.002.001","","","N","","","","","1317108.00","0.00","54001411.93","N","","","","0.00","0.00","","",""
"1158","171924","000104430000074","1","9/3/2026","","2","5/1/2025","0.00","0.00","","","Y","","","N","","9/3/2026","52","0-1-10/09/2026-17:36:32-192.168.002.001","","","N","","","","","1350035.00","0.00","55351446.93","N","","","","0.00","0.00","","",""
"1159","171925","000104430000074","1","9/3/2026","8731","3","6/1/2025","2948442.00","0.00","","","Y","","","N","","9/3/2026","52","0-1-10/09/2026-17:36:32-192.168.002.001","","","N","","","","","1314442.00","1634000.00","53717446.93","N","","","","0.00","0.00","","",""
"1160","171926","000104430000074","1","9/3/2026","8733","4","7/1/2025","3204064.00","0.00","","","Y","","","N","","9/3/2026","52","0-1-10/09/2026-17:36:32-192.168.002.001","","","N","","","","","1262835.00","1941229.00","51776217.93","N","","","","0.00","0.00","","",""
"1161","171927","000104430000074","1","9/3/2026","8733","5","8/1/2025","3204064.00","0.00","","","Y","","","N","","9/3/2026","52","0-1-10/09/2026-17:36:32-192.168.002.001","","","N","","","","","1222399.00","1981665.00","49794552.93","N","","","","0.00","0.00","","",""
"1162","171928","000104430000074","1","9/3/2026","8737","6","8/8/2025","18387787.00","0.00","","","Y","","","N","","9/3/2026","52","0-1-10/09/2026-17:36:32-192.168.002.001","","","N","","","","","0.00","18387787.00","278722462.00","N","","","","0.00","0.00","","",""
"1163","171929","000104430000074","1","9/3/2026","8737","7","9/1/2025","18387787.00","0.00","","","Y","","","N","","9/3/2026","52","0-1-10/09/2026-17:36:32-192.168.002.001","","","N","","","","","6551756.00","11836031.00","266886431.00","N","","","","0.00","0.00","","",""
"1164","171930","000104430000074","1","9/3/2026","8739","8","10/1/2025","18401626.00","0.00","","","Y","","","N","","9/3/2026","52","0-1-10/09/2026-17:36:32-192.168.002.001","","","N","","","","","6274241.00","12127385.00","254759046.00","N","","","","0.00","0.00","","",""
"1165","171931","000104430000074","1","9/3/2026","8740","9","11/1/2025","18388420.00","0.00","","","Y","","","N","","9/3/2026","52","0-1-10/09/2026-17:36:32-192.168.002.001","","","N","","","","","5948661.00","12439759.00","242319287.00","N","","","","0.00","0.00","","",""
"1166","171932","000104430000074","1","9/3/2026","8740","10","12/1/2025","18388420.00","0.00","","","Y","","","N","","9/3/2026","52","0-1-10/09/2026-17:36:32-192.168.002.001","","","N","","","","","5635593.00","12752827.00","229566460.00","N","","","","0.00","0.00","","",""
"1167","171933","000104430000074","1","9/3/2026","8740","11","1/1/2026","18388420.00","0.00","","","Y","","","N","","9/3/2026","52","0-1-10/09/2026-17:36:32-192.168.002.001","","","N","","","","","5314647.00","13073773.00","216492687.00","N","","","","0.00","0.00","","",""
"1168","171934","000104430000074","1","9/3/2026","9403","12","2/1/2026","17331521.00","0.00","","","Y","","","N","","9/3/2026","52","0-1-10/09/2026-17:36:32-192.168.002.001","","","N","","","","","5012223.00","12319298.00","204173389.00","N","","","","0.00","0.00","","",""
"1169","171935","000104430000074","1","9/3/2026","9403","13","3/1/2026","17331521.00","0.00","","","Y","","","N","","9/3/2026","52","0-1-10/09/2026-17:36:32-192.168.002.001","","","N","","","","","4608766.00","12722755.00","191450634.00","N","","","","0.00","0.00","","",""
"1170","171936","000104430000074","1","9/3/2026","9422","14","4/1/2026","18410628.00","0.00","","","Y","","","N","","9/3/2026","52","0-1-10/09/2026-17:36:32-192.168.002.001","","","N","","","","","3936660.00","14473968.00","176976666.00","N","","","","0.00","0.00","","",""
"1171","171937","000104430000074","1","9/3/2026","9442","15","5/1/2026","18235616.00","0.00","","","Y","","","N","","9/3/2026","52","0-1-10/09/2026-17:36:32-192.168.002.001","","","N","","","","","3399704.00","14835912.00","162140754.00","N","","","","0.00","0.00","","",""
"1172","171938","000104430000074","1","9/3/2026","9451","16","6/1/2026","18168822.00","0.00","","","Y","","","N","","9/3/2026","52","0-1-10/09/2026-17:36:32-192.168.002.001","","","N","","","","","3059404.00","15109418.00","147031336.00","N","","","","0.00","0.00","","",""
"1173","171939","000104430000074","1","9/3/2026","9474","17","7/1/2026","18106868.00","0.00","","","Y","","","N","","9/3/2026","52","0-1-10/09/2026-17:36:32-192.168.002.001","","","N","","","","","2718158.00","15388710.00","131642626.00","N","","","","0.00","0.00","","",""
"1174","171940","000104430000074","1","9/3/2026","9492","18","8/1/2026","18060981.00","0.00","","","Y","","","N","","9/3/2026","52","0-1-10/09/2026-17:36:32-192.168.002.001","","","N","","","","","2404145.00","15656836.00","115985790.00","N","","","","0.00","0.00","","",""
"1175","171941","000104430000074","1","9/3/2026","9510","19","9/1/2026","18018911.00","0.00","","","Y","","","N","","9/3/2026","52","0-1-10/09/2026-17:36:32-192.168.002.001","","","N","","","","","2098124.00","15920787.00","100065003.00","N","","","","0.00","0.00","","",""
"1176","171942","000104430000074","1","9/3/2026","9531","20","10/1/2026","17969833.00","0.00","","","Y","","","N","","9/3/2026","52","0-1-10/09/2026-17:36:32-192.168.002.001","","","N","","","","","1785570.00","16184263.00","83880740.00","N","","","","0.00","0.00","","",""
"1177","171943","000104430000074","1","9/3/2026","9531","21","11/1/2026","17969833.00","0.00","","","Y","","","N","","9/3/2026","52","0-1-10/09/2026-17:36:32-192.168.002.001","","","N","","","","","1433562.00","16536271.00","67344469.00","N","","","","0.00","0.00","","",""
"1178","171944","000104430000074","1","9/3/2026","9531","22","12/1/2026","17969833.00","0.00","","","Y","","","N","","9/3/2026","52","0-1-10/09/2026-17:36:32-192.168.002.001","","","N","","","","","1073898.00","16895935.00","50448534.00","N","","","","0.00","0.00","","",""
"1179","171945","000104430000074","1","9/3/2026","9531","23","1/1/2027","17969833.00","0.00","","","Y","","","N","","9/3/2026","52","0-1-10/09/2026-17:36:32-192.168.002.001","","","N","","","","","706412.00","17263421.00","33185113.00","N","","","","0.00","0.00","","",""
"1180","171946","000104430000074","1","9/3/2026","9531","24","2/1/2027","17969833.00","0.00","","","Y","","","N","","9/3/2026","52","0-1-10/09/2026-17:36:32-192.168.002.001","","","N","","","","","330932.00","17638901.00","15546212.00","N","","","","0.00","0.00","","",""
"1181","171947","000104430000074","1","9/3/2026","9531","25","3/1/2027","15546212.00","0.00","","","Y","","","N","","9/3/2026","52","0-1-10/09/2026-17:36:32-192.168.002.001","","","N","","","","","0.00","15546212.00","0.00","N","","","","0.00","0.00","","",""
"1182","171771","000104430000075","1","9/3/2026","","1","4/14/2025","0.00","0.00","","","Y","","","N","","9/3/2026","52","0-1-10/09/2026-17:36:32-192.168.002.001","","","N","","","","","2675000.00","0.00","102675000.00","N","","","","0.00","0.00","","",""
"1183","171772","000104430000075","1","9/3/2026","","2","5/14/2025","0.00","0.00","","","Y","","","N","","9/3/2026","52","0-1-10/09/2026-17:36:32-192.168.002.001","","","N","","","","","2746556.00","0.00","105421556.00","N","","","","0.00","0.00","","",""
"1184","171773","000104430000075","1","9/3/2026","","3","6/14/2025","0.00","0.00","","","Y","","","N","","9/3/2026","52","0-1-10/09/2026-17:36:32-192.168.002.001","","","N","","","","","2828812.00","0.00","108250368.00","N","","","","0.00","0.00","","",""
"1185","171774","000104430000075","1","9/3/2026","8721","4","7/14/2025","17596312.00","0.00","","","Y","","","N","","9/3/2026","52","0-1-10/09/2026-17:36:32-192.168.002.001","","","N","","","","","1241172.00","16355140.00","91895228.00","N","","","","0.00","0.00","","",""
"1186","171775","000104430000075","1","9/3/2026","8721","5","8/14/2025","0.00","0.00","","","Y","","","N","","9/3/2026","52","0-1-10/09/2026-17:36:32-192.168.002.001","","","N","","","","","2473513.00","0.00","94368741.00","N","","","","0.00","0.00","","",""
"1187","171776","000104430000075","1","9/3/2026","8721","6","9/14/2025","0.00","0.00","","","Y","","","N","","9/3/2026","52","0-1-10/09/2026-17:36:32-192.168.002.001","","","N","","","","","2540092.00","0.00","96908833.00","N","","","","0.00","0.00","","",""
"1188","171777","000104430000075","1","9/3/2026","8726","7","10/14/2025","17844578.00","0.00","","","Y","","","N","","9/3/2026","52","0-1-10/09/2026-17:36:32-192.168.002.001","","","N","","","","","1118301.00","16726277.00","80182556.00","N","","","","0.00","0.00","","",""
"1189","171778","000104430000075","1","9/3/2026","8726","8","11/14/2025","0.00","0.00","","","Y","","","N","","9/3/2026","52","0-1-10/09/2026-17:36:32-192.168.002.001","","","N","","","","","2158247.00","0.00","82340803.00","N","","","","0.00","0.00","","",""
"1190","171779","000104430000075","1","9/3/2026","8726","9","12/14/2025","0.00","0.00","","","Y","","","N","","9/3/2026","52","0-1-10/09/2026-17:36:32-192.168.002.001","","","N","","","","","2216340.00","0.00","84557143.00","N","","","","0.00","0.00","","",""
"1191","171780","000104430000075","1","9/3/2026","8727","10","1/14/2026","17499870.00","0.00","","","Y","","","N","","9/3/2026","52","0-1-10/09/2026-17:36:32-192.168.002.001","","","N","","","","","1804958.00","15694912.00","68862231.00","N","","","","0.00","0.00","","",""
"1192","171781","000104430000075","1","9/3/2026","9383","11","2/14/2026","18223660.00","0.00","","","Y","","","N","","9/3/2026","52","0-1-10/09/2026-17:36:32-192.168.002.001","","","N","","","","","780879.00","17442781.00","51419450.00","N","","","","0.00","0.00","","",""
"1193","171782","000104430000075","1","9/3/2026","9383","12","3/14/2026","0.00","0.00","","","Y","","","N","","9/3/2026","52","0-1-10/09/2026-17:36:32-192.168.002.001","","","N","","","","","1358330.00","0.00","52777780.00","N","","","","0.00","0.00","","",""
"1194","171783","000104430000075","1","9/3/2026","9383","13","4/14/2026","0.00","0.00","","","Y","","","N","","9/3/2026","52","0-1-10/09/2026-17:36:32-192.168.002.001","","","N","","","","","1293056.00","0.00","54070836.00","N","","","","0.00","0.00","","",""
"1195","171784","000104430000075","1","9/3/2026","9417","14","5/14/2026","22913264.00","0.00","","","Y","","","N","","9/3/2026","52","0-1-10/09/2026-17:36:32-192.168.002.001","","","N","","","","","533005.00","22380259.00","31690577.00","N","","","","0.00","0.00","","",""
"1196","171785","000104430000075","1","9/3/2026","9417","15","6/14/2026","0.00","0.00","","","Y","","","N","","9/3/2026","52","0-1-10/09/2026-17:36:32-192.168.002.001","","","N","","","","","728883.00","0.00","32419460.00","N","","","","0.00","0.00","","",""
"1197","171786","000104430000075","1","9/3/2026","9417","16","7/14/2026","0.00","0.00","","","Y","","","N","","9/3/2026","52","0-1-10/09/2026-17:36:32-192.168.002.001","","","N","","","","","740244.00","0.00","33159704.00","N","","","","0.00","0.00","","",""
"1198","171787","000104430000075","1","9/3/2026","9470","17","8/14/2026","21753262.00","0.00","","","Y","","","N","","9/3/2026","52","0-1-10/09/2026-17:36:32-192.168.002.001","","","N","","","","","327236.00","21426026.00","11733678.00","N","","","","0.00","0.00","","",""
"1199","171788","000104430000075","1","9/3/2026","9470","18","9/14/2026","0.00","0.00","","","Y","","","N","","9/3/2026","52","0-1-10/09/2026-17:36:32-192.168.002.001","","","N","","","","","271830.00","0.00","12005508.00","N","","","","0.00","0.00","","",""
"1200","171789","000104430000075","1","9/3/2026","9470","19","10/14/2026","0.00","0.00","","","Y","","","N","","9/3/2026","52","0-1-10/09/2026-17:36:32-192.168.002.001","","","N","","","","","282129.00","0.00","12287637.00","N","","","","0.00","0.00","","",""
"1201","171790","000104430000075","1","9/3/2026","9526","20","11/14/2026","11345955.00","0.00","","","Y","","","N","","9/3/2026","52","0-1-10/09/2026-17:36:32-192.168.002.001","","","N","","","","","22130.00","11323825.00","963812.00","N","","","","0.00","0.00","","",""
"1202","171791","000104430000075","1","9/3/2026","9526","21","12/14/2026","0.00","0.00","","","Y","","","N","","9/3/2026","52","0-1-10/09/2026-17:36:32-192.168.002.001","","","N","","","","","22650.00","0.00","986462.00","N","","","","0.00","0.00","","",""
"1203","171792","000104430000075","1","9/3/2026","9526","22","1/14/2027","0.00","0.00","","","Y","","","N","","9/3/2026","52","0-1-10/09/2026-17:36:32-192.168.002.001","","","N","","","","","23182.00","0.00","1009644.00","N","","","","0.00","0.00","","",""
"1204","171793","000104430000075","1","9/3/2026","9526","23","2/14/2027","1009644.00","0.00","","","Y","","","N","","9/3/2026","52","0-1-10/09/2026-17:36:32-192.168.002.001","","","N","","","","","0.00","1009644.00","0.00","N","","","","0.00","0.00","","",""
"1205","167532","000104430000076","1","4/20/2026","","1","4/17/2025","0.00","0.00","","","Y","","","N","","4/20/2026","51","0-1-23/04/2026-09:51:19-192.168.002.001","","","N","","","","","4137500.00","0.00","154137500.00","N","","","","0.00","0.00","","",""
"1206","167533","000104430000076","1","4/20/2026","","2","5/17/2025","0.00","0.00","","","Y","","","N","","4/20/2026","51","0-1-23/04/2026-09:51:19-192.168.002.001","","","N","","","","","4251626.00","0.00","158389126.00","N","","","","0.00","0.00","","",""
"1207","167534","000104430000076","1","4/20/2026","","3","6/17/2025","0.00","0.00","","","Y","","","N","","4/20/2026","51","0-1-23/04/2026-09:51:19-192.168.002.001","","","N","","","","","4382099.00","0.00","162771225.00","N","","","","0.00","0.00","","",""
"1208","167535","000104430000076","1","4/20/2026","","4","7/17/2025","0.00","0.00","","","Y","","","N","","4/20/2026","51","0-1-23/04/2026-09:51:19-192.168.002.001","","","N","","","","","4489773.00","0.00","167260998.00","N","","","","0.00","0.00","","",""
"1209","167536","000104430000076","1","4/20/2026","","5","8/17/2025","0.00","0.00","","","Y","","","N","","4/20/2026","51","0-1-23/04/2026-09:51:19-192.168.002.001","","","N","","","","","4641493.00","0.00","171902491.00","N","","","","0.00","0.00","","",""
"1210","167537","000104430000076","1","4/20/2026","","6","9/17/2025","0.00","0.00","","","Y","","","N","","4/20/2026","51","0-1-23/04/2026-09:51:19-192.168.002.001","","","N","","","","","4770294.00","0.00","176672785.00","N","","","","0.00","0.00","","",""
"1211","167538","000104430000076","1","4/20/2026","9305","7","10/17/2025","33265850.00","0.00","","","Y","","","N","","4/20/2026","51","0-1-23/04/2026-09:51:19-192.168.002.001","","","N","","","","","2586683.00","30679167.00","145993618.00","N","","","","0.00","0.00","","",""
"1212","167539","000104430000076","1","4/20/2026","9305","8","11/17/2025","0.00","0.00","","","Y","","","N","","4/20/2026","51","0-1-23/04/2026-09:51:19-192.168.002.001","","","N","","","","","4051323.00","0.00","150044941.00","N","","","","0.00","0.00","","",""
"1213","167540","000104430000076","1","4/20/2026","9305","9","12/17/2025","0.00","0.00","","","Y","","","N","","4/20/2026","51","0-1-23/04/2026-09:51:19-192.168.002.001","","","N","","","","","4163747.00","0.00","154208688.00","N","","","","0.00","0.00","","",""
"1214","167541","000104430000076","1","4/20/2026","9305","10","1/17/2026","0.00","0.00","","","Y","","","N","","4/20/2026","51","0-1-23/04/2026-09:51:19-192.168.002.001","","","N","","","","","4279291.00","0.00","158487979.00","N","","","","0.00","0.00","","",""
"1215","167542","000104430000076","1","4/20/2026","9305","11","2/17/2026","0.00","0.00","","","Y","","","N","","4/20/2026","51","0-1-23/04/2026-09:51:19-192.168.002.001","","","N","","","","","4398041.00","0.00","162886020.00","N","","","","0.00","0.00","","",""
"1216","167543","000104430000076","1","4/20/2026","9305","12","3/17/2026","0.00","0.00","","","Y","","","N","","4/20/2026","51","0-1-23/04/2026-09:51:19-192.168.002.001","","","N","","","","","4438644.00","0.00","167324664.00","N","","","","0.00","0.00","","",""
"1217","167544","000104430000076","1","4/20/2026","9306","13","4/17/2026","39386515.00","0.00","","","Y","","","N","","4/20/2026","51","0-1-23/04/2026-09:51:19-192.168.002.001","","","N","","","","","3241100.00","36145415.00","131179249.00","N","","","","0.00","0.00","","",""
"1218","167545","000104430000076","1","4/20/2026","9306","14","5/17/2026","0.00","0.00","","","Y","","","N","","4/20/2026","51","0-1-23/04/2026-09:51:19-192.168.002.001","","","N","","","","","3148302.00","0.00","134327551.00","N","","","","0.00","0.00","","",""
"1219","167546","000104430000076","1","4/20/2026","9306","15","6/17/2026","0.00","0.00","","","Y","","","N","","4/20/2026","51","0-1-23/04/2026-09:51:19-192.168.002.001","","","N","","","","","3223861.00","0.00","137551412.00","N","","","","0.00","0.00","","",""
"1220","167547","000104430000076","1","4/20/2026","9306","16","7/17/2026","0.00","0.00","","","Y","","","N","","4/20/2026","51","0-1-23/04/2026-09:51:19-192.168.002.001","","","N","","","","","3301234.00","0.00","140852646.00","N","","","","0.00","0.00","","",""
"1221","167548","000104430000076","1","4/20/2026","9306","17","8/17/2026","0.00","0.00","","","Y","","","N","","4/20/2026","51","0-1-23/04/2026-09:51:19-192.168.002.001","","","N","","","","","3380464.00","0.00","144233110.00","N","","","","0.00","0.00","","",""
"1222","167549","000104430000076","1","4/20/2026","9306","18","9/17/2026","0.00","0.00","","","Y","","","N","","4/20/2026","51","0-1-23/04/2026-09:51:19-192.168.002.001","","","N","","","","","3461595.00","0.00","147694705.00","N","","","","0.00","0.00","","",""
"1223","167550","000104430000076","1","4/20/2026","9440","19","10/17/2026","32423199.00","0.00","","","Y","","","N","","4/20/2026","51","0-1-23/04/2026-09:51:19-192.168.002.001","","","N","","","","","2766516.00","29656683.00","118038022.00","Y","354963","2766516.00","","0.00","0.00","","",""
"1224","167551","000104430000076","1","4/20/2026","9440","20","11/17/2026","0.00","0.00","","","Y","","","N","","4/20/2026","51","0-1-23/04/2026-09:51:19-192.168.002.001","","","N","","","","","2832913.00","0.00","120870935.00","Y","369097","2832913.00","","0.00","0.00","","",""
"1225","167552","000104430000076","1","4/20/2026","9440","21","12/17/2026","0.00","0.00","","","Y","","","N","","4/20/2026","51","0-1-23/04/2026-09:51:19-192.168.002.001","","","N","","","","","2900902.00","0.00","123771837.00","Y","369097","2900902.00","","0.00","0.00","","",""
"1226","167553","000104430000076","1","4/20/2026","9440","22","1/17/2027","0.00","0.00","","","Y","","","N","","4/20/2026","51","0-1-23/04/2026-09:51:19-192.168.002.001","","","N","","","","","2970524.00","0.00","126742361.00","Y","383236","2970524.00","","0.00","0.00","","",""
"1227","167554","000104430000076","1","4/20/2026","9440","23","2/17/2027","0.00","0.00","","","Y","","","N","","4/20/2026","51","0-1-23/04/2026-09:51:19-192.168.002.001","","","N","","","","","3041817.00","0.00","129784178.00","Y","397389","3041817.00","","0.00","0.00","","",""
"1228","167555","000104430000076","1","4/20/2026","9440","24","3/17/2027","0.00","0.00","","","Y","","","N","","4/20/2026","51","0-1-23/04/2026-09:51:19-192.168.002.001","","","N","","","","","3114820.00","0.00","132898998.00","Y","397389","3114820.00","","0.00","0.00","","",""
"1229","167556","000104430000076","1","4/20/2026","9440","25","4/17/2027","32423199.00","0.00","","","Y","","","N","","4/20/2026","51","0-1-23/04/2026-09:51:19-192.168.002.001","","","N","","","","","2411419.00","30011780.00","102887218.00","Y","411637","2411419.00","","0.00","0.00","","",""
"1230","167557","000104430000076","1","4/20/2026","9440","26","5/17/2027","0.00","0.00","","","Y","","","N","","4/20/2026","51","0-1-23/04/2026-09:51:19-192.168.002.001","","","N","","","","","2469293.00","0.00","105356511.00","Y","411637","2469293.00","","0.00","0.00","","",""
"1231","167558","000104430000076","1","4/20/2026","9440","27","6/17/2027","0.00","0.00","","","Y","","","N","","4/20/2026","51","0-1-23/04/2026-09:51:19-192.168.002.001","","","N","","","","","2528556.00","0.00","107885067.00","Y","411637","2026792.88","","0.00","0.00","","",""
"1232","167559","000104430000076","1","4/20/2026","9440","28","7/17/2027","0.00","0.00","","","Y","","","N","","4/20/2026","51","0-1-23/04/2026-09:51:19-192.168.002.001","","","N","","","","","2589242.00","0.00","110474309.00","N","","","","0.00","0.00","","",""
"1233","167560","000104430000076","1","4/20/2026","9440","29","8/17/2027","0.00","0.00","","","Y","","","N","","4/20/2026","51","0-1-23/04/2026-09:51:19-192.168.002.001","","","N","","","","","2651383.00","0.00","113125692.00","N","","","","0.00","0.00","","",""
"1234","167561","000104430000076","1","4/20/2026","9440","30","9/17/2027","0.00","0.00","","","Y","","","N","","4/20/2026","51","0-1-23/04/2026-09:51:19-192.168.002.001","","","N","","","","","2715017.00","0.00","115840709.00","N","","","","0.00","0.00","","",""
"1235","167562","000104430000076","1","4/20/2026","9440","31","10/17/2027","32423199.00","0.00","","","Y","","","N","","4/20/2026","51","0-1-23/04/2026-09:51:19-192.168.002.001","","","N","","","","","2002020.00","30421179.00","85419530.00","N","","","","0.00","0.00","","",""
"1236","167563","000104430000076","1","4/20/2026","9440","32","11/17/2027","0.00","0.00","","","Y","","","N","","4/20/2026","51","0-1-23/04/2026-09:51:19-192.168.002.001","","","N","","","","","2050069.00","0.00","87469599.00","N","","","","0.00","0.00","","",""
"1237","167564","000104430000076","1","4/20/2026","9440","33","12/17/2027","0.00","0.00","","","Y","","","N","","4/20/2026","51","0-1-23/04/2026-09:51:19-192.168.002.001","","","N","","","","","2099270.00","0.00","89568869.00","N","","","","0.00","0.00","","",""
"1238","167565","000104430000076","1","4/20/2026","9440","34","1/17/2028","0.00","0.00","","","Y","","","N","","4/20/2026","51","0-1-23/04/2026-09:51:19-192.168.002.001","","","N","","","","","2149653.00","0.00","91718522.00","N","","","","0.00","0.00","","",""
"1239","167566","000104430000076","1","4/20/2026","9440","35","2/17/2028","0.00","0.00","","","Y","","","N","","4/20/2026","51","0-1-23/04/2026-09:51:19-192.168.002.001","","","N","","","","","2201245.00","0.00","93919767.00","N","","","","0.00","0.00","","",""
"1240","167567","000104430000076","1","4/20/2026","9440","36","3/17/2028","0.00","0.00","","","Y","","","N","","4/20/2026","51","0-1-23/04/2026-09:51:19-192.168.002.001","","","N","","","","","2254074.00","0.00","96173841.00","N","","","","0.00","0.00","","",""
"1241","167568","000104430000076","1","4/20/2026","9440","37","4/17/2028","32423199.00","0.00","","","Y","","","N","","4/20/2026","51","0-1-23/04/2026-09:51:19-192.168.002.001","","","N","","","","","1530015.00","30893184.00","65280657.00","N","","","","0.00","0.00","","",""
"1242","167569","000104430000076","1","4/20/2026","9440","38","5/17/2028","0.00","0.00","","","Y","","","N","","4/20/2026","51","0-1-23/04/2026-09:51:19-192.168.002.001","","","N","","","","","1566736.00","0.00","66847393.00","N","","","","0.00","0.00","","",""
"1243","167570","000104430000076","1","4/20/2026","9440","39","6/17/2028","0.00","0.00","","","Y","","","N","","4/20/2026","51","0-1-23/04/2026-09:51:19-192.168.002.001","","","N","","","","","1604337.00","0.00","68451730.00","N","","","","0.00","0.00","","",""
"1244","167571","000104430000076","1","4/20/2026","9440","40","7/17/2028","0.00","0.00","","","Y","","","N","","4/20/2026","51","0-1-23/04/2026-09:51:19-192.168.002.001","","","N","","","","","1642842.00","0.00","70094572.00","N","","","","0.00","0.00","","",""
"1245","167572","000104430000076","1","4/20/2026","9440","41","8/17/2028","0.00","0.00","","","Y","","","N","","4/20/2026","51","0-1-23/04/2026-09:51:19-192.168.002.001","","","N","","","","","1682270.00","0.00","71776842.00","N","","","","0.00","0.00","","",""
"1246","167573","000104430000076","1","4/20/2026","9440","42","9/17/2028","0.00","0.00","","","Y","","","N","","4/20/2026","51","0-1-23/04/2026-09:51:19-192.168.002.001","","","N","","","","","1722644.00","0.00","73499486.00","N","","","","0.00","0.00","","",""
"1247","167574","000104430000076","1","4/20/2026","9440","43","10/17/2028","32423199.00","0.00","","","Y","","","N","","4/20/2026","51","0-1-23/04/2026-09:51:19-192.168.002.001","","","N","","","","","985831.00","31437368.00","42062118.00","N","","","","0.00","0.00","","",""
"1248","167575","000104430000076","1","4/20/2026","9440","44","11/17/2028","0.00","0.00","","","Y","","","N","","4/20/2026","51","0-1-23/04/2026-09:51:19-192.168.002.001","","","N","","","","","1009491.00","0.00","43071609.00","N","","","","0.00","0.00","","",""
"1249","167576","000104430000076","1","4/20/2026","9440","45","12/17/2028","0.00","0.00","","","Y","","","N","","4/20/2026","51","0-1-23/04/2026-09:51:19-192.168.002.001","","","N","","","","","1033719.00","0.00","44105328.00","N","","","","0.00","0.00","","",""
"1250","167577","000104430000076","1","4/20/2026","9440","46","1/17/2029","0.00","0.00","","","Y","","","N","","4/20/2026","51","0-1-23/04/2026-09:51:19-192.168.002.001","","","N","","","","","1058528.00","0.00","45163856.00","N","","","","0.00","0.00","","",""
"1251","167578","000104430000076","1","4/20/2026","9440","47","2/17/2029","0.00","0.00","","","Y","","","N","","4/20/2026","51","0-1-23/04/2026-09:51:19-192.168.002.001","","","N","","","","","1083933.00","0.00","46247789.00","N","","","","0.00","0.00","","",""
"1252","167579","000104430000076","1","4/20/2026","9440","48","3/17/2029","0.00","0.00","","","Y","","","N","","4/20/2026","51","0-1-23/04/2026-09:51:19-192.168.002.001","","","N","","","","","1109947.00","0.00","47357736.00","N","","","","0.00","0.00","","",""
"1253","167580","000104430000076","1","4/20/2026","9440","49","4/17/2029","32423199.00","0.00","","","Y","","","N","","4/20/2026","51","0-1-23/04/2026-09:51:19-192.168.002.001","","","N","","","","","358429.00","32064770.00","15292966.00","N","","","","0.00","0.00","","",""
"1254","167581","000104430000076","1","4/20/2026","9440","50","5/17/2029","0.00","0.00","","","Y","","","N","","4/20/2026","51","0-1-23/04/2026-09:51:19-192.168.002.001","","","N","","","","","367031.00","0.00","15659997.00","N","","","","0.00","0.00","","",""
"1255","167582","000104430000076","1","4/20/2026","9440","51","6/17/2029","0.00","0.00","","","Y","","","N","","4/20/2026","51","0-1-23/04/2026-09:51:19-192.168.002.001","","","N","","","","","375840.00","0.00","16035837.00","N","","","","0.00","0.00","","",""
"1256","167583","000104430000076","1","4/20/2026","9440","52","7/17/2029","0.00","0.00","","","Y","","","N","","4/20/2026","51","0-1-23/04/2026-09:51:19-192.168.002.001","","","N","","","","","384860.00","0.00","16420697.00","N","","","","0.00","0.00","","",""
"1257","167584","000104430000076","1","4/20/2026","9440","53","8/17/2029","0.00","0.00","","","Y","","","N","","4/20/2026","51","0-1-23/04/2026-09:51:19-192.168.002.001","","","N","","","","","394097.00","0.00","16814794.00","N","","","","0.00","0.00","","",""
"1258","167585","000104430000076","1","4/20/2026","9440","54","9/17/2029","0.00","0.00","","","Y","","","N","","4/20/2026","51","0-1-23/04/2026-09:51:19-192.168.002.001","","","N","","","","","403555.00","0.00","17218349.00","N","","","","0.00","0.00","","",""
"1259","167586","000104430000076","1","4/20/2026","9440","55","10/17/2029","17218349.00","0.00","","","Y","","","N","","4/20/2026","51","0-1-23/04/2026-09:51:19-192.168.002.001","","","N","","","","","0.00","17218349.00","0.00","N","","","","0.00","0.00","","",""
"1260","169860","000104430000077","1","7/3/2026","","1","6/5/2025","0.00","0.00","","","Y","","","N","","7/3/2026","52","0-1-09/07/2026-10:33:22-192.168.002.001","","","N","","","","","4026667.00","0.00","164026667.00","N","","","","0.00","0.00","","",""
"1261","169861","000104430000077","1","7/3/2026","","2","7/5/2025","0.00","0.00","","","Y","","","N","","7/3/2026","52","0-1-09/07/2026-10:33:22-192.168.002.001","","","N","","","","","4114336.00","0.00","168141003.00","N","","","","0.00","0.00","","",""
"1262","169862","000104430000077","1","7/3/2026","","3","8/5/2025","0.00","0.00","","","Y","","","N","","7/3/2026","52","0-1-09/07/2026-10:33:22-192.168.002.001","","","N","","","","","4245560.00","0.00","172386563.00","N","","","","0.00","0.00","","",""
"1263","169863","000104430000077","1","7/3/2026","","4","9/5/2025","0.00","0.00","","","Y","","","N","","7/3/2026","52","0-1-09/07/2026-10:33:22-192.168.002.001","","","N","","","","","4352761.00","0.00","176739324.00","N","","","","0.00","0.00","","",""
"1264","169864","000104430000077","1","7/3/2026","","5","10/5/2025","0.00","0.00","","","Y","","","N","","7/3/2026","52","0-1-09/07/2026-10:33:22-192.168.002.001","","","N","","","","","4477396.00","0.00","181216720.00","N","","","","0.00","0.00","","",""
"1265","169865","000104430000077","1","7/3/2026","","6","11/5/2025","0.00","0.00","","","Y","","","N","","7/3/2026","52","0-1-09/07/2026-10:33:22-192.168.002.001","","","N","","","","","4575722.00","0.00","185792442.00","N","","","","0.00","0.00","","",""
"1266","169866","000104430000077","1","7/3/2026","8790","7","12/5/2025","33275844.00","0.00","","","Y","","","N","","7/3/2026","52","0-1-09/07/2026-10:33:22-192.168.002.001","","","N","","","","","3851044.00","29424800.00","156367642.00","N","","","","0.00","0.00","","",""
"1267","169867","000104430000077","1","7/3/2026","8790","8","1/5/2026","0.00","0.00","","","Y","","","N","","7/3/2026","52","0-1-09/07/2026-10:33:22-192.168.002.001","","","N","","","","","3948283.00","0.00","160315925.00","N","","","","0.00","0.00","","",""
"1268","169868","000104430000077","1","7/3/2026","8790","9","2/5/2026","0.00","0.00","","","Y","","","N","","7/3/2026","52","0-1-09/07/2026-10:33:22-192.168.002.001","","","N","","","","","4047977.00","0.00","164363902.00","N","","","","0.00","0.00","","",""
"1269","169869","000104430000077","1","7/3/2026","8790","10","3/5/2026","0.00","0.00","","","Y","","","N","","7/3/2026","52","0-1-09/07/2026-10:33:22-192.168.002.001","","","N","","","","","4068007.00","0.00","168431909.00","N","","","","0.00","0.00","","",""
"1270","169870","000104430000077","1","7/3/2026","8790","11","4/5/2026","0.00","0.00","","","Y","","","N","","7/3/2026","52","0-1-09/07/2026-10:33:22-192.168.002.001","","","N","","","","","3845862.00","0.00","172277771.00","N","","","","0.00","0.00","","",""
"1271","169871","000104430000077","1","7/3/2026","8790","12","5/5/2026","0.00","0.00","","","Y","","","N","","7/3/2026","52","0-1-09/07/2026-10:33:22-192.168.002.001","","","N","","","","","3703972.00","0.00","175981743.00","N","","","","0.00","0.00","","",""
"1272","169872","000104430000077","1","7/3/2026","9379","13","6/5/2026","39620050.00","0.00","","","Y","","","N","","7/3/2026","52","0-1-09/07/2026-10:33:22-192.168.002.001","","","N","","","","","491785.00","39128265.00","136853478.00","N","","","","0.00","0.00","","",""
"1273","169873","000104430000077","1","7/3/2026","9379","14","7/5/2026","0.00","0.00","","","Y","","","N","","7/3/2026","52","0-1-09/07/2026-10:33:22-192.168.002.001","","","N","","","","","2896732.00","0.00","139750210.00","N","","","","0.00","0.00","","",""
"1274","169874","000104430000077","1","7/3/2026","9379","15","8/5/2026","0.00","0.00","","","Y","","","N","","7/3/2026","52","0-1-09/07/2026-10:33:22-192.168.002.001","","","N","","","","","2969692.00","0.00","142719902.00","N","","","","0.00","0.00","","",""
"1275","169875","000104430000077","1","7/3/2026","9379","16","9/5/2026","0.00","0.00","","","Y","","","N","","7/3/2026","52","0-1-09/07/2026-10:33:22-192.168.002.001","","","N","","","","","3032798.00","0.00","145752700.00","N","","","","0.00","0.00","","",""
"1276","169876","000104430000077","1","7/3/2026","9379","17","10/5/2026","0.00","0.00","","","Y","","","N","","7/3/2026","52","0-1-09/07/2026-10:33:22-192.168.002.001","","","N","","","","","3097245.00","0.00","148849945.00","N","","","","0.00","0.00","","",""
"1277","169877","000104430000077","1","7/3/2026","9379","18","11/5/2026","0.00","0.00","","","Y","","","N","","7/3/2026","52","0-1-09/07/2026-10:33:22-192.168.002.001","","","N","","","","","3163061.00","0.00","152013006.00","N","","","","0.00","0.00","","",""
"1278","169878","000104430000077","1","7/3/2026","9487","19","12/5/2026","32831595.00","0.00","","","Y","","","N","","7/3/2026","52","0-1-09/07/2026-10:33:22-192.168.002.001","","","N","","","","","2532605.00","30298990.00","121714016.00","Y","397397","2532605.00","","0.00","0.00","","",""
"1279","169879","000104430000077","1","7/3/2026","9487","20","1/5/2027","0.00","0.00","","","Y","","","N","","7/3/2026","52","0-1-09/07/2026-10:33:22-192.168.002.001","","","N","","","","","2586423.00","0.00","124300439.00","Y","411633","951000.10","","0.00","0.00","","",""
"1280","169880","000104430000077","1","7/3/2026","9487","21","2/5/2027","0.00","0.00","","","Y","","","N","","7/3/2026","52","0-1-09/07/2026-10:33:22-192.168.002.001","","","N","","","","","2641384.00","0.00","126941823.00","N","","","","0.00","0.00","","",""
"1281","169881","000104430000077","1","7/3/2026","9487","22","3/5/2027","0.00","0.00","","","Y","","","N","","7/3/2026","52","0-1-09/07/2026-10:33:22-192.168.002.001","","","N","","","","","2697514.00","0.00","129639337.00","N","","","","0.00","0.00","","",""
"1282","169882","000104430000077","1","7/3/2026","9487","23","4/5/2027","0.00","0.00","","","Y","","","N","","7/3/2026","52","0-1-09/07/2026-10:33:22-192.168.002.001","","","N","","","","","2754836.00","0.00","132394173.00","N","","","","0.00","0.00","","",""
"1283","169883","000104430000077","1","7/3/2026","9487","24","5/5/2027","0.00","0.00","","","Y","","","N","","7/3/2026","52","0-1-09/07/2026-10:33:22-192.168.002.001","","","N","","","","","2813376.00","0.00","135207549.00","N","","","","0.00","0.00","","",""
"1284","169884","000104430000077","1","7/3/2026","9487","25","6/5/2027","32831595.00","0.00","","","Y","","","N","","7/3/2026","52","0-1-09/07/2026-10:33:22-192.168.002.001","","","N","","","","","2175489.00","30656106.00","104551443.00","N","","","","0.00","0.00","","",""
"1285","169885","000104430000077","1","7/3/2026","9487","26","7/5/2027","0.00","0.00","","","Y","","","N","","7/3/2026","52","0-1-09/07/2026-10:33:22-192.168.002.001","","","N","","","","","2221718.00","0.00","106773161.00","N","","","","0.00","0.00","","",""
"1286","169886","000104430000077","1","7/3/2026","9487","27","8/5/2027","0.00","0.00","","","Y","","","N","","7/3/2026","52","0-1-09/07/2026-10:33:22-192.168.002.001","","","N","","","","","2268930.00","0.00","109042091.00","N","","","","0.00","0.00","","",""
"1287","169887","000104430000077","1","7/3/2026","9487","28","9/5/2027","0.00","0.00","","","Y","","","N","","7/3/2026","52","0-1-09/07/2026-10:33:22-192.168.002.001","","","N","","","","","2317144.00","0.00","111359235.00","N","","","","0.00","0.00","","",""
"1288","169888","000104430000077","1","7/3/2026","9487","29","10/5/2027","0.00","0.00","","","Y","","","N","","7/3/2026","52","0-1-09/07/2026-10:33:22-192.168.002.001","","","N","","","","","2366384.00","0.00","113725619.00","N","","","","0.00","0.00","","",""
"1289","169889","000104430000077","1","7/3/2026","9487","30","11/5/2027","0.00","0.00","","","Y","","","N","","7/3/2026","52","0-1-09/07/2026-10:33:22-192.168.002.001","","","N","","","","","2416669.00","0.00","116142288.00","N","","","","0.00","0.00","","",""
"1290","169890","000104430000077","1","7/3/2026","9487","31","12/5/2027","32831595.00","0.00","","","Y","","","N","","7/3/2026","52","0-1-09/07/2026-10:33:22-192.168.002.001","","","N","","","","","1770352.00","31061243.00","85081045.00","N","","","","0.00","0.00","","",""
"1291","169891","000104430000077","1","7/3/2026","9487","32","1/5/2028","0.00","0.00","","","Y","","","N","","7/3/2026","52","0-1-09/07/2026-10:33:22-192.168.002.001","","","N","","","","","1807972.00","0.00","86889017.00","N","","","","0.00","0.00","","",""
"1292","169892","000104430000077","1","7/3/2026","9487","33","2/5/2028","0.00","0.00","","","Y","","","N","","7/3/2026","52","0-1-09/07/2026-10:33:22-192.168.002.001","","","N","","","","","1846392.00","0.00","88735409.00","N","","","","0.00","0.00","","",""
"1293","169893","000104430000077","1","7/3/2026","9487","34","3/5/2028","0.00","0.00","","","Y","","","N","","7/3/2026","52","0-1-09/07/2026-10:33:22-192.168.002.001","","","N","","","","","1885627.00","0.00","90621036.00","N","","","","0.00","0.00","","",""
"1294","169894","000104430000077","1","7/3/2026","9487","35","4/5/2028","0.00","0.00","","","Y","","","N","","7/3/2026","52","0-1-09/07/2026-10:33:22-192.168.002.001","","","N","","","","","1925697.00","0.00","92546733.00","N","","","","0.00","0.00","","",""
"1295","169895","000104430000077","1","7/3/2026","9487","36","5/5/2028","0.00","0.00","","","Y","","","N","","7/3/2026","52","0-1-09/07/2026-10:33:22-192.168.002.001","","","N","","","","","1966618.00","0.00","94513351.00","N","","","","0.00","0.00","","",""
"1296","169896","000104430000077","1","7/3/2026","9487","37","6/5/2028","32831595.00","0.00","","","Y","","","N","","7/3/2026","52","0-1-09/07/2026-10:33:22-192.168.002.001","","","N","","","","","1310737.00","31520858.00","62992493.00","N","","","","0.00","0.00","","",""
"1297","169897","000104430000077","1","7/3/2026","9487","38","7/5/2028","0.00","0.00","","","Y","","","N","","7/3/2026","52","0-1-09/07/2026-10:33:22-192.168.002.001","","","N","","","","","1338590.00","0.00","64331083.00","N","","","","0.00","0.00","","",""
"1298","169898","000104430000077","1","7/3/2026","9487","39","8/5/2028","0.00","0.00","","","Y","","","N","","7/3/2026","52","0-1-09/07/2026-10:33:22-192.168.002.001","","","N","","","","","1367036.00","0.00","65698119.00","N","","","","0.00","0.00","","",""
"1299","169899","000104430000077","1","7/3/2026","9487","40","9/5/2028","0.00","0.00","","","Y","","","N","","7/3/2026","52","0-1-09/07/2026-10:33:22-192.168.002.001","","","N","","","","","1396085.00","0.00","67094204.00","N","","","","0.00","0.00","","",""
"1300","169900","000104430000077","1","7/3/2026","9487","41","10/5/2028","0.00","0.00","","","Y","","","N","","7/3/2026","52","0-1-09/07/2026-10:33:22-192.168.002.001","","","N","","","","","1425752.00","0.00","68519956.00","N","","","","0.00","0.00","","",""
"1301","169901","000104430000077","1","7/3/2026","9487","42","11/5/2028","0.00","0.00","","","Y","","","N","","7/3/2026","52","0-1-09/07/2026-10:33:22-192.168.002.001","","","N","","","","","1456049.00","0.00","69976005.00","N","","","","0.00","0.00","","",""
"1302","169902","000104430000077","1","7/3/2026","9487","43","12/5/2028","32831595.00","0.00","","","Y","","","N","","7/3/2026","52","0-1-09/07/2026-10:33:22-192.168.002.001","","","N","","","","","789319.00","32042276.00","37933729.00","N","","","","0.00","0.00","","",""
"1303","169903","000104430000077","1","7/3/2026","9487","44","1/5/2029","0.00","0.00","","","Y","","","N","","7/3/2026","52","0-1-09/07/2026-10:33:22-192.168.002.001","","","N","","","","","806092.00","0.00","38739821.00","N","","","","0.00","0.00","","",""
"1304","169904","000104430000077","1","7/3/2026","9487","45","2/5/2029","0.00","0.00","","","Y","","","N","","7/3/2026","52","0-1-09/07/2026-10:33:22-192.168.002.001","","","N","","","","","823221.00","0.00","39563042.00","N","","","","0.00","0.00","","",""
"1305","169905","000104430000077","1","7/3/2026","9487","46","3/5/2029","0.00","0.00","","","Y","","","N","","7/3/2026","52","0-1-09/07/2026-10:33:22-192.168.002.001","","","N","","","","","840715.00","0.00","40403757.00","N","","","","0.00","0.00","","",""
"1306","169906","000104430000077","1","7/3/2026","9487","47","4/5/2029","0.00","0.00","","","Y","","","N","","7/3/2026","52","0-1-09/07/2026-10:33:22-192.168.002.001","","","N","","","","","858580.00","0.00","41262337.00","N","","","","0.00","0.00","","",""
"1307","169907","000104430000077","1","7/3/2026","9487","48","5/5/2029","0.00","0.00","","","Y","","","N","","7/3/2026","52","0-1-09/07/2026-10:33:22-192.168.002.001","","","N","","","","","876825.00","0.00","42139162.00","N","","","","0.00","0.00","","",""
"1308","169908","000104430000077","1","7/3/2026","9487","49","6/5/2029","32831595.00","0.00","","","Y","","","N","","7/3/2026","52","0-1-09/07/2026-10:33:22-192.168.002.001","","","N","","","","","197786.00","32633809.00","9505353.00","N","","","","0.00","0.00","","",""
"1309","169909","000104430000077","1","7/3/2026","9487","50","7/5/2029","0.00","0.00","","","Y","","","N","","7/3/2026","52","0-1-09/07/2026-10:33:22-192.168.002.001","","","N","","","","","201989.00","0.00","9707342.00","N","","","","0.00","0.00","","",""
"1310","169910","000104430000077","1","7/3/2026","9487","51","8/5/2029","0.00","0.00","","","Y","","","N","","7/3/2026","52","0-1-09/07/2026-10:33:22-192.168.002.001","","","N","","","","","206281.00","0.00","9913623.00","N","","","","0.00","0.00","","",""
"1311","169911","000104430000077","1","7/3/2026","9487","52","9/5/2029","0.00","0.00","","","Y","","","N","","7/3/2026","52","0-1-09/07/2026-10:33:22-192.168.002.001","","","N","","","","","210664.00","0.00","10124287.00","N","","","","0.00","0.00","","",""
"1312","169912","000104430000077","1","7/3/2026","9487","53","10/5/2029","0.00","0.00","","","Y","","","N","","7/3/2026","52","0-1-09/07/2026-10:33:22-192.168.002.001","","","N","","","","","215141.00","0.00","10339428.00","N","","","","0.00","0.00","","",""
"1313","169913","000104430000077","1","7/3/2026","9487","54","11/5/2029","0.00","0.00","","","Y","","","N","","7/3/2026","52","0-1-09/07/2026-10:33:22-192.168.002.001","","","N","","","","","219713.00","0.00","10559141.00","N","","","","0.00","0.00","","",""
"1314","169914","000104430000077","1","7/3/2026","9487","55","12/5/2029","10559141.00","0.00","","","Y","","","N","","7/3/2026","52","0-1-09/07/2026-10:33:22-192.168.002.001","","","N","","","","","0.00","10559141.00","0.00","N","","","","0.00","0.00","","",""
"1315","168009","000104430000078","1","5/6/2026","","1","5/28/2025","0.00","0.00","","","Y","","","N","","5/6/2026","51","0-1-12/05/2026-08:41:33-192.168.002.001","","","N","","","","","1341667.00","0.00","51341667.00","N","","","","0.00","0.00","","",""
"1316","168010","000104430000078","1","5/6/2026","8775","2","6/28/2025","4926150.00","0.00","","","Y","","","N","","5/6/2026","51","0-1-12/05/2026-08:41:33-192.168.002.001","","","N","","","","","1221228.00","3704922.00","47636745.00","N","","","","0.00","0.00","","",""
"1317","168011","000104430000078","1","5/6/2026","8779","3","7/28/2025","5060924.00","0.00","","","Y","","","N","","5/6/2026","51","0-1-12/05/2026-08:41:33-192.168.002.001","","","N","","","","","1132449.00","3928475.00","43708270.00","N","","","","0.00","0.00","","",""
"1318","168012","000104430000078","1","5/6/2026","8779","4","8/28/2025","5060924.00","0.00","","","Y","","","N","","5/6/2026","51","0-1-12/05/2026-08:41:33-192.168.002.001","","","N","","","","","1040258.00","4020666.00","39687604.00","N","","","","0.00","0.00","","",""
"1319","168013","000104430000078","1","5/6/2026","8780","5","9/28/2025","5043642.00","0.00","","","Y","","","N","","5/6/2026","51","0-1-12/05/2026-08:41:33-192.168.002.001","","","N","","","","","948262.00","4095380.00","35592224.00","N","","","","0.00","0.00","","",""
"1320","168014","000104430000078","1","5/6/2026","8781","6","10/28/2025","5006374.00","0.00","","","Y","","","N","","5/6/2026","51","0-1-12/05/2026-08:41:33-192.168.002.001","","","N","","","","","853043.00","4153331.00","31438893.00","N","","","","0.00","0.00","","",""
"1321","168015","000104430000078","1","5/6/2026","8782","7","11/28/2025","4987668.00","0.00","","","Y","","","N","","5/6/2026","51","0-1-12/05/2026-08:41:33-192.168.002.001","","","N","","","","","751174.00","4236494.00","27202399.00","N","","","","0.00","0.00","","",""
"1322","168016","000104430000078","1","5/6/2026","8782","8","12/28/2025","4987668.00","0.00","","","Y","","","N","","5/6/2026","51","0-1-12/05/2026-08:41:33-192.168.002.001","","","N","","","","","597947.00","4389721.00","22812678.00","N","","","","0.00","0.00","","",""
"1323","168017","000104430000078","1","5/6/2026","8782","9","1/28/2026","4987668.00","0.00","","","Y","","","N","","5/6/2026","51","0-1-12/05/2026-08:41:33-192.168.002.001","","","N","","","","","479790.00","4507878.00","18304800.00","N","","","","0.00","0.00","","",""
"1324","168018","000104430000078","1","5/6/2026","9391","10","2/28/2026","6426769.00","0.00","","","Y","","","N","","5/6/2026","51","0-1-12/05/2026-08:41:33-192.168.002.001","","","N","","","","","430138.00","5996631.00","12308169.00","N","","","","0.00","0.00","","",""
"1325","168019","000104430000078","1","5/6/2026","9423","11","3/28/2026","6381159.00","0.00","","","Y","","","N","","5/6/2026","51","0-1-12/05/2026-08:41:33-192.168.002.001","","","N","","","","","273882.00","6107277.00","6200892.00","N","","","","0.00","0.00","","",""
"1326","168020","000104430000078","1","5/6/2026","9443","12","4/28/2026","6333574.00","0.00","","","Y","","","N","","5/6/2026","51","0-1-12/05/2026-08:41:33-192.168.002.001","","","N","","","","","132682.00","6200892.00","0.00","N","","","","0.00","0.00","","",""
"1327","171817","000104430000079","1","9/3/2026","","1","5/22/2025","0.00","0.00","","","Y","","","N","","9/3/2026","52","0-1-10/09/2026-17:36:32-192.168.002.001","","","N","","","","","2675000.00","0.00","102675000.00","N","","","","0.00","0.00","","",""
"1328","171818","000104430000079","1","9/3/2026","","2","6/22/2025","0.00","0.00","","","Y","","","N","","9/3/2026","52","0-1-10/09/2026-17:36:32-192.168.002.001","","","N","","","","","2755113.00","0.00","105430113.00","N","","","","0.00","0.00","","",""
"1329","171819","000104430000079","1","9/3/2026","","3","7/22/2025","0.00","0.00","","","Y","","","N","","9/3/2026","52","0-1-10/09/2026-17:36:32-192.168.002.001","","","N","","","","","2820256.00","0.00","108250369.00","N","","","","0.00","0.00","","",""
"1330","171820","000104430000079","1","9/3/2026","8760","4","8/22/2025","17596312.00","0.00","","","Y","","","N","","9/3/2026","52","0-1-10/09/2026-17:36:32-192.168.002.001","","","N","","","","","2440105.00","15156207.00","93094162.00","N","","","","0.00","0.00","","",""
"1331","171821","000104430000079","1","9/3/2026","8760","5","9/22/2025","0.00","0.00","","","Y","","","N","","9/3/2026","52","0-1-10/09/2026-17:36:32-192.168.002.001","","","N","","","","","2505785.00","0.00","95599947.00","N","","","","0.00","0.00","","",""
"1332","171822","000104430000079","1","9/3/2026","8760","6","10/22/2025","0.00","0.00","","","Y","","","N","","9/3/2026","52","0-1-10/09/2026-17:36:32-192.168.002.001","","","N","","","","","2581199.00","0.00","98181146.00","N","","","","0.00","0.00","","",""
"1333","171823","000104430000079","1","9/3/2026","8763","7","11/22/2025","18061194.00","0.00","","","Y","","","N","","9/3/2026","52","0-1-10/09/2026-17:36:32-192.168.002.001","","","N","","","","","1824555.00","16236639.00","81944507.00","N","","","","0.00","0.00","","",""
"1334","171824","000104430000079","1","9/3/2026","8763","8","12/22/2025","0.00","0.00","","","Y","","","N","","9/3/2026","52","0-1-10/09/2026-17:36:32-192.168.002.001","","","N","","","","","2205673.00","0.00","84150180.00","N","","","","0.00","0.00","","",""
"1335","171825","000104430000079","1","9/3/2026","8763","9","1/22/2026","0.00","0.00","","","Y","","","N","","9/3/2026","52","0-1-10/09/2026-17:36:32-192.168.002.001","","","N","","","","","2265042.00","0.00","86415222.00","N","","","","0.00","0.00","","",""
"1336","171826","000104430000079","1","9/3/2026","9387","10","2/22/2026","21600485.00","0.00","","","Y","","","N","","9/3/2026","52","0-1-10/09/2026-17:36:32-192.168.002.001","","","N","","","","","1580333.00","20020152.00","66395070.00","N","","","","0.00","0.00","","",""
"1337","171827","000104430000079","1","9/3/2026","9387","11","3/22/2026","0.00","0.00","","","Y","","","N","","9/3/2026","52","0-1-10/09/2026-17:36:32-192.168.002.001","","","N","","","","","1753936.00","0.00","68149006.00","N","","","","0.00","0.00","","",""
"1338","171828","000104430000079","1","9/3/2026","9387","12","4/22/2026","0.00","0.00","","","Y","","","N","","9/3/2026","52","0-1-10/09/2026-17:36:32-192.168.002.001","","","N","","","","","1669651.00","0.00","69818657.00","N","","","","0.00","0.00","","",""
"1339","171829","000104430000079","1","9/3/2026","9419","13","5/22/2026","26584003.00","0.00","","","Y","","","N","","9/3/2026","52","0-1-10/09/2026-17:36:32-192.168.002.001","","","N","","","","","1110595.00","25473408.00","44345249.00","N","","","","0.00","0.00","","",""
"1340","171830","000104430000079","1","9/3/2026","9419","14","6/22/2026","0.00","0.00","","","Y","","","N","","9/3/2026","52","0-1-10/09/2026-17:36:32-192.168.002.001","","","N","","","","","1019941.00","0.00","45365190.00","N","","","","0.00","0.00","","",""
"1341","171831","000104430000079","1","9/3/2026","9419","15","7/22/2026","0.00","0.00","","","Y","","","N","","9/3/2026","52","0-1-10/09/2026-17:36:32-192.168.002.001","","","N","","","","","1035839.00","0.00","46401029.00","N","","","","0.00","0.00","","",""
"1342","171832","000104430000079","1","9/3/2026","9472","16","8/22/2026","25646243.00","0.00","","","Y","","","N","","9/3/2026","52","0-1-10/09/2026-17:36:32-192.168.002.001","","","N","","","","","740637.00","24905606.00","21495423.00","N","","","","0.00","0.00","","",""
"1343","171833","000104430000079","1","9/3/2026","9472","17","9/22/2026","0.00","0.00","","","Y","","","N","","9/3/2026","52","0-1-10/09/2026-17:36:32-192.168.002.001","","","N","","","","","497977.00","0.00","21993400.00","N","","","","0.00","0.00","","",""
"1344","171834","000104430000079","1","9/3/2026","9472","18","10/22/2026","0.00","0.00","","","Y","","","N","","9/3/2026","52","0-1-10/09/2026-17:36:32-192.168.002.001","","","N","","","","","516845.00","0.00","22510245.00","N","","","","0.00","0.00","","",""
"1345","171835","000104430000079","1","9/3/2026","9528","19","11/22/2026","15238598.00","0.00","","","Y","","","N","","9/3/2026","52","0-1-10/09/2026-17:36:32-192.168.002.001","","","N","","","","","170884.00","15067714.00","7442531.00","N","","","","0.00","0.00","","",""
"1346","171836","000104430000079","1","9/3/2026","9528","20","12/22/2026","0.00","0.00","","","Y","","","N","","9/3/2026","52","0-1-10/09/2026-17:36:32-192.168.002.001","","","N","","","","","174899.00","0.00","7617430.00","N","","","","0.00","0.00","","",""
"1347","171837","000104430000079","1","9/3/2026","9528","21","1/22/2027","0.00","0.00","","","Y","","","N","","9/3/2026","52","0-1-10/09/2026-17:36:32-192.168.002.001","","","N","","","","","179010.00","0.00","7796440.00","N","","","","0.00","0.00","","",""
"1348","171838","000104430000079","1","9/3/2026","9528","22","2/22/2027","7796440.00","0.00","","","Y","","","N","","9/3/2026","52","0-1-10/09/2026-17:36:32-192.168.002.001","","","N","","","","","0.00","7796440.00","0.00","N","","","","0.00","0.00","","",""
"1349","130738","000104430000080","1","11/1/2025","","1","5/27/2025","0.00","0.00","","","Y","","","N","","11/1/2025","55555","","","","N","","","","","1379167.00","0.00","51379167.00","N","","","","0.00","0.00","","",""
"1350","130739","000104430000080","1","11/1/2025","","2","6/27/2025","0.00","0.00","","","Y","","","N","","11/1/2025","55555","","","","N","","","","","1417209.00","0.00","52796376.00","N","","","","0.00","0.00","","",""
"1351","130740","000104430000080","1","11/1/2025","","3","7/27/2025","0.00","0.00","","","Y","","","N","","11/1/2025","55555","","","","N","","","","","1451900.00","0.00","54248276.00","N","","","","0.00","0.00","","",""
"1352","130741","000104430000080","1","11/1/2025","","4","8/27/2025","0.00","0.00","","","Y","","","N","","11/1/2025","55555","","","","N","","","","","1500869.00","0.00","55749145.00","N","","","","0.00","0.00","","",""
"1353","130742","000104430000080","1","11/1/2025","","5","9/27/2025","0.00","0.00","","","Y","","","N","","11/1/2025","55555","","","","N","","","","","1542393.00","0.00","57291538.00","N","","","","0.00","0.00","","",""
"1354","130743","000104430000080","1","11/1/2025","","6","10/27/2025","0.00","0.00","","","Y","","","N","","11/1/2025","55555","","","","N","","","","","1589840.00","0.00","58881378.00","N","","","","0.00","0.00","","",""
"1355","130744","000104430000080","1","11/1/2025","8773","7","11/27/2025","18511590.00","0.00","","","Y","","","N","","11/1/2025","55555","","","","N","","","","","1392504.00","17119086.00","41762292.00","N","","","","0.00","0.00","","",""
"1356","130745","000104430000080","1","11/1/2025","8773","8","12/27/2025","0.00","0.00","","","Y","","","N","","11/1/2025","55555","","","","N","","","","","1155423.00","0.00","42917715.00","N","","","","0.00","0.00","","",""
"1357","130746","000104430000080","1","11/1/2025","8773","9","1/27/2026","0.00","0.00","","","Y","","","N","","11/1/2025","55555","","","","N","","","","","1187390.00","0.00","44105105.00","N","","","","0.00","0.00","","",""
"1358","130747","000104430000080","1","11/1/2025","8773","10","2/27/2026","0.00","0.00","","","Y","","","N","","11/1/2025","55555","","","","N","","","","","1220241.00","0.00","45325346.00","N","","","","0.00","0.00","","",""
"1359","130748","000104430000080","1","11/1/2025","8773","11","3/27/2026","0.00","0.00","","","Y","","","N","","11/1/2025","55555","","","","N","","","","","1254001.00","0.00","46579347.00","N","","","","0.00","0.00","","",""
"1360","130749","000104430000080","1","11/1/2025","8773","12","4/27/2026","0.00","0.00","","","Y","","","N","","11/1/2025","55555","","","","N","","","","","1288695.00","0.00","47868042.00","N","","","","0.00","0.00","","",""
"1361","130750","000104430000080","1","11/1/2025","8773","13","5/27/2026","18511590.00","0.00","","","Y","","","N","","11/1/2025","55555","","","","N","","","","","812195.00","17699395.00","30168647.00","N","","","","0.00","0.00","","",""
"1362","130751","000104430000080","1","11/1/2025","8773","14","6/27/2026","0.00","0.00","","","Y","","","N","","11/1/2025","55555","","","","N","","","","","834666.00","0.00","31003313.00","N","","","","0.00","0.00","","",""
"1363","130752","000104430000080","1","11/1/2025","8773","15","7/27/2026","0.00","0.00","","","Y","","","N","","11/1/2025","55555","","","","N","","","","","857758.00","0.00","31861071.00","N","","","","0.00","0.00","","",""
"1364","130753","000104430000080","1","11/1/2025","8773","16","8/27/2026","0.00","0.00","","","Y","","","N","","11/1/2025","55555","","","","N","","","","","881490.00","0.00","32742561.00","N","","","","0.00","0.00","","",""
"1365","130754","000104430000080","1","11/1/2025","8773","17","9/27/2026","0.00","0.00","","","Y","","","N","","11/1/2025","55555","","","","N","","","","","905878.00","0.00","33648439.00","N","","","","0.00","0.00","","",""
"1366","130755","000104430000080","1","11/1/2025","8773","18","10/27/2026","0.00","0.00","","","Y","","","N","","11/1/2025","55555","","","","N","","","","","930940.00","0.00","34579379.00","N","","","","0.00","0.00","","",""
"1367","130756","000104430000080","1","11/1/2025","8773","19","11/27/2026","18511590.00","0.00","","","Y","","","N","","11/1/2025","55555","","","","N","","","","","444542.00","18067048.00","16512331.00","N","","","","0.00","0.00","","",""
"1368","130757","000104430000080","1","11/1/2025","8773","20","12/27/2026","0.00","0.00","","","Y","","","N","","11/1/2025","55555","","","","N","","","","","456841.00","0.00","16969172.00","N","","","","0.00","0.00","","",""
"1369","130758","000104430000080","1","11/1/2025","8773","21","1/27/2027","0.00","0.00","","","Y","","","N","","11/1/2025","55555","","","","N","","","","","469480.00","0.00","17438652.00","N","","","","0.00","0.00","","",""
"1370","130759","000104430000080","1","11/1/2025","8773","22","2/27/2027","0.00","0.00","","","Y","","","N","","11/1/2025","55555","","","","N","","","","","482469.00","0.00","17921121.00","N","","","","0.00","0.00","","",""
"1371","130760","000104430000080","1","11/1/2025","8773","23","3/27/2027","0.00","0.00","","","Y","","","N","","11/1/2025","55555","","","","N","","","","","495818.00","0.00","18416939.00","N","","","","0.00","0.00","","",""
"1372","130761","000104430000080","1","11/1/2025","8773","24","4/27/2027","0.00","0.00","","","Y","","","N","","11/1/2025","55555","","","","N","","","","","509535.00","0.00","18926474.00","N","","","","0.00","0.00","","",""
"1373","130762","000104430000080","1","11/1/2025","8773","25","5/27/2027","19391665.00","0.00","","","Y","","","N","","11/1/2025","55555","","","","N","","","","","465191.00","18926474.00","0.00","N","","","","0.00","0.00","","",""
"1374","171794","000104430000082","1","9/3/2026","","1","5/19/2025","14107874.00","0.00","","","Y","","","N","","9/3/2026","52","0-1-10/09/2026-17:36:32-192.168.002.001","","","N","","","","","14107874.00","0.00","546111250.00","N","","","","0.00","0.00","","",""
"1375","171795","000104430000082","1","9/3/2026","","2","6/19/2025","0.00","0.00","","","Y","","","N","","9/3/2026","52","0-1-10/09/2026-17:36:32-192.168.002.001","","","N","","","","","14153383.00","0.00","546111250.00","N","","","","0.00","0.00","","",""
"1376","171796","000104430000082","1","9/3/2026","","3","7/19/2025","0.00","0.00","","","Y","","","N","","9/3/2026","52","0-1-10/09/2026-17:36:32-192.168.002.001","","","N","","","","","14107874.00","0.00","546111250.00","N","","","","0.00","0.00","","",""
"1377","171797","000104430000082","1","9/3/2026","8749","4","8/19/2025","95047856.00","0.00","","","Y","","","N","","9/3/2026","52","0-1-10/09/2026-17:36:32-192.168.002.001","","","N","","","","","11727648.00","83320208.00","462791042.00","N","","","","0.00","0.00","","",""
"1378","171798","000104430000082","1","9/3/2026","8749","5","9/19/2025","0.00","0.00","","","Y","","","N","","9/3/2026","52","0-1-10/09/2026-17:36:32-192.168.002.001","","","N","","","","","12032567.00","0.00","474823609.00","N","","","","0.00","0.00","","",""
"1379","171799","000104430000082","1","9/3/2026","8749","6","10/19/2025","0.00","0.00","","","Y","","","N","","9/3/2026","52","0-1-10/09/2026-17:36:32-192.168.002.001","","","N","","","","","12384982.00","0.00","487208591.00","N","","","","0.00","0.00","","",""
"1380","171800","000104430000082","1","9/3/2026","8752","7","11/19/2025","97471896.00","0.00","","","Y","","","N","","9/3/2026","52","0-1-10/09/2026-17:36:32-192.168.002.001","","","N","","","","","7496338.00","89975558.00","397233033.00","N","","","","0.00","0.00","","",""
"1381","171801","000104430000082","1","9/3/2026","8752","8","12/19/2025","0.00","0.00","","","Y","","","N","","9/3/2026","52","0-1-10/09/2026-17:36:32-192.168.002.001","","","N","","","","","10328059.00","0.00","407561092.00","N","","","","0.00","0.00","","",""
"1382","171802","000104430000082","1","9/3/2026","8752","9","1/19/2026","0.00","0.00","","","Y","","","N","","9/3/2026","52","0-1-10/09/2026-17:36:32-192.168.002.001","","","N","","","","","10596588.00","0.00","418157680.00","N","","","","0.00","0.00","","",""
"1383","171803","000104430000082","1","9/3/2026","9386","10","2/19/2026","116221193.00","0.00","","","Y","","","N","","9/3/2026","52","0-1-10/09/2026-17:36:32-192.168.002.001","","","N","","","","","6330793.00","109890400.00","308267280.00","N","","","","0.00","0.00","","",""
"1384","171804","000104430000082","1","9/3/2026","9386","11","3/19/2026","0.00","0.00","","","Y","","","N","","9/3/2026","52","0-1-10/09/2026-17:36:32-192.168.002.001","","","N","","","","","7860816.00","0.00","316128096.00","N","","","","0.00","0.00","","",""
"1385","171805","000104430000082","1","9/3/2026","9386","12","4/19/2026","0.00","0.00","","","Y","","","N","","9/3/2026","52","0-1-10/09/2026-17:36:32-192.168.002.001","","","N","","","","","7455354.00","0.00","323583450.00","N","","","","0.00","0.00","","",""
"1386","171806","000104430000082","1","9/3/2026","9418","13","5/19/2026","142849694.00","0.00","","","Y","","","N","","9/3/2026","52","0-1-10/09/2026-17:36:32-192.168.002.001","","","N","","","","","4237613.00","138612081.00","184971369.00","N","","","","0.00","0.00","","",""
"1387","171807","000104430000082","1","9/3/2026","9418","14","6/19/2026","0.00","0.00","","","Y","","","N","","9/3/2026","52","0-1-10/09/2026-17:36:32-192.168.002.001","","","N","","","","","4084784.00","0.00","189056153.00","N","","","","0.00","0.00","","",""
"1388","171808","000104430000082","1","9/3/2026","9478","15","6/30/2026","0.00","0.00","","","Y","","","N","","9/3/2026","52","0-1-10/09/2026-17:36:32-192.168.002.001","","","N","","","","","0.00","0.00","356722842.69","N","","","","0.00","0.00","","",""
"1389","171809","000104430000082","1","9/3/2026","9478","16","7/19/2026","0.00","0.00","","","Y","","","N","","9/3/2026","52","0-1-10/09/2026-17:36:32-192.168.002.001","","","N","","","","","7818176.00","0.00","364541018.69","N","","","","0.00","0.00","","",""
"1390","171810","000104430000082","1","9/3/2026","9478","17","8/19/2026","61824294.00","0.00","","","Y","","","N","","9/3/2026","52","0-1-10/09/2026-17:36:32-192.168.002.001","","","N","","","","","4787972.00","57036322.00","307504696.69","N","","","","0.00","0.00","","",""
"1391","171811","000104430000082","1","9/3/2026","9478","18","9/19/2026","61824294.00","0.00","","","Y","","","N","","9/3/2026","52","0-1-10/09/2026-17:36:32-192.168.002.001","","","N","","","","","4102871.00","57721423.00","249783273.69","N","","","","0.00","0.00","","",""
"1392","171812","000104430000082","1","9/3/2026","9478","19","10/19/2026","61824294.00","0.00","","","Y","","","N","","9/3/2026","52","0-1-10/09/2026-17:36:32-192.168.002.001","","","N","","","","","4244740.00","57579554.00","192203719.69","N","","","","0.00","0.00","","",""
"1393","171813","000104430000082","1","9/3/2026","9478","20","11/19/2026","61824294.00","0.00","","","Y","","","N","","9/3/2026","52","0-1-10/09/2026-17:36:32-192.168.002.001","","","N","","","","","2944402.00","58879892.00","133323827.69","N","","","","0.00","0.00","","",""
"1394","171814","000104430000082","1","9/3/2026","9478","21","12/19/2026","61824294.00","0.00","","","Y","","","N","","9/3/2026","52","0-1-10/09/2026-17:36:32-192.168.002.001","","","N","","","","","1614698.00","60209596.00","73114231.69","N","","","","0.00","0.00","","",""
"1395","171815","000104430000082","1","9/3/2026","9478","22","1/19/2027","61824294.00","0.00","","","Y","","","N","","9/3/2026","52","0-1-10/09/2026-17:36:32-192.168.002.001","","","N","","","","","254964.00","61569330.00","11544901.69","N","","","","0.00","0.00","","",""
"1396","171816","000104430000082","1","9/3/2026","9478","23","2/19/2027","11544901.69","0.00","","","Y","","","N","","9/3/2026","52","0-1-10/09/2026-17:36:32-192.168.002.001","","","N","","","","","0.00","11544901.69","0.00","N","","","","0.00","0.00","","",""
"1397","171586","000104430000084","1","9/3/2026","","1","7/15/2025","0.00","0.00","","","Y","","","N","","9/3/2026","52","0-1-10/09/2026-17:36:32-192.168.002.001","","","N","","","","","8187423.00","0.00","323088323.00","N","","","","0.00","0.00","","",""
"1398","171587","000104430000084","1","9/3/2026","8792","2","8/15/2025","10421438.00","0.00","","","Y","","","N","","9/3/2026","52","0-1-10/09/2026-17:36:32-192.168.002.001","","","N","","","","","8129339.00","2292099.00","320796224.00","N","","","","0.00","0.00","","",""
"1399","171588","000104430000084","1","9/3/2026","8793","3","9/15/2025","10692396.00","0.00","","","Y","","","N","","9/3/2026","52","0-1-10/09/2026-17:36:32-192.168.002.001","","","N","","","","","3839008.00","6853388.00","313942836.00","N","","","","0.00","0.00","","",""
"1400","171589","000104430000084","1","9/3/2026","8794","4","10/15/2025","10560566.00","0.00","","","Y","","","N","","9/3/2026","52","0-1-10/09/2026-17:36:32-192.168.002.001","","","N","","","","","3769034.00","6791532.00","307151304.00","N","","","","0.00","0.00","","",""
"1401","171590","000104430000084","1","9/3/2026","8795","5","11/15/2025","10391942.00","0.00","","","Y","","","N","","9/3/2026","52","0-1-10/09/2026-17:36:32-192.168.002.001","","","N","","","","","3675718.00","6716224.00","300435080.00","N","","","","0.00","0.00","","",""
"1402","171591","000104430000084","1","9/3/2026","8795","6","12/15/2025","10391942.00","0.00","","","Y","","","N","","9/3/2026","52","0-1-10/09/2026-17:36:32-192.168.002.001","","","N","","","","","7541122.00","2850820.00","297584260.00","N","","","","0.00","0.00","","",""
"1403","171592","000104430000084","1","9/3/2026","8795","7","1/15/2026","10391942.00","0.00","","","Y","","","N","","9/3/2026","52","0-1-10/09/2026-17:36:32-192.168.002.001","","","N","","","","","7467000.00","2924942.00","294659318.00","N","","","","0.00","0.00","","",""
"1404","171593","000104430000084","1","9/3/2026","9380","8","2/15/2026","10198939.00","0.00","","","Y","","","N","","9/3/2026","52","0-1-10/09/2026-17:36:32-192.168.002.001","","","N","","","","","3472944.00","6725995.00","287933323.00","N","","","","0.00","0.00","","",""
"1405","171594","000104430000084","1","9/3/2026","9414","9","3/15/2026","9667091.00","0.00","","","Y","","","N","","9/3/2026","52","0-1-10/09/2026-17:36:32-192.168.002.001","","","N","","","","","3270607.00","6396484.00","281536839.00","N","","","","0.00","0.00","","",""
"1406","171595","000104430000084","1","9/3/2026","9414","10","4/15/2026","9667091.00","0.00","","","Y","","","N","","9/3/2026","52","0-1-10/09/2026-17:36:32-192.168.002.001","","","N","","","","","6411595.00","3255496.00","278281343.00","N","","","","0.00","0.00","","",""
"1407","171596","000104430000084","1","9/3/2026","9437","11","5/15/2026","9248042.00","0.00","","","Y","","","N","","9/3/2026","52","0-1-10/09/2026-17:36:32-192.168.002.001","","","N","","","","","2836182.00","6411860.00","271869483.00","N","","","","0.00","0.00","","",""
"1408","171597","000104430000084","1","9/3/2026","9467","12","6/15/2026","9210550.00","0.00","","","Y","","","N","","9/3/2026","52","0-1-10/09/2026-17:36:32-192.168.002.001","","","N","","","","","2745509.00","6465041.00","265404442.00","N","","","","0.00","0.00","","",""
"1409","171598","000104430000084","1","9/3/2026","9488","13","7/15/2026","9008553.00","0.00","","","Y","","","N","","9/3/2026","52","0-1-10/09/2026-17:36:32-192.168.002.001","","","N","","","","","2686038.00","6322515.00","259081927.00","N","","","","0.00","0.00","","",""
"1410","171599","000104430000084","1","9/3/2026","9504","14","8/15/2026","8943981.00","0.00","","","Y","","","N","","9/3/2026","52","0-1-10/09/2026-17:36:32-192.168.002.001","","","N","","","","","2644765.00","6299216.00","252782711.00","N","","","","0.00","0.00","","",""
"1411","171600","000104430000084","1","9/3/2026","9523","15","9/15/2026","8891749.00","0.00","","","Y","","","N","","9/3/2026","52","0-1-10/09/2026-17:36:32-192.168.002.001","","","N","","","","","2622015.00","6269734.00","246512977.00","N","","","","0.00","0.00","","",""
"1412","171601","000104430000084","1","9/3/2026","9523","16","10/15/2026","8891749.00","0.00","","","Y","","","N","","9/3/2026","52","0-1-10/09/2026-17:36:32-192.168.002.001","","","N","","","","","5366279.00","3525470.00","242987507.00","N","","","","0.00","0.00","","",""
"1413","171602","000104430000084","1","9/3/2026","9523","17","11/15/2026","8891749.00","0.00","","","Y","","","N","","9/3/2026","52","0-1-10/09/2026-17:36:32-192.168.002.001","","","N","","","","","5286663.00","3605086.00","239382421.00","N","","","","0.00","0.00","","",""
"1414","171603","000104430000084","1","9/3/2026","9523","18","12/15/2026","8891749.00","0.00","","","Y","","","N","","9/3/2026","52","0-1-10/09/2026-17:36:32-192.168.002.001","","","N","","","","","5205248.00","3686501.00","235695920.00","N","","","","0.00","0.00","","",""
"1415","171604","000104430000084","1","9/3/2026","9523","19","1/15/2027","8891749.00","0.00","","","Y","","","N","","9/3/2026","52","0-1-10/09/2026-17:36:32-192.168.002.001","","","N","","","","","5121994.00","3769755.00","231926165.00","N","","","","0.00","0.00","","",""
"1416","171605","000104430000084","1","9/3/2026","9523","20","2/15/2027","8891749.00","0.00","","","Y","","","N","","9/3/2026","52","0-1-10/09/2026-17:36:32-192.168.002.001","","","N","","","","","5036861.00","3854888.00","228071277.00","N","","","","0.00","0.00","","",""
"1417","171606","000104430000084","1","9/3/2026","9523","21","3/15/2027","8891749.00","0.00","","","Y","","","N","","9/3/2026","52","0-1-10/09/2026-17:36:32-192.168.002.001","","","N","","","","","4949804.00","3941945.00","224129332.00","N","","","","0.00","0.00","","",""
"1418","171607","000104430000084","1","9/3/2026","9523","22","4/15/2027","8891749.00","0.00","","","Y","","","N","","9/3/2026","52","0-1-10/09/2026-17:36:32-192.168.002.001","","","N","","","","","4860782.00","4030967.00","220098365.00","N","","","","0.00","0.00","","",""
"1419","171608","000104430000084","1","9/3/2026","9523","23","5/15/2027","8891749.00","0.00","","","Y","","","N","","9/3/2026","52","0-1-10/09/2026-17:36:32-192.168.002.001","","","N","","","","","4769749.00","4122000.00","215976365.00","N","","","","0.00","0.00","","",""
"1420","171609","000104430000084","1","9/3/2026","9523","24","6/15/2027","8891749.00","0.00","","","Y","","","N","","9/3/2026","52","0-1-10/09/2026-17:36:32-192.168.002.001","","","N","","","","","4676661.00","4215088.00","211761277.00","N","","","","0.00","0.00","","",""
"1421","171610","000104430000084","1","9/3/2026","9523","25","7/15/2027","8891749.00","0.00","","","Y","","","N","","9/3/2026","52","0-1-10/09/2026-17:36:32-192.168.002.001","","","N","","","","","4581470.00","4310279.00","207450998.00","N","","","","0.00","0.00","","",""
"1422","171611","000104430000084","1","9/3/2026","9523","26","8/15/2027","8891749.00","0.00","","","Y","","","N","","9/3/2026","52","0-1-10/09/2026-17:36:32-192.168.002.001","","","N","","","","","4484130.00","4407619.00","203043379.00","N","","","","0.00","0.00","","",""
"1423","171612","000104430000084","1","9/3/2026","9523","27","9/15/2027","8891749.00","0.00","","","Y","","","N","","9/3/2026","52","0-1-10/09/2026-17:36:32-192.168.002.001","","","N","","","","","4384591.00","4507158.00","198536221.00","N","","","","0.00","0.00","","",""
"1424","171613","000104430000084","1","9/3/2026","9523","28","10/15/2027","8891749.00","0.00","","","Y","","","N","","9/3/2026","52","0-1-10/09/2026-17:36:32-192.168.002.001","","","N","","","","","4282804.00","4608945.00","193927276.00","N","","","","0.00","0.00","","",""
"1425","171614","000104430000084","1","9/3/2026","9523","29","11/15/2027","8891749.00","0.00","","","Y","","","N","","9/3/2026","52","0-1-10/09/2026-17:36:32-192.168.002.001","","","N","","","","","4178719.00","4713030.00","189214246.00","N","","","","0.00","0.00","","",""
"1426","171615","000104430000084","1","9/3/2026","9523","30","12/15/2027","8891749.00","0.00","","","Y","","","N","","9/3/2026","52","0-1-10/09/2026-17:36:32-192.168.002.001","","","N","","","","","4072283.00","4819466.00","184394780.00","N","","","","0.00","0.00","","",""
"1427","171616","000104430000084","1","9/3/2026","9523","31","1/15/2028","8891749.00","0.00","","","Y","","","N","","9/3/2026","52","0-1-10/09/2026-17:36:32-192.168.002.001","","","N","","","","","3963443.00","4928306.00","179466474.00","N","","","","0.00","0.00","","",""
"1428","171617","000104430000084","1","9/3/2026","9523","32","2/15/2028","8891749.00","0.00","","","Y","","","N","","9/3/2026","52","0-1-10/09/2026-17:36:32-192.168.002.001","","","N","","","","","3852146.00","5039603.00","174426871.00","N","","","","0.00","0.00","","",""
"1429","171618","000104430000084","1","9/3/2026","9523","33","3/15/2028","8891749.00","0.00","","","Y","","","N","","9/3/2026","52","0-1-10/09/2026-17:36:32-192.168.002.001","","","N","","","","","3738335.00","5153414.00","169273457.00","N","","","","0.00","0.00","","",""
"1430","171619","000104430000084","1","9/3/2026","9523","34","4/15/2028","8891749.00","0.00","","","Y","","","N","","9/3/2026","52","0-1-10/09/2026-17:36:32-192.168.002.001","","","N","","","","","3621954.00","5269795.00","164003662.00","N","","","","0.00","0.00","","",""
"1431","171620","000104430000084","1","9/3/2026","9523","35","5/15/2028","8891749.00","0.00","","","Y","","","N","","9/3/2026","52","0-1-10/09/2026-17:36:32-192.168.002.001","","","N","","","","","3502944.00","5388805.00","158614857.00","N","","","","0.00","0.00","","",""
"1432","171621","000104430000084","1","9/3/2026","9523","36","6/15/2028","8891749.00","0.00","","","Y","","","N","","9/3/2026","52","0-1-10/09/2026-17:36:32-192.168.002.001","","","N","","","","","3381247.00","5510502.00","153104355.00","N","","","","0.00","0.00","","",""
"1433","171622","000104430000084","1","9/3/2026","9523","37","7/15/2028","8891749.00","0.00","","","Y","","","N","","9/3/2026","52","0-1-10/09/2026-17:36:32-192.168.002.001","","","N","","","","","3256801.00","5634948.00","147469407.00","N","","","","0.00","0.00","","",""
"1434","171623","000104430000084","1","9/3/2026","9523","38","8/15/2028","8891749.00","0.00","","","Y","","","N","","9/3/2026","52","0-1-10/09/2026-17:36:32-192.168.002.001","","","N","","","","","3129545.00","5762204.00","141707203.00","N","","","","0.00","0.00","","",""
"1435","171624","000104430000084","1","9/3/2026","9523","39","9/15/2028","8891749.00","0.00","","","Y","","","N","","9/3/2026","52","0-1-10/09/2026-17:36:32-192.168.002.001","","","N","","","","","2999416.00","5892333.00","135814870.00","N","","","","0.00","0.00","","",""
"1436","171625","000104430000084","1","9/3/2026","9523","40","10/15/2028","8891749.00","0.00","","","Y","","","N","","9/3/2026","52","0-1-10/09/2026-17:36:32-192.168.002.001","","","N","","","","","2866347.00","6025402.00","129789468.00","N","","","","0.00","0.00","","",""
"1437","171626","000104430000084","1","9/3/2026","9523","41","11/15/2028","8891749.00","0.00","","","Y","","","N","","9/3/2026","52","0-1-10/09/2026-17:36:32-192.168.002.001","","","N","","","","","2730273.00","6161476.00","123627992.00","N","","","","0.00","0.00","","",""
"1438","171627","000104430000084","1","9/3/2026","9523","42","12/15/2028","8891749.00","0.00","","","Y","","","N","","9/3/2026","52","0-1-10/09/2026-17:36:32-192.168.002.001","","","N","","","","","2591127.00","6300622.00","117327370.00","N","","","","0.00","0.00","","",""
"1439","171628","000104430000084","1","9/3/2026","9523","43","1/15/2029","8891749.00","0.00","","","Y","","","N","","9/3/2026","52","0-1-10/09/2026-17:36:32-192.168.002.001","","","N","","","","","2448838.00","6442911.00","110884459.00","N","","","","0.00","0.00","","",""
"1440","171629","000104430000084","1","9/3/2026","9523","44","2/15/2029","8891749.00","0.00","","","Y","","","N","","9/3/2026","52","0-1-10/09/2026-17:36:32-192.168.002.001","","","N","","","","","2303335.00","6588414.00","104296045.00","N","","","","0.00","0.00","","",""
"1441","171630","000104430000084","1","9/3/2026","9523","45","3/15/2029","8891749.00","0.00","","","Y","","","N","","9/3/2026","52","0-1-10/09/2026-17:36:32-192.168.002.001","","","N","","","","","2154547.00","6737202.00","97558843.00","N","","","","0.00","0.00","","",""
"1442","171631","000104430000084","1","9/3/2026","9523","46","4/15/2029","8891749.00","0.00","","","Y","","","N","","9/3/2026","52","0-1-10/09/2026-17:36:32-192.168.002.001","","","N","","","","","2002399.00","6889350.00","90669493.00","N","","","","0.00","0.00","","",""
"1443","171632","000104430000084","1","9/3/2026","9523","47","5/15/2029","8891749.00","0.00","","","Y","","","N","","9/3/2026","52","0-1-10/09/2026-17:36:32-192.168.002.001","","","N","","","","","1846814.00","7044935.00","83624558.00","N","","","","0.00","0.00","","",""
"1444","171633","000104430000084","1","9/3/2026","9523","48","6/15/2029","8891749.00","0.00","","","Y","","","N","","9/3/2026","52","0-1-10/09/2026-17:36:32-192.168.002.001","","","N","","","","","1687716.00","7204033.00","76420525.00","N","","","","0.00","0.00","","",""
"1445","171634","000104430000084","1","9/3/2026","9523","49","7/15/2029","8891749.00","0.00","","","Y","","","N","","9/3/2026","52","0-1-10/09/2026-17:36:32-192.168.002.001","","","N","","","","","1525025.00","7366724.00","69053801.00","N","","","","0.00","0.00","","",""
"1446","171635","000104430000084","1","9/3/2026","9523","50","8/15/2029","8891749.00","0.00","","","Y","","","N","","9/3/2026","52","0-1-10/09/2026-17:36:32-192.168.002.001","","","N","","","","","1358660.00","7533089.00","61520712.00","N","","","","0.00","0.00","","",""
"1447","171636","000104430000084","1","9/3/2026","9523","51","9/15/2029","8891749.00","0.00","","","Y","","","N","","9/3/2026","52","0-1-10/09/2026-17:36:32-192.168.002.001","","","N","","","","","1188537.00","7703212.00","53817500.00","N","","","","0.00","0.00","","",""
"1448","171637","000104430000084","1","9/3/2026","9523","52","10/15/2029","8891749.00","0.00","","","Y","","","N","","9/3/2026","52","0-1-10/09/2026-17:36:32-192.168.002.001","","","N","","","","","1014573.00","7877176.00","45940324.00","N","","","","0.00","0.00","","",""
"1449","171638","000104430000084","1","9/3/2026","9523","53","11/15/2029","8891749.00","0.00","","","Y","","","N","","9/3/2026","52","0-1-10/09/2026-17:36:32-192.168.002.001","","","N","","","","","836680.00","8055069.00","37885255.00","N","","","","0.00","0.00","","",""
"1450","171639","000104430000084","1","9/3/2026","9523","54","12/15/2029","8891749.00","0.00","","","Y","","","N","","9/3/2026","52","0-1-10/09/2026-17:36:32-192.168.002.001","","","N","","","","","654770.00","8236979.00","29648276.00","N","","","","0.00","0.00","","",""
"1451","171640","000104430000084","1","9/3/2026","9523","55","1/15/2030","8891749.00","0.00","","","Y","","","N","","9/3/2026","52","0-1-10/09/2026-17:36:32-192.168.002.001","","","N","","","","","468752.00","8422997.00","21225279.00","N","","","","0.00","0.00","","",""
"1452","171641","000104430000084","1","9/3/2026","9523","56","2/15/2030","8891749.00","0.00","","","Y","","","N","","9/3/2026","52","0-1-10/09/2026-17:36:32-192.168.002.001","","","N","","","","","278532.00","8613217.00","12612062.00","N","","","","0.00","0.00","","",""
"1453","171642","000104430000084","1","9/3/2026","9523","57","3/15/2030","8891749.00","0.00","","","Y","","","N","","9/3/2026","52","0-1-10/09/2026-17:36:32-192.168.002.001","","","N","","","","","84017.00","8807732.00","3804330.00","N","","","","0.00","0.00","","",""
"1454","171643","000104430000084","1","9/3/2026","9523","58","4/15/2030","3804330.00","0.00","","","Y","","","N","","9/3/2026","52","0-1-10/09/2026-17:36:32-192.168.002.001","","","N","","","","","0.00","3804330.00","0.00","N","","","","0.00","0.00","","",""
"1455","171948","000104430000085","1","9/3/2026","","1","7/15/2025","0.00","0.00","","","Y","","","N","","9/3/2026","52","0-1-10/09/2026-17:36:32-192.168.002.001","","","N","","","","","20622762.00","0.00","768275762.00","N","","","","0.00","0.00","","",""
"1456","171949","000104430000085","1","9/3/2026","8814","2","8/15/2025","43005666.00","0.00","","","Y","","","N","","9/3/2026","52","0-1-10/09/2026-17:36:32-192.168.002.001","","","N","","","","","20005367.00","23000299.00","745275463.00","N","","","","0.00","0.00","","",""
"1457","171950","000104430000085","1","9/3/2026","8815","3","9/15/2025","44191906.00","0.00","","","Y","","","N","","9/3/2026","52","0-1-10/09/2026-17:36:32-192.168.002.001","","","N","","","","","9461936.00","34729970.00","710545493.00","N","","","","0.00","0.00","","",""
"1458","171951","000104430000085","1","9/3/2026","8816","4","10/15/2025","43549202.00","0.00","","","Y","","","N","","9/3/2026","52","0-1-10/09/2026-17:36:32-192.168.002.001","","","N","","","","","9048262.00","34500940.00","676044553.00","N","","","","0.00","0.00","","",""
"1459","171952","000104430000085","1","9/3/2026","8817","5","11/15/2025","42841504.00","0.00","","","Y","","","N","","9/3/2026","52","0-1-10/09/2026-17:36:32-192.168.002.001","","","N","","","","","8582988.00","34258516.00","641786037.00","N","","","","0.00","0.00","","",""
"1460","171953","000104430000085","1","9/3/2026","8817","6","12/15/2025","42841504.00","0.00","","","Y","","","N","","9/3/2026","52","0-1-10/09/2026-17:36:32-192.168.002.001","","","N","","","","","16520887.00","26320617.00","615465420.00","N","","","","0.00","0.00","","",""
"1461","171954","000104430000085","1","9/3/2026","8817","7","1/15/2026","42841504.00","0.00","","","Y","","","N","","9/3/2026","52","0-1-10/09/2026-17:36:32-192.168.002.001","","","N","","","","","15794876.00","27046628.00","588418792.00","N","","","","0.00","0.00","","",""
"1462","171955","000104430000085","1","9/3/2026","8817","8","2/2/2026","0.00","0.00","","","Y","","","N","","9/3/2026","52","0-1-10/09/2026-17:36:32-192.168.002.001","","","N","","","","","0.00","0.00","888418792.00","N","","","","0.00","0.00","","",""
"1463","171956","000104430000085","1","9/3/2026","9392","9","2/15/2026","75065452.00","0.00","","","Y","","","N","","9/3/2026","52","0-1-10/09/2026-17:36:32-192.168.002.001","","","N","","","","","22434996.00","52630456.00","835788336.00","N","","","","0.00","0.00","","",""
"1464","171957","000104430000085","1","9/3/2026","9424","10","3/15/2026","64103606.00","0.00","","","Y","","","N","","9/3/2026","52","0-1-10/09/2026-17:36:32-192.168.002.001","","","N","","","","","10102735.00","54000871.00","781787465.00","N","","","","0.00","0.00","","",""
"1465","171958","000104430000085","1","9/3/2026","9424","11","4/15/2026","64103606.00","0.00","","","Y","","","N","","9/3/2026","52","0-1-10/09/2026-17:36:32-192.168.002.001","","","N","","","","","18061710.00","46041896.00","735745569.00","N","","","","0.00","0.00","","",""
"1466","171959","000104430000085","1","9/3/2026","9444","12","5/15/2026","62353368.00","0.00","","","Y","","","N","","9/3/2026","52","0-1-10/09/2026-17:36:32-192.168.002.001","","","N","","","","","8034745.00","54318623.00","681426946.00","N","","","","0.00","0.00","","",""
"1467","171960","000104430000085","1","9/3/2026","9475","13","6/15/2026","62157946.00","0.00","","","Y","","","N","","9/3/2026","52","0-1-10/09/2026-17:36:32-192.168.002.001","","","N","","","","","7378080.00","54779866.00","626647080.00","N","","","","0.00","0.00","","",""
"1468","171961","000104430000085","1","9/3/2026","9493","14","7/15/2026","60567209.00","0.00","","","Y","","","N","","9/3/2026","52","0-1-10/09/2026-17:36:32-192.168.002.001","","","N","","","","","6798692.00","53768517.00","572878563.00","N","","","","0.00","0.00","","",""
"1469","171962","000104430000085","1","9/3/2026","9511","15","8/15/2026","59819319.00","0.00","","","Y","","","N","","9/3/2026","52","0-1-10/09/2026-17:36:32-192.168.002.001","","","N","","","","","6265565.00","53553754.00","519324809.00","N","","","","0.00","0.00","","",""
"1470","171963","000104430000085","1","9/3/2026","9532","16","9/15/2026","59082183.00","0.00","","","Y","","","N","","9/3/2026","52","0-1-10/09/2026-17:36:32-192.168.002.001","","","N","","","","","5765217.00","53316966.00","466007843.00","N","","","","0.00","0.00","","",""
"1471","171964","000104430000085","1","9/3/2026","9532","17","10/15/2026","59082183.00","0.00","","","Y","","","N","","9/3/2026","52","0-1-10/09/2026-17:36:32-192.168.002.001","","","N","","","","","9834037.00","49248146.00","416759697.00","N","","","","0.00","0.00","","",""
"1472","171965","000104430000085","1","9/3/2026","9532","18","11/15/2026","59082183.00","0.00","","","Y","","","N","","9/3/2026","52","0-1-10/09/2026-17:36:32-192.168.002.001","","","N","","","","","8643873.00","50438310.00","366321387.00","N","","","","0.00","0.00","","",""
"1473","171966","000104430000085","1","9/3/2026","9532","19","12/15/2026","59082183.00","0.00","","","Y","","","N","","9/3/2026","52","0-1-10/09/2026-17:36:32-192.168.002.001","","","N","","","","","7424947.00","51657236.00","314664151.00","N","","","","0.00","0.00","","",""
"1474","171967","000104430000085","1","9/3/2026","9532","20","1/15/2027","59082183.00","0.00","","","Y","","","N","","9/3/2026","52","0-1-10/09/2026-17:36:32-192.168.002.001","","","N","","","","","6176564.00","52905619.00","261758532.00","N","","","","0.00","0.00","","",""
"1475","171968","000104430000085","1","9/3/2026","9532","21","2/15/2027","59082183.00","0.00","","","Y","","","N","","9/3/2026","52","0-1-10/09/2026-17:36:32-192.168.002.001","","","N","","","","","4898012.00","54184171.00","207574361.00","N","","","","0.00","0.00","","",""
"1476","171969","000104430000085","1","9/3/2026","9532","22","3/15/2027","59082183.00","0.00","","","Y","","","N","","9/3/2026","52","0-1-10/09/2026-17:36:32-192.168.002.001","","","N","","","","","3588561.00","55493622.00","152080739.00","N","","","","0.00","0.00","","",""
"1477","171970","000104430000085","1","9/3/2026","9532","23","4/15/2027","59082183.00","0.00","","","Y","","","N","","9/3/2026","52","0-1-10/09/2026-17:36:32-192.168.002.001","","","N","","","","","2247465.00","56834718.00","95246021.00","N","","","","0.00","0.00","","",""
"1478","171971","000104430000085","1","9/3/2026","9532","24","5/15/2027","59082183.00","0.00","","","Y","","","N","","9/3/2026","52","0-1-10/09/2026-17:36:32-192.168.002.001","","","N","","","","","873959.00","58208224.00","37037797.00","N","","","","0.00","0.00","","",""
"1479","171972","000104430000085","1","9/3/2026","9532","25","6/15/2027","37037797.00","0.00","","","Y","","","N","","9/3/2026","52","0-1-10/09/2026-17:36:32-192.168.002.001","","","N","","","","","0.00","37037797.00","0.00","N","","","","0.00","0.00","","",""
"1480","170910","000104430000086","1","8/5/2026","","1","7/8/2025","0.00","0.00","","","Y","","","N","","8/5/2026","51","0-1-10/08/2026-12:01:30-192.168.002.001","","","N","","","","","6520833.00","0.00","256520833.00","N","","","","0.00","0.00","","",""
"1481","170911","000104430000086","1","8/5/2026","","2","8/8/2025","0.00","0.00","","","Y","","","N","","8/5/2026","51","0-1-10/08/2026-12:01:30-192.168.002.001","","","N","","","","","6690918.00","0.00","263211751.00","N","","","","0.00","0.00","","",""
"1482","170912","000104430000086","1","8/5/2026","","3","9/8/2025","0.00","0.00","","","Y","","","N","","8/5/2026","51","0-1-10/08/2026-12:01:30-192.168.002.001","","","N","","","","","6865440.00","0.00","270077191.00","N","","","","0.00","0.00","","",""
"1483","170913","000104430000086","1","8/5/2026","","4","10/8/2025","0.00","0.00","","","Y","","","N","","8/5/2026","51","0-1-10/08/2026-12:01:30-192.168.002.001","","","N","","","","","7067020.00","0.00","277144211.00","N","","","","0.00","0.00","","",""
"1484","170914","000104430000086","1","8/5/2026","","5","11/8/2025","0.00","0.00","","","Y","","","N","","8/5/2026","51","0-1-10/08/2026-12:01:30-192.168.002.001","","","N","","","","","7228845.00","0.00","284373056.00","N","","","","0.00","0.00","","",""
"1485","170915","000104430000086","1","8/5/2026","","6","12/8/2025","0.00","0.00","","","Y","","","N","","8/5/2026","51","0-1-10/08/2026-12:01:30-192.168.002.001","","","N","","","","","7417397.00","0.00","291790453.00","N","","","","0.00","0.00","","",""
"1486","170916","000104430000086","1","8/5/2026","8809","7","1/8/2026","69122098.00","0.00","","","Y","","","N","","8/5/2026","51","0-1-10/08/2026-12:01:30-192.168.002.001","","","N","","","","","5807933.00","63314165.00","228476288.00","N","","","","0.00","0.00","","",""
"1487","170917","000104430000086","1","8/5/2026","8809","8","2/8/2026","0.00","0.00","","","Y","","","N","","8/5/2026","51","0-1-10/08/2026-12:01:30-192.168.002.001","","","N","","","","","5959423.00","0.00","234435711.00","N","","","","0.00","0.00","","",""
"1488","170918","000104430000086","1","8/5/2026","8809","9","3/8/2026","0.00","0.00","","","Y","","","N","","8/5/2026","51","0-1-10/08/2026-12:01:30-192.168.002.001","","","N","","","","","5997647.00","0.00","240433358.00","N","","","","0.00","0.00","","",""
"1489","170919","000104430000086","1","8/5/2026","8809","10","4/8/2026","0.00","0.00","","","Y","","","N","","8/5/2026","51","0-1-10/08/2026-12:01:30-192.168.002.001","","","N","","","","","5690256.00","0.00","246123614.00","N","","","","0.00","0.00","","",""
"1490","170920","000104430000086","1","8/5/2026","8809","11","5/8/2026","0.00","0.00","","","Y","","","N","","8/5/2026","51","0-1-10/08/2026-12:01:30-192.168.002.001","","","N","","","","","5496761.00","0.00","251620375.00","N","","","","0.00","0.00","","",""
"1491","170921","000104430000086","1","8/5/2026","8809","12","6/8/2026","0.00","0.00","","","Y","","","N","","8/5/2026","51","0-1-10/08/2026-12:01:30-192.168.002.001","","","N","","","","","5577585.00","0.00","257197960.00","N","","","","0.00","0.00","","",""
"1492","170922","000104430000086","1","8/5/2026","9385","13","7/8/2026","110312406.00","0.00","","","Y","","","N","","8/5/2026","51","0-1-10/08/2026-12:01:30-192.168.002.001","","","N","","","","","1305720.00","109006686.00","148191274.00","N","","","","0.00","0.00","","",""
"1493","170923","000104430000086","1","8/5/2026","9385","14","8/8/2026","0.00","0.00","","","Y","","","N","","8/5/2026","51","0-1-10/08/2026-12:01:30-192.168.002.001","","","N","","","","","3272557.00","0.00","151463831.00","N","","","","0.00","0.00","","",""
"1494","170924","000104430000086","1","8/5/2026","9385","15","9/8/2026","0.00","0.00","","","Y","","","N","","8/5/2026","51","0-1-10/08/2026-12:01:30-192.168.002.001","","","N","","","","","3382692.00","0.00","154846523.00","N","","","","0.00","0.00","","",""
"1495","170925","000104430000086","1","8/5/2026","9385","16","10/8/2026","0.00","0.00","","","Y","","","N","","8/5/2026","51","0-1-10/08/2026-12:01:30-192.168.002.001","","","N","","","","","3458239.00","0.00","158304762.00","N","","","","0.00","0.00","","",""
"1496","170926","000104430000086","1","8/5/2026","9385","17","11/8/2026","0.00","0.00","","","Y","","","N","","8/5/2026","51","0-1-10/08/2026-12:01:30-192.168.002.001","","","N","","","","","3535473.00","0.00","161840235.00","N","","","","0.00","0.00","","",""
"1497","170927","000104430000086","1","8/5/2026","9385","18","12/8/2026","0.00","0.00","","","Y","","","N","","8/5/2026","51","0-1-10/08/2026-12:01:30-192.168.002.001","","","N","","","","","3614432.00","0.00","165454667.00","N","","","","0.00","0.00","","",""
"1498","170928","000104430000086","1","8/5/2026","9508","19","1/8/2027","82657378.00","0.00","","","Y","","","N","","8/5/2026","51","0-1-10/08/2026-12:01:30-192.168.002.001","","","N","","","","","1849139.00","80808239.00","84646428.00","Y","411639","1849139.00","","0.00","0.00","","",""
"1499","170929","000104430000086","1","8/5/2026","9508","20","2/8/2027","0.00","0.00","","","Y","","","N","","8/5/2026","51","0-1-10/08/2026-12:01:30-192.168.002.001","","","N","","","","","1890437.00","0.00","86536865.00","Y","411639","1890437.00","","0.00","0.00","","",""
"1500","170930","000104430000086","1","8/5/2026","9508","21","3/8/2027","0.00","0.00","","","Y","","","N","","8/5/2026","51","0-1-10/08/2026-12:01:30-192.168.002.001","","","N","","","","","1932657.00","0.00","88469522.00","Y","411639","1932657.00","","0.00","0.00","","",""
"1501","170931","000104430000086","1","8/5/2026","9508","22","4/8/2027","0.00","0.00","","","Y","","","N","","8/5/2026","51","0-1-10/08/2026-12:01:30-192.168.002.001","","","N","","","","","1975819.00","0.00","90445341.00","Y","411639","310696.70","","0.00","0.00","","",""
"1502","170932","000104430000086","1","8/5/2026","9508","23","5/8/2027","0.00","0.00","","","Y","","","N","","8/5/2026","51","0-1-10/08/2026-12:01:30-192.168.002.001","","","N","","","","","2019946.00","0.00","92465287.00","N","","","","0.00","0.00","","",""
"1503","170933","000104430000086","1","8/5/2026","9508","24","6/8/2027","0.00","0.00","","","Y","","","N","","8/5/2026","51","0-1-10/08/2026-12:01:30-192.168.002.001","","","N","","","","","2065058.00","0.00","94530345.00","N","","","","0.00","0.00","","",""
"1504","170934","000104430000086","1","8/5/2026","9508","25","7/8/2027","82657378.00","0.00","","","Y","","","N","","8/5/2026","51","0-1-10/08/2026-12:01:30-192.168.002.001","","","N","","","","","265163.00","82392215.00","12138130.00","N","","","","0.00","0.00","","",""
"1505","170935","000104430000086","1","8/5/2026","9508","26","8/8/2027","0.00","0.00","","","Y","","","N","","8/5/2026","51","0-1-10/08/2026-12:01:30-192.168.002.001","","","N","","","","","271085.00","0.00","12409215.00","N","","","","0.00","0.00","","",""
"1506","170936","000104430000086","1","8/5/2026","9508","27","9/8/2027","0.00","0.00","","","Y","","","N","","8/5/2026","51","0-1-10/08/2026-12:01:30-192.168.002.001","","","N","","","","","277139.00","0.00","12686354.00","N","","","","0.00","0.00","","",""
"1507","170937","000104430000086","1","8/5/2026","9508","28","10/8/2027","0.00","0.00","","","Y","","","N","","8/5/2026","51","0-1-10/08/2026-12:01:30-192.168.002.001","","","N","","","","","283329.00","0.00","12969683.00","N","","","","0.00","0.00","","",""
"1508","170938","000104430000086","1","8/5/2026","9508","29","11/8/2027","0.00","0.00","","","Y","","","N","","8/5/2026","51","0-1-10/08/2026-12:01:30-192.168.002.001","","","N","","","","","289656.00","0.00","13259339.00","N","","","","0.00","0.00","","",""
"1509","170939","000104430000086","1","8/5/2026","9508","30","12/8/2027","0.00","0.00","","","Y","","","N","","8/5/2026","51","0-1-10/08/2026-12:01:30-192.168.002.001","","","N","","","","","296125.00","0.00","13555464.00","N","","","","0.00","0.00","","",""
"1510","170940","000104430000086","1","8/5/2026","9508","31","1/8/2028","13555464.00","0.00","","","Y","","","N","","8/5/2026","51","0-1-10/08/2026-12:01:30-192.168.002.001","","","N","","","","","0.00","13555464.00","0.00","N","","","","0.00","0.00","","",""
"1511","170876","000104430000087","1","8/5/2026","","1","7/23/2025","0.00","0.00","","","Y","","","N","","8/5/2026","51","0-1-10/08/2026-12:01:30-192.168.002.001","","","N","","","","","5809081.00","0.00","215145317.00","N","","","","0.00","0.00","","",""
"1512","170877","000104430000087","1","8/5/2026","","2","8/23/2025","0.00","0.00","","","Y","","","N","","8/5/2026","51","0-1-10/08/2026-12:01:30-192.168.002.001","","","N","","","","","5970283.00","0.00","221115600.00","N","","","","0.00","0.00","","",""
"1513","170878","000104430000087","1","8/5/2026","","3","9/23/2025","0.00","0.00","","","Y","","","N","","8/5/2026","51","0-1-10/08/2026-12:01:30-192.168.002.001","","","N","","","","","6135958.00","0.00","227251558.00","N","","","","0.00","0.00","","",""
"1514","170879","000104430000087","1","8/5/2026","8811","4","10/23/2025","28624982.00","0.00","","","Y","","","N","","8/5/2026","51","0-1-10/08/2026-12:01:30-192.168.002.001","","","N","","","","","4574916.00","24050066.00","203201492.00","N","","","","0.00","0.00","","",""
"1515","170880","000104430000087","1","8/5/2026","8811","5","11/23/2025","0.00","0.00","","","Y","","","N","","8/5/2026","51","0-1-10/08/2026-12:01:30-192.168.002.001","","","N","","","","","5638841.00","0.00","208840333.00","N","","","","0.00","0.00","","",""
"1516","170881","000104430000087","1","8/5/2026","8811","6","12/23/2025","0.00","0.00","","","Y","","","N","","8/5/2026","51","0-1-10/08/2026-12:01:30-192.168.002.001","","","N","","","","","5795319.00","0.00","214635652.00","N","","","","0.00","0.00","","",""
"1517","170882","000104430000087","1","8/5/2026","8812","7","1/23/2026","29239220.00","0.00","","","Y","","","N","","8/5/2026","51","0-1-10/08/2026-12:01:30-192.168.002.001","","","N","","","","","5144751.00","24094469.00","190541183.00","N","","","","0.00","0.00","","",""
"1518","170883","000104430000087","1","8/5/2026","8812","8","2/23/2026","0.00","0.00","","","Y","","","N","","8/5/2026","51","0-1-10/08/2026-12:01:30-192.168.002.001","","","N","","","","","5287518.00","0.00","195828701.00","N","","","","0.00","0.00","","",""
"1519","170884","000104430000087","1","8/5/2026","8812","9","3/23/2026","0.00","0.00","","","Y","","","N","","8/5/2026","51","0-1-10/08/2026-12:01:30-192.168.002.001","","","N","","","","","5336332.00","0.00","201165033.00","N","","","","0.00","0.00","","",""
"1520","170885","000104430000087","1","8/5/2026","9384","10","4/23/2026","33950226.00","0.00","","","Y","","","N","","8/5/2026","51","0-1-10/08/2026-12:01:30-192.168.002.001","","","N","","","","","3659550.00","30290676.00","170874357.00","N","","","","0.00","0.00","","",""
"1521","170886","000104430000087","1","8/5/2026","9384","11","5/23/2026","0.00","0.00","","","Y","","","N","","8/5/2026","51","0-1-10/08/2026-12:01:30-192.168.002.001","","","N","","","","","4100985.00","0.00","174975342.00","N","","","","0.00","0.00","","",""
"1522","170887","000104430000087","1","8/5/2026","9384","12","6/23/2026","0.00","0.00","","","Y","","","N","","8/5/2026","51","0-1-10/08/2026-12:01:30-192.168.002.001","","","N","","","","","4170246.00","0.00","179145588.00","N","","","","0.00","0.00","","",""
"1523","170888","000104430000087","1","8/5/2026","9450","13","7/23/2026","33386044.00","0.00","","","Y","","","N","","8/5/2026","51","0-1-10/08/2026-12:01:30-192.168.002.001","","","N","","","","","3076396.00","30309648.00","148835940.00","N","","","","0.00","0.00","","",""
"1524","170889","000104430000087","1","8/5/2026","9450","14","8/23/2026","0.00","0.00","","","Y","","","N","","8/5/2026","51","0-1-10/08/2026-12:01:30-192.168.002.001","","","N","","","","","3534854.00","0.00","152370794.00","N","","","","0.00","0.00","","",""
"1525","170890","000104430000087","1","8/5/2026","9450","15","9/23/2026","0.00","0.00","","","Y","","","N","","8/5/2026","51","0-1-10/08/2026-12:01:30-192.168.002.001","","","N","","","","","3656899.00","0.00","156027693.00","N","","","","0.00","0.00","","",""
"1526","170891","000104430000087","1","8/5/2026","9507","16","10/23/2026","28581015.00","0.00","","","Y","","","N","","8/5/2026","51","0-1-10/08/2026-12:01:30-192.168.002.001","","","N","","","","","3058720.00","25522295.00","130505398.00","Y","411640","3058720.00","","0.00","0.00","","",""
"1527","170892","000104430000087","1","8/5/2026","9507","17","11/23/2026","0.00","0.00","","","Y","","","N","","8/5/2026","51","0-1-10/08/2026-12:01:30-192.168.002.001","","","N","","","","","3132130.00","0.00","133637528.00","Y","411640","2619031.85","","0.00","0.00","","",""
"1528","170893","000104430000087","1","8/5/2026","9507","18","12/23/2026","0.00","0.00","","","Y","","","N","","8/5/2026","51","0-1-10/08/2026-12:01:30-192.168.002.001","","","N","","","","","3207301.00","0.00","136844829.00","N","","","","0.00","0.00","","",""
"1529","170894","000104430000087","1","8/5/2026","9507","19","1/23/2027","28581015.00","0.00","","","Y","","","N","","8/5/2026","51","0-1-10/08/2026-12:01:30-192.168.002.001","","","N","","","","","2598332.00","25982683.00","110862146.00","N","","","","0.00","0.00","","",""
"1530","170895","000104430000087","1","8/5/2026","9507","20","2/23/2027","0.00","0.00","","","Y","","","N","","8/5/2026","51","0-1-10/08/2026-12:01:30-192.168.002.001","","","N","","","","","2660692.00","0.00","113522838.00","N","","","","0.00","0.00","","",""
"1531","170896","000104430000087","1","8/5/2026","9507","21","3/23/2027","0.00","0.00","","","Y","","","N","","8/5/2026","51","0-1-10/08/2026-12:01:30-192.168.002.001","","","N","","","","","2724548.00","0.00","116247386.00","N","","","","0.00","0.00","","",""
"1532","170897","000104430000087","1","8/5/2026","9507","22","4/23/2027","28581015.00","0.00","","","Y","","","N","","8/5/2026","51","0-1-10/08/2026-12:01:30-192.168.002.001","","","N","","","","","2103993.00","26477022.00","89770364.00","N","","","","0.00","0.00","","",""
"1533","170898","000104430000087","1","8/5/2026","9507","23","5/23/2027","0.00","0.00","","","Y","","","N","","8/5/2026","51","0-1-10/08/2026-12:01:30-192.168.002.001","","","N","","","","","2154489.00","0.00","91924853.00","N","","","","0.00","0.00","","",""
"1534","170899","000104430000087","1","8/5/2026","9507","24","6/23/2027","0.00","0.00","","","Y","","","N","","8/5/2026","51","0-1-10/08/2026-12:01:30-192.168.002.001","","","N","","","","","2206196.00","0.00","94131049.00","N","","","","0.00","0.00","","",""
"1535","170900","000104430000087","1","8/5/2026","9507","25","7/23/2027","28581015.00","0.00","","","Y","","","N","","8/5/2026","51","0-1-10/08/2026-12:01:30-192.168.002.001","","","N","","","","","1573201.00","27007814.00","67123235.00","N","","","","0.00","0.00","","",""
"1536","170901","000104430000087","1","8/5/2026","9507","26","8/23/2027","0.00","0.00","","","Y","","","N","","8/5/2026","51","0-1-10/08/2026-12:01:30-192.168.002.001","","","N","","","","","1610958.00","0.00","68734193.00","N","","","","0.00","0.00","","",""
"1537","170902","000104430000087","1","8/5/2026","9507","27","9/23/2027","0.00","0.00","","","Y","","","N","","8/5/2026","51","0-1-10/08/2026-12:01:30-192.168.002.001","","","N","","","","","1649621.00","0.00","70383814.00","N","","","","0.00","0.00","","",""
"1538","170903","000104430000087","1","8/5/2026","9507","28","10/23/2027","28581015.00","0.00","","","Y","","","N","","8/5/2026","51","0-1-10/08/2026-12:01:30-192.168.002.001","","","N","","","","","1003267.00","27577748.00","42806066.00","N","","","","0.00","0.00","","",""
"1539","170904","000104430000087","1","8/5/2026","9507","29","11/23/2027","0.00","0.00","","","Y","","","N","","8/5/2026","51","0-1-10/08/2026-12:01:30-192.168.002.001","","","N","","","","","1027346.00","0.00","43833412.00","N","","","","0.00","0.00","","",""
"1540","170905","000104430000087","1","8/5/2026","9507","30","12/23/2027","0.00","0.00","","","Y","","","N","","8/5/2026","51","0-1-10/08/2026-12:01:30-192.168.002.001","","","N","","","","","1052002.00","0.00","44885414.00","N","","","","0.00","0.00","","",""
"1541","170906","000104430000087","1","8/5/2026","9507","31","1/23/2028","28581015.00","0.00","","","Y","","","N","","8/5/2026","51","0-1-10/08/2026-12:01:30-192.168.002.001","","","N","","","","","391306.00","28189709.00","16695705.00","N","","","","0.00","0.00","","",""
"1542","170907","000104430000087","1","8/5/2026","9507","32","2/23/2028","0.00","0.00","","","Y","","","N","","8/5/2026","51","0-1-10/08/2026-12:01:30-192.168.002.001","","","N","","","","","400697.00","0.00","17096402.00","N","","","","0.00","0.00","","",""
"1543","170908","000104430000087","1","8/5/2026","9507","33","3/23/2028","0.00","0.00","","","Y","","","N","","8/5/2026","51","0-1-10/08/2026-12:01:30-192.168.002.001","","","N","","","","","410314.00","0.00","17506716.00","N","","","","0.00","0.00","","",""
"1544","170909","000104430000087","1","8/5/2026","9507","34","4/23/2028","17506716.00","0.00","","","Y","","","N","","8/5/2026","51","0-1-10/08/2026-12:01:30-192.168.002.001","","","N","","","","","0.00","17506716.00","0.00","N","","","","0.00","0.00","","",""
"1545","171644","000104430000089","1","9/3/2026","","1","6/16/2025","0.00","0.00","","","Y","","","N","","9/3/2026","52","0-1-10/09/2026-17:36:32-192.168.002.001","","","N","","","","","8025000.00","0.00","308025000.00","N","","","","0.00","0.00","","",""
"1546","171645","000104430000089","1","9/3/2026","8799","2","7/16/2025","9474686.00","0.00","","","Y","","","N","","9/3/2026","52","0-1-10/09/2026-17:36:32-192.168.002.001","","","N","","","","","4063398.00","5411288.00","302613712.00","N","","","","0.00","0.00","","",""
"1547","171646","000104430000089","1","9/3/2026","8800","3","8/16/2025","9602032.00","0.00","","","Y","","","N","","9/3/2026","52","0-1-10/09/2026-17:36:32-192.168.002.001","","","N","","","","","7886898.00","1715134.00","300898578.00","N","","","","0.00","0.00","","",""
"1548","171647","000104430000089","1","9/3/2026","8801","4","9/16/2025","9593790.00","0.00","","","Y","","","N","","9/3/2026","52","0-1-10/09/2026-17:36:32-192.168.002.001","","","N","","","","","3994119.00","5599671.00","295298907.00","N","","","","0.00","0.00","","",""
"1549","171648","000104430000089","1","9/3/2026","8802","5","10/16/2025","9481466.00","0.00","","","Y","","","N","","9/3/2026","52","0-1-10/09/2026-17:36:32-192.168.002.001","","","N","","","","","3931925.00","5549541.00","289749366.00","N","","","","0.00","0.00","","",""
"1550","171649","000104430000089","1","9/3/2026","8803","6","11/16/2025","9332268.00","0.00","","","Y","","","N","","9/3/2026","52","0-1-10/09/2026-17:36:32-192.168.002.001","","","N","","","","","3846125.00","5486143.00","284263223.00","N","","","","0.00","0.00","","",""
"1551","171650","000104430000089","1","9/3/2026","8803","7","12/16/2025","9332268.00","0.00","","","Y","","","N","","9/3/2026","52","0-1-10/09/2026-17:36:32-192.168.002.001","","","N","","","","","7400225.00","1932043.00","282331180.00","N","","","","0.00","0.00","","",""
"1552","171651","000104430000089","1","9/3/2026","8803","8","1/16/2026","9332268.00","0.00","","","Y","","","N","","9/3/2026","52","0-1-10/09/2026-17:36:32-192.168.002.001","","","N","","","","","7348221.00","1984047.00","280347133.00","N","","","","0.00","0.00","","",""
"1553","171652","000104430000089","1","9/3/2026","9381","9","2/16/2026","9125972.00","0.00","","","Y","","","N","","9/3/2026","52","0-1-10/09/2026-17:36:32-192.168.002.001","","","N","","","","","3666019.00","5459953.00","274887180.00","N","","","","0.00","0.00","","",""
"1554","171653","000104430000089","1","9/3/2026","9415","10","3/16/2026","8608273.00","0.00","","","Y","","","N","","9/3/2026","52","0-1-10/09/2026-17:36:32-192.168.002.001","","","N","","","","","3459813.00","5148460.00","269738720.00","N","","","","0.00","0.00","","",""
"1555","171654","000104430000089","1","9/3/2026","9415","11","4/16/2026","8608273.00","0.00","","","Y","","","N","","9/3/2026","52","0-1-10/09/2026-17:36:32-192.168.002.001","","","N","","","","","6397696.00","2210577.00","267528143.00","N","","","","0.00","0.00","","",""
"1556","171655","000104430000089","1","9/3/2026","9438","12","5/16/2026","8201971.00","0.00","","","Y","","","N","","9/3/2026","52","0-1-10/09/2026-17:36:32-192.168.002.001","","","N","","","","","3041758.00","5160213.00","262367930.00","N","","","","0.00","0.00","","",""
"1557","171656","000104430000089","1","9/3/2026","9468","13","6/16/2026","8164724.00","0.00","","","Y","","","N","","9/3/2026","52","0-1-10/09/2026-17:36:32-192.168.002.001","","","N","","","","","2957210.00","5207514.00","257160416.00","N","","","","0.00","0.00","","",""
"1558","171657","000104430000089","1","9/3/2026","9489","14","7/16/2026","7992798.00","0.00","","","Y","","","N","","9/3/2026","52","0-1-10/09/2026-17:36:32-192.168.002.001","","","N","","","","","2904856.00","5087942.00","252072474.00","N","","","","0.00","0.00","","",""
"1559","171658","000104430000089","1","9/3/2026","9505","15","8/16/2026","7944244.00","0.00","","","Y","","","N","","9/3/2026","52","0-1-10/09/2026-17:36:32-192.168.002.001","","","N","","","","","2871554.00","5072690.00","246999784.00","N","","","","0.00","0.00","","",""
"1560","171659","000104430000089","1","9/3/2026","9524","16","9/16/2026","7908764.00","0.00","","","Y","","","N","","9/3/2026","52","0-1-10/09/2026-17:36:32-192.168.002.001","","","N","","","","","2857077.00","5051687.00","241948097.00","N","","","","0.00","0.00","","",""
"1561","171660","000104430000089","1","9/3/2026","9524","17","10/16/2026","7908764.00","0.00","","","Y","","","N","","9/3/2026","52","0-1-10/09/2026-17:36:32-192.168.002.001","","","N","","","","","5499924.00","2408840.00","239539257.00","N","","","","0.00","0.00","","",""
"1562","171661","000104430000089","1","9/3/2026","9524","18","11/16/2026","7908764.00","0.00","","","Y","","","N","","9/3/2026","52","0-1-10/09/2026-17:36:32-192.168.002.001","","","N","","","","","5443317.00","2465447.00","237073810.00","N","","","","0.00","0.00","","",""
"1563","171662","000104430000089","1","9/3/2026","9524","19","12/16/2026","7908764.00","0.00","","","Y","","","N","","9/3/2026","52","0-1-10/09/2026-17:36:32-192.168.002.001","","","N","","","","","5385379.00","2523385.00","234550425.00","N","","","","0.00","0.00","","",""
"1564","171663","000104430000089","1","9/3/2026","9524","20","1/16/2027","7908764.00","0.00","","","Y","","","N","","9/3/2026","52","0-1-10/09/2026-17:36:32-192.168.002.001","","","N","","","","","5326079.00","2582685.00","231967740.00","N","","","","0.00","0.00","","",""
"1565","171664","000104430000089","1","9/3/2026","9524","21","2/16/2027","7908764.00","0.00","","","Y","","","N","","9/3/2026","52","0-1-10/09/2026-17:36:32-192.168.002.001","","","N","","","","","5265386.00","2643378.00","229324362.00","N","","","","0.00","0.00","","",""
"1566","171665","000104430000089","1","9/3/2026","9524","22","3/16/2027","7908764.00","0.00","","","Y","","","N","","9/3/2026","52","0-1-10/09/2026-17:36:32-192.168.002.001","","","N","","","","","5203267.00","2705497.00","226618865.00","N","","","","0.00","0.00","","",""
"1567","171666","000104430000089","1","9/3/2026","9524","23","4/16/2027","7908764.00","0.00","","","Y","","","N","","9/3/2026","52","0-1-10/09/2026-17:36:32-192.168.002.001","","","N","","","","","5139687.00","2769077.00","223849788.00","N","","","","0.00","0.00","","",""
"1568","171667","000104430000089","1","9/3/2026","9524","24","5/16/2027","7908764.00","0.00","","","Y","","","N","","9/3/2026","52","0-1-10/09/2026-17:36:32-192.168.002.001","","","N","","","","","5074614.00","2834150.00","221015638.00","N","","","","0.00","0.00","","",""
"1569","171668","000104430000089","1","9/3/2026","9524","25","6/16/2027","7908764.00","0.00","","","Y","","","N","","9/3/2026","52","0-1-10/09/2026-17:36:32-192.168.002.001","","","N","","","","","5008012.00","2900752.00","218114886.00","N","","","","0.00","0.00","","",""
"1570","171669","000104430000089","1","9/3/2026","9524","26","7/16/2027","7908764.00","0.00","","","Y","","","N","","9/3/2026","52","0-1-10/09/2026-17:36:32-192.168.002.001","","","N","","","","","4939844.00","2968920.00","215145966.00","N","","","","0.00","0.00","","",""
"1571","171670","000104430000089","1","9/3/2026","9524","27","8/16/2027","7908764.00","0.00","","","Y","","","N","","9/3/2026","52","0-1-10/09/2026-17:36:32-192.168.002.001","","","N","","","","","4870074.00","3038690.00","212107276.00","N","","","","0.00","0.00","","",""
"1572","171671","000104430000089","1","9/3/2026","9524","28","9/16/2027","7908764.00","0.00","","","Y","","","N","","9/3/2026","52","0-1-10/09/2026-17:36:32-192.168.002.001","","","N","","","","","4798665.00","3110099.00","208997177.00","N","","","","0.00","0.00","","",""
"1573","171672","000104430000089","1","9/3/2026","9524","29","10/16/2027","7908764.00","0.00","","","Y","","","N","","9/3/2026","52","0-1-10/09/2026-17:36:32-192.168.002.001","","","N","","","","","4725578.00","3183186.00","205813991.00","N","","","","0.00","0.00","","",""
"1574","171673","000104430000089","1","9/3/2026","9524","30","11/16/2027","7908764.00","0.00","","","Y","","","N","","9/3/2026","52","0-1-10/09/2026-17:36:32-192.168.002.001","","","N","","","","","4650773.00","3257991.00","202556000.00","N","","","","0.00","0.00","","",""
"1575","171674","000104430000089","1","9/3/2026","9524","31","12/16/2027","7908764.00","0.00","","","Y","","","N","","9/3/2026","52","0-1-10/09/2026-17:36:32-192.168.002.001","","","N","","","","","4574210.00","3334554.00","199221446.00","N","","","","0.00","0.00","","",""
"1576","171675","000104430000089","1","9/3/2026","9524","32","1/16/2028","7908764.00","0.00","","","Y","","","N","","9/3/2026","52","0-1-10/09/2026-17:36:32-192.168.002.001","","","N","","","","","4495848.00","3412916.00","195808530.00","N","","","","0.00","0.00","","",""
"1577","171676","000104430000089","1","9/3/2026","9524","33","2/16/2028","7908764.00","0.00","","","Y","","","N","","9/3/2026","52","0-1-10/09/2026-17:36:32-192.168.002.001","","","N","","","","","4415645.00","3493119.00","192315411.00","N","","","","0.00","0.00","","",""
"1578","171677","000104430000089","1","9/3/2026","9524","34","3/16/2028","7908764.00","0.00","","","Y","","","N","","9/3/2026","52","0-1-10/09/2026-17:36:32-192.168.002.001","","","N","","","","","4333556.00","3575208.00","188740203.00","N","","","","0.00","0.00","","",""
"1579","171678","000104430000089","1","9/3/2026","9524","35","4/16/2028","7908764.00","0.00","","","Y","","","N","","9/3/2026","52","0-1-10/09/2026-17:36:32-192.168.002.001","","","N","","","","","4249539.00","3659225.00","185080978.00","N","","","","0.00","0.00","","",""
"1580","171679","000104430000089","1","9/3/2026","9524","36","5/16/2028","7908764.00","0.00","","","Y","","","N","","9/3/2026","52","0-1-10/09/2026-17:36:32-192.168.002.001","","","N","","","","","4163547.00","3745217.00","181335761.00","N","","","","0.00","0.00","","",""
"1581","171680","000104430000089","1","9/3/2026","9524","37","6/16/2028","7908764.00","0.00","","","Y","","","N","","9/3/2026","52","0-1-10/09/2026-17:36:32-192.168.002.001","","","N","","","","","4075534.00","3833230.00","177502531.00","N","","","","0.00","0.00","","",""
"1582","171681","000104430000089","1","9/3/2026","9524","38","7/16/2028","7908764.00","0.00","","","Y","","","N","","9/3/2026","52","0-1-10/09/2026-17:36:32-192.168.002.001","","","N","","","","","3985454.00","3923310.00","173579221.00","N","","","","0.00","0.00","","",""
"1583","171682","000104430000089","1","9/3/2026","9524","39","8/16/2028","7908764.00","0.00","","","Y","","","N","","9/3/2026","52","0-1-10/09/2026-17:36:32-192.168.002.001","","","N","","","","","3893256.00","4015508.00","169563713.00","N","","","","0.00","0.00","","",""
"1584","171683","000104430000089","1","9/3/2026","9524","40","9/16/2028","7908764.00","0.00","","","Y","","","N","","9/3/2026","52","0-1-10/09/2026-17:36:32-192.168.002.001","","","N","","","","","3798891.00","4109873.00","165453840.00","N","","","","0.00","0.00","","",""
"1585","171684","000104430000089","1","9/3/2026","9524","41","10/16/2028","7908764.00","0.00","","","Y","","","N","","9/3/2026","52","0-1-10/09/2026-17:36:32-192.168.002.001","","","N","","","","","3702309.00","4206455.00","161247385.00","N","","","","0.00","0.00","","",""
"1586","171685","000104430000089","1","9/3/2026","9524","42","11/16/2028","7908764.00","0.00","","","Y","","","N","","9/3/2026","52","0-1-10/09/2026-17:36:32-192.168.002.001","","","N","","","","","3603458.00","4305306.00","156942079.00","N","","","","0.00","0.00","","",""
"1587","171686","000104430000089","1","9/3/2026","9524","43","12/16/2028","7908764.00","0.00","","","Y","","","N","","9/3/2026","52","0-1-10/09/2026-17:36:32-192.168.002.001","","","N","","","","","3502283.00","4406481.00","152535598.00","N","","","","0.00","0.00","","",""
"1588","171687","000104430000089","1","9/3/2026","9524","44","1/16/2029","7908764.00","0.00","","","Y","","","N","","9/3/2026","52","0-1-10/09/2026-17:36:32-192.168.002.001","","","N","","","","","3398731.00","4510033.00","148025565.00","N","","","","0.00","0.00","","",""
"1589","171688","000104430000089","1","9/3/2026","9524","45","2/16/2029","7908764.00","0.00","","","Y","","","N","","9/3/2026","52","0-1-10/09/2026-17:36:32-192.168.002.001","","","N","","","","","3292745.00","4616019.00","143409546.00","N","","","","0.00","0.00","","",""
"1590","171689","000104430000089","1","9/3/2026","9524","46","3/16/2029","7908764.00","0.00","","","Y","","","N","","9/3/2026","52","0-1-10/09/2026-17:36:32-192.168.002.001","","","N","","","","","3184268.00","4724496.00","138685050.00","N","","","","0.00","0.00","","",""
"1591","171690","000104430000089","1","9/3/2026","9524","47","4/16/2029","7908764.00","0.00","","","Y","","","N","","9/3/2026","52","0-1-10/09/2026-17:36:32-192.168.002.001","","","N","","","","","3073243.00","4835521.00","133849529.00","N","","","","0.00","0.00","","",""
"1592","171691","000104430000089","1","9/3/2026","9524","48","5/16/2029","7908764.00","0.00","","","Y","","","N","","9/3/2026","52","0-1-10/09/2026-17:36:32-192.168.002.001","","","N","","","","","2959608.00","4949156.00","128900373.00","N","","","","0.00","0.00","","",""
"1593","171692","000104430000089","1","9/3/2026","9524","49","6/16/2029","7908764.00","0.00","","","Y","","","N","","9/3/2026","52","0-1-10/09/2026-17:36:32-192.168.002.001","","","N","","","","","2843303.00","5065461.00","123834912.00","N","","","","0.00","0.00","","",""
"1594","171693","000104430000089","1","9/3/2026","9524","50","7/16/2029","7908764.00","0.00","","","Y","","","N","","9/3/2026","52","0-1-10/09/2026-17:36:32-192.168.002.001","","","N","","","","","2724264.00","5184500.00","118650412.00","N","","","","0.00","0.00","","",""
"1595","171694","000104430000089","1","9/3/2026","9524","51","8/16/2029","7908764.00","0.00","","","Y","","","N","","9/3/2026","52","0-1-10/09/2026-17:36:32-192.168.002.001","","","N","","","","","2602429.00","5306335.00","113344077.00","N","","","","0.00","0.00","","",""
"1596","171695","000104430000089","1","9/3/2026","9524","52","9/16/2029","7908764.00","0.00","","","Y","","","N","","9/3/2026","52","0-1-10/09/2026-17:36:32-192.168.002.001","","","N","","","","","2477730.00","5431034.00","107913043.00","N","","","","0.00","0.00","","",""
"1597","171696","000104430000089","1","9/3/2026","9524","53","10/16/2029","7908764.00","0.00","","","Y","","","N","","9/3/2026","52","0-1-10/09/2026-17:36:32-192.168.002.001","","","N","","","","","2350101.00","5558663.00","102354380.00","N","","","","0.00","0.00","","",""
"1598","171697","000104430000089","1","9/3/2026","9524","54","11/16/2029","7908764.00","0.00","","","Y","","","N","","9/3/2026","52","0-1-10/09/2026-17:36:32-192.168.002.001","","","N","","","","","2219472.00","5689292.00","96665088.00","N","","","","0.00","0.00","","",""
"1599","171698","000104430000089","1","9/3/2026","9524","55","12/16/2029","7908764.00","0.00","","","Y","","","N","","9/3/2026","52","0-1-10/09/2026-17:36:32-192.168.002.001","","","N","","","","","2085774.00","5822990.00","90842098.00","N","","","","0.00","0.00","","",""
"1600","171699","000104430000089","1","9/3/2026","9524","56","1/16/2030","7908764.00","0.00","","","Y","","","N","","9/3/2026","52","0-1-10/09/2026-17:36:32-192.168.002.001","","","N","","","","","1948933.00","5959831.00","84882267.00","N","","","","0.00","0.00","","",""
"1601","171700","000104430000089","1","9/3/2026","9524","57","2/16/2030","7908764.00","0.00","","","Y","","","N","","9/3/2026","52","0-1-10/09/2026-17:36:32-192.168.002.001","","","N","","","","","1808877.00","6099887.00","78782380.00","N","","","","0.00","0.00","","",""
"1602","171701","000104430000089","1","9/3/2026","9524","58","3/16/2030","7908764.00","0.00","","","Y","","","N","","9/3/2026","52","0-1-10/09/2026-17:36:32-192.168.002.001","","","N","","","","","1665530.00","6243234.00","72539146.00","N","","","","0.00","0.00","","",""
"1603","171702","000104430000089","1","9/3/2026","9524","59","4/16/2030","7908764.00","0.00","","","Y","","","N","","9/3/2026","52","0-1-10/09/2026-17:36:32-192.168.002.001","","","N","","","","","1518814.00","6389950.00","66149196.00","N","","","","0.00","0.00","","",""
"1604","171703","000104430000089","1","9/3/2026","9524","60","5/16/2030","7908764.00","0.00","","","Y","","","N","","9/3/2026","52","0-1-10/09/2026-17:36:32-192.168.002.001","","","N","","","","","1368650.00","6540114.00","59609082.00","N","","","","0.00","0.00","","",""
"1605","171704","000104430000089","1","9/3/2026","9524","61","6/16/2030","7908764.00","0.00","","","Y","","","N","","9/3/2026","52","0-1-10/09/2026-17:36:32-192.168.002.001","","","N","","","","","1214957.00","6693807.00","52915275.00","N","","","","0.00","0.00","","",""
"1606","171705","000104430000089","1","9/3/2026","9524","62","7/16/2030","7908764.00","0.00","","","Y","","","N","","9/3/2026","52","0-1-10/09/2026-17:36:32-192.168.002.001","","","N","","","","","1057653.00","6851111.00","46064164.00","N","","","","0.00","0.00","","",""
"1607","171706","000104430000089","1","9/3/2026","9524","63","8/16/2030","7908764.00","0.00","","","Y","","","N","","9/3/2026","52","0-1-10/09/2026-17:36:32-192.168.002.001","","","N","","","","","896652.00","7012112.00","39052052.00","N","","","","0.00","0.00","","",""
"1608","171707","000104430000089","1","9/3/2026","9524","64","9/16/2030","7908764.00","0.00","","","Y","","","N","","9/3/2026","52","0-1-10/09/2026-17:36:32-192.168.002.001","","","N","","","","","731867.00","7176897.00","31875155.00","N","","","","0.00","0.00","","",""
"1609","171708","000104430000089","1","9/3/2026","9524","65","10/16/2030","7908764.00","0.00","","","Y","","","N","","9/3/2026","52","0-1-10/09/2026-17:36:32-192.168.002.001","","","N","","","","","563210.00","7345554.00","24529601.00","N","","","","0.00","0.00","","",""
"1610","171709","000104430000089","1","9/3/2026","9524","66","11/16/2030","7908764.00","0.00","","","Y","","","N","","9/3/2026","52","0-1-10/09/2026-17:36:32-192.168.002.001","","","N","","","","","390590.00","7518174.00","17011427.00","N","","","","0.00","0.00","","",""
"1611","171710","000104430000089","1","9/3/2026","9524","67","12/16/2030","7908764.00","0.00","","","Y","","","N","","9/3/2026","52","0-1-10/09/2026-17:36:32-192.168.002.001","","","N","","","","","213913.00","7694851.00","9316576.00","N","","","","0.00","0.00","","",""
"1612","171711","000104430000089","1","9/3/2026","9524","68","1/16/2031","7908764.00","0.00","","","Y","","","N","","9/3/2026","52","0-1-10/09/2026-17:36:32-192.168.002.001","","","N","","","","","33084.00","7875680.00","1440896.00","N","","","","0.00","0.00","","",""
"1613","171712","000104430000089","1","9/3/2026","9524","69","2/16/2031","1440896.00","0.00","","","Y","","","N","","9/3/2026","52","0-1-10/09/2026-17:36:32-192.168.002.001","","","N","","","","","0.00","1440896.00","0.00","N","","","","0.00","0.00","","",""
"1614","11175","000104450000012","1","3/28/2024","1242","1","1/1/2022","0.00","95929.17","","","Y","","","N","","","9999","11511500","","","Y","9999","0","9999","0","95929.17","-95929.17","11607429.17","Y","","95929.17","0.00","0.00","0.00","0.00","","0.00"
"1615","11176","000104450000012","1","3/28/2024","1242","2","2/1/2022","0.00","96728.58","","","Y","","","N","","","9999","11607429.17","","","Y","9999","0","9999","0","96728.58","-96728.58","11704157.74","Y","","96728.58","0.00","0.00","0.00","0.00","","0.00"
"1616","11177","000104450000012","1","3/28/2024","1242","3","3/1/2022","0.00","97534.65","","","Y","","","N","","","9999","11704157.74","","","Y","9999","0","9999","0","97534.65","-97534.65","11801692.39","Y","","97534.65","0.00","0.00","0.00","0.00","","0.00"
"1617","11178","000104450000012","1","3/28/2024","1243","4","4/1/2022","614925.01","98347.44","","","Y","","","N","","","9999","11801692.39","","","Y","9999","0","9999","643309.53","98347.44","516577.57","11285114.82","Y","","98347.44","0.00","0.00","0.00","0.00","","0.00"
"1618","11179","000104450000012","1","3/28/2024","1243","5","5/1/2022","614925.01","94042.62","","","Y","","","N","","","9999","11285114.82","","","Y","9999","0","9999","1258234.53","94042.62","520882.38","10764232.44","Y","","94042.62","0.00","0.00","0.00","0.00","","0.00"
"1619","11180","000104450000012","1","3/28/2024","1243","6","6/1/2022","614925.01","89701.94","","","Y","","","N","","","9999","10764232.44","","","Y","9999","0","9999","1873159.54","89701.94","525223.07","10239009.37","Y","","89701.94","0.00","0.00","0.00","0.00","","0.00"
"1620","11181","000104450000012","1","3/28/2024","1243","7","7/1/2022","614925.01","85325.08","","","Y","","","N","","","9999","10239009.37","","","Y","9999","0","9999","2488084.54","85325.08","529599.93","9709409.45","Y","","85325.08","0.00","0.00","0.00","0.00","","0.00"
"1621","11182","000104450000012","1","3/28/2024","1243","8","8/1/2022","614925.01","80911.75","","","Y","","","N","","","9999","9709409.45","","","Y","9999","200000","9999","2903009.55","80911.75","534013.26","9175396.19","Y","","80911.75","0.00","0.00","0.00","0.00","","0.00"
"1622","11183","000104450000012","1","3/28/2024","1243","9","9/1/2022","614925.01","76461.63","","","Y","","","N","","","9999","9175396.19","","","Y","9999","700000","9999","2817934.55","76461.63","538463.37","8636932.82","Y","","76461.63","0.00","0.00","0.00","0.00","","0.00"
"1623","11184","000104450000012","1","3/28/2024","1243","10","10/1/2022","614925.01","71974.44","","","Y","","","N","","","9999","8636932.82","","","Y","9999","0","9999","3432859.56","71974.44","542950.56","8093982.25","Y","","71974.44","0.00","0.00","0.00","0.00","","0.00"
"1624","11185","000104450000012","1","3/28/2024","1243","11","11/1/2022","614925.01","67449.85","","","Y","","","N","","","9999","8093982.25","","","Y","9999","0","9999","4047784.56","67449.85","547475.15","7546507.10","Y","","67449.85","0.00","0.00","0.00","0.00","","0.00"
"1625","11186","000104450000012","1","3/28/2024","1243","12","12/1/2022","614925.01","62887.56","","","Y","","","N","","","9999","7546507.1","","","Y","9999","0","9999","4662709.57","62887.56","552037.45","6994469.65","Y","","62887.56","0.00","0.00","0.00","0.00","","0.00"
"1626","11187","000104450000012","1","3/28/2024","1243","13","1/1/2023","614925.01","58287.25","","","Y","","","N","","","9999","6994469.65","","","Y","9999","0","9999","5277634.57","58287.25","556637.76","6437831.89","Y","","58287.25","0.00","0.00","0.00","0.00","","0.00"
"1627","11188","000104450000012","1","3/28/2024","1243","14","2/1/2023","614925.01","53648.60","","","Y","","","N","","","9999","6437831.89","","","Y","9999","0","9999","5892559.58","53648.60","561276.41","5876555.49","Y","","53648.60","0.00","0.00","0.00","0.00","","0.00"
"1628","11189","000104450000012","1","3/28/2024","1243","15","3/1/2023","614925.01","48971.30","","","Y","","","N","","","9999","5876555.49","","","Y","9999","0","9999","6507484.58","48971.30","565953.71","5310601.78","Y","","48971.30","0.00","0.00","0.00","0.00","","0.00"
"1629","11190","000104450000012","1","3/28/2024","1243","16","4/1/2023","614925.01","44255.01","","","Y","","","N","","","9999","5310601.78","","","Y","9999","0","9999","7122409.59","44255.01","570669.99","4739931.79","Y","","44255.01","0.00","0.00","0.00","0.00","","0.00"
"1630","11191","000104450000012","1","3/28/2024","1243","17","5/1/2023","614925.01","39499.43","","","Y","","","N","","","9999","4739931.79","","","Y","9999","0","9999","7737334.59","39499.43","575425.57","4164506.21","Y","","39499.43","0.00","0.00","0.00","0.00","","0.00"
"1631","11192","000104450000012","1","3/28/2024","1243","18","6/1/2023","614925.01","34704.22","","","Y","","","N","","","9999","4164506.21","","","Y","9999","0","9999","8352259.6","34704.22","580220.79","3584285.43","Y","","34704.22","0.00","0.00","0.00","0.00","","0.00"
"1632","11193","000104450000012","1","3/28/2024","1243","19","7/1/2023","614925.01","29869.05","","","Y","","","N","","","9999","3584285.43","","","Y","9999","0","9999","8967184.6","29869.05","585055.96","2999229.47","Y","","29869.05","0.00","0.00","0.00","0.00","","0.00"
"1633","11194","000104450000012","1","3/28/2024","1243","20","8/1/2023","614925.01","24993.58","","","Y","","","N","","","9999","2999229.47","","","Y","9999","0","9999","9582109.61","24993.58","589931.43","2409298.04","Y","","24993.58","0.00","0.00","0.00","0.00","","0.00"
"1634","11195","000104450000012","1","3/28/2024","1243","21","9/1/2023","614925.01","20077.48","","","Y","","","N","","","9999","2409298.04","","","Y","9999","0","9999","10197034.61","20077.48","594847.52","1814450.52","Y","","20077.48","0.00","0.00","0.00","0.00","","0.00"
"1635","11196","000104450000012","1","3/28/2024","1243","22","10/1/2023","614925.01","15120.42","","","Y","","","N","","","9999","1814450.52","","","Y","9999","0","9999","10811959.62","15120.42","599804.58","1214645.94","Y","","15120.42","0.00","0.00","0.00","0.00","","0.00"
"1636","11197","000104450000012","1","3/28/2024","1243","23","11/1/2023","614925.01","10122.05","","","Y","","","N","","","9999","1214645.94","","","Y","9999","0","9999","11426884.62","10122.05","604802.96","609842.98","Y","","10122.05","0.00","0.00","0.00","0.00","","0.00"
"1637","11198","000104450000012","1","3/28/2024","1243","24","12/1/2023","614925.01","5082.02","","","Y","","","N","","","9999","609842.98","","","Y","9999","0","9999","12041809.63","5082.02","609842.98","0.00","Y","","5082.02","0.00","0.00","0.00","0.00","","0.00"
"1638","11199","000104450000015","1","3/28/2024","1244","1","1/1/2022","461449.26","83333.33","","","Y","","","N","","","9999","10000000","","","Y","9999","0","9999","0","83333.33","378115.93","9621884.07","Y","","83333.33","0.00","0.00","0.00","0.00","","0.00"
"1639","11200","000104450000015","1","3/28/2024","1244","2","2/1/2022","461449.26","80182.37","","","Y","","","N","","","9999","9621884.07","","","Y","9999","0","9999","0","80182.37","381266.90","9240617.17","Y","","80182.37","0.00","0.00","0.00","0.00","","0.00"
"1640","11201","000104450000015","1","3/28/2024","1244","3","3/1/2022","461449.26","77005.14","","","Y","","","N","","","9999","9240617.17","","","Y","9999","0","9999","0","77005.14","384444.12","8856173.05","Y","","77005.14","0.00","0.00","0.00","0.00","","0.00"
"1641","11202","000104450000015","1","3/28/2024","1244","4","4/1/2022","461449.26","73801.44","","","Y","","","N","","","9999","8856173.05","","","Y","9999","0","9999","0","73801.44","387647.82","8468525.23","Y","","73801.44","0.00","0.00","0.00","0.00","","0.00"
"1642","11203","000104450000015","1","3/28/2024","1244","5","5/1/2022","461449.26","70571.04","","","Y","","","N","","","9999","8468525.23","","","Y","9999","0","9999","0","70571.04","390878.22","8077647.01","Y","","70571.04","0.00","0.00","0.00","0.00","","0.00"
"1643","11204","000104450000015","1","3/28/2024","1244","6","6/1/2022","461449.26","67313.73","","","Y","","","N","","","9999","8077647.01","","","Y","9999","0","9999","0","67313.73","394135.54","7683511.47","Y","","67313.73","0.00","0.00","0.00","0.00","","0.00"
"1644","11205","000104450000015","1","3/28/2024","1244","7","7/1/2022","461449.26","64029.26","","","Y","","","N","","","9999","7683511.47","","","Y","9999","0","9999","0","64029.26","397420.00","7286091.47","Y","","64029.26","0.00","0.00","0.00","0.00","","0.00"
"1645","11206","000104450000015","1","3/28/2024","1244","8","8/1/2022","461449.26","60717.43","","","Y","","","N","","","9999","7286091.47","","","Y","9999","0","9999","0","60717.43","400731.83","6885359.64","Y","","60717.43","0.00","0.00","0.00","0.00","","0.00"
"1646","11207","000104450000015","1","3/28/2024","1244","9","9/1/2022","461449.26","57378.00","","","Y","","","N","","","9999","6885359.64","","","Y","9999","0","9999","0","57378.00","404071.27","6481288.37","Y","","57378.00","0.00","0.00","0.00","0.00","","0.00"
"1647","11208","000104450000015","1","3/28/2024","1244","10","10/1/2022","461449.26","54010.74","","","Y","","","N","","","9999","6481288.37","","","Y","9999","0","9999","0","54010.74","407438.53","6073849.85","Y","","54010.74","0.00","0.00","0.00","0.00","","0.00"
"1648","11209","000104450000015","1","3/28/2024","1244","11","11/1/2022","461449.26","50615.42","","","Y","","","N","","","9999","6073849.85","","","Y","9999","0","9999","0","50615.42","410833.85","5663016.00","Y","","50615.42","0.00","0.00","0.00","0.00","","0.00"
"1649","11210","000104450000015","1","3/28/2024","1244","12","12/1/2022","461449.26","47191.80","","","Y","","","N","","","9999","5663016","","","Y","9999","0","9999","5567528.15","47191.80","414257.46","5248758.53","Y","","47191.80","0.00","0.00","0.00","0.00","","0.00"
"1650","11211","000104450000015","1","3/28/2024","1244","13","1/1/2023","461449.26","43739.65","","","Y","","","N","","","9999","5248758.53","","","Y","9999","0","9999","5567528.15","43739.65","417709.61","4831048.93","Y","","43739.65","0.00","0.00","0.00","0.00","","0.00"
"1651","11212","000104450000015","1","3/28/2024","1244","14","2/1/2023","461449.26","40258.74","","","Y","","","N","","","9999","4831048.93","","","Y","9999","0","9999","5567528.15","40258.74","421190.52","4409858.40","Y","","40258.74","0.00","0.00","0.00","0.00","","0.00"
"1652","11213","000104450000015","1","3/28/2024","1244","15","3/1/2023","461449.26","36748.82","","","Y","","","N","","","9999","4409858.4","","","Y","9999","0","9999","5567528.15","36748.82","424700.44","3985157.96","Y","","36748.82","0.00","0.00","0.00","0.00","","0.00"
"1653","11214","000104450000015","1","3/28/2024","1244","16","4/1/2023","461449.26","33209.65","","","Y","","","N","","","9999","3985157.96","","","Y","9999","0","9999","5567528.15","33209.65","428239.61","3556918.35","Y","","33209.65","0.00","0.00","0.00","0.00","","0.00"
"1654","11215","000104450000015","1","3/28/2024","1244","17","5/1/2023","461449.26","29640.99","","","Y","","","N","","","9999","3556918.35","","","Y","9999","0","9999","5567528.15","29640.99","431808.28","3125110.07","Y","","29640.99","0.00","0.00","0.00","0.00","","0.00"
"1655","11216","000104450000015","1","3/28/2024","1244","18","6/1/2023","461449.26","26042.58","","","Y","","","N","","","9999","3125110.07","","","Y","9999","0","9999","5567528.15","26042.58","435406.68","2689703.39","Y","","26042.58","0.00","0.00","0.00","0.00","","0.00"
"1656","11217","000104450000015","1","3/28/2024","1244","19","7/1/2023","461449.26","22414.19","","","Y","","","N","","","9999","2689703.39","","","Y","9999","0","9999","5567528.15","22414.19","439035.07","2250668.32","Y","","22414.19","0.00","0.00","0.00","0.00","","0.00"
"1657","11218","000104450000015","1","3/28/2024","1244","20","8/1/2023","461449.26","18755.57","","","Y","","","N","","","9999","2250668.32","","","Y","9999","0","9999","0","18755.57","442693.69","1807974.63","Y","","18755.57","0.00","0.00","0.00","0.00","","0.00"
"1658","11219","000104450000015","1","3/28/2024","1244","21","9/1/2023","461449.26","15066.46","","","Y","","","N","","","9999","1807974.63","","","Y","9999","0","9999","0","15066.46","446382.81","1361591.82","Y","","15066.46","0.00","0.00","0.00","0.00","","0.00"
"1659","11220","000104450000015","1","3/28/2024","1244","22","10/1/2023","461449.26","11346.60","","","Y","","","N","","","9999","1361591.82","","","Y","9999","0","9999","0","11346.60","450102.66","911489.15","Y","","11346.60","0.00","0.00","0.00","0.00","","0.00"
"1660","11221","000104450000015","1","3/28/2024","1244","23","11/1/2023","461449.26","7595.74","","","Y","","","N","","","9999","911489.15","","","Y","9999","0","9999","0","7595.74","453853.52","457635.63","Y","","7595.74","0.00","0.00","0.00","0.00","","0.00"
"1661","11222","000104450000015","1","3/28/2024","1244","24","12/1/2023","461449.26","3813.63","","","Y","","","N","","","9999","457635.63","","","Y","9999","0","9999","11074782.32","3813.63","457635.63","0.00","Y","","3813.63","0.00","0.00","0.00","0.00","","0.00"
"1662","11274","000104450000020","1","3/28/2024","1247","27","4/1/2024","1208064.86","105396.57","","","Y","","","N","","","9999","12647588.56","","","Y","9999","0","9999","1208064.86","105396.57","1102668.29","11544920.28","Y","","105396.57","0.00","0.00","0.00","0.00","","0.00"
"1663","11275","000104450000020","1","3/28/2024","1247","28","5/1/2024","1208064.86","96207.67","","","Y","","","N","","","9999","11544920.28","","","Y","9999","0","9999","2416129.71","96207.67","1111857.19","10433063.09","Y","","96207.67","0.00","0.00","0.00","0.00","","0.00"
"1664","11276","000104450000020","1","3/28/2024","1247","29","6/1/2024","1208064.86","86942.19","","","Y","","","N","","","9999","10433063.09","","","Y","9999","0","9999","3624194.57","86942.19","1121122.66","9311940.43","Y","","86942.19","0.00","0.00","0.00","0.00","","0.00"
"1665","11277","000104450000020","1","3/28/2024","1247","30","7/1/2024","1208064.86","77599.50","","","Y","","","N","","","9999","9311940.43","","","Y","9999","3000000","9999","1832259.43","77599.50","1130465.35","8181475.07","Y","","77599.50","0.00","0.00","0.00","0.00","","0.00"
"1666","11278","000104450000020","1","3/28/2024","1247","31","8/1/2024","1208064.86","0.00","","","Y","","","N","","","9999","8181475.07","","","Y","9999","0","9999","0","68178.96","1139885.90","7041589.18","Y","19528","68178.96","0.00","0.00","0.00","0.00","","0.00"
"1667","11279","000104450000020","1","3/28/2024","1247","32","9/1/2024","1208064.86","0.00","","","Y","","","N","","","9999","7041589.18","","","Y","9999","0","9999","0","58679.91","1149384.95","5892204.23","Y","24152","58679.91","0.00","0.00","0.00","0.00","","0.00"
"1668","11280","000104450000020","1","3/28/2024","1247","33","10/1/2024","1208064.86","0.00","","","Y","","","N","","","9999","5892204.23","","","Y","9999","0","9999","0","49101.70","1158963.15","4733241.08","Y","26847","49101.70","0.00","0.00","0.00","0.00","","0.00"
"1669","11281","000104450000020","1","3/28/2024","1247","34","11/1/2024","1208064.86","0.00","","","Y","","","N","","","9999","4733241.08","","","Y","9999","0","9999","0","39443.68","1168621.18","3564619.89","Y","26847","39443.68","0.00","0.00","0.00","0.00","","0.00"
"1670","11282","000104450000020","1","3/28/2024","1247","35","12/1/2024","1208064.86","0.00","","","Y","","","N","","","9999","3564619.89","","","Y","9999","0","9999","0","29705.17","1178359.69","2386260.20","Y","29017","29705.17","0.00","0.00","0.00","0.00","","0.00"
"1671","11283","000104450000020","1","3/28/2024","1247","36","1/1/2025","1208064.86","0.00","","","Y","","","N","","","9999","2386260.2","","","Y","9999","0","9999","0","19885.50","1188179.35","1198080.85","Y","29017","19885.50","0.00","0.00","0.00","0.00","","0.00"
"1672","11284","000104450000020","1","3/28/2024","1247","37","2/1/2025","1208064.86","0.00","","","Y","","","N","","","9999","1198080.85","","","Y","9999","0","9999","0","9984.01","1198080.85","0.00","Y","29017","9984.01","0.00","0.00","0.00","0.00","","0.00"
"1673","11305","000104450000022","1","3/28/2024","1250","21","11/1/2023","840490.46","110591.62","","","Y","","","N","","","9999","13270993.89","","","Y","9999","0","9999","10847570.96","110591.62","729898.84","12541095.05","Y","","110591.62","0.00","0.00","0.00","0.00","","0.00"
"1674","11306","000104450000022","1","3/28/2024","1250","22","12/1/2023","840490.46","104509.13","","","Y","","","N","","","9999","12541095.05","","","Y","9999","2000000","9999","-1159509.54","104509.13","735981.33","11805113.72","Y","","104509.13","0.00","0.00","0.00","0.00","","0.00"
"1675","11307","000104450000022","1","3/28/2024","1250","23","1/1/2024","840490.46","98375.95","","","Y","","","N","","","9999","11805113.72","","","Y","9999","700000","9999","-1019019.08","98375.95","742114.51","11062999.21","Y","","98375.95","0.00","0.00","0.00","0.00","","0.00"
"1676","11308","000104450000022","1","3/28/2024","1250","24","2/1/2024","840490.46","92191.66","","","Y","","","N","","","9999","11062999.21","","","Y","9999","0","9999","-178528.63","92191.66","748298.80","10314700.41","Y","","92191.66","0.00","0.00","0.00","0.00","","0.00"
"1677","11309","000104450000022","1","3/28/2024","1250","25","3/1/2024","840490.46","85955.84","","","Y","","","N","","","9999","10314700.41","","","Y","9999","0","9999","661961.83","85955.84","754534.62","9560165.79","Y","","85955.84","0.00","0.00","0.00","0.00","","0.00"
"1678","11310","000104450000022","1","3/28/2024","1250","26","4/1/2024","840490.46","79668.05","","","Y","","","N","","","9999","9560165.79","","","Y","9999","0","9999","1502452.29","79668.05","760822.41","8799343.38","Y","","79668.05","0.00","0.00","0.00","0.00","","0.00"
"1679","11311","000104450000022","1","3/28/2024","1250","27","5/1/2024","840490.46","73327.86","","","Y","","","N","","","9999","8799343.38","","","Y","9999","0","9999","2342942.75","73327.86","767162.60","8032180.79","Y","","73327.86","0.00","0.00","0.00","0.00","","0.00"
"1680","11312","000104450000022","1","3/28/2024","1250","28","6/1/2024","840490.46","66934.84","","","Y","","","N","","","9999","8032180.79","","","Y","9999","0","9999","3183433.2","66934.84","773555.62","7258625.17","Y","","66934.84","0.00","0.00","0.00","0.00","","0.00"
"1681","11313","000104450000022","1","3/28/2024","1250","29","7/1/2024","840490.46","60488.54","","","Y","","","N","","","9999","7258625.17","","","Y","9999","0","9999","4023923.66","60488.54","780001.91","6478623.25","Y","","60488.54","0.00","0.00","0.00","0.00","","0.00"
"1682","11314","000104450000022","1","3/28/2024","1250","30","8/1/2024","840490.46","0.00","","","Y","","","N","","","9999","6478623.25","","","Y","9999","0","9999","0","53988.53","786501.93","5692121.32","Y","19522","53988.53","0.00","0.00","0.00","0.00","","0.00"
"1683","11315","000104450000022","1","3/28/2024","1250","31","9/1/2024","840490.46","0.00","","","Y","","","N","","","9999","5692121.32","","","Y","9999","0","9999","0","47434.34","793056.11","4899065.21","Y","24153","47434.34","0.00","0.00","0.00","0.00","","0.00"
"1684","11316","000104450000022","1","3/28/2024","1250","32","10/1/2024","840490.46","0.00","","","Y","","","N","","","9999","4899065.21","","","Y","9999","0","9999","0","40825.54","799664.91","4099400.30","Y","24153","40825.54","0.00","0.00","0.00","0.00","","0.00"
"1685","11317","000104450000022","1","3/28/2024","1250","33","11/1/2024","840490.46","0.00","","","Y","","","N","","","9999","4099400.3","","","Y","9999","0","9999","0","34161.67","806328.79","3293071.51","Y","26848","34161.67","0.00","0.00","0.00","0.00","","0.00"
"1686","11318","000104450000022","1","3/28/2024","1250","34","12/1/2024","840490.46","0.00","","","Y","","","N","","","9999","3293071.51","","","Y","9999","0","9999","0","27442.26","813048.20","2480023.31","Y","26848","27442.26","0.00","0.00","0.00","0.00","","0.00"
"1687","11319","000104450000022","1","3/28/2024","1250","35","1/1/2025","840490.46","0.00","","","Y","","","N","","","9999","2480023.31","","","Y","9999","0","9999","0","20666.86","819823.60","1660199.72","Y","26848","20666.86","0.00","0.00","0.00","0.00","","0.00"
"1688","11320","000104450000022","1","3/28/2024","1250","36","2/1/2025","840490.46","0.00","","","Y","","","N","","","9999","1660199.72","","","Y","9999","0","9999","0","13835.00","826655.46","833544.26","Y","26848","13835.00","0.00","0.00","0.00","0.00","","0.00"
"1689","11321","000104450000022","1","3/28/2024","1250","37","3/1/2025","840490.46","0.00","","","Y","","","N","","","9999","833544.26","","","Y","9999","0","9999","0","6946.20","833544.26","0.00","Y","26848","6946.20","0.00","0.00","0.00","0.00","","0.00"
"1690","11322","000104450000023","1","3/28/2024","1251","1","4/22/2022","0.00","60657.53","","","Y","","","N","","","9999","24600000","","","Y","9999","0","9999","0","60657.53","0.00","24600000.00","Y","","60657.53","0.00","0.00","0.00","0.00","","0.00"
"1691","11323","000104450000023","1","3/28/2024","1252","2","5/1/2022","0.00","205000.00","","","Y","","","N","","","9999","24600000","","","Y","9999","0","9999","0","205000.00","0.00","24600000.00","Y","","205000.00","0.00","0.00","0.00","0.00","","0.00"
"1692","11324","000104450000023","1","3/28/2024","1252","3","6/1/2022","0.00","200093.56","","","Y","","","N","","","9999","24011227.2","","","Y","9999","0","9999","0","200093.56","0.00","24600000.00","Y","","200093.56","0.00","0.00","0.00","0.00","","0.00"
"1693","11325","000104450000023","1","3/28/2024","1252","4","7/1/2022","0.00","195146.23","","","Y","","","N","","","9999","23417547.95","","","Y","9999","0","9999","0","195146.23","0.00","24600000.00","Y","","195146.23","0.00","0.00","0.00","0.00","","0.00"
"1694","11326","000104450000023","1","3/28/2024","1252","5","8/1/2022","0.00","190157.68","","","Y","","","N","","","9999","22818921.38","","","Y","9999","0","9999","0","190157.68","0.00","24600000.00","Y","","190157.68","0.00","0.00","0.00","0.00","","0.00"
"1695","11327","000104450000023","1","3/28/2024","1252","6","9/1/2022","0.00","185127.55","","","Y","","","N","","","9999","22215306.25","","","Y","9999","0","9999","0","185127.55","0.00","24600000.00","Y","","185127.55","0.00","0.00","0.00","0.00","","0.00"
"1696","11328","000104450000023","1","3/28/2024","1252","7","10/1/2022","0.00","180055.51","","","Y","","","N","","","9999","21606661","","","Y","9999","0","9999","0","180055.51","0.00","24600000.00","Y","","180055.51","0.00","0.00","0.00","0.00","","0.00"
"1697","11329","000104450000023","1","3/28/2024","1252","8","11/1/2022","0.00","174941.20","","","Y","","","N","","","9999","20992943.7","","","Y","9999","0","9999","0","174941.20","0.00","24600000.00","Y","","174941.20","0.00","0.00","0.00","0.00","","0.00"
"1698","11330","000104450000023","1","3/28/2024","1252","9","12/1/2022","0.00","169784.27","","","Y","","","N","","","9999","20374112.09","","","Y","9999","0","9999","0","169784.27","0.00","24600000.00","Y","","169784.27","0.00","0.00","0.00","0.00","","0.00"
"1699","11331","000104450000023","1","3/28/2024","1252","10","1/1/2023","0.00","164584.36","","","Y","","","N","","","9999","19750123.56","","","Y","9999","0","9999","0","164584.36","0.00","24600000.00","Y","","164584.36","0.00","0.00","0.00","0.00","","0.00"
"1700","11332","000104450000023","1","3/28/2024","1252","11","2/1/2023","0.00","159341.13","","","Y","","","N","","","9999","19120935.11","","","Y","9999","0","9999","0","159341.13","0.00","24600000.00","Y","","159341.13","0.00","0.00","0.00","0.00","","0.00"
"1701","11333","000104450000023","1","3/28/2024","1252","12","3/1/2023","0.00","154054.20","","","Y","","","N","","","9999","18486503.44","","","Y","9999","9585931","9999","0","154054.20","0.00","24600000.00","Y","","154054.20","0.00","0.00","0.00","0.00","","0.00"
"1702","11334","000104450000023","1","3/28/2024","1252","13","4/1/2023","9585931.13","148723.21","","","Y","","","N","","","9999","17846784.83","","","Y","9999","0","9999","0","148723.21","7398264.78","17201735.22","Y","","148723.21","0.00","0.00","0.00","0.00","","0.00"
"1703","11335","000104450000023","1","3/28/2024","1252","14","5/1/2023","0.00","143347.79","","","Y","","","N","","","9999","17201735.23","","","Y","9999","0","9999","0","143347.79","0.00","17201735.22","Y","","143347.79","0.00","0.00","0.00","0.00","","0.00"
"1704","11336","000104450000023","1","3/28/2024","1252","15","6/1/2023","0.00","137927.59","","","Y","","","N","","","9999","16551310.22","","","Y","9999","0","9999","0","137927.59","0.00","17201735.22","Y","","137927.59","0.00","0.00","0.00","0.00","","0.00"
"1705","11337","000104450000023","1","3/28/2024","1252","16","7/1/2023","0.00","132462.21","","","Y","","","N","","","9999","15895465","","","Y","9999","0","9999","0","132462.21","0.00","17201735.22","Y","","132462.21","0.00","0.00","0.00","0.00","","0.00"
"1706","11338","000104450000023","1","3/28/2024","1252","17","8/1/2023","0.00","126951.29","","","Y","","","N","","","9999","15234154.4","","","Y","9999","0","9999","0","126951.29","0.00","17201735.22","Y","","126951.29","0.00","0.00","0.00","0.00","","0.00"
"1707","11339","000104450000023","1","3/28/2024","1252","18","9/1/2023","0.00","121394.44","","","Y","","","N","","","9999","14567332.88","","","Y","9999","0","9999","0","121394.44","0.00","17201735.22","Y","","121394.44","0.00","0.00","0.00","0.00","","0.00"
"1708","11340","000104450000023","1","3/28/2024","1252","19","10/1/2023","0.00","115791.29","","","Y","","","N","","","9999","13894954.52","","","Y","9999","0","9999","0","115791.29","0.00","17201735.22","Y","","115791.29","0.00","0.00","0.00","0.00","","0.00"
"1709","11341","000104450000023","1","3/28/2024","1252","20","11/1/2023","0.00","110141.44","","","Y","","","N","","","9999","13216973","","","Y","9999","0","9999","0","110141.44","0.00","17201735.22","Y","","110141.44","0.00","0.00","0.00","0.00","","0.00"
"1710","11342","000104450000023","1","3/28/2024","1252","21","12/1/2023","0.00","104444.51","","","Y","","","N","","","9999","12533341.64","","","Y","9999","0","9999","0","104444.51","0.00","17201735.22","Y","","104444.51","0.00","0.00","0.00","0.00","","0.00"
"1711","11343","000104450000023","1","3/28/2024","1252","22","1/1/2024","0.00","98700.11","","","Y","","","N","","","9999","11844013.35","","","Y","9999","0","9999","0","98700.11","0.00","17201735.22","Y","","98700.11","0.00","0.00","0.00","0.00","","0.00"
"1712","11344","000104450000023","1","3/28/2024","1252","23","2/1/2024","0.00","92907.84","","","Y","","","N","","","9999","11148940.65","","","Y","9999","0","9999","0","92907.84","0.00","17201735.22","Y","","92907.84","0.00","0.00","0.00","0.00","","0.00"
"1713","11345","000104450000023","1","3/28/2024","1252","24","3/1/2024","0.00","87067.30","","","Y","","","N","","","9999","10448075.69","","","Y","9999","0","9999","0","87067.30","0.00","17201735.22","Y","","87067.30","0.00","0.00","0.00","0.00","","0.00"
"1714","11346","000104450000023","1","3/28/2024","1252","25","4/1/2024","9525273.60","81178.08","","","Y","","","N","","","9999","9741370.18","","","Y","9999","0","9999","0","81178.08","8172959.77","9028775.45","Y","","81178.08","0.00","0.00","0.00","0.00","","0.00"
"1715","11347","000104450000023","1","3/28/2024","1252","26","5/1/2024","0.00","75239.80","","","Y","","","N","","","9999","9028775.46","","","Y","9999","9525273.66","9999","0","75239.80","0.00","9028775.45","Y","","75239.80","0.00","0.00","0.00","0.00","","0.00"
"1716","11348","000104450000023","1","3/28/2024","1252","27","6/1/2024","0.00","69252.02","","","Y","","","N","","","9999","8310242.45","","","Y","9999","0","9999","0","69252.02","0.00","9028775.45","Y","","69252.02","0.00","0.00","0.00","0.00","","0.00"
"1717","11349","000104450000023","1","3/28/2024","1252","28","7/1/2024","0.00","63214.35","","","Y","","","N","","","9999","7585721.66","","","Y","9999","0","9999","0","63214.35","0.00","9028775.45","Y","","63214.35","0.00","0.00","0.00","0.00","","0.00"
"1718","11350","000104450000023","1","3/28/2024","1252","29","8/1/2024","0.00","0.00","","","Y","","","N","","","9999","6855163.21","","","Y","9999","0","9999","0","57126.36","0.00","9028775.45","N","","0.00","0.00","0.00","0.00","0.00","","0.00"
"1719","11351","000104450000023","1","3/28/2024","1252","30","9/1/2024","0.00","0.00","","","Y","","","N","","","9999","6118516.76","","","Y","9999","0","9999","0","50987.64","0.00","9028775.45","N","","0.00","0.00","0.00","0.00","0.00","","0.00"
"1720","11352","000104450000023","1","3/28/2024","1252","31","10/1/2024","0.00","0.00","","","Y","","","N","","","9999","5375731.6","","","Y","9999","0","9999","0","44797.76","0.00","9028775.45","N","","0.00","0.00","0.00","0.00","0.00","","0.00"
"1721","11353","000104450000023","1","3/28/2024","1252","32","11/1/2024","0.00","0.00","","","Y","","","N","","","9999","4626756.55","","","Y","9999","0","9999","0","38556.30","0.00","9028775.45","N","","0.00","0.00","0.00","0.00","0.00","","0.00"
"1722","11354","000104450000023","1","3/28/2024","1252","33","12/1/2024","0.00","0.00","","","Y","","","N","","","9999","3871540.05","","","Y","9999","0","9999","0","32262.83","0.00","9028775.45","N","","0.00","0.00","0.00","0.00","0.00","","0.00"
"1723","11355","000104450000023","1","3/28/2024","1252","34","1/1/2025","0.00","0.00","","","Y","","","N","","","9999","3110030.08","","","Y","9999","0","9999","0","25916.92","0.00","9028775.45","N","","0.00","0.00","0.00","0.00","0.00","","0.00"
"1724","11356","000104450000023","1","3/28/2024","1252","35","2/1/2025","0.00","0.00","","","Y","","","N","","","9999","2342174.19","","","Y","9999","0","9999","0","19518.12","0.00","9028775.45","N","","0.00","0.00","0.00","0.00","0.00","","0.00"
"1725","11357","000104450000023","1","3/28/2024","1252","36","3/1/2025","0.00","0.00","","","Y","","","N","","","9999","1567919.51","","","Y","9999","0","9999","0","13066.00","0.00","9028775.45","N","","0.00","0.00","0.00","0.00","0.00","","0.00"
"1726","11358","000104450000023","1","3/28/2024","1252","37","4/1/2025","9525273.60","0.00","","","Y","","","N","","","9999","787212.7","","","Y","9999","0","9999","0","6560.11","9028775.46","-0.01","N","","0.00","0.00","0.00","0.00","0.00","","0.00"
"1727","11395","000104450000030","1","3/28/2024","1253","1","6/14/2022","0.00","56666.67","","","Y","","","N","","","9999","12000000","","","Y","9999","0","9999","0","56666.67","-56666.67","12056666.67","Y","","56666.67","0.00","0.00","0.00","0.00","","0.00"
"1728","11396","000104450000030","1","3/28/2024","1253","2","7/1/2022","0.00","100472.22","","","Y","","","N","","","9999","12056666.67","","","Y","9999","0","9999","0","100472.22","-100472.22","12157138.89","Y","","100472.22","0.00","0.00","0.00","0.00","","0.00"
"1729","11397","000104450000030","1","3/28/2024","1253","3","8/1/2022","0.00","101309.49","","","Y","","","N","","","9999","12157138.89","","","Y","9999","0","9999","0","101309.49","-101309.49","12258448.38","Y","","101309.49","0.00","0.00","0.00","0.00","","0.00"
"1730","11398","000104450000030","1","3/28/2024","1253","4","9/1/2022","0.00","102153.74","","","Y","","","N","","","9999","12258448.38","","","Y","9999","0","9999","0","102153.74","-102153.74","12360602.12","Y","","102153.74","0.00","0.00","0.00","0.00","","0.00"
"1731","11399","000104450000030","1","3/28/2024","1253","5","10/1/2022","0.00","103005.02","","","Y","","","N","","","9999","12360602.12","","","Y","9999","0","9999","0","103005.02","-103005.02","12463607.13","Y","","103005.02","0.00","0.00","0.00","0.00","","0.00"
"1732","11400","000104450000030","1","3/28/2024","1253","6","11/1/2022","0.00","103863.39","","","Y","","","N","","","9999","12463607.13","","","Y","9999","0","9999","0","103863.39","-103863.39","12567470.53","Y","","103863.39","0.00","0.00","0.00","0.00","","0.00"
"1733","11401","000104450000030","1","3/28/2024","1253","7","12/1/2022","0.00","104728.92","","","Y","","","N","","","9999","12567470.53","","","Y","9999","0","9999","0","104728.92","-104728.92","12672199.45","Y","","104728.92","0.00","0.00","0.00","0.00","","0.00"
"1734","11402","000104450000030","1","3/28/2024","1254","8","1/1/2023","660282.61","105601.66","","","Y","","","N","","","9999","12672199.45","","","Y","9999","642000","9999","18282.61","105601.66","554680.95","12117518.49","Y","","105601.66","0.00","0.00","0.00","0.00","","0.00"
"1735","11403","000104450000030","1","3/28/2024","1254","9","2/1/2023","660282.61","100979.32","","","Y","","","N","","","9999","12117518.49","","","Y","9999","200000","9999","478565.23","100979.32","559303.29","11558215.20","Y","","100979.32","0.00","0.00","0.00","0.00","","0.00"
"1736","11404","000104450000030","1","3/28/2024","1254","10","3/1/2023","660282.61","96318.46","","","Y","","","N","","","9999","11558215.2","","","Y","9999","0","9999","1138847.84","96318.46","563964.15","10994251.05","Y","","96318.46","0.00","0.00","0.00","0.00","","0.00"
"1737","11405","000104450000030","1","3/28/2024","1254","11","4/1/2023","660282.61","91618.76","","","Y","","","N","","","9999","10994251.05","","","Y","9999","400000","9999","1399130.46","91618.76","568663.86","10425587.19","Y","","91618.76","0.00","0.00","0.00","0.00","","0.00"
"1738","11406","000104450000030","1","3/28/2024","1254","12","5/1/2023","660282.61","86879.89","","","Y","","","N","","","9999","10425587.19","","","Y","9999","0","9999","2059413.07","86879.89","573402.72","9852184.47","Y","","86879.89","0.00","0.00","0.00","0.00","","0.00"
"1739","11407","000104450000030","1","3/28/2024","1254","13","6/1/2023","660282.61","82101.54","","","Y","","","N","","","9999","9852184.47","","","Y","9999","1620000","9999","1099695.69","82101.54","578181.08","9274003.39","Y","","82101.54","0.00","0.00","0.00","0.00","","0.00"
"1740","11408","000104450000030","1","3/28/2024","1254","14","7/1/2023","660282.61","77283.36","","","Y","","","N","","","9999","9274003.39","","","Y","9999","0","9999","1759978.3","77283.36","582999.25","8691004.14","Y","","77283.36","0.00","0.00","0.00","0.00","","0.00"
"1741","11409","000104450000030","1","3/28/2024","1254","15","8/1/2023","660282.61","72425.03","","","Y","","","N","","","9999","8691004.14","","","Y","9999","1800000","9999","620260.92","72425.03","587857.58","8103146.56","Y","","72425.03","0.00","0.00","0.00","0.00","","0.00"
"1742","11410","000104450000030","1","3/28/2024","1254","16","9/1/2023","660282.61","67526.22","","","Y","","","N","","","9999","8103146.56","","","Y","9999","600000","9999","680543.53","67526.22","592756.39","7510390.16","Y","","67526.22","0.00","0.00","0.00","0.00","","0.00"
"1743","11411","000104450000030","1","3/28/2024","1254","17","10/1/2023","660282.61","62586.58","","","Y","","","N","","","9999","7510390.16","","","Y","9999","1250000","9999","90826.15","62586.58","597696.03","6912694.13","Y","","62586.58","0.00","0.00","0.00","0.00","","0.00"
"1744","11412","000104450000030","1","3/28/2024","1254","18","11/1/2023","660282.61","57605.78","","","Y","","","N","","","9999","6912694.13","","","Y","9999","600000","9999","151108.76","57605.78","602676.83","6310017.30","Y","","57605.78","0.00","0.00","0.00","0.00","","0.00"
"1745","11413","000104450000030","1","3/28/2024","1254","19","12/1/2023","660282.61","52583.48","","","Y","","","N","","","9999","6310017.3","","","Y","9999","600000","9999","211391.38","52583.48","607699.14","5702318.17","Y","","52583.48","0.00","0.00","0.00","0.00","","0.00"
"1746","11414","000104450000030","1","3/28/2024","1254","20","1/1/2024","660282.61","47519.32","","","Y","","","N","","","9999","5702318.17","","","Y","9999","650000","9999","221673.99","47519.32","612763.30","5089554.87","Y","","47519.32","0.00","0.00","0.00","0.00","","0.00"
"1747","11415","000104450000030","1","3/28/2024","1254","21","2/1/2024","660282.61","42412.96","","","Y","","","N","","","9999","5089554.87","","","Y","9999","600000","9999","281956.61","42412.96","617869.66","4471685.21","Y","","42412.96","0.00","0.00","0.00","0.00","","0.00"
"1748","11416","000104450000030","1","3/28/2024","1254","22","3/1/2024","660282.61","37264.04","","","Y","","","N","","","9999","4471685.21","","","Y","9999","1506000","9999","-563760.78","37264.04","623018.57","3848666.64","Y","","37264.04","0.00","0.00","0.00","0.00","","0.00"
"1749","11417","000104450000030","1","3/28/2024","1254","23","4/1/2024","660282.61","32072.22","","","Y","","","N","","","9999","3848666.64","","","Y","9999","700000","9999","-603478.16","32072.22","628210.39","3220456.25","Y","","32072.22","0.00","0.00","0.00","0.00","","0.00"
"1750","11418","000104450000030","1","3/28/2024","1254","24","5/1/2024","660282.61","26837.14","","","Y","","","N","","","9999","3220456.25","","","Y","9999","0","9999","56804.45","26837.14","633445.48","2587010.77","Y","","26837.14","0.00","0.00","0.00","0.00","","0.00"
"1751","11419","000104450000030","1","3/28/2024","1254","25","6/1/2024","660282.61","21558.42","","","Y","","","N","","","9999","2587010.77","","","Y","9999","1400000","9999","-682912.93","21558.42","638724.19","1948286.58","Y","","21558.42","0.00","0.00","0.00","0.00","","0.00"
"1752","11420","000104450000030","1","3/28/2024","1254","26","7/1/2024","660282.61","16235.72","","","Y","","","N","","","9999","1948286.58","","","Y","9999","0","9999","-22630.32","16235.72","644046.89","1304239.68","Y","","16235.72","0.00","0.00","0.00","0.00","","0.00"
"1753","11421","000104450000030","1","3/28/2024","1254","27","8/1/2024","660282.61","0.00","","","Y","","","N","","","9999","1304239.68","","","Y","9999","0","9999","0","10868.66","649413.95","654825.73","Y","19530","10868.66","0.00","0.00","0.00","0.00","","0.00"
"1754","11422","000104450000030","1","3/28/2024","1254","28","9/1/2024","660282.61","0.00","","","Y","","","N","","","9999","654825.73","","","Y","9999","0","9999","0","5456.88","654825.73","0.00","Y","24154","5456.88","0.00","0.00","0.00","0.00","","0.00"
"1755","11484","000104450000033","1","3/28/2024","1255","1","7/5/2022","0.00","36335.17","","","Y","","","N","","","9999","4546920","","","Y","9999","0","9999","0","36335.17","-36335.17","7683255.17","Y","","36335.17","0.00","0.00","0.00","0.00","","0.00"
"1756","11485","000104450000033","1","3/28/2024","1255","2","8/1/2022","0.00","82750.05","","","Y","","","N","","","9999","7683255.17","","","Y","9999","0","9999","0","82750.05","-82750.05","12119085.22","Y","","82750.05","0.00","0.00","0.00","0.00","","0.00"
"1757","11486","000104450000033","1","3/28/2024","1255","3","9/1/2022","0.00","100992.38","","","Y","","","N","","","9999","12119085.22","","","Y","9999","0","9999","0","100992.38","-100992.38","12220077.60","Y","","100992.38","0.00","0.00","0.00","0.00","","0.00"
"1758","11487","000104450000033","1","3/28/2024","1255","4","10/1/2022","0.00","101833.98","","","Y","","","N","","","9999","12220077.6","","","Y","9999","0","9999","0","101833.98","-101833.98","12321911.58","Y","","101833.98","0.00","0.00","0.00","0.00","","0.00"
"1759","11488","000104450000033","1","3/28/2024","1256","5","11/1/2022","642030.93","102682.60","","","Y","","","N","","","9999","12321911.58","","","Y","9999","0","9999","642030.93","102682.60","539348.33","11782563.25","Y","","102682.60","0.00","0.00","0.00","0.00","","0.00"
"1760","11489","000104450000033","1","3/28/2024","1256","6","12/1/2022","642030.93","98188.03","","","Y","","","N","","","9999","11782563.25","","","Y","9999","0","9999","1284061.86","98188.03","543842.90","11238720.34","Y","","98188.03","0.00","0.00","0.00","0.00","","0.00"
"1761","11490","000104450000033","1","3/28/2024","1256","7","1/1/2023","642030.93","93656.00","","","Y","","","N","","","9999","11238720.34","","","Y","9999","642032.6","9999","1284060.19","93656.00","548374.93","10690345.42","Y","","93656.00","0.00","0.00","0.00","0.00","","0.00"
"1762","11491","000104450000033","1","3/28/2024","1256","8","2/1/2023","642030.93","89086.21","","","Y","","","N","","","9999","10690345.42","","","Y","9999","1645200","9999","280891.12","89086.21","552944.72","10137400.70","Y","","89086.21","0.00","0.00","0.00","0.00","","0.00"
"1763","11492","000104450000033","1","3/28/2024","1256","9","3/1/2023","642030.93","84478.34","","","Y","","","N","","","9999","10137400.7","","","Y","9999","98200","9999","824722.05","84478.34","557552.59","9579848.11","Y","","84478.34","0.00","0.00","0.00","0.00","","0.00"
"1764","11493","000104450000033","1","3/28/2024","1256","10","4/1/2023","642030.93","79832.07","","","Y","","","N","","","9999","9579848.11","","","Y","9999","94000","9999","1372752.98","79832.07","562198.86","9017649.24","Y","","79832.07","0.00","0.00","0.00","0.00","","0.00"
"1765","11494","000104450000033","1","3/28/2024","1256","11","5/1/2023","642030.93","75147.08","","","Y","","","N","","","9999","9017649.24","","","Y","9999","1119800","9999","894983.91","75147.08","566883.85","8450765.39","Y","","75147.08","0.00","0.00","0.00","0.00","","0.00"
"1766","11495","000104450000033","1","3/28/2024","1256","12","6/1/2023","642030.93","70423.04","","","Y","","","N","","","9999","8450765.39","","","Y","9999","567000","9999","970014.84","70423.04","571607.89","7879157.51","Y","","70423.04","0.00","0.00","0.00","0.00","","0.00"
"1767","11496","000104450000033","1","3/28/2024","1256","13","7/1/2023","642030.93","65659.65","","","Y","","","N","","","9999","7879157.51","","","Y","9999","40000","9999","1572045.77","65659.65","576371.28","7302786.22","Y","","65659.65","0.00","0.00","0.00","0.00","","0.00"
"1768","11497","000104450000033","1","3/28/2024","1256","14","8/1/2023","642030.93","60856.55","","","Y","","","N","","","9999","7302786.22","","","Y","9999","0","9999","2214076.7","60856.55","581174.38","6721611.84","Y","","60856.55","0.00","0.00","0.00","0.00","","0.00"
"1769","11498","000104450000033","1","3/28/2024","1256","15","9/1/2023","642030.93","56013.43","","","Y","","","N","","","9999","6721611.84","","","Y","9999","100000","9999","2756107.63","56013.43","586017.50","6135594.35","Y","","56013.43","0.00","0.00","0.00","0.00","","0.00"
"1770","11499","000104450000033","1","3/28/2024","1256","16","10/1/2023","642030.93","51129.95","","","Y","","","N","","","9999","6135594.35","","","Y","9999","500000","9999","2898138.56","51129.95","590900.98","5544693.37","Y","","51129.95","0.00","0.00","0.00","0.00","","0.00"
"1771","11500","000104450000033","1","3/28/2024","1256","17","11/1/2023","642030.93","46205.78","","","Y","","","N","","","9999","5544693.37","","","Y","9999","500000","9999","3040169.49","46205.78","595825.15","4948868.22","Y","","46205.78","0.00","0.00","0.00","0.00","","0.00"
"1772","11501","000104450000033","1","3/28/2024","1256","18","12/1/2023","642030.93","41240.57","","","Y","","","N","","","9999","4948868.22","","","Y","9999","500000","9999","3182200.42","41240.57","600790.36","4348077.86","Y","","41240.57","0.00","0.00","0.00","0.00","","0.00"
"1773","11502","000104450000033","1","3/28/2024","1256","19","1/1/2024","642030.93","36233.98","","","Y","","","N","","","9999","4348077.86","","","Y","9999","600000","9999","3224231.35","36233.98","605796.95","3742280.91","Y","","36233.98","0.00","0.00","0.00","0.00","","0.00"
"1774","11503","000104450000033","1","3/28/2024","1256","20","2/1/2024","642030.93","31185.67","","","Y","","","N","","","9999","3742280.91","","","Y","9999","600000","9999","3266262.28","31185.67","610845.26","3131435.65","Y","","31185.67","0.00","0.00","0.00","0.00","","0.00"
"1775","11504","000104450000033","1","3/28/2024","1256","21","3/1/2024","642030.93","26095.30","","","Y","","","N","","","9999","3131435.65","","","Y","9999","0","9999","3908293.21","26095.30","615935.63","2515500.02","Y","","26095.30","0.00","0.00","0.00","0.00","","0.00"
"1776","11505","000104450000033","1","3/28/2024","1256","22","4/1/2024","642030.93","20962.50","","","Y","","","N","","","9999","2515500.02","","","Y","9999","3000000","9999","1550324.14","20962.50","621068.43","1894431.59","Y","","20962.50","0.00","0.00","0.00","0.00","","0.00"
"1777","11506","000104450000033","1","3/28/2024","1256","23","5/1/2024","642030.93","15786.93","","","Y","","","N","","","9999","1894431.59","","","Y","9999","0","9999","2192355.07","15786.93","626244.00","1268187.59","Y","","15786.93","0.00","0.00","0.00","0.00","","0.00"
"1778","11507","000104450000033","1","3/28/2024","1256","24","6/1/2024","642030.93","10568.23","","","Y","","","N","","","9999","1268187.59","","","Y","9999","0","9999","2834386","10568.23","631462.70","636724.89","Y","","10568.23","0.00","0.00","0.00","0.00","","0.00"
"1779","11508","000104450000033","1","3/28/2024","1256","25","7/1/2024","642030.93","5306.04","","","Y","","","N","","","9999","636724.89","","","Y","9999","465000","9999","3011416.93","5306.04","636724.89","0.00","Y","","5306.04","0.00","0.00","0.00","0.00","","0.00"
"1780","11509","000104450000034","1","3/28/2024","1257","1","7/7/2022","69444.44","69444.44","","","Y","","","N","","","9999","10000000","","","Y","9999","0","9999","0","69444.44","0.00","10000000.00","Y","","69444.44","0.00","0.00","0.00","0.00","","0.00"
"1781","11510","000104450000034","1","3/28/2024","1258","2","8/1/2022","879158.87","83333.33","","","Y","","","N","","","9999","10000000","","","Y","9999","0","9999","0","83333.33","795825.54","9204174.47","Y","","83333.33","0.00","0.00","0.00","0.00","","0.00"
"1782","11511","000104450000034","1","3/28/2024","1258","3","9/1/2022","879158.87","76701.45","","","Y","","","N","","","9999","9204174.47","","","Y","9999","0","9999","0","76701.45","802457.42","8401717.05","Y","","76701.45","0.00","0.00","0.00","0.00","","0.00"
"1783","11512","000104450000034","1","3/28/2024","1258","4","10/1/2022","879158.87","70014.31","","","Y","","","N","","","9999","8401717.05","","","Y","9999","0","9999","0","70014.31","809144.56","7592572.48","Y","","70014.31","0.00","0.00","0.00","0.00","","0.00"
"1784","11513","000104450000034","1","3/28/2024","1258","5","11/1/2022","879158.87","63271.44","","","Y","","","N","","","9999","7592572.48","","","Y","9999","0","9999","0","63271.44","815887.44","6776685.05","Y","","63271.44","0.00","0.00","0.00","0.00","","0.00"
"1785","11514","000104450000034","1","3/28/2024","1258","6","12/1/2022","879158.87","56472.38","","","Y","","","N","","","9999","6776685.05","","","Y","9999","0","9999","4465238.8","56472.38","822686.50","5953998.55","Y","","56472.38","0.00","0.00","0.00","0.00","","0.00"
"1786","11515","000104450000034","1","3/28/2024","1258","7","1/1/2023","879158.87","49616.65","","","Y","","","N","","","9999","5953998.55","","","Y","9999","419237.35","9999","4046001.45","49616.65","829542.22","5124456.33","Y","","49616.65","0.00","0.00","0.00","0.00","","0.00"
"1787","11516","000104450000034","1","3/28/2024","1258","8","2/1/2023","879158.87","42703.80","","","Y","","","N","","","9999","5124456.33","","","Y","9999","0","9999","4046001.45","42703.80","836455.07","4288001.26","Y","","42703.80","0.00","0.00","0.00","0.00","","0.00"
"1788","11517","000104450000034","1","3/28/2024","1258","9","3/1/2023","879158.87","35733.34","","","Y","","","N","","","9999","4288001.26","","","Y","9999","0","9999","4046001.45","35733.34","843425.53","3444575.73","Y","","35733.34","0.00","0.00","0.00","0.00","","0.00"
"1789","11518","000104450000034","1","3/28/2024","1259","10","4/1/2023","245243.98","28704.80","","","Y","","","N","","","9999","3444575.73","","","Y","9999","0","9999","0","28704.80","216539.18","3228036.55","Y","","28704.80","0.00","0.00","0.00","0.00","","0.00"
"1790","11519","000104450000034","1","3/28/2024","1259","11","5/1/2023","245243.98","26900.30","","","Y","","","N","","","9999","3228036.55","","","Y","9999","0","9999","0","26900.30","218343.67","3009692.88","Y","","26900.30","0.00","0.00","0.00","0.00","","0.00"
"1791","11520","000104450000034","1","3/28/2024","1259","12","6/1/2023","245243.98","25080.77","","","Y","","","N","","","9999","3009692.88","","","Y","9999","0","9999","0","25080.77","220163.20","2789529.68","Y","","25080.77","0.00","0.00","0.00","0.00","","0.00"
"1792","11521","000104450000034","1","3/28/2024","1259","13","7/1/2023","245243.98","23246.08","","","Y","","","N","","","9999","2789529.68","","","Y","9999","0","9999","0","23246.08","221997.90","2567531.78","Y","","23246.08","0.00","0.00","0.00","0.00","","0.00"
"1793","11522","000104450000034","1","3/28/2024","1259","14","8/1/2023","245243.98","21396.10","","","Y","","","N","","","9999","2567531.78","","","Y","9999","0","9999","0","21396.10","223847.88","2343683.90","Y","","21396.10","0.00","0.00","0.00","0.00","","0.00"
"1794","11523","000104450000034","1","3/28/2024","1259","15","9/1/2023","245243.98","19530.70","","","Y","","","N","","","9999","2343683.9","","","Y","9999","0","9999","0","19530.70","225713.28","2117970.63","Y","","19530.70","0.00","0.00","0.00","0.00","","0.00"
"1795","11524","000104450000034","1","3/28/2024","1259","16","10/1/2023","245243.98","17649.76","","","Y","","","N","","","9999","2117970.63","","","Y","9999","0","9999","0","17649.76","227594.22","1890376.41","Y","","17649.76","0.00","0.00","0.00","0.00","","0.00"
"1796","11525","000104450000034","1","3/28/2024","1259","17","11/1/2023","245243.98","15753.14","","","Y","","","N","","","9999","1890376.41","","","Y","9999","0","9999","0","15753.14","229490.84","1660885.57","Y","","15753.14","0.00","0.00","0.00","0.00","","0.00"
"1797","11526","000104450000034","1","3/28/2024","1259","18","12/1/2023","245243.98","13840.71","","","Y","","","N","","","9999","1660885.57","","","Y","9999","4400000","9999","5390687.54","13840.71","231403.26","1429482.30","Y","","13840.71","0.00","0.00","0.00","0.00","","0.00"
"1798","11527","000104450000034","1","3/28/2024","1259","19","1/1/2024","245243.98","11912.35","","","Y","","","N","","","9999","1429482.3","","","Y","9999","0","9999","0","11912.35","233331.62","1196150.68","Y","","11912.35","0.00","0.00","0.00","0.00","","0.00"
"1799","11528","000104450000034","1","3/28/2024","1259","20","2/1/2024","245243.98","9967.92","","","Y","","","N","","","9999","1196150.68","","","Y","9999","0","9999","0","9967.92","235276.05","960874.62","Y","","9967.92","0.00","0.00","0.00","0.00","","0.00"
"1800","11529","000104450000034","1","3/28/2024","1259","21","3/1/2024","245243.98","8007.29","","","Y","","","N","","","9999","960874.62","","","Y","9999","0","9999","0","8007.29","237236.69","723637.94","Y","","8007.29","0.00","0.00","0.00","0.00","","0.00"
"1801","11530","000104450000034","1","3/28/2024","1259","22","4/1/2024","245243.98","6030.32","","","Y","","","N","","","9999","723637.94","","","Y","9999","0","9999","0","6030.32","239213.66","484424.27","Y","","6030.32","0.00","0.00","0.00","0.00","","0.00"
"1802","11531","000104450000034","1","3/28/2024","1259","23","5/1/2024","245243.98","4036.87","","","Y","","","N","","","9999","484424.27","","","Y","9999","0","9999","0","4036.87","241207.11","243217.17","Y","","4036.87","0.00","0.00","0.00","0.00","","0.00"
"1803","11532","000104450000034","1","3/28/2024","1259","24","6/1/2024","245243.98","2026.81","","","Y","","","N","","","9999","243217.17","","","Y","9999","5700000","9999","262137.72","2026.81","243217.17","0.00","Y","","2026.81","0.00","0.00","0.00","0.00","","0.00"
"1804","28439","000104450000037","1","3/28/2024","1262","1","4/25/2024","0.00","0.00","","","Y","","","N","","","9999","30000000","","","Y","9999","0","9999","0","50000.00","-50000.00","30050000.00","Y","","50000.00","0.00","0.00","0.00","0.00","","0.00"
"1805","28440","000104450000037","1","3/28/2024","1262","2","5/1/2024","0.00","0.00","","","Y","","","N","","","9999","30050000","","","Y","9999","0","9999","0","250416.67","-250416.67","30300416.67","Y","","250416.67","0.00","0.00","0.00","0.00","","0.00"
"1806","28441","000104450000037","1","3/28/2024","1262","3","6/1/2024","0.00","0.00","","","Y","","","N","","","9999","30300416.67","","","Y","9999","0","9999","0","252503.47","-252503.47","30552920.14","Y","","252503.47","0.00","0.00","0.00","0.00","","0.00"
"1807","28442","000104450000037","1","3/28/2024","1262","4","7/1/2024","0.00","0.00","","","Y","","","N","","","9999","30552920.14","","","Y","9999","0","9999","0","254607.67","-254607.67","30807527.81","Y","","254607.67","0.00","0.00","0.00","0.00","","0.00"
"1808","28443","000104450000037","1","3/28/2024","1262","5","8/1/2024","1605220.55","0.00","","","Y","","","N","","","9999","30807527.81","","","Y","9999","0","9999","0","256729.40","1348491.16","29459036.65","Y","19514","256729.40","0.00","0.00","0.00","0.00","","0.00"
"1809","28444","000104450000037","1","3/28/2024","1262","6","9/1/2024","1605220.55","0.00","","","Y","","","N","","","9999","29459036.65","","","Y","9999","0","9999","0","245491.97","1359728.58","28099308.07","Y","24160","245491.97","0.00","0.00","0.00","0.00","","0.00"
"1810","28445","000104450000037","1","3/28/2024","1262","7","10/1/2024","1605220.55","0.00","","","Y","","","N","","","9999","28099308.07","","","Y","9999","0","9999","0","234160.90","1371059.65","26728248.42","Y","26871","234160.90","0.00","0.00","0.00","0.00","","0.00"
"1811","28446","000104450000037","1","3/28/2024","1262","8","11/1/2024","1605220.55","0.00","","","Y","","","N","","","9999","26728248.42","","","Y","9999","0","9999","0","222735.40","1382485.15","25345763.27","Y","29028","222735.40","0.00","0.00","0.00","0.00","","0.00"
"1812","28447","000104450000037","1","3/28/2024","1262","9","12/1/2024","1605220.55","0.00","","","Y","","","N","","","9999","25345763.27","","","Y","9999","0","9999","0","211214.69","1394005.86","23951757.41","Y","34022","211214.69","0.00","0.00","0.00","0.00","","0.00"
"1813","28448","000104450000037","1","3/28/2024","1262","10","1/1/2025","1605220.55","0.00","","","Y","","","N","","","9999","23951757.41","","","Y","9999","0","9999","0","199597.98","1405622.58","22546134.83","Y","40449","199597.98","0.00","0.00","0.00","0.00","","0.00"
"1814","28449","000104450000037","1","3/28/2024","1262","11","2/1/2025","1605220.55","0.00","","","Y","","","N","","","9999","22546134.83","","","Y","9999","0","9999","0","187884.46","1417336.10","21128798.73","Y","40449","187884.46","0.00","0.00","0.00","0.00","","0.00"
"1815","28450","000104450000037","1","3/28/2024","1262","12","3/1/2025","1605220.55","0.00","","","Y","","","N","","","9999","21128798.73","","","Y","9999","0","9999","0","176073.32","1429147.23","19699651.50","Y","48243","176073.32","0.00","0.00","0.00","0.00","","0.00"
"1816","28451","000104450000037","1","3/28/2024","1262","13","4/1/2025","1605220.55","0.00","","","Y","","","N","","","9999","19699651.5","","","Y","9999","0","9999","0","164163.76","1441056.79","18258594.71","Y","49387","164163.76","0.00","0.00","0.00","0.00","","0.00"
"1817","28452","000104450000037","1","3/28/2024","1262","14","5/1/2025","1605220.55","0.00","","","Y","","","N","","","9999","18258594.71","","","Y","9999","0","9999","0","152154.96","1453065.60","16805529.11","Y","54842","152154.96","0.00","0.00","0.00","0.00","","0.00"
"1818","28453","000104450000037","1","3/28/2024","1262","15","6/1/2025","1605220.55","0.00","","","Y","","","N","","","9999","16805529.11","","","Y","9999","0","9999","0","140046.08","1465174.48","15340354.64","Y","91313","140046.08","0.00","0.00","0.00","0.00","","0.00"
"1819","28454","000104450000037","1","3/28/2024","1262","16","7/1/2025","1605220.55","0.00","","","Y","","","N","","","9999","15340354.64","","","Y","9999","0","9999","0","127836.29","1477384.27","13862970.37","Y","209830","127836.29","0.00","0.00","0.00","0.00","","0.00"
"1820","28455","000104450000037","1","3/28/2024","1262","17","8/1/2025","1605220.55","0.00","","","Y","","","N","","","9999","13862970.37","","","Y","9999","0","9999","0","115524.75","1489695.80","12373274.57","Y","210630","115524.75","0.00","0.00","0.00","0.00","","0.00"
"1821","28456","000104450000037","1","3/28/2024","1262","18","9/1/2025","1605220.55","0.00","","","Y","","","N","","","9999","12373274.57","","","Y","9999","0","9999","0","103110.62","1502109.93","10871164.64","Y","226240","103110.62","0.00","0.00","0.00","0.00","","0.00"
"1822","28457","000104450000037","1","3/28/2024","1262","19","10/1/2025","1605220.55","0.00","","","Y","","","N","","","9999","10871164.64","","","Y","9999","0","9999","0","90593.04","1514627.52","9356537.12","Y","243280","90593.04","0.00","0.00","0.00","0.00","","0.00"
"1823","28458","000104450000037","1","3/28/2024","1262","20","11/1/2025","1605220.55","0.00","","","Y","","","N","","","9999","9356537.12","","","Y","9999","0","9999","0","77971.14","1527249.41","7829287.71","Y","258336","77971.14","0.00","0.00","0.00","0.00","","0.00"
"1824","28459","000104450000037","1","3/28/2024","1262","21","12/1/2025","1605220.55","0.00","","","Y","","","N","","","9999","7829287.71","","","Y","9999","0","9999","0","65244.06","1539976.49","6289311.22","Y","284641","65244.06","0.00","0.00","0.00","0.00","","0.00"
"1825","28460","000104450000037","1","3/28/2024","1262","22","1/1/2026","1605220.55","0.00","","","Y","","","N","","","9999","6289311.22","","","Y","9999","0","9999","0","52410.93","1552809.63","4736501.60","Y","310636","52410.93","0.00","0.00","0.00","0.00","","0.00"
"1826","28461","000104450000037","1","3/28/2024","1262","23","2/1/2026","1605220.55","0.00","","","Y","","","N","","","9999","4736501.6","","","Y","9999","0","9999","0","39470.85","1565749.71","3170751.89","Y","310636","39470.85","0.00","0.00","0.00","0.00","","0.00"
"1827","28462","000104450000037","1","3/28/2024","1262","24","3/1/2026","1605220.55","0.00","","","Y","","","N","","","9999","3170751.89","","","Y","9999","0","9999","0","26422.93","1578797.62","1591954.27","Y","325875","26422.93","0.00","0.00","0.00","0.00","","0.00"
"1828","28463","000104450000037","1","3/28/2024","1262","25","4/1/2026","1605220.55","0.00","","","Y","","","N","","","9999","1591954.27","","","Y","9999","0","9999","0","13266.29","1591954.27","0.00","Y","325875","13266.29","0.00","0.00","0.00","0.00","","0.00"
"1829","11533","000104450000038","1","3/28/2024","1263","1","7/13/2022","0.00","52777.78","","","Y","","","N","","","9999","10000000","","","Y","9999","0","9999","0","52777.78","-52777.78","10052777.78","Y","","52777.78","0.00","0.00","0.00","0.00","","0.00"
"1830","11534","000104450000038","1","3/28/2024","1263","2","8/1/2022","0.00","83773.15","","","Y","","","N","","","9999","10052777.78","","","Y","9999","0","9999","0","83773.15","-83773.15","10136550.93","Y","","83773.15","0.00","0.00","0.00","0.00","","0.00"
"1831","11535","000104450000038","1","3/28/2024","1263","3","9/1/2022","0.00","84471.26","","","Y","","","N","","","9999","10136550.93","","","Y","9999","0","9999","0","84471.26","-84471.26","10221022.18","Y","","84471.26","0.00","0.00","0.00","0.00","","0.00"
"1832","11536","000104450000038","1","3/28/2024","1263","4","10/1/2022","0.00","85175.18","","","Y","","","N","","","9999","10221022.18","","","Y","9999","0","9999","0","85175.18","-85175.18","10306197.37","Y","","85175.18","0.00","0.00","0.00","0.00","","0.00"
"1833","11537","000104450000038","1","3/28/2024","1264","5","11/1/2022","537002.51","85884.98","","","Y","","","N","","","9999","10306197.37","","","Y","9999","534000","9999","3002.51","85884.98","451117.53","9855079.83","Y","","85884.98","0.00","0.00","0.00","0.00","","0.00"
"1834","11538","000104450000038","1","3/28/2024","1264","6","12/1/2022","537002.51","82125.67","","","Y","","","N","","","9999","9855079.83","","","Y","9999","0","9999","540005.03","82125.67","454876.85","9400202.99","Y","","82125.67","0.00","0.00","0.00","0.00","","0.00"
"1835","11539","000104450000038","1","3/28/2024","1264","7","1/1/2023","537002.51","78335.02","","","Y","","","N","","","9999","9400202.99","","","Y","9999","0","9999","1077007.54","78335.02","458667.49","8941535.50","Y","","78335.02","0.00","0.00","0.00","0.00","","0.00"
"1836","11540","000104450000038","1","3/28/2024","1264","8","2/1/2023","537002.51","74512.80","","","Y","","","N","","","9999","8941535.5","","","Y","9999","540000","9999","1074010.05","74512.80","462489.72","8479045.78","Y","","74512.80","0.00","0.00","0.00","0.00","","0.00"
"1837","11541","000104450000038","1","3/28/2024","1263","9","3/1/2023","0.00","75150.47","","","Y","","","N","","","9999","9018055.83","","","Y","9999","535000","9999","539010.05","75150.47","-75150.47","9093206.30","Y","","75150.47","0.00","0.00","0.00","0.00","","0.00"
"1838","11542","000104450000038","1","3/28/2024","1263","10","4/1/2023","0.00","75776.72","","","Y","","","N","","","9999","9093206.3","","","Y","9999","0","9999","0","75776.72","-75776.72","9168983.02","Y","","75776.72","0.00","0.00","0.00","0.00","","0.00"
"1839","11543","000104450000038","1","3/28/2024","1263","11","5/1/2023","0.00","76408.19","","","Y","","","N","","","9999","9168983.02","","","Y","9999","0","9999","0","76408.19","-76408.19","9245391.21","Y","","76408.19","0.00","0.00","0.00","0.00","","0.00"
"1840","11544","000104450000038","1","3/28/2024","1263","12","6/1/2023","0.00","77044.93","","","Y","","","N","","","9999","9245391.21","","","Y","9999","0","9999","0","77044.93","-77044.93","9322436.14","Y","","77044.93","0.00","0.00","0.00","0.00","","0.00"
"1841","11545","000104450000038","1","3/28/2024","1265","13","7/1/2023","590416.87","77686.97","","","Y","","","N","","","9999","9322436.14","","","Y","9999","0","9999","590416.87","77686.97","512729.90","8809706.24","Y","","77686.97","0.00","0.00","0.00","0.00","","0.00"
"1842","11546","000104450000038","1","3/28/2024","1265","14","8/1/2023","590416.87","73414.22","","","Y","","","N","","","9999","8809706.24","","","Y","9999","560000","9999","620833.73","73414.22","517002.65","8292703.59","Y","","73414.22","0.00","0.00","0.00","0.00","","0.00"
"1843","11547","000104450000038","1","3/28/2024","1265","15","9/1/2023","590416.87","69105.86","","","Y","","","N","","","9999","8292703.59","","","Y","9999","0","9999","1211250.6","69105.86","521311.00","7771392.59","Y","","69105.86","0.00","0.00","0.00","0.00","","0.00"
"1844","11548","000104450000038","1","3/28/2024","1265","16","10/1/2023","590416.87","64761.60","","","Y","","","N","","","9999","7771392.59","","","Y","9999","600000","9999","1201667.46","64761.60","525655.26","8447404.79","Y","","64761.60","0.00","0.00","0.00","0.00","","0.00"
"1845","11549","000104450000038","1","3/28/2024","1263","17","11/1/2023","0.00","70395.04","","","Y","","","N","","","9999","8447404.79","","","Y","9999","0","9999","70395.04","70395.04","0.00","8447404.79","Y","","70395.04","0.00","0.00","0.00","0.00","","0.00"
"1846","11550","000104450000038","1","3/28/2024","1263","18","12/1/2023","0.00","70395.04","","","Y","","","N","","","9999","8447404.79","","","Y","9999","150000","9999","-9209.92","70395.04","0.00","8447404.79","Y","","70395.04","0.00","0.00","0.00","0.00","","0.00"
"1847","11551","000104450000038","1","3/28/2024","1263","19","1/1/2024","0.00","70395.04","","","Y","","","N","","","9999","8447404.79","","","Y","9999","0","9999","61185.12","70395.04","0.00","8447404.79","Y","","70395.04","0.00","0.00","0.00","0.00","","0.00"
"1848","11552","000104450000038","1","3/28/2024","1266","20","2/1/2024","688334.40","0.00","","","Y","","","N","","","9999","8447404.79","","","Y","9999","0","9999","749519.52","70395.04","617939.36","7829465.43","Y","","70395.04","0.00","0.00","0.00","70395.04","13367","0.00"
"1849","11553","000104450000038","1","3/28/2024","1266","21","3/1/2024","688334.40","0.00","","","Y","","","N","","","9999","7829465.43","","","Y","9999","300000","9999","1137853.92","65245.55","623088.85","7206376.58","Y","","65245.55","0.00","0.00","0.00","65245.55","13367","0.00"
"1850","11554","000104450000038","1","3/28/2024","1266","22","4/1/2024","688334.40","0.00","","","Y","","","N","","","9999","7206376.58","","","Y","9999","400000","9999","1426188.32","60053.14","628281.26","6578095.31","Y","","60053.14","0.00","0.00","0.00","60053.14","13367","0.00"
"1851","11555","000104450000038","1","3/28/2024","1266","23","5/1/2024","688334.40","0.00","","","Y","","","N","","","9999","6578095.31","","","Y","9999","0","9999","2114522.72","54817.46","633516.94","5944578.38","Y","","54817.46","0.00","0.00","0.00","54817.46","13367","0.00"
"1852","11556","000104450000038","1","3/28/2024","1266","24","6/1/2024","688334.40","0.00","","","Y","","","N","","","9999","5944578.38","","","Y","9999","400000","9999","2402857.12","49538.15","638796.25","5305782.13","Y","","49538.15","0.00","0.00","0.00","49538.15","13367","0.00"
"1853","11557","000104450000038","1","3/28/2024","1266","25","7/1/2024","688334.40","0.00","","","Y","","","N","","","9999","5305782.13","","","Y","9999","400000","9999","2691191.52","44214.85","644119.55","4661662.58","Y","","44214.85","0.00","0.00","0.00","44214.85","13367","0.00"
"1854","11558","000104450000038","1","3/28/2024","1266","26","8/1/2024","688334.40","0.00","","","Y","","","N","","","9999","4661662.58","","","Y","9999","0","9999","0","38847.19","649487.21","4012175.37","Y","19531","38847.19","0.00","0.00","0.00","38847.19","13367","0.00"
"1855","11559","000104450000038","1","3/28/2024","1266","27","9/1/2024","688334.40","0.00","","","Y","","","N","","","9999","4012175.37","","","Y","9999","0","9999","0","33434.79","654899.61","3357275.76","Y","24176","33434.79","0.00","0.00","0.00","33434.79","13367","0.00"
"1856","11560","000104450000038","1","3/28/2024","1266","28","10/1/2024","688334.40","0.00","","","Y","","","N","","","9999","3357275.76","","","Y","9999","0","9999","0","27977.30","660357.10","2696918.66","Y","24176","27977.30","0.00","0.00","0.00","27977.30","13367","0.00"
"1857","11561","000104450000038","1","3/28/2024","1266","29","11/1/2024","688334.40","0.00","","","Y","","","N","","","9999","2696918.66","","","Y","9999","0","9999","0","22474.32","665860.08","2031058.58","Y","26877","22474.32","0.00","0.00","0.00","22474.32","13367","0.00"
"1858","11562","000104450000038","1","3/28/2024","1266","30","12/1/2024","688334.40","0.00","","","Y","","","N","","","9999","2031058.58","","","Y","9999","0","9999","0","16925.49","671408.91","1359649.67","Y","26877","16925.49","0.00","0.00","0.00","16925.49","13367","0.00"
"1859","11563","000104450000038","1","3/28/2024","1266","31","1/1/2025","688334.40","0.00","","","Y","","","N","","","9999","1359649.67","","","Y","9999","0","9999","0","11330.41","677003.99","682645.69","Y","26877","11330.41","0.00","0.00","0.00","11330.41","13367","0.00"
"1860","11564","000104450000038","1","3/28/2024","1266","32","2/1/2025","688334.40","0.00","","","Y","","","N","","","9999","682645.69","","","Y","9999","0","9999","0","5688.71","682645.69","0.00","Y","26877","5688.71","0.00","0.00","0.00","5688.71","13367","0.00"
"1861","11565","000104450000041","1","3/28/2024","1267","1","8/2/2022","0.00","77954.67","","","Y","","","N","","","9999","5635580","","","Y","9999","0","9999","0","77954.67","-77954.67","12077954.67","Y","","77954.67","0.00","0.00","0.00","0.00","","0.00"
"1862","11566","000104450000041","1","3/28/2024","1267","2","9/1/2022","0.00","100649.62","","","Y","","","N","","","9999","12077954.67","","","Y","9999","0","9999","0","100649.62","-100649.62","12178604.29","Y","","100649.62","0.00","0.00","0.00","0.00","","0.00"
"1863","11567","000104450000041","1","3/28/2024","1267","3","10/1/2022","0.00","101488.37","","","Y","","","N","","","9999","12178604.29","","","Y","9999","0","9999","0","101488.37","-101488.37","12280092.66","Y","","101488.37","0.00","0.00","0.00","0.00","","0.00"
"1864","11568","000104450000041","1","3/28/2024","1267","4","11/1/2022","0.00","102334.11","","","Y","","","N","","","9999","12280092.66","","","Y","9999","0","9999","0","102334.11","-102334.11","12382426.77","Y","","102334.11","0.00","0.00","0.00","0.00","","0.00"
"1865","11569","000104450000041","1","3/28/2024","1268","5","12/1/2022","645184.06","0.00","","","Y","","","N","","","9999","12382426.77","","","Y","9999","641000","9999","4184.06","103186.89","541997.17","11840429.60","Y","","103186.89","0.00","0.00","0.00","103186.89","13370","0.00"
"1866","11570","000104450000041","1","3/28/2024","1268","6","1/1/2023","645184.06","0.00","","","Y","","","N","","","9999","11840429.6","","","Y","9999","0","9999","649368.13","98670.25","546513.82","11293915.78","Y","","98670.25","0.00","0.00","0.00","98670.25","13370","0.00"
"1867","11571","000104450000041","1","3/28/2024","1268","7","2/1/2023","645184.06","0.00","","","Y","","","N","","","9999","11293915.78","","","Y","9999","0","9999","1294552.19","94115.96","551068.10","10742847.68","Y","","94115.96","0.00","0.00","0.00","94115.96","13370","0.00"
"1868","11572","000104450000041","1","3/28/2024","1268","8","3/1/2023","645184.06","0.00","","","Y","","","N","","","9999","10742847.68","","","Y","9999","0","9999","1939736.25","89523.73","555660.33","10187187.35","Y","","89523.73","0.00","0.00","0.00","89523.73","13370","0.00"
"1869","11573","000104450000041","1","3/28/2024","1268","9","4/1/2023","645184.06","0.00","","","Y","","","N","","","9999","10187187.35","","","Y","9999","0","9999","2584920.31","84893.23","560290.83","9626896.51","Y","","84893.23","0.00","0.00","0.00","84893.23","13370","0.00"
"1870","11574","000104450000041","1","3/28/2024","1268","10","5/1/2023","645184.06","0.00","","","Y","","","N","","","9999","9626896.51","","","Y","9999","0","9999","3230104.38","80224.14","564959.93","9061936.59","Y","","80224.14","0.00","0.00","0.00","80224.14","13370","0.00"
"1871","11575","000104450000041","1","3/28/2024","1268","11","6/1/2023","645184.06","0.00","","","Y","","","N","","","9999","9061936.59","","","Y","9999","0","9999","3875288.44","75516.14","569667.92","8492268.67","Y","","75516.14","0.00","0.00","0.00","75516.14","13370","0.00"
"1872","11576","000104450000041","1","3/28/2024","1268","12","7/1/2023","645184.06","0.00","","","Y","","","N","","","9999","8492268.67","","","Y","9999","0","9999","4520472.5","70768.91","574415.16","7917853.51","Y","","70768.91","0.00","0.00","0.00","70768.91","13370","0.00"
"1873","11577","000104450000041","1","3/28/2024","1268","13","8/1/2023","645184.06","0.00","","","Y","","","N","","","9999","7917853.51","","","Y","9999","1000000","9999","4165656.56","65982.11","579201.95","7338651.56","Y","","65982.11","0.00","0.00","0.00","65982.11","13370","0.00"
"1874","11578","000104450000041","1","3/28/2024","1268","14","9/1/2023","645184.06","0.00","","","Y","","","N","","","9999","7338651.56","","","Y","9999","0","9999","4810840.63","61155.43","584028.63","6754622.92","Y","","61155.43","0.00","0.00","0.00","61155.43","13370","0.00"
"1875","11579","000104450000041","1","3/28/2024","1268","15","10/1/2023","645184.06","0.00","","","Y","","","N","","","9999","6754622.92","","","Y","9999","0","9999","5456024.69","56288.52","588895.54","6165727.39","Y","","56288.52","0.00","0.00","0.00","56288.52","13370","0.00"
"1876","11580","000104450000041","1","3/28/2024","1268","16","11/1/2023","645184.06","0.00","","","Y","","","N","","","9999","6165727.39","","","Y","9999","300000","9999","5801208.75","51381.06","593803.00","5571924.39","Y","","51381.06","0.00","0.00","0.00","51381.06","13370","0.00"
"1877","11581","000104450000041","1","3/28/2024","1268","17","12/1/2023","645184.06","0.00","","","Y","","","N","","","9999","5571924.39","","","Y","9999","0","9999","6446392.82","46432.70","598751.36","4973173.03","Y","","46432.70","0.00","0.00","0.00","46432.70","13370","0.00"
"1878","11582","000104450000041","1","3/28/2024","1268","18","1/1/2024","645184.06","0.00","","","Y","","","N","","","9999","4973173.03","","","Y","9999","0","9999","7091576.88","41443.11","603740.95","4369432.07","Y","","41443.11","0.00","0.00","0.00","41443.11","13370","0.00"
"1879","11583","000104450000041","1","3/28/2024","1268","19","2/1/2024","645184.06","0.00","","","Y","","","N","","","9999","4369432.07","","","Y","9999","0","9999","7736760.94","36411.93","608772.13","3760659.94","Y","","36411.93","0.00","0.00","0.00","36411.93","13370","0.00"
"1880","11584","000104450000041","1","3/28/2024","1268","20","3/1/2024","645184.06","0.00","","","Y","","","N","","","9999","3760659.94","","","Y","9999","0","9999","8381945","31338.83","613845.23","3146814.71","Y","","31338.83","0.00","0.00","0.00","31338.83","13370","0.00"
"1881","11585","000104450000041","1","3/28/2024","1268","21","4/1/2024","645184.06","0.00","","","Y","","","N","","","9999","3146814.71","","","Y","9999","0","9999","9027129.07","26223.46","618960.61","2527854.11","Y","","26223.46","0.00","0.00","0.00","26223.46","13370","0.00"
"1882","11586","000104450000041","1","3/28/2024","1268","22","5/1/2024","645184.06","0.00","","","Y","","","N","","","9999","2527854.11","","","Y","9999","0","9999","9672313.13","21065.45","624118.61","1903735.49","Y","","21065.45","0.00","0.00","0.00","21065.45","13370","0.00"
"1883","11587","000104450000041","1","3/28/2024","1268","23","6/1/2024","645184.06","0.00","","","Y","","","N","","","9999","1903735.49","","","Y","9999","0","9999","10317497.19","15864.46","629319.60","1274415.89","Y","","15864.46","0.00","0.00","0.00","15864.46","13370","0.00"
"1884","11588","000104450000041","1","3/28/2024","1268","24","7/1/2024","645184.06","0.00","","","Y","","","N","","","9999","1274415.89","","","Y","9999","5000000","9999","5962681.26","10620.13","634563.93","639851.96","Y","","10620.13","0.00","0.00","0.00","10620.13","13370","0.00"
"1885","11589","000104450000041","1","3/28/2024","1268","25","8/1/2024","645184.06","0.00","","","Y","","","N","","","9999","639851.96","","","Y","9999","0","9999","0","5332.10","639851.96","0.00","Y","19511","5332.10","0.00","0.00","0.00","5332.10","13370","0.00"
"1886","11590","000104450000042","1","3/28/2024","1269","1","8/2/2022","0.00","92123.71","","","Y","","","N","","","9999","11423340","","","Y","9999","0","9999","0","92123.71","-92123.71","11515463.71","Y","","92123.71","0.00","0.00","0.00","0.00","","0.00"
"1887","11591","000104450000042","1","3/28/2024","1269","2","9/1/2022","0.00","95962.20","","","Y","","","N","","","9999","11515463.71","","","Y","9999","0","9999","0","95962.20","-95962.20","11611425.91","Y","","95962.20","0.00","0.00","0.00","0.00","","0.00"
"1888","11592","000104450000042","1","3/28/2024","1269","3","10/1/2022","0.00","96761.88","","","Y","","","N","","","9999","11611425.91","","","Y","9999","0","9999","0","96761.88","-96761.88","11708187.79","Y","","96761.88","0.00","0.00","0.00","0.00","","0.00"
"1889","11593","000104450000042","1","3/28/2024","1269","4","11/1/2022","0.00","97568.23","","","Y","","","N","","","9999","11708187.79","","","Y","9999","0","9999","0","97568.23","-97568.23","11805756.02","Y","","97568.23","0.00","0.00","0.00","0.00","","0.00"
"1890","11594","000104450000042","1","3/28/2024","1270","5","12/1/2022","615136.74","0.00","","","Y","","","N","","","9999","11805756.02","","","Y","9999","0","9999","615136.74","98381.30","516755.44","11289000.58","Y","","98381.30","0.00","0.00","0.00","98381.30","13373","0.00"
"1891","11595","000104450000042","1","3/28/2024","1270","6","1/1/2023","615136.74","0.00","","","Y","","","N","","","9999","11289000.58","","","Y","9999","0","9999","1230273.48","94075.00","521061.73","10767938.85","Y","","94075.00","0.00","0.00","0.00","94075.00","13373","0.00"
"1892","11596","000104450000042","1","3/28/2024","1270","7","2/1/2023","615136.74","0.00","","","Y","","","N","","","9999","10767938.85","","","Y","9999","615150","9999","1230260.22","89732.82","525403.92","10242534.93","Y","","89732.82","0.00","0.00","0.00","89732.82","13373","0.00"
"1893","11597","000104450000042","1","3/28/2024","1270","8","3/1/2023","615136.74","0.00","","","Y","","","N","","","9999","10242534.93","","","Y","9999","1230300","9999","615096.96","85354.46","529782.28","9712752.65","Y","","85354.46","0.00","0.00","0.00","85354.46","13373","0.00"
"1894","11598","000104450000042","1","3/28/2024","1270","9","4/1/2023","615136.74","0.00","","","Y","","","N","","","9999","9712752.65","","","Y","9999","615150","9999","615083.7","80939.61","534197.13","9178555.51","Y","","80939.61","0.00","0.00","0.00","80939.61","13373","0.00"
"1895","11599","000104450000042","1","3/28/2024","1270","10","5/1/2023","615136.74","0.00","","","Y","","","N","","","9999","9178555.51","","","Y","9999","615150","9999","615070.44","76487.96","538648.78","8639906.74","Y","","76487.96","0.00","0.00","0.00","76487.96","13373","0.00"
"1896","11600","000104450000042","1","3/28/2024","1270","11","6/1/2023","615136.74","0.00","","","Y","","","N","","","9999","8639906.74","","","Y","9999","615150","9999","615057.18","71999.22","543137.52","8096769.22","Y","","71999.22","0.00","0.00","0.00","71999.22","13373","0.00"
"1897","11601","000104450000042","1","3/28/2024","1270","12","7/1/2023","615136.74","0.00","","","Y","","","N","","","9999","8096769.22","","","Y","9999","1230300","9999","-106.08","67473.08","547663.66","7549105.56","Y","","67473.08","0.00","0.00","0.00","67473.08","13373","0.00"
"1898","11602","000104450000042","1","3/28/2024","1270","13","8/1/2023","615136.74","0.00","","","Y","","","N","","","9999","7549105.56","","","Y","9999","0","9999","615030.66","62909.21","552227.53","6996878.03","Y","","62909.21","0.00","0.00","0.00","62909.21","13373","0.00"
"1899","11603","000104450000042","1","3/28/2024","1270","14","9/1/2023","615136.74","0.00","","","Y","","","N","","","9999","6996878.03","","","Y","9999","615150","9999","615017.4","58307.32","556829.42","6440048.61","Y","","58307.32","0.00","0.00","0.00","58307.32","13373","0.00"
"1900","11604","000104450000042","1","3/28/2024","1270","15","10/1/2023","615136.74","0.00","","","Y","","","N","","","9999","6440048.61","","","Y","9999","615150","9999","615004.14","53667.07","561469.67","5878578.94","Y","","53667.07","0.00","0.00","0.00","53667.07","13373","0.00"
"1901","11605","000104450000042","1","3/28/2024","1270","16","11/1/2023","615136.74","0.00","","","Y","","","N","","","9999","5878578.94","","","Y","9999","1230300","9999","-159.12","48988.16","566148.58","5312430.36","Y","","48988.16","0.00","0.00","0.00","48988.16","13373","0.00"
"1902","11606","000104450000042","1","3/28/2024","1270","17","12/1/2023","615136.74","0.00","","","Y","","","N","","","9999","5312430.36","","","Y","9999","-615150","9999","1230127.62","44270.25","570866.49","4741563.87","Y","","44270.25","0.00","0.00","0.00","44270.25","13373","0.00"
"1903","11607","000104450000042","1","3/28/2024","1270","18","1/1/2024","615136.74","0.00","","","Y","","","N","","","9999","4741563.87","","","Y","9999","615150","9999","1230114.36","39513.03","575623.71","4165940.16","Y","","39513.03","0.00","0.00","0.00","39513.03","13373","0.00"
"1904","11608","000104450000042","1","3/28/2024","1270","19","2/1/2024","615136.74","0.00","","","Y","","","N","","","9999","4165940.16","","","Y","9999","1230274","9999","614977.1","34716.17","580420.57","3585519.59","Y","","34716.17","0.00","0.00","0.00","34716.17","13373","0.00"
"1905","11609","000104450000042","1","3/28/2024","1270","20","3/1/2024","615136.74","0.00","","","Y","","","N","","","9999","3585519.59","","","Y","9999","0","9999","1230113.84","29879.33","585257.41","3000262.18","Y","","29879.33","0.00","0.00","0.00","29879.33","13373","0.00"
"1906","11610","000104450000042","1","3/28/2024","1270","21","4/1/2024","615136.74","0.00","","","Y","","","N","","","9999","3000262.18","","","Y","9999","1230300","9999","614950.58","25002.18","590134.56","2410127.63","Y","","25002.18","0.00","0.00","0.00","25002.18","13373","0.00"
"1907","11611","000104450000042","1","3/28/2024","1270","22","5/1/2024","615136.74","0.00","","","Y","","","N","","","9999","2410127.63","","","Y","9999","0","9999","1230087.32","20084.40","595052.34","1815075.28","Y","","20084.40","0.00","0.00","0.00","20084.40","13373","0.00"
"1908","11612","000104450000042","1","3/28/2024","1270","23","6/1/2024","615136.74","0.00","","","Y","","","N","","","9999","1815075.28","","","Y","9999","1230300","9999","614924.06","15125.63","600011.11","1215064.17","Y","","15125.63","0.00","0.00","0.00","15125.63","13373","0.00"
"1909","11613","000104450000042","1","3/28/2024","1270","24","7/1/2024","615136.74","0.00","","","Y","","","N","","","9999","1215064.17","","","Y","9999","612000","9999","618060.8","10125.53","605011.21","610052.97","Y","","10125.53","0.00","0.00","0.00","10125.53","13373","0.00"
"1910","11614","000104450000042","1","3/28/2024","1270","25","8/1/2024","615136.74","0.00","","","Y","","","N","","","9999","610052.97","","","Y","9999","0","9999","0","5083.77","610052.97","0.00","Y","19518","5083.77","0.00","0.00","0.00","5083.77","13373","0.00"
"1911","11664","000104450000045","1","3/28/2024","1271","1","10/10/2022","0.00","59139.78","","","Y","","","N","","","9999","10000000","","","Y","9999","0","9999","0","59139.78","-59139.78","10059139.78","Y","","59139.78","0.00","0.00","0.00","0.00","","0.00"
"1912","11665","000104450000045","1","3/28/2024","1271","2","11/1/2022","0.00","83826.16","","","Y","","","N","","","9999","10059139.78","","","Y","9999","0","9999","0","83826.16","-83826.16","10142965.95","Y","","83826.16","0.00","0.00","0.00","0.00","","0.00"
"1913","11666","000104450000045","1","3/28/2024","1271","3","12/1/2022","0.00","84524.72","","","Y","","","N","","","9999","10142965.95","","","Y","9999","0","9999","0","84524.72","-84524.72","10227490.67","Y","","84524.72","0.00","0.00","0.00","0.00","","0.00"
"1914","11667","000104450000045","1","3/28/2024","1271","4","1/1/2023","0.00","85229.09","","","Y","","","N","","","9999","10227490.67","","","Y","9999","0","9999","0","85229.09","-85229.09","10312719.75","Y","","85229.09","0.00","0.00","0.00","0.00","","0.00"
"1915","11668","000104450000045","1","3/28/2024","1272","5","2/1/2023","537342.36","85939.33","","","Y","","","N","","","9999","10312719.75","","","Y","9999","0","9999","537342.36","85939.33","451403.03","9861316.73","Y","","85939.33","0.00","0.00","0.00","0.00","","0.00"
"1916","11669","000104450000045","1","3/28/2024","1272","6","3/1/2023","537342.36","82177.64","","","Y","","","N","","","9999","9861316.73","","","Y","9999","0","9999","1074684.72","82177.64","455164.72","9406152.00","Y","","82177.64","0.00","0.00","0.00","0.00","","0.00"
"1917","11670","000104450000045","1","3/28/2024","1272","7","4/1/2023","537342.36","78384.60","","","Y","","","N","","","9999","9406152","","","Y","9999","0","9999","1612027.08","78384.60","458957.76","8947194.24","Y","","78384.60","0.00","0.00","0.00","0.00","","0.00"
"1918","11671","000104450000045","1","3/28/2024","1272","8","5/1/2023","537342.36","74559.95","","","Y","","","N","","","9999","8947194.24","","","Y","9999","535000","9999","1614369.44","74559.95","462782.41","8484411.84","Y","","74559.95","0.00","0.00","0.00","0.00","","0.00"
"1919","11672","000104450000045","1","3/28/2024","1272","9","6/1/2023","537342.36","70703.43","","","Y","","","N","","","9999","8484411.84","","","Y","9999","0","9999","2151711.8","70703.43","466638.93","8017772.91","Y","","70703.43","0.00","0.00","0.00","0.00","","0.00"
"1920","11673","000104450000045","1","3/28/2024","1272","10","7/1/2023","537342.36","66814.77","","","Y","","","N","","","9999","8017772.91","","","Y","9999","0","9999","2689054.16","66814.77","470527.59","7547245.32","Y","","66814.77","0.00","0.00","0.00","0.00","","0.00"
"1921","11674","000104450000045","1","3/28/2024","1272","11","8/1/2023","537342.36","62893.71","","","Y","","","N","","","9999","7547245.32","","","Y","9999","0","9999","3226396.52","62893.71","474448.65","7072796.67","Y","","62893.71","0.00","0.00","0.00","0.00","","0.00"
"1922","11675","000104450000045","1","3/28/2024","1272","12","9/1/2023","537342.36","58939.97","","","Y","","","N","","","9999","7072796.67","","","Y","9999","0","9999","3763738.88","58939.97","478402.39","6594394.28","Y","","58939.97","0.00","0.00","0.00","0.00","","0.00"
"1923","11676","000104450000045","1","3/28/2024","1272","13","10/1/2023","537342.36","54953.29","","","Y","","","N","","","9999","6594394.28","","","Y","9999","0","9999","4301081.25","54953.29","482389.07","6112005.21","Y","","54953.29","0.00","0.00","0.00","0.00","","0.00"
"1924","11677","000104450000045","1","3/28/2024","1272","14","11/1/2023","537342.36","50933.38","","","Y","","","N","","","9999","6112005.21","","","Y","9999","535000","9999","4303423.61","50933.38","486408.98","5625596.22","Y","","50933.38","0.00","0.00","0.00","0.00","","0.00"
"1925","11678","000104450000045","1","3/28/2024","1272","15","12/1/2023","537342.36","46879.97","","","Y","","","N","","","9999","5625596.22","","","Y","9999","0","9999","4840765.97","46879.97","490462.39","5135133.83","Y","","46879.97","0.00","0.00","0.00","0.00","","0.00"
"1926","11679","000104450000045","1","3/28/2024","1272","16","1/1/2024","537342.36","42792.78","","","Y","","","N","","","9999","5135133.83","","","Y","9999","535000","9999","4843108.33","42792.78","494549.58","4640584.25","Y","","42792.78","0.00","0.00","0.00","0.00","","0.00"
"1927","11680","000104450000045","1","3/28/2024","1272","17","2/1/2024","537342.36","38671.54","","","Y","","","N","","","9999","4640584.25","","","Y","9999","0","9999","5380450.69","38671.54","498670.83","4141913.43","Y","","38671.54","0.00","0.00","0.00","0.00","","0.00"
"1928","11681","000104450000045","1","3/28/2024","1272","18","3/1/2024","537342.36","34515.95","","","Y","","","N","","","9999","4141913.43","","","Y","9999","0","9999","5917793.05","34515.95","502826.42","3639087.01","Y","","34515.95","0.00","0.00","0.00","0.00","","0.00"
"1929","11682","000104450000045","1","3/28/2024","1272","19","4/1/2024","537342.36","30325.73","","","Y","","","N","","","9999","3639087.01","","","Y","9999","0","9999","6455135.41","30325.73","507016.64","3132070.38","Y","","30325.73","0.00","0.00","0.00","0.00","","0.00"
"1930","11683","000104450000045","1","3/28/2024","1272","20","5/1/2024","537342.36","26100.59","","","Y","","","N","","","9999","3132070.38","","","Y","9999","0","9999","6992477.77","26100.59","511241.77","2620828.60","Y","","26100.59","0.00","0.00","0.00","0.00","","0.00"
"1931","11684","000104450000045","1","3/28/2024","1272","21","6/1/2024","537342.36","21840.24","","","Y","","","N","","","9999","2620828.6","","","Y","9999","0","9999","7529820.13","21840.24","515502.12","2105326.48","Y","","21840.24","0.00","0.00","0.00","0.00","","0.00"
"1932","11685","000104450000045","1","3/28/2024","1272","22","7/1/2024","537342.36","17544.39","","","Y","","","N","","","9999","2105326.48","","","Y","9999","0","9999","8067162.49","17544.39","519797.97","1585528.51","Y","","17544.39","0.00","0.00","0.00","0.00","","0.00"
"1933","11686","000104450000045","1","3/28/2024","1272","23","8/1/2024","537342.36","0.00","","","Y","","","N","","","9999","1585528.51","","","Y","9999","0","9999","0","13212.74","524129.62","1061398.88","Y","19536","13212.74","0.00","0.00","0.00","0.00","","0.00"
"1934","11687","000104450000045","1","3/28/2024","1272","24","9/1/2024","537342.36","0.00","","","Y","","","N","","","9999","1061398.88","","","Y","9999","0","9999","0","8844.99","528497.37","532901.51","Y","19536","8844.99","0.00","0.00","0.00","0.00","","0.00"
"1935","11688","000104450000045","1","3/28/2024","1272","25","10/1/2024","537342.36","0.00","","","Y","","","N","","","9999","532901.51","","","Y","9999","0","9999","0","4440.85","532901.51","0.00","Y","19536","4440.85","0.00","0.00","0.00","0.00","","0.00"
"1936","11689","000104450000046","1","3/28/2024","1273","1","10/10/2022","0.00","70967.74","","","Y","","","N","","","9999","12000000","","","Y","9999","0","9999","0","70967.74","-70967.74","12070967.74","Y","","70967.74","0.00","0.00","0.00","0.00","","0.00"
"1937","11690","000104450000046","1","3/28/2024","1273","2","11/1/2022","0.00","100591.40","","","Y","","","N","","","9999","12070967.74","","","Y","9999","0","9999","0","100591.40","-100591.40","12171559.14","Y","","100591.40","0.00","0.00","0.00","0.00","","0.00"
"1938","11691","000104450000046","1","3/28/2024","1273","3","12/1/2022","0.00","101429.66","","","Y","","","N","","","9999","12171559.14","","","Y","9999","0","9999","0","101429.66","-101429.66","12272988.80","Y","","101429.66","0.00","0.00","0.00","0.00","","0.00"
"1939","11692","000104450000046","1","3/28/2024","1273","4","1/1/2023","0.00","102274.91","","","Y","","","N","","","9999","12272988.8","","","Y","9999","0","9999","0","102274.91","-102274.91","12375263.71","Y","","102274.91","0.00","0.00","0.00","0.00","","0.00"
"1940","11693","000104450000046","1","3/28/2024","1274","5","2/1/2023","644810.83","0.00","","","Y","","","N","","","9999","12375263.71","","","Y","9999","600000","9999","44810.83","103127.20","541683.64","11833580.07","Y","","103127.20","0.00","0.00","0.00","103127.20","13379","0.00"
"1941","11694","000104450000046","1","3/28/2024","1274","6","3/1/2023","644810.83","0.00","","","Y","","","N","","","9999","11833580.07","","","Y","9999","0","9999","689621.67","98613.17","546197.67","11287382.41","Y","","98613.17","0.00","0.00","0.00","98613.17","13379","0.00"
"1942","11695","000104450000046","1","3/28/2024","1274","7","4/1/2023","644810.83","0.00","","","Y","","","N","","","9999","11287382.41","","","Y","9999","0","9999","1334432.5","94061.52","550749.31","10736633.09","Y","","94061.52","0.00","0.00","0.00","94061.52","13379","0.00"
"1943","11696","000104450000046","1","3/28/2024","1274","8","5/1/2023","644810.83","0.00","","","Y","","","N","","","9999","10736633.09","","","Y","9999","0","9999","1979243.33","89471.94","555338.89","10181294.20","Y","","89471.94","0.00","0.00","0.00","89471.94","13379","0.00"
"1944","11697","000104450000046","1","3/28/2024","1274","9","6/1/2023","644810.83","0.00","","","Y","","","N","","","9999","10181294.2","","","Y","9999","0","9999","2624054.16","84844.12","559966.71","9621327.49","Y","","84844.12","0.00","0.00","0.00","84844.12","13379","0.00"
"1945","11698","000104450000046","1","3/28/2024","1274","10","7/1/2023","644810.83","0.00","","","Y","","","N","","","9999","9621327.49","","","Y","9999","0","9999","3268865","80177.73","564633.10","9056694.38","Y","","80177.73","0.00","0.00","0.00","80177.73","13379","0.00"
"1946","11699","000104450000046","1","3/28/2024","1274","11","8/1/2023","644810.83","0.00","","","Y","","","N","","","9999","9056694.38","","","Y","9999","0","9999","3913675.83","75472.45","569338.38","8487356.00","Y","","75472.45","0.00","0.00","0.00","75472.45","13379","0.00"
"1947","11700","000104450000046","1","3/28/2024","1274","12","9/1/2023","644810.83","0.00","","","Y","","","N","","","9999","8487356","","","Y","9999","0","9999","4558486.66","70727.97","574082.87","7913273.14","Y","","70727.97","0.00","0.00","0.00","70727.97","13379","0.00"
"1948","11701","000104450000046","1","3/28/2024","1274","13","10/1/2023","644810.83","0.00","","","Y","","","N","","","9999","7913273.14","","","Y","9999","0","9999","5203297.49","65943.94","578866.89","7334406.25","Y","","65943.94","0.00","0.00","0.00","65943.94","13379","0.00"
"1949","11702","000104450000046","1","3/28/2024","1274","14","11/1/2023","644810.83","0.00","","","Y","","","N","","","9999","7334406.25","","","Y","9999","0","9999","5848108.33","61120.05","583690.78","6750715.47","Y","","61120.05","0.00","0.00","0.00","61120.05","13379","0.00"
"1950","11703","000104450000046","1","3/28/2024","1274","15","12/1/2023","644810.83","0.00","","","Y","","","N","","","9999","6750715.47","","","Y","9999","0","9999","6492919.16","56255.96","588554.87","6162160.60","Y","","56255.96","0.00","0.00","0.00","56255.96","13379","0.00"
"1951","11704","000104450000046","1","3/28/2024","1274","16","1/1/2024","644810.83","0.00","","","Y","","","N","","","9999","6162160.6","","","Y","9999","0","9999","7137729.99","51351.34","593459.49","5568701.10","Y","","51351.34","0.00","0.00","0.00","51351.34","13379","0.00"
"1952","11705","000104450000046","1","3/28/2024","1274","17","2/1/2024","644810.83","0.00","","","Y","","","N","","","9999","5568701.1","","","Y","9999","3500000","9999","4282540.83","46405.84","598404.99","4970296.11","Y","","46405.84","0.00","0.00","0.00","46405.84","13379","0.00"
"1953","11706","000104450000046","1","3/28/2024","1274","18","3/1/2024","644810.83","0.00","","","Y","","","N","","","9999","4970296.11","","","Y","9999","0","9999","4927351.66","41419.13","603391.70","4366904.42","Y","","41419.13","0.00","0.00","0.00","41419.13","13379","0.00"
"1954","11707","000104450000046","1","3/28/2024","1274","19","4/1/2024","644810.83","0.00","","","Y","","","N","","","9999","4366904.42","","","Y","9999","0","9999","5572162.49","36390.87","608419.96","3758484.45","Y","","36390.87","0.00","0.00","0.00","36390.87","13379","0.00"
"1955","11708","000104450000046","1","3/28/2024","1274","20","5/1/2024","644810.83","0.00","","","Y","","","N","","","9999","3758484.45","","","Y","9999","1000000","9999","5216973.32","31320.70","613490.13","3144994.32","Y","","31320.70","0.00","0.00","0.00","31320.70","13379","0.00"
"1956","11709","000104450000046","1","3/28/2024","1274","21","6/1/2024","644810.83","0.00","","","Y","","","N","","","9999","3144994.32","","","Y","9999","0","9999","5861784.16","26208.29","618602.55","2526391.78","Y","","26208.29","0.00","0.00","0.00","26208.29","13379","0.00"
"1957","11710","000104450000046","1","3/28/2024","1274","22","7/1/2024","644810.83","0.00","","","Y","","","N","","","9999","2526391.78","","","Y","9999","0","9999","6506594.99","21053.26","623757.57","1902634.21","Y","","21053.26","0.00","0.00","0.00","21053.26","13379","0.00"
"1958","11711","000104450000046","1","3/28/2024","1274","23","8/1/2024","644810.83","0.00","","","Y","","","N","","","9999","1902634.21","","","Y","9999","0","9999","0","15855.29","628955.55","1273678.66","Y","19524","15855.29","0.00","0.00","0.00","15855.29","13379","0.00"
"1959","11712","000104450000046","1","3/28/2024","1274","24","9/1/2024","644810.83","0.00","","","Y","","","N","","","9999","1273678.66","","","Y","9999","0","9999","0","10613.99","634196.84","639481.82","Y","19524","10613.99","0.00","0.00","0.00","10613.99","13379","0.00"
"1960","11713","000104450000046","1","3/28/2024","1274","25","10/1/2024","644810.83","0.00","","","Y","","","N","","","9999","639481.82","","","Y","9999","0","9999","0","5329.02","639481.82","0.00","Y","19524","5329.02","0.00","0.00","0.00","5329.02","13379","0.00"
"1961","11714","000104450000048","1","3/28/2024","1275","1","10/27/2022","0.00","32258.06","","","Y","","","N","","","9999","24000000","","","Y","9999","0","9999","0","32258.06","-32258.06","24032258.06","Y","","32258.06","0.00","0.00","0.00","0.00","","0.00"
"1962","11715","000104450000048","1","3/28/2024","1275","2","11/1/2022","0.00","200268.82","","","Y","","","N","","","9999","24032258.06","","","Y","9999","0","9999","0","200268.82","-200268.82","24232526.88","Y","","200268.82","0.00","0.00","0.00","0.00","","0.00"
"1963","11716","000104450000048","1","3/28/2024","1275","3","12/1/2022","0.00","201937.72","","","Y","","","N","","","9999","24232526.88","","","Y","9999","5800000","9999","0","201937.72","-201937.72","24434464.61","Y","","201937.72","0.00","0.00","0.00","0.00","","0.00"
"1964","11717","000104450000048","1","3/28/2024","1275","4","1/1/2023","0.00","203620.54","","","Y","","","N","","","9999","24434464.61","","","Y","9999","0","9999","0","203620.54","-203620.54","24638085.14","Y","","203620.54","0.00","0.00","0.00","0.00","","0.00"
"1965","11718","000104450000048","1","3/28/2024","1276","5","2/1/2023","1283762.88","205317.38","","","Y","","","N","","","9999","24638085.14","","","Y","9999","5000000","9999","-9516237.12","205317.38","1078445.51","23559639.64","Y","","205317.38","0.00","0.00","0.00","0.00","","0.00"
"1966","11719","000104450000048","1","3/28/2024","1276","6","3/1/2023","1283762.88","196330.33","","","Y","","","N","","","9999","23559639.64","","","Y","9999","0","9999","-8232474.24","196330.33","1087432.55","22472207.09","Y","","196330.33","0.00","0.00","0.00","0.00","","0.00"
"1967","11720","000104450000048","1","3/28/2024","1276","7","4/1/2023","1283762.88","187268.39","","","Y","","","N","","","9999","22472207.09","","","Y","9999","0","9999","-6948711.35","187268.39","1096494.49","21375712.60","Y","","187268.39","0.00","0.00","0.00","0.00","","0.00"
"1968","11721","000104450000048","1","3/28/2024","1276","8","5/1/2023","1283762.88","178130.94","","","Y","","","N","","","9999","21375712.6","","","Y","9999","0","9999","-5664948.47","178130.94","1105631.94","20270080.65","Y","","178130.94","0.00","0.00","0.00","0.00","","0.00"
"1969","11722","000104450000048","1","3/28/2024","1276","9","6/1/2023","1283762.88","168917.34","","","Y","","","N","","","9999","20270080.65","","","Y","9999","0","9999","-4381185.59","168917.34","1114845.54","19155235.11","Y","","168917.34","0.00","0.00","0.00","0.00","","0.00"
"1970","11723","000104450000048","1","3/28/2024","1276","10","7/1/2023","1283762.88","159626.96","","","Y","","","N","","","9999","19155235.11","","","Y","9999","4500000","9999","-7597422.71","159626.96","1124135.92","18031099.19","Y","","159626.96","0.00","0.00","0.00","0.00","","0.00"
"1971","11724","000104450000048","1","3/28/2024","1276","11","8/1/2023","1283762.88","150259.16","","","Y","","","N","","","9999","18031099.19","","","Y","9999","0","9999","-6313659.83","150259.16","1133503.72","16897595.47","Y","","150259.16","0.00","0.00","0.00","0.00","","0.00"
"1972","11725","000104450000048","1","3/28/2024","1276","12","9/1/2023","1283762.88","140813.30","","","Y","","","N","","","9999","16897595.47","","","Y","9999","0","9999","-5029896.95","140813.30","1142949.59","15754645.88","Y","","140813.30","0.00","0.00","0.00","0.00","","0.00"
"1973","11726","000104450000048","1","3/28/2024","1276","13","10/1/2023","1283762.88","131288.72","","","Y","","","N","","","9999","15754645.88","","","Y","9999","0","9999","-3746134.06","131288.72","1152474.17","14602171.71","Y","","131288.72","0.00","0.00","0.00","0.00","","0.00"
"1974","11727","000104450000048","1","3/28/2024","1276","14","11/1/2023","1283762.88","121684.76","","","Y","","","N","","","9999","14602171.71","","","Y","9999","0","9999","-2462371.18","121684.76","1162078.12","13440093.60","Y","","121684.76","0.00","0.00","0.00","0.00","","0.00"
"1975","11728","000104450000048","1","3/28/2024","1276","15","12/1/2023","1283762.88","112000.78","","","Y","","","N","","","9999","13440093.6","","","Y","9999","0","9999","-1178608.3","112000.78","1171762.10","12268331.50","Y","","112000.78","0.00","0.00","0.00","0.00","","0.00"
"1976","11729","000104450000048","1","3/28/2024","1276","16","1/1/2024","1283762.88","102236.10","","","Y","","","N","","","9999","12268331.5","","","Y","9999","0","9999","105154.58","102236.10","1181526.79","11086804.71","Y","","102236.10","0.00","0.00","0.00","0.00","","0.00"
"1977","11730","000104450000048","1","3/28/2024","1276","17","2/1/2024","1283762.88","92390.04","","","Y","","","N","","","9999","11086804.71","","","Y","9999","0","9999","1388917.46","92390.04","1191372.84","9895431.87","Y","","92390.04","0.00","0.00","0.00","0.00","","0.00"
"1978","11731","000104450000048","1","3/28/2024","1276","18","3/1/2024","1283762.88","82461.93","","","Y","","","N","","","9999","9895431.87","","","Y","9999","0","9999","2672680.34","82461.93","1201300.95","8694130.92","Y","","82461.93","0.00","0.00","0.00","0.00","","0.00"
"1979","11732","000104450000048","1","3/28/2024","1276","19","4/1/2024","1283762.88","72451.09","","","Y","","","N","","","9999","8694130.92","","","Y","9999","0","9999","3956443.23","72451.09","1211311.79","7482819.13","Y","","72451.09","0.00","0.00","0.00","0.00","","0.00"
"1980","11733","000104450000048","1","3/28/2024","1276","20","5/1/2024","1283762.88","62356.83","","","Y","","","N","","","9999","7482819.13","","","Y","9999","0","9999","5240206.11","62356.83","1221406.06","6261413.07","Y","","62356.83","0.00","0.00","0.00","0.00","","0.00"
"1981","11734","000104450000048","1","3/28/2024","1276","21","6/1/2024","1283762.88","52178.44","","","Y","","","N","","","9999","6261413.07","","","Y","9999","6000000","9999","523968.99","52178.44","1231584.44","5029828.63","Y","","52178.44","0.00","0.00","0.00","0.00","","0.00"
"1982","11735","000104450000048","1","3/28/2024","1276","22","7/1/2024","1283762.88","41915.24","","","Y","","","N","","","9999","5029828.63","","","Y","9999","0","9999","1807731.87","41915.24","1241847.64","3787980.99","Y","","41915.24","0.00","0.00","0.00","0.00","","0.00"
"1983","11736","000104450000048","1","3/28/2024","1276","23","8/1/2024","1283762.88","0.00","","","Y","","","N","","","9999","3787980.99","","","Y","9999","0","9999","0","31566.51","1252196.37","2535784.61","Y","19543","31566.51","0.00","0.00","0.00","0.00","","0.00"
"1984","11737","000104450000048","1","3/28/2024","1276","24","9/1/2024","1283762.88","0.00","","","Y","","","N","","","9999","2535784.61","","","Y","9999","0","9999","0","21131.54","1262631.34","1273153.27","Y","24180","21131.54","0.00","0.00","0.00","0.00","","0.00"
"1985","11738","000104450000048","1","3/28/2024","1276","25","10/1/2024","1283762.88","0.00","","","Y","","","N","","","9999","1273153.27","","","Y","9999","0","9999","0","10609.61","1273153.27","0.00","Y","24180","10609.61","0.00","0.00","0.00","0.00","","0.00"
"1986","11739","000104450000049","1","3/28/2024","1277","1","11/2/2022","0.00","80555.56","","","Y","","","N","","","9999","10000000","","","Y","9999","0","9999","0","80555.56","-80555.56","10080555.56","Y","","80555.56","0.00","0.00","0.00","0.00","","0.00"
"1987","11740","000104450000049","1","3/28/2024","1277","2","12/1/2022","0.00","84004.63","","","Y","","","N","","","9999","10080555.56","","","Y","9999","0","9999","0","84004.63","-84004.63","10164560.19","Y","","84004.63","0.00","0.00","0.00","0.00","","0.00"
"1988","11741","000104450000049","1","3/28/2024","1277","3","1/1/2023","0.00","84704.67","","","Y","","","N","","","9999","10164560.19","","","Y","9999","0","9999","0","84704.67","-84704.67","10249264.85","Y","","84704.67","0.00","0.00","0.00","0.00","","0.00"
"1989","11742","000104450000049","1","3/28/2024","1277","4","2/1/2023","0.00","85410.54","","","Y","","","N","","","9999","10249264.85","","","Y","9999","535000","9999","0","85410.54","-85410.54","10334675.39","Y","","85410.54","0.00","0.00","0.00","0.00","","0.00"
"1990","11743","000104450000049","1","3/28/2024","1278","5","3/1/2023","538486.36","0.00","","","Y","","","N","","","9999","10334675.39","","","Y","9999","0","9999","3486.36","86122.29","452364.06","9882311.33","Y","","86122.29","0.00","0.00","0.00","86122.29","13385","0.00"
"1991","11744","000104450000049","1","3/28/2024","1278","6","4/1/2023","538486.36","0.00","","","Y","","","N","","","9999","9882311.33","","","Y","9999","0","9999","541972.71","82352.59","456133.76","9426177.57","Y","","82352.59","0.00","0.00","0.00","82352.59","13385","0.00"
"1992","11745","000104450000049","1","3/28/2024","1278","7","5/1/2023","538486.36","0.00","","","Y","","","N","","","9999","9426177.57","","","Y","9999","535000","9999","545459.07","78551.48","459934.88","8966242.70","Y","","78551.48","0.00","0.00","0.00","78551.48","13385","0.00"
"1993","11746","000104450000049","1","3/28/2024","1278","8","6/1/2023","538486.36","0.00","","","Y","","","N","","","9999","8966242.7","","","Y","9999","0","9999","1083945.42","74718.69","463767.67","8502475.03","Y","","74718.69","0.00","0.00","0.00","74718.69","13385","0.00"
"1994","11747","000104450000049","1","3/28/2024","1278","9","7/1/2023","538486.36","0.00","","","Y","","","N","","","9999","8502475.03","","","Y","9999","0","9999","1622431.78","70853.96","467632.40","8034842.64","Y","","70853.96","0.00","0.00","0.00","70853.96","13385","0.00"
"1995","11748","000104450000049","1","3/28/2024","1278","10","8/1/2023","538486.36","0.00","","","Y","","","N","","","9999","8034842.64","","","Y","9999","0","9999","2160918.13","66957.02","471529.33","7563313.30","Y","","66957.02","0.00","0.00","0.00","66957.02","13385","0.00"
"1996","11749","000104450000049","1","3/28/2024","1278","11","9/1/2023","538486.36","0.00","","","Y","","","N","","","9999","7563313.3","","","Y","9999","0","9999","2699404.49","63027.61","475458.74","7087854.56","Y","","63027.61","0.00","0.00","0.00","63027.61","13385","0.00"
"1997","11750","000104450000049","1","3/28/2024","1278","12","10/1/2023","538486.36","0.00","","","Y","","","N","","","9999","7087854.56","","","Y","9999","0","9999","3237890.84","59065.45","479420.90","6608433.66","Y","","59065.45","0.00","0.00","0.00","59065.45","13385","0.00"
"1998","11751","000104450000049","1","3/28/2024","1278","13","11/1/2023","538486.36","0.00","","","Y","","","N","","","9999","6608433.66","","","Y","9999","0","9999","3776377.2","55070.28","483416.07","6125017.58","Y","","55070.28","0.00","0.00","0.00","55070.28","13385","0.00"
"1999","11752","000104450000049","1","3/28/2024","1278","14","12/1/2023","538486.36","0.00","","","Y","","","N","","","9999","6125017.58","","","Y","9999","0","9999","4314863.55","51041.81","487444.54","5637573.04","Y","","51041.81","0.00","0.00","0.00","51041.81","13385","0.00"
"2000","11753","000104450000049","1","3/28/2024","1278","15","1/1/2024","538486.36","0.00","","","Y","","","N","","","9999","5637573.04","","","Y","9999","0","9999","4853349.91","46979.78","491506.58","5146066.46","Y","","46979.78","0.00","0.00","0.00","46979.78","13385","0.00"
"2001","11754","000104450000049","1","3/28/2024","1278","16","2/1/2024","538486.36","0.00","","","Y","","","N","","","9999","5146066.46","","","Y","9999","0","9999","5391836.26","42883.89","495602.47","4650463.99","Y","","42883.89","0.00","0.00","0.00","42883.89","13385","0.00"
"2002","11755","000104450000049","1","3/28/2024","1278","17","3/1/2024","538486.36","0.00","","","Y","","","N","","","9999","4650463.99","","","Y","9999","0","9999","5930322.62","38753.87","499732.49","4150731.50","Y","","38753.87","0.00","0.00","0.00","38753.87","13385","0.00"
"2003","11756","000104450000049","1","3/28/2024","1278","18","4/1/2024","538486.36","0.00","","","Y","","","N","","","9999","4150731.5","","","Y","9999","0","9999","6468808.97","34589.43","503896.93","3646834.58","Y","","34589.43","0.00","0.00","0.00","34589.43","13385","0.00"
"2004","11757","000104450000049","1","3/28/2024","1278","19","5/1/2024","538486.36","0.00","","","Y","","","N","","","9999","3646834.58","","","Y","9999","0","9999","7007295.33","30390.29","508096.07","3138738.51","Y","","30390.29","0.00","0.00","0.00","30390.29","13385","0.00"
"2005","11758","000104450000049","1","3/28/2024","1278","20","6/1/2024","538486.36","0.00","","","Y","","","N","","","9999","3138738.51","","","Y","9999","0","9999","7545781.68","26156.15","512330.20","2626408.31","Y","","26156.15","0.00","0.00","0.00","26156.15","13385","0.00"
"2006","11759","000104450000049","1","3/28/2024","1278","21","7/1/2024","538486.36","0.00","","","Y","","","N","","","9999","2626408.31","","","Y","9999","535000","9999","7549268.04","21886.74","516599.62","2109808.69","Y","","21886.74","0.00","0.00","0.00","21886.74","13385","0.00"
"2007","11760","000104450000049","1","3/28/2024","1278","22","8/1/2024","538486.36","0.00","","","Y","","","N","","","9999","2109808.69","","","Y","9999","0","9999","0","17581.74","520904.62","1588904.08","Y","19539","17581.74","0.00","0.00","0.00","17581.74","13385","0.00"
"2008","11761","000104450000049","1","3/28/2024","1278","23","9/1/2024","538486.36","0.00","","","Y","","","N","","","9999","1588904.08","","","Y","9999","0","9999","0","13240.87","525245.49","1063658.59","Y","19539","13240.87","0.00","0.00","0.00","13240.87","13385","0.00"
"2009","11762","000104450000049","1","3/28/2024","1278","24","10/1/2024","538486.36","0.00","","","Y","","","N","","","9999","1063658.59","","","Y","9999","0","9999","0","8863.82","529622.53","534036.05","Y","19539","8863.82","0.00","0.00","0.00","8863.82","13385","0.00"
"2010","11763","000104450000049","1","3/28/2024","1278","25","11/1/2024","538486.36","0.00","","","Y","","","N","","","9999","534036.05","","","Y","9999","0","9999","0","4450.30","534036.05","0.00","Y","19539","4450.30","0.00","0.00","0.00","4450.30","13385","0.00"
"2011","11764","000104450000050","1","3/28/2024","1279","1","11/9/2022","0.00","61111.11","","","Y","","","N","","","9999","10000000","","","Y","9999","0","9999","0","61111.11","-61111.11","10061111.11","Y","","61111.11","0.00","0.00","0.00","0.00","","0.00"
"2012","11765","000104450000050","1","3/28/2024","1279","2","12/1/2022","0.00","83842.59","","","Y","","","N","","","9999","10061111.11","","","Y","9999","0","9999","0","83842.59","-83842.59","10144953.70","Y","","83842.59","0.00","0.00","0.00","0.00","","0.00"
"2013","11766","000104450000050","1","3/28/2024","1279","3","1/1/2023","0.00","84541.28","","","Y","","","N","","","9999","10144953.7","","","Y","9999","0","9999","0","84541.28","-84541.28","10229494.98","Y","","84541.28","0.00","0.00","0.00","0.00","","0.00"
"2014","11767","000104450000050","1","3/28/2024","1279","4","2/1/2023","0.00","85245.79","","","Y","","","N","","","9999","10229494.98","","","Y","9999","0","9999","0","85245.79","-85245.79","10314740.78","Y","","85245.79","0.00","0.00","0.00","0.00","","0.00"
"2015","11768","000104450000050","1","3/28/2024","1280","5","3/1/2023","537447.67","85956.17","","","Y","","","N","","","9999","10314740.78","","","Y","9999","0","9999","537447.67","85956.17","451491.49","9863249.28","Y","","85956.17","0.00","0.00","0.00","0.00","","0.00"
"2016","11769","000104450000050","1","3/28/2024","1280","6","4/1/2023","537447.67","82193.74","","","Y","","","N","","","9999","9863249.28","","","Y","9999","0","9999","1074895.33","82193.74","455253.92","9407995.36","Y","","82193.74","0.00","0.00","0.00","0.00","","0.00"
"2017","11770","000104450000050","1","3/28/2024","1280","7","5/1/2023","537447.67","78399.96","","","Y","","","N","","","9999","9407995.36","","","Y","9999","534183.21","9999","1078159.79","78399.96","459047.70","8948947.66","Y","","78399.96","0.00","0.00","0.00","0.00","","0.00"
"2018","11771","000104450000050","1","3/28/2024","1280","8","6/1/2023","537447.67","74574.56","","","Y","","","N","","","9999","8948947.66","","","Y","9999","534184","9999","1081423.45","74574.56","462873.10","8486074.56","Y","","74574.56","0.00","0.00","0.00","0.00","","0.00"
"2019","11772","000104450000050","1","3/28/2024","1280","9","7/1/2023","537447.67","70717.29","","","Y","","","N","","","9999","8486074.56","","","Y","9999","0","9999","1618871.12","70717.29","466730.38","8019344.18","Y","","70717.29","0.00","0.00","0.00","0.00","","0.00"
"2020","11773","000104450000050","1","3/28/2024","1280","10","8/1/2023","537447.67","66827.87","","","Y","","","N","","","9999","8019344.18","","","Y","9999","0","9999","2156318.78","66827.87","470619.80","7548724.38","Y","","66827.87","0.00","0.00","0.00","0.00","","0.00"
"2021","11774","000104450000050","1","3/28/2024","1280","11","9/1/2023","537447.67","62906.04","","","Y","","","N","","","9999","7548724.38","","","Y","9999","534183.21","9999","2159583.24","62906.04","474541.63","7074182.75","Y","","62906.04","0.00","0.00","0.00","0.00","","0.00"
"2022","11775","000104450000050","1","3/28/2024","1280","12","10/1/2023","537447.67","58951.52","","","Y","","","N","","","9999","7074182.75","","","Y","9999","0","9999","2697030.9","58951.52","478496.14","6595686.61","Y","","58951.52","0.00","0.00","0.00","0.00","","0.00"
"2023","11776","000104450000050","1","3/28/2024","1280","13","11/1/2023","537447.67","54964.06","","","Y","","","N","","","9999","6595686.61","","","Y","9999","0","9999","3234478.57","54964.06","482483.61","6113203.00","Y","","54964.06","0.00","0.00","0.00","0.00","","0.00"
"2024","11777","000104450000050","1","3/28/2024","1280","14","12/1/2023","537447.67","50943.36","","","Y","","","N","","","9999","6113203","","","Y","9999","534184","9999","3237742.24","50943.36","486504.31","5626698.69","Y","","50943.36","0.00","0.00","0.00","0.00","","0.00"
"2025","11778","000104450000050","1","3/28/2024","1280","15","1/1/2024","537447.67","46889.16","","","Y","","","N","","","9999","5626698.69","","","Y","9999","0","9999","3775189.9","46889.16","490558.51","5136140.18","Y","","46889.16","0.00","0.00","0.00","0.00","","0.00"
"2026","11779","000104450000050","1","3/28/2024","1280","16","2/1/2024","537447.67","42801.17","","","Y","","","N","","","9999","5136140.18","","","Y","9999","2000000","9999","2312637.57","42801.17","494646.50","4641493.69","Y","","42801.17","0.00","0.00","0.00","0.00","","0.00"
"2027","11780","000104450000050","1","3/28/2024","1280","17","3/1/2024","537447.67","38679.11","","","Y","","","N","","","9999","4641493.69","","","Y","9999","0","9999","2850085.23","38679.11","498768.55","4142725.13","Y","","38679.11","0.00","0.00","0.00","0.00","","0.00"
"2028","11781","000104450000050","1","3/28/2024","1280","18","4/1/2024","537447.67","34522.71","","","Y","","","N","","","9999","4142725.13","","","Y","9999","1000000","9999","2387532.9","34522.71","502924.96","3639800.18","Y","","34522.71","0.00","0.00","0.00","0.00","","0.00"
"2029","11782","000104450000050","1","3/28/2024","1280","19","5/1/2024","537447.67","30331.67","","","Y","","","N","","","9999","3639800.18","","","Y","9999","0","9999","2924980.56","30331.67","507116.00","3132684.18","Y","","30331.67","0.00","0.00","0.00","0.00","","0.00"
"2030","11783","000104450000050","1","3/28/2024","1280","20","6/1/2024","537447.67","26105.70","","","Y","","","N","","","9999","3132684.18","","","Y","9999","3000000","9999","462428.23","26105.70","511341.96","2621342.22","Y","","26105.70","0.00","0.00","0.00","0.00","","0.00"
"2031","11784","000104450000050","1","3/28/2024","1280","21","7/1/2024","537447.67","21844.52","","","Y","","","N","","","9999","2621342.22","","","Y","9999","1068500","9999","-68624.11","21844.52","515603.15","2105739.07","Y","","21844.52","0.00","0.00","0.00","0.00","","0.00"
"2032","11785","000104450000050","1","3/28/2024","1280","22","8/1/2024","537447.67","0.00","","","Y","","","N","","","9999","2105739.07","","","Y","9999","0","9999","0","17547.83","519899.84","1585839.23","Y","24156","17547.83","0.00","0.00","0.00","0.00","","0.00"
"2033","11786","000104450000050","1","3/28/2024","1280","23","9/1/2024","537447.67","0.00","","","Y","","","N","","","9999","1585839.23","","","Y","9999","0","9999","0","13215.33","524232.34","1061606.89","Y","24156","13215.33","0.00","0.00","0.00","0.00","","0.00"
"2034","11787","000104450000050","1","3/28/2024","1280","24","10/1/2024","537447.67","0.00","","","Y","","","N","","","9999","1061606.89","","","Y","9999","0","9999","0","8846.72","528600.94","533005.95","Y","26878","8846.72","0.00","0.00","0.00","0.00","","0.00"
"2035","11788","000104450000050","1","3/28/2024","1280","25","11/1/2024","537447.67","0.00","","","Y","","","N","","","9999","533005.95","","","Y","9999","0","9999","0","4441.72","533005.95","0.00","Y","29032","4441.72","0.00","0.00","0.00","0.00","","0.00"
"2036","11838","000104450000053","1","3/28/2024","1281","1","1/24/2023","0.00","195483.87","","","Y","","","N","","","9999","90900000","","","Y","9999","0","9999","0","195483.87","0.00","90900000.00","Y","","195483.87","0.00","0.00","0.00","0.00","","0.00"
"2037","11839","000104450000053","1","3/28/2024","1281","2","2/1/2023","0.00","757500.00","","","Y","","","N","","","9999","90900000","","","Y","9999","0","9999","0","757500.00","0.00","90900000.00","Y","","757500.00","0.00","0.00","0.00","0.00","","0.00"
"2038","11840","000104450000053","1","3/28/2024","1281","3","3/1/2023","0.00","757500.00","","","Y","","","N","","","9999","90900000","","","Y","9999","787721","9999","922762.87","757500.00","0.00","90900000.00","Y","","757500.00","0.00","0.00","0.00","0.00","","0.00"
"2039","11841","000104450000053","1","3/28/2024","1281","4","4/1/2023","0.00","757500.00","","","Y","","","N","","","9999","90900000","","","Y","9999","1515000","9999","165262.87","757500.00","0.00","90900000.00","Y","","757500.00","0.00","0.00","0.00","0.00","","0.00"
"2040","11842","000104450000053","1","3/28/2024","1282","5","5/1/2023","3162022.73","757500.00","","","Y","","","N","","","9999","90900000","","","Y","9999","3162023","9999","165262.6","757500.00","2404522.73","88495477.27","Y","","757500.00","0.00","0.00","0.00","0.00","","0.00"
"2041","11843","000104450000053","1","3/28/2024","1282","6","6/1/2023","3162022.73","737462.31","","","Y","","","N","","","9999","88495477.27","","","Y","9999","3162022.73","9999","165262.59","737462.31","2424560.42","86070916.86","Y","","737462.31","0.00","0.00","0.00","0.00","","0.00"
"2042","11844","000104450000053","1","3/28/2024","1282","7","7/1/2023","3162022.73","717257.64","","","Y","","","N","","","9999","86070916.86","","","Y","9999","3162022.73","9999","165262.59","717257.64","2444765.09","83626151.77","Y","","717257.64","0.00","0.00","0.00","0.00","","0.00"
"2043","11845","000104450000053","1","3/28/2024","1282","8","8/1/2023","3162022.73","696884.60","","","Y","","","N","","","9999","83626151.77","","","Y","9999","3162022.73","9999","165262.58","696884.60","2465138.13","81161013.65","Y","","696884.60","0.00","0.00","0.00","0.00","","0.00"
"2044","11846","000104450000053","1","3/28/2024","1282","9","9/1/2023","3162022.73","676341.78","","","Y","","","N","","","9999","81161013.65","","","Y","9999","3162022.73","9999","165262.58","676341.78","2485680.95","78675332.70","Y","","676341.78","0.00","0.00","0.00","0.00","","0.00"
"2045","11847","000104450000053","1","3/28/2024","1282","10","10/1/2023","3162022.73","655627.77","","","Y","","","N","","","9999","78675332.7","","","Y","9999","3162023","9999","165262.3","655627.77","2506394.95","76168937.75","Y","","655627.77","0.00","0.00","0.00","0.00","","0.00"
"2046","11848","000104450000053","1","3/28/2024","1282","11","11/1/2023","3162022.73","634741.15","","","Y","","","N","","","9999","76168937.75","","","Y","9999","3162023","9999","165262.03","634741.15","2527281.58","73641656.17","Y","","634741.15","0.00","0.00","0.00","0.00","","0.00"
"2047","11849","000104450000053","1","3/28/2024","1282","12","12/1/2023","3162022.73","613680.47","","","Y","","","N","","","9999","73641656.17","","","Y","9999","3162023","9999","165261.76","613680.47","2548342.26","71093313.91","Y","","613680.47","0.00","0.00","0.00","0.00","","0.00"
"2048","11850","000104450000053","1","3/28/2024","1282","13","1/1/2024","3162022.73","592444.28","","","Y","","","N","","","9999","71093313.91","","","Y","9999","3162023","9999","165261.48","592444.28","2569578.44","68523735.47","Y","","592444.28","0.00","0.00","0.00","0.00","","0.00"
"2049","11851","000104450000053","1","3/28/2024","1282","14","2/1/2024","3162022.73","571031.13","","","Y","","","N","","","9999","68523735.47","","","Y","9999","3162023","9999","165261.21","571031.13","2590991.60","65932743.87","Y","","571031.13","0.00","0.00","0.00","0.00","","0.00"
"2050","11852","000104450000053","1","3/28/2024","1282","15","3/1/2024","3162022.73","549439.53","","","Y","","","N","","","9999","65932743.87","","","Y","9999","3162023","9999","165260.93","549439.53","2612583.19","63320160.68","Y","","549439.53","0.00","0.00","0.00","0.00","","0.00"
"2051","11853","000104450000053","1","3/28/2024","1282","16","4/1/2024","3162022.73","527668.01","","","Y","","","N","","","9999","63320160.68","","","Y","9999","3162023","9999","165260.66","527668.01","2634354.72","60685805.96","Y","","527668.01","0.00","0.00","0.00","0.00","","0.00"
"2052","11854","000104450000053","1","3/28/2024","1282","17","5/1/2024","3162022.73","505715.05","","","Y","","","N","","","9999","60685805.96","","","Y","9999","0","9999","3327283.38","505715.05","2656307.68","58029498.28","Y","","505715.05","0.00","0.00","0.00","0.00","","0.00"
"2053","11855","000104450000053","1","3/28/2024","1282","18","6/1/2024","3162022.73","483579.15","","","Y","","","N","","","9999","58029498.28","","","Y","9999","6489306.38","9999","-.27","483579.15","2678443.57","55351054.71","Y","","483579.15","0.00","0.00","0.00","0.00","","0.00"
"2054","11856","000104450000053","1","3/28/2024","1282","19","7/1/2024","3162022.73","461258.79","","","Y","","","N","","","9999","55351054.71","","","Y","9999","3162023","9999","-.54","461258.79","2700763.94","52650290.77","Y","","461258.79","0.00","0.00","0.00","0.00","","0.00"
"2055","11857","000104450000053","1","3/28/2024","1282","20","8/1/2024","3162022.73","0.00","","","Y","","","N","","","9999","52650290.77","","","Y","9999","0","9999","0","438752.42","2723270.30","49927020.47","Y","19540","438752.42","0.00","0.00","0.00","0.00","","0.00"
"2056","11858","000104450000053","1","3/28/2024","1282","21","9/1/2024","3162022.73","0.00","","","Y","","","N","","","9999","49927020.47","","","Y","9999","0","9999","0","416058.50","2745964.22","47181056.25","Y","26861","416058.50","0.00","0.00","0.00","0.00","","0.00"
"2057","11859","000104450000053","1","3/28/2024","1282","22","10/1/2024","3162022.73","0.00","","","Y","","","N","","","9999","47181056.25","","","Y","9999","0","9999","0","393175.47","2768847.26","44412208.99","Y","29030","393175.47","0.00","0.00","0.00","0.00","","0.00"
"2058","11860","000104450000053","1","3/28/2024","1282","23","11/1/2024","3162022.73","0.00","","","Y","","","N","","","9999","44412208.99","","","Y","9999","0","9999","0","370101.74","2791920.98","41620288.01","Y","34007","370101.74","0.00","0.00","0.00","0.00","","0.00"
"2059","11861","000104450000053","1","3/28/2024","1282","24","12/1/2024","3162022.73","0.00","","","Y","","","N","","","9999","41620288.01","","","Y","9999","0","9999","0","346835.73","2815186.99","38805101.02","Y","40454","346835.73","0.00","0.00","0.00","0.00","","0.00"
"2060","11862","000104450000053","1","3/28/2024","1282","25","1/1/2025","3162022.73","0.00","","","Y","","","N","","","9999","38805101.02","","","Y","9999","0","9999","0","323375.84","2838646.88","35966454.13","Y","40454","323375.84","0.00","0.00","0.00","0.00","","0.00"
"2061","11863","000104450000053","1","3/28/2024","1282","26","2/1/2025","3162022.73","0.00","","","Y","","","N","","","9999","35966454.13","","","Y","9999","0","9999","0","299720.45","2862302.27","33104151.86","Y","48235","299720.45","0.00","0.00","0.00","0.00","","0.00"
"2062","11864","000104450000053","1","3/28/2024","1282","27","3/1/2025","3162022.73","0.00","","","Y","","","N","","","9999","33104151.86","","","Y","9999","0","9999","0","275867.93","2886154.79","30217997.07","Y","49416","275867.93","0.00","0.00","0.00","0.00","","0.00"
"2063","11865","000104450000053","1","3/28/2024","1282","28","4/1/2025","3162022.73","0.00","","","Y","","","N","","","9999","30217997.07","","","Y","9999","0","9999","0","251816.64","2910206.08","27307790.98","Y","54822","251816.64","0.00","0.00","0.00","0.00","","0.00"
"2064","11866","000104450000053","1","3/28/2024","1282","29","5/1/2025","3162022.73","0.00","","","Y","","","N","","","9999","27307790.98","","","Y","9999","0","9999","0","227564.92","2934457.80","24373333.18","Y","91329","227564.92","0.00","0.00","0.00","0.00","","0.00"
"2065","11867","000104450000053","1","3/28/2024","1282","30","6/1/2025","3162022.73","0.00","","","Y","","","N","","","9999","24373333.18","","","Y","9999","0","9999","0","203111.11","2958911.62","21414421.57","Y","209829","203111.11","0.00","0.00","0.00","0.00","","0.00"
"2066","11868","000104450000053","1","3/28/2024","1282","31","7/1/2025","3162022.73","0.00","","","Y","","","N","","","9999","21414421.57","","","Y","9999","0","9999","0","178453.51","2983569.21","18430852.35","Y","243253","178453.51","0.00","0.00","0.00","0.00","","0.00"
"2067","11869","000104450000053","1","3/28/2024","1282","32","8/1/2025","3162022.73","0.00","","","Y","","","N","","","9999","18430852.35","","","Y","9999","0","9999","0","153590.44","3008432.29","15422420.06","Y","258326","28978.12","0.00","0.00","0.00","0.00","","0.00"
"2068","11870","000104450000053","1","3/28/2024","1282","33","9/1/2025","3162022.73","0.00","","","Y","","","N","","","9999","15422420.06","","","Y","9999","0","9999","0","128520.17","3033502.56","12388917.50","N","","0.00","0.00","0.00","0.00","0.00","","0.00"
"2069","11871","000104450000053","1","3/28/2024","1282","34","10/1/2025","3162022.73","0.00","","","Y","","","N","","","9999","12388917.5","","","Y","9999","0","9999","0","103240.98","3058781.75","9330135.76","N","","0.00","0.00","0.00","0.00","0.00","","0.00"
"2070","11872","000104450000053","1","3/28/2024","1282","35","11/1/2025","3162022.73","0.00","","","Y","","","N","","","9999","9330135.76","","","Y","9999","0","9999","0","77751.13","3084271.59","6245864.16","N","","0.00","0.00","0.00","0.00","0.00","","0.00"
"2071","11873","000104450000053","1","3/28/2024","1282","36","12/1/2025","3162022.73","0.00","","","Y","","","N","","","9999","6245864.16","","","Y","9999","0","9999","0","52048.87","3109973.86","3135890.31","N","","0.00","0.00","0.00","0.00","0.00","","0.00"
"2072","11874","000104450000053","1","3/28/2024","1282","37","1/1/2026","3162022.73","0.00","","","Y","","","N","","","9999","3135890.31","","","Y","9999","0","9999","0","26132.42","3135890.31","0.00","N","","0.00","0.00","0.00","0.00","0.00","","0.00"
"2073","11961","000104450000056","1","3/28/2024","1283","1","2/2/2023","0.00","1078818.75","","","Y","","","N","","","9999","134253000","","","Y","9999","0","9999","0","1078818.75","-1078818.75","135331818.75","Y","","1078818.75","0.00","0.00","0.00","0.00","","0.00"
"2074","11962","000104450000056","1","3/28/2024","1283","2","3/1/2023","0.00","1127765.16","","","Y","","","N","","","9999","135331818.75","","","Y","9999","0","9999","0","1127765.16","-1127765.16","136459583.91","Y","","1127765.16","0.00","0.00","0.00","0.00","","0.00"
"2075","11963","000104450000056","1","3/28/2024","1283","3","4/1/2023","0.00","1137163.20","","","Y","","","N","","","9999","136459583.91","","","Y","9999","0","9999","0","1137163.20","-1137163.20","137596747.11","Y","","1137163.20","0.00","0.00","0.00","0.00","","0.00"
"2076","11964","000104450000056","1","3/28/2024","1283","4","5/1/2023","0.00","1146639.56","","","Y","","","N","","","9999","137596747.11","","","Y","9999","0","9999","0","1146639.56","-1146639.56","138743386.66","Y","","1146639.56","0.00","0.00","0.00","0.00","","0.00"
"2077","11965","000104450000056","1","3/28/2024","1283","5","6/1/2023","0.00","1156194.89","","","Y","","","N","","","9999","138743386.66","","","Y","9999","0","9999","0","1156194.89","-1156194.89","139899581.55","Y","","1156194.89","0.00","0.00","0.00","0.00","","0.00"
"2078","11966","000104450000056","1","3/28/2024","1283","6","7/1/2023","0.00","1165829.85","","","Y","","","N","","","9999","139899581.55","","","Y","9999","0","9999","0","1165829.85","-1165829.85","141065411.40","Y","","1165829.85","0.00","0.00","0.00","0.00","","0.00"
"2079","11967","000104450000056","1","3/28/2024","1283","7","8/1/2023","0.00","1175545.09","","","Y","","","N","","","9999","141065411.4","","","Y","9999","0","9999","0","1175545.09","-1175545.09","142240956.49","Y","","1175545.09","0.00","0.00","0.00","0.00","","0.00"
"2080","11968","000104450000056","1","3/28/2024","1283","8","9/1/2023","0.00","1185341.30","","","Y","","","N","","","9999","142240956.49","","","Y","9999","0","9999","0","1185341.30","-1185341.30","143426297.80","Y","","1185341.30","0.00","0.00","0.00","0.00","","0.00"
"2081","11969","000104450000056","1","3/28/2024","1283","9","10/1/2023","0.00","1195219.15","","","Y","","","N","","","9999","143426297.8","","","Y","9999","0","9999","0","1195219.15","-1195219.15","144621516.95","Y","","1195219.15","0.00","0.00","0.00","0.00","","0.00"
"2082","11970","000104450000056","1","3/28/2024","1283","10","11/1/2023","0.00","1205179.31","","","Y","","","N","","","9999","144621516.95","","","Y","9999","0","9999","0","1205179.31","-1205179.31","145826696.26","Y","","1205179.31","0.00","0.00","0.00","0.00","","0.00"
"2083","11971","000104450000056","1","3/28/2024","1283","11","12/1/2023","0.00","1215222.47","","","Y","","","N","","","9999","145826696.26","","","Y","9999","0","9999","0","1215222.47","-1215222.47","147041918.72","Y","","1215222.47","0.00","0.00","0.00","0.00","","0.00"
"2084","11972","000104450000056","1","3/28/2024","1283","12","1/1/2024","0.00","1225349.32","","","Y","","","N","","","9999","147041918.72","","","Y","9999","0","9999","0","1225349.32","-1225349.32","148267268.05","Y","","1225349.32","0.00","0.00","0.00","0.00","","0.00"
"2085","11973","000104450000056","1","3/28/2024","1283","13","2/1/2024","0.00","1235560.57","","","Y","","","N","","","9999","148267268.05","","","Y","9999","0","9999","0","1235560.57","-1235560.57","149502828.61","Y","","1235560.57","0.00","0.00","0.00","0.00","","0.00"
"2086","11974","000104450000056","1","3/28/2024","1284","14","3/1/2024","3176493.28","1245856.91","","","Y","","","N","","","9999","149502828.61","","","Y","9999","0","9999","3176493.28","1245856.91","1930636.38","147572192.23","Y","","1245856.91","0.00","0.00","0.00","0.00","","0.00"
"2087","11975","000104450000056","1","3/28/2024","1284","15","4/1/2024","3176493.28","1229768.27","","","Y","","","N","","","9999","147572192.23","","","Y","9999","3200000","9999","3152986.57","1229768.27","1946725.02","145625467.22","Y","","1229768.27","0.00","0.00","0.00","0.00","","0.00"
"2088","11976","000104450000056","1","3/28/2024","1284","16","5/1/2024","3176493.28","1213545.56","","","Y","","","N","","","9999","145625467.22","","","Y","9999","0","9999","6329479.85","1213545.56","1962947.72","143662519.50","Y","","1213545.56","0.00","0.00","0.00","0.00","","0.00"
"2089","11977","000104450000056","1","3/28/2024","1284","17","6/1/2024","3176493.28","1197187.66","","","Y","","","N","","","9999","143662519.5","","","Y","9999","4000000","9999","5505973.14","1197187.66","1979305.62","141683213.87","Y","","1197187.66","0.00","0.00","0.00","0.00","","0.00"
"2090","11978","000104450000056","1","3/28/2024","1284","18","7/1/2024","3176493.28","1180693.45","","","Y","","","N","","","9999","141683213.87","","","Y","9999","4000000","9999","4682466.42","1180693.45","1995799.84","139687414.04","Y","","1180693.45","0.00","0.00","0.00","0.00","","0.00"
"2091","11979","000104450000056","1","3/28/2024","1284","19","8/1/2024","3176493.28","0.00","","","Y","","","N","","","9999","139687414.04","","","Y","9999","0","9999","0","1164061.78","2012431.50","137674982.54","Y","19532","1164061.78","0.00","0.00","0.00","0.00","","0.00"
"2092","11980","000104450000056","1","3/28/2024","1284","20","9/1/2024","3176493.28","0.00","","","Y","","","N","","","9999","137674982.54","","","Y","9999","0","9999","0","1147291.52","2029201.76","135645780.78","Y","24173","1147291.52","0.00","0.00","0.00","0.00","","0.00"
"2093","11981","000104450000056","1","3/28/2024","1284","21","10/1/2024","3176493.28","0.00","","","Y","","","N","","","9999","135645780.78","","","Y","9999","0","9999","0","1130381.51","2046111.78","133599669.00","Y","26855","1130381.51","0.00","0.00","0.00","0.00","","0.00"
"2094","11982","000104450000056","1","3/28/2024","1284","22","11/1/2024","3176493.28","0.00","","","Y","","","N","","","9999","133599669","","","Y","9999","0","9999","0","1113330.57","2063162.71","131536506.29","Y","29033","1113330.57","0.00","0.00","0.00","0.00","","0.00"
"2095","11983","000104450000056","1","3/28/2024","1284","23","12/1/2024","3176493.28","0.00","","","Y","","","N","","","9999","131536506.29","","","Y","9999","0","9999","0","1096137.55","2080355.73","129456150.56","Y","34010","1096137.55","0.00","0.00","0.00","0.00","","0.00"
"2096","11984","000104450000056","1","3/28/2024","1284","24","1/1/2025","3176493.28","0.00","","","Y","","","N","","","9999","129456150.56","","","Y","9999","0","9999","0","1078801.25","2097692.03","127358458.53","Y","40447","1078801.25","0.00","0.00","0.00","0.00","","0.00"
"2097","11985","000104450000056","1","3/28/2024","1284","25","2/1/2025","3176493.28","0.00","","","Y","","","N","","","9999","127358458.53","","","Y","9999","0","9999","0","1061320.49","2115172.80","125243285.73","Y","48217","1061320.49","0.00","0.00","0.00","0.00","","0.00"
"2098","11986","000104450000056","1","3/28/2024","1284","26","3/1/2025","3176493.28","0.00","","","Y","","","N","","","9999","125243285.73","","","Y","9999","0","9999","0","1043694.05","2132799.24","123110486.50","Y","49404","1043694.05","0.00","0.00","0.00","0.00","","0.00"
"2099","11987","000104450000056","1","3/28/2024","1284","27","4/1/2025","3176493.28","0.00","","","Y","","","N","","","9999","123110486.5","","","Y","9999","0","9999","0","1025920.72","2150572.56","120959913.93","Y","54818","1025920.72","0.00","0.00","0.00","0.00","","0.00"
"2100","11988","000104450000056","1","3/28/2024","1284","28","5/1/2025","3176493.28","0.00","","","Y","","","N","","","9999","120959913.93","","","Y","9999","0","9999","0","1007999.28","2168494.00","118791419.93","Y","91317","1007999.28","0.00","0.00","0.00","0.00","","0.00"
"2101","11989","000104450000056","1","3/28/2024","1284","29","6/1/2025","3176493.28","0.00","","","Y","","","N","","","9999","118791419.93","","","Y","9999","0","9999","0","989928.50","2186564.78","116604855.15","Y","209812","989928.50","0.00","0.00","0.00","0.00","","0.00"
"2102","11990","000104450000056","1","3/28/2024","1284","30","7/1/2025","3176493.28","0.00","","","Y","","","N","","","9999","116604855.15","","","Y","9999","0","9999","0","971707.13","2204786.16","114400068.99","Y","210608","971707.13","0.00","0.00","0.00","0.00","","0.00"
"2103","11991","000104450000056","1","3/28/2024","1284","31","8/1/2025","3176493.28","0.00","","","Y","","","N","","","9999","114400068.99","","","Y","9999","0","9999","0","953333.91","2223159.38","112176909.61","Y","226256","953333.91","0.00","0.00","0.00","0.00","","0.00"
"2104","11992","000104450000056","1","3/28/2024","1284","32","9/1/2025","3176493.28","0.00","","","Y","","","N","","","9999","112176909.61","","","Y","9999","0","9999","0","934807.58","2241685.70","109935223.91","Y","243263","934807.58","0.00","0.00","0.00","0.00","","0.00"
"2105","11993","000104450000056","1","3/28/2024","1284","33","10/1/2025","3176493.28","0.00","","","Y","","","N","","","9999","109935223.91","","","Y","9999","0","9999","0","916126.87","2260366.42","107674857.49","Y","258348","916126.87","0.00","0.00","0.00","0.00","","0.00"
"2106","11994","000104450000056","1","3/28/2024","1284","34","11/1/2025","3176493.28","0.00","","","Y","","","N","","","9999","107674857.49","","","Y","9999","0","9999","0","897290.48","2279202.80","105395654.69","Y","284649","897290.48","0.00","0.00","0.00","0.00","","0.00"
"2107","11995","000104450000056","1","3/28/2024","1284","35","12/1/2025","3176493.28","0.00","","","Y","","","N","","","9999","105395654.69","","","Y","9999","0","9999","0","878297.12","2298196.16","103097458.52","Y","325879","878297.12","0.00","0.00","0.00","0.00","","0.00"
"2108","11996","000104450000056","1","3/28/2024","1284","36","12/1/2025","3176493.28","0.00","","","Y","","","N","","","9999","103097458.52","","","Y","9999","0","9999","0","859145.49","2317347.80","100780110.73","Y","340812","859145.49","0.00","0.00","0.00","0.00","","0.00"
"2109","11997","000104450000056","1","3/28/2024","1284","37","12/1/2025","3176493.28","0.00","","","Y","","","N","","","9999","100780110.73","","","Y","9999","0","9999","0","839834.26","2336659.03","98443451.70","Y","354988","839834.26","0.00","0.00","0.00","0.00","","0.00"
"2110","11998","000104450000056","1","3/28/2024","1284","38","12/1/2025","3176493.28","0.00","","","Y","","","N","","","9999","98443451.7","","","Y","9999","0","9999","0","820362.10","2356131.19","96087320.51","Y","383256","820362.10","0.00","0.00","0.00","0.00","","0.00"
"2111","11999","000104450000056","1","3/28/2024","1284","39","12/1/2025","3176493.28","0.00","","","Y","","","N","","","9999","96087320.51","","","Y","9999","0","9999","0","800727.67","2375765.61","93711554.90","Y","397415","800727.67","0.00","0.00","0.00","0.00","","0.00"
"2112","12000","000104450000056","1","3/28/2024","1284","40","12/1/2025","3176493.28","0.00","","","Y","","","N","","","9999","93711554.9","","","Y","9999","0","9999","0","780929.62","2395563.66","91315991.24","Y","411649","780929.62","0.00","0.00","0.00","0.00","","0.00"
"2113","12001","000104450000056","1","3/28/2024","1284","41","12/1/2025","3176493.28","0.00","","","Y","","","N","","","9999","91315991.24","","","Y","9999","0","9999","0","760966.59","2415526.69","88900464.55","N","","0.00","0.00","0.00","0.00","0.00","","0.00"
"2114","12002","000104450000056","1","3/28/2024","1284","42","12/1/2025","3176493.28","0.00","","","Y","","","N","","","9999","88900464.55","","","Y","9999","0","9999","0","740837.20","2435656.08","86464808.47","Y","411649","177606.40","0.00","0.00","0.00","0.00","","0.00"
"2115","12003","000104450000056","1","3/28/2024","1284","43","12/1/2025","3176493.28","0.00","","","Y","","","N","","","9999","86464808.47","","","Y","9999","0","9999","0","720540.07","2455953.21","84008855.26","N","","0.00","0.00","0.00","0.00","0.00","","0.00"
"2116","12004","000104450000056","1","3/28/2024","1284","44","12/1/2025","3176493.28","0.00","","","Y","","","N","","","9999","84008855.26","","","Y","9999","0","9999","0","700073.79","2476419.49","81532435.77","N","","0.00","0.00","0.00","0.00","0.00","","0.00"
"2117","12005","000104450000056","1","3/28/2024","1284","45","12/1/2025","3176493.28","0.00","","","Y","","","N","","","9999","81532435.77","","","Y","9999","0","9999","0","679436.96","2497056.32","79035379.45","N","","0.00","0.00","0.00","0.00","0.00","","0.00"
"2118","12006","000104450000056","1","3/28/2024","1284","46","12/1/2025","3176493.28","0.00","","","Y","","","N","","","9999","79035379.45","","","Y","9999","0","9999","0","658628.16","2517865.12","76517514.33","N","","0.00","0.00","0.00","0.00","0.00","","0.00"
"2119","12007","000104450000056","1","3/28/2024","1284","47","12/1/2025","3176493.28","0.00","","","Y","","","N","","","9999","76517514.33","","","Y","9999","0","9999","0","637645.95","2538847.33","73978666.99","N","","0.00","0.00","0.00","0.00","0.00","","0.00"
"2120","12008","000104450000056","1","3/28/2024","1284","48","12/1/2025","3176493.28","0.00","","","Y","","","N","","","9999","73978666.99","","","Y","9999","0","9999","0","616488.89","2560004.39","71418662.60","N","","0.00","0.00","0.00","0.00","0.00","","0.00"
"2121","12009","000104450000056","1","3/28/2024","1284","49","12/1/2025","3176493.28","0.00","","","Y","","","N","","","9999","71418662.6","","","Y","9999","0","9999","0","595155.52","2581337.76","68837324.84","N","","0.00","0.00","0.00","0.00","0.00","","0.00"
"2122","12010","000104450000056","1","3/28/2024","1284","50","12/1/2025","3176493.28","0.00","","","Y","","","N","","","9999","68837324.84","","","Y","9999","0","9999","0","573644.37","2602848.91","66234475.93","N","","0.00","0.00","0.00","0.00","0.00","","0.00"
"2123","12011","000104450000056","1","3/28/2024","1284","51","12/1/2025","3176493.28","0.00","","","Y","","","N","","","9999","66234475.93","","","Y","9999","0","9999","0","551953.97","2624539.32","63609936.61","N","","0.00","0.00","0.00","0.00","0.00","","0.00"
"2124","12012","000104450000056","1","3/28/2024","1284","52","12/1/2025","3176493.28","0.00","","","Y","","","N","","","9999","63609936.61","","","Y","9999","0","9999","0","530082.81","2646410.48","60963526.13","N","","0.00","0.00","0.00","0.00","0.00","","0.00"
"2125","12013","000104450000056","1","3/28/2024","1284","53","12/1/2025","3176493.28","0.00","","","Y","","","N","","","9999","60963526.13","","","Y","9999","0","9999","0","508029.38","2668463.90","58295062.23","N","","0.00","0.00","0.00","0.00","0.00","","0.00"
"2126","12014","000104450000056","1","3/28/2024","1284","54","12/1/2025","3176493.28","0.00","","","Y","","","N","","","9999","58295062.23","","","Y","9999","0","9999","0","485792.19","2690701.10","55604361.13","N","","0.00","0.00","0.00","0.00","0.00","","0.00"
"2127","12015","000104450000056","1","3/28/2024","1284","55","12/1/2025","3176493.28","0.00","","","Y","","","N","","","9999","55604361.13","","","Y","9999","0","9999","0","463369.68","2713123.61","52891237.53","N","","0.00","0.00","0.00","0.00","0.00","","0.00"
"2128","12016","000104450000056","1","3/28/2024","1284","56","12/1/2025","3176493.28","0.00","","","Y","","","N","","","9999","52891237.53","","","Y","9999","0","9999","0","440760.31","2735732.97","50155504.56","N","","0.00","0.00","0.00","0.00","0.00","","0.00"
"2129","12017","000104450000056","1","3/28/2024","1284","57","12/1/2025","3176493.28","0.00","","","Y","","","N","","","9999","50155504.56","","","Y","9999","0","9999","0","417962.54","2758530.75","47396973.81","N","","0.00","0.00","0.00","0.00","0.00","","0.00"
"2130","12018","000104450000056","1","3/28/2024","1284","58","12/1/2025","3176493.28","0.00","","","Y","","","N","","","9999","47396973.81","","","Y","9999","0","9999","0","394974.78","2781518.50","44615455.31","N","","0.00","0.00","0.00","0.00","0.00","","0.00"
"2131","12019","000104450000056","1","3/28/2024","1284","59","12/1/2025","3176493.28","0.00","","","Y","","","N","","","9999","44615455.31","","","Y","9999","0","9999","0","371795.46","2804697.82","41810757.48","N","","0.00","0.00","0.00","0.00","0.00","","0.00"
"2132","12020","000104450000056","1","3/28/2024","1284","60","12/1/2025","3176493.28","0.00","","","Y","","","N","","","9999","41810757.48","","","Y","9999","0","9999","0","348422.98","2828070.30","38982687.18","N","","0.00","0.00","0.00","0.00","0.00","","0.00"
"2133","12021","000104450000056","1","3/28/2024","1284","61","12/1/2025","3176493.28","0.00","","","Y","","","N","","","9999","38982687.18","","","Y","9999","0","9999","0","324855.73","2851637.56","36131049.62","N","","0.00","0.00","0.00","0.00","0.00","","0.00"
"2134","12022","000104450000056","1","3/28/2024","1284","62","12/1/2025","3176493.28","0.00","","","Y","","","N","","","9999","36131049.62","","","Y","9999","0","9999","0","301092.08","2875401.20","33255648.42","N","","0.00","0.00","0.00","0.00","0.00","","0.00"
"2135","12023","000104450000056","1","3/28/2024","1284","63","12/1/2025","3176493.28","0.00","","","Y","","","N","","","9999","33255648.42","","","Y","9999","0","9999","0","277130.40","2899362.88","30356285.54","N","","0.00","0.00","0.00","0.00","0.00","","0.00"
"2136","12024","000104450000056","1","3/28/2024","1284","64","12/1/2025","3176493.28","0.00","","","Y","","","N","","","9999","30356285.54","","","Y","9999","0","9999","0","252969.05","2923524.24","27432761.30","N","","0.00","0.00","0.00","0.00","0.00","","0.00"
"2137","12025","000104450000056","1","3/28/2024","1284","65","12/1/2025","3176493.28","0.00","","","Y","","","N","","","9999","27432761.3","","","Y","9999","0","9999","0","228606.34","2947886.94","24484874.36","N","","0.00","0.00","0.00","0.00","0.00","","0.00"
"2138","12026","000104450000056","1","3/28/2024","1284","66","12/1/2025","3176493.28","0.00","","","Y","","","N","","","9999","24484874.36","","","Y","9999","0","9999","0","204040.62","2972452.66","21512421.69","N","","0.00","0.00","0.00","0.00","0.00","","0.00"
"2139","12027","000104450000056","1","3/28/2024","1284","67","12/1/2025","3176493.28","0.00","","","Y","","","N","","","9999","21512421.69","","","Y","9999","0","9999","0","179270.18","2997223.10","18515198.59","N","","0.00","0.00","0.00","0.00","0.00","","0.00"
"2140","12028","000104450000056","1","3/28/2024","1284","68","12/1/2025","3176493.28","0.00","","","Y","","","N","","","9999","18515198.59","","","Y","9999","0","9999","0","154293.32","3022199.96","15492998.63","N","","0.00","0.00","0.00","0.00","0.00","","0.00"
"2141","12029","000104450000056","1","3/28/2024","1284","69","12/1/2025","3176493.28","0.00","","","Y","","","N","","","9999","15492998.63","","","Y","9999","0","9999","0","129108.32","3047384.96","12445613.67","Y","411649","129108.32","0.00","0.00","0.00","0.00","","0.00"
"2142","12030","000104450000056","1","3/28/2024","1284","70","12/1/2025","3176493.28","0.00","","","Y","","","N","","","9999","12445613.67","","","Y","9999","0","9999","0","103713.45","3072779.84","9372833.83","Y","383256","103713.45","0.00","0.00","0.00","0.00","","0.00"
"2143","12031","000104450000056","1","3/28/2024","1284","71","12/1/2025","3176493.28","0.00","","","Y","","","N","","","9999","9372833.83","","","Y","9999","0","9999","0","78106.95","3098386.34","6274447.49","Y","354988","78106.95","0.00","0.00","0.00","0.00","","0.00"
"2144","12032","000104450000056","1","3/28/2024","1284","72","12/1/2025","3176493.28","0.00","","","Y","","","N","","","9999","6274447.49","","","Y","9999","0","9999","0","52287.06","3124206.22","3150241.27","Y","340812","52287.06","0.00","0.00","0.00","0.00","","0.00"
"2145","12033","000104450000056","1","3/28/2024","1284","73","12/1/2025","3176493.28","0.00","","","Y","","","N","","","9999","3150241.27","","","Y","9999","0","9999","0","26252.01","3150241.27","0.00","Y","325879","26252.01","0.00","0.00","0.00","0.00","","0.00"
"2146","12034","000104450000057","1","3/28/2024","1285","1","2/7/2023","0.00","157142.86","","","Y","","","N","","","9999","24000000","","","Y","9999","0","9999","0","157142.86","-157142.86","24157142.86","Y","","157142.86","0.00","0.00","0.00","0.00","","0.00"
"2147","12035","000104450000057","1","3/28/2024","1285","2","3/1/2023","0.00","201309.52","","","Y","","","N","","","9999","24157142.86","","","Y","9999","0","9999","0","201309.52","-201309.52","24358452.38","Y","","201309.52","0.00","0.00","0.00","0.00","","0.00"
"2148","12036","000104450000057","1","3/28/2024","1285","3","4/1/2023","0.00","202987.10","","","Y","","","N","","","9999","24358452.38","","","Y","9999","0","9999","0","202987.10","-202987.10","24561439.48","Y","","202987.10","0.00","0.00","0.00","0.00","","0.00"
"2149","12037","000104450000057","1","3/28/2024","1285","4","5/1/2023","0.00","204678.66","","","Y","","","N","","","9999","24561439.48","","","Y","9999","0","9999","0","204678.66","-204678.66","24766118.15","Y","","204678.66","0.00","0.00","0.00","0.00","","0.00"
"2150","12038","000104450000057","1","3/28/2024","1286","5","6/1/2023","1290434.02","206384.32","","","Y","","","N","","","9999","24766118.15","","","Y","9999","0","9999","1290434.02","206384.32","1084049.70","23682068.45","Y","","206384.32","0.00","0.00","0.00","0.00","","0.00"
"2151","12039","000104450000057","1","3/28/2024","1286","6","7/1/2023","1290434.02","197350.57","","","Y","","","N","","","9999","23682068.45","","","Y","9999","0","9999","2580868.04","197350.57","1093083.45","22588985.00","Y","","197350.57","0.00","0.00","0.00","0.00","","0.00"
"2152","12040","000104450000057","1","3/28/2024","1286","7","8/1/2023","1290434.02","188241.54","","","Y","","","N","","","9999","22588985","","","Y","9999","1300000","9999","2571302.05","188241.54","1102192.48","21486792.52","Y","","188241.54","0.00","0.00","0.00","0.00","","0.00"
"2153","12041","000104450000057","1","3/28/2024","1286","8","9/1/2023","1290434.02","179056.60","","","Y","","","N","","","9999","21486792.52","","","Y","9999","0","9999","3861736.07","179056.60","1111377.41","20375415.11","Y","","179056.60","0.00","0.00","0.00","0.00","","0.00"
"2154","12042","000104450000057","1","3/28/2024","1286","9","10/1/2023","1290434.02","169795.13","","","Y","","","N","","","9999","20375415.11","","","Y","9999","0","9999","5152170.09","169795.13","1120638.89","19254776.22","Y","","169795.13","0.00","0.00","0.00","0.00","","0.00"
"2155","12043","000104450000057","1","3/28/2024","1286","10","11/1/2023","1290434.02","160456.47","","","Y","","","N","","","9999","19254776.22","","","Y","9999","3000000","9999","3442604.11","160456.47","1129977.55","18124798.67","Y","","160456.47","0.00","0.00","0.00","0.00","","0.00"
"2156","12044","000104450000057","1","3/28/2024","1286","11","12/1/2023","1290434.02","151039.99","","","Y","","","N","","","9999","18124798.67","","","Y","9999","4900000","9999","-166961.88","151039.99","1139394.03","16985404.64","Y","","151039.99","0.00","0.00","0.00","0.00","","0.00"
"2157","12045","000104450000057","1","3/28/2024","1286","12","1/1/2024","1290434.02","141545.04","","","Y","","","N","","","9999","16985404.64","","","Y","9999","0","9999","1123472.14","141545.04","1148888.98","15836515.66","Y","","141545.04","0.00","0.00","0.00","0.00","","0.00"
"2158","12046","000104450000057","1","3/28/2024","1286","13","2/1/2024","1290434.02","131970.96","","","Y","","","N","","","9999","15836515.66","","","Y","9999","0","9999","2413906.16","131970.96","1158463.05","14678052.61","Y","","131970.96","0.00","0.00","0.00","0.00","","0.00"
"2159","12047","000104450000057","1","3/28/2024","1286","14","3/1/2024","1290434.02","122317.11","","","Y","","","N","","","9999","14678052.61","","","Y","9999","600000","9999","3104340.18","122317.11","1168116.91","13509935.69","Y","","122317.11","0.00","0.00","0.00","0.00","","0.00"
"2160","12048","000104450000057","1","3/28/2024","1286","15","4/1/2024","1290434.02","112582.80","","","Y","","","N","","","9999","13509935.69","","","Y","9999","700000","9999","3694774.2","112582.80","1177851.22","12332084.47","Y","","112582.80","0.00","0.00","0.00","0.00","","0.00"
"2161","12049","000104450000057","1","3/28/2024","1286","16","5/1/2024","1290434.02","102767.37","","","Y","","","N","","","9999","12332084.47","","","Y","9999","0","9999","4985208.21","102767.37","1187666.65","11144417.83","Y","","102767.37","0.00","0.00","0.00","0.00","","0.00"
"2162","12050","000104450000057","1","3/28/2024","1286","17","6/1/2024","1290434.02","92870.15","","","Y","","","N","","","9999","11144417.83","","","Y","9999","4500000","9999","1775642.23","92870.15","1197563.87","9946853.96","Y","","92870.15","0.00","0.00","0.00","0.00","","0.00"
"2163","12051","000104450000057","1","3/28/2024","1286","18","7/1/2024","1290434.02","82890.45","","","Y","","","N","","","9999","9946853.96","","","Y","9999","1300000","9999","1766076.25","82890.45","1207543.57","8739310.39","Y","","82890.45","0.00","0.00","0.00","0.00","","0.00"
"2164","12052","000104450000057","1","3/28/2024","1286","19","8/1/2024","1290434.02","0.00","","","Y","","","N","","","9999","8739310.39","","","Y","9999","0","9999","0","72827.59","1217606.43","7521703.96","Y","19541","72827.59","0.00","0.00","0.00","0.00","","0.00"
"2165","12053","000104450000057","1","3/28/2024","1286","20","9/1/2024","1290434.02","0.00","","","Y","","","N","","","9999","7521703.96","","","Y","9999","0","9999","0","62680.87","1227753.15","6293950.81","Y","24168","62680.87","0.00","0.00","0.00","0.00","","0.00"
"2166","12054","000104450000057","1","3/28/2024","1286","21","10/1/2024","1290434.02","0.00","","","Y","","","N","","","9999","6293950.81","","","Y","9999","0","9999","0","52449.59","1237984.43","5055966.38","Y","26867","52449.59","0.00","0.00","0.00","0.00","","0.00"
"2167","12055","000104450000057","1","3/28/2024","1286","22","11/1/2024","1290434.02","0.00","","","Y","","","N","","","9999","5055966.38","","","Y","9999","0","9999","0","42133.05","1248300.96","3807665.41","Y","29041","42133.05","0.00","0.00","0.00","0.00","","0.00"
"2168","12056","000104450000057","1","3/28/2024","1286","23","12/1/2024","1290434.02","0.00","","","Y","","","N","","","9999","3807665.41","","","Y","9999","0","9999","0","31730.55","1258703.47","2548961.94","Y","29041","31730.55","0.00","0.00","0.00","0.00","","0.00"
"2169","12057","000104450000057","1","3/28/2024","1286","24","1/1/2025","1290434.02","0.00","","","Y","","","N","","","9999","2548961.94","","","Y","9999","0","9999","0","21241.35","1269192.67","1279769.27","Y","29041","21241.35","0.00","0.00","0.00","0.00","","0.00"
"2170","12058","000104450000057","1","3/28/2024","1286","25","2/1/2025","1290434.02","0.00","","","Y","","","N","","","9999","1279769.27","","","Y","9999","0","9999","0","10664.74","1279769.27","0.00","Y","34011","10664.74","0.00","0.00","0.00","0.00","","0.00"
"2171","29039","000104450000060","1","3/28/2024","62","1","12/1/2023","0.00","0.00","","","Y","","","N","","","9999","30000000","","","Y","9999","0","9999","0","250000.00","0.00","30000000.00","Y","","250000.00","0.00","0.00","0.00","0.00","","0.00"
"2172","29040","000104450000060","1","3/28/2024","62","2","1/1/2024","0.00","0.00","","","Y","","","N","","","9999","27612523.38","","","Y","9999","0","9999","0","230104.36","0.00","30000000.00","Y","","230104.36","0.00","0.00","0.00","0.00","","0.00"
"2173","29041","000104450000060","1","3/28/2024","62","3","2/1/2024","0.00","0.00","","","Y","","","N","","","9999","25205151.13","","","Y","9999","0","9999","0","210042.93","0.00","30000000.00","Y","","210042.93","0.00","0.00","0.00","0.00","","0.00"
"2174","29042","000104450000060","1","3/28/2024","62","4","3/1/2024","0.00","0.00","","","Y","","","N","","","9999","22777717.44","","","Y","9999","0","9999","0","189814.31","0.00","30000000.00","Y","","189814.31","0.00","0.00","0.00","0.00","","0.00"
"2175","29043","000104450000060","1","3/28/2024","62","5","4/1/2024","0.00","0.00","","","Y","","","N","","","9999","20330055.13","","","Y","9999","0","9999","0","169417.13","0.00","30000000.00","Y","","169417.13","0.00","0.00","0.00","0.00","","0.00"
"2176","29044","000104450000060","1","3/28/2024","62","6","5/1/2024","0.00","0.00","","","Y","","","N","","","9999","17861995.64","","","Y","9999","0","9999","0","148849.96","0.00","30000000.00","Y","","148849.96","0.00","0.00","0.00","0.00","","0.00"
"2177","29045","000104450000060","1","3/28/2024","62","7","6/1/2024","0.00","0.00","","","Y","","","N","","","9999","15373368.99","","","Y","9999","0","9999","0","128111.41","0.00","30000000.00","Y","","128111.41","0.00","0.00","0.00","0.00","","0.00"
"2178","29046","000104450000060","1","3/28/2024","62","8","7/1/2024","0.00","0.00","","","Y","","","N","","","9999","12864003.78","","","Y","9999","0","9999","0","107200.03","0.00","30000000.00","Y","","107200.03","0.00","0.00","0.00","0.00","","0.00"
"2179","29047","000104450000060","1","3/28/2024","62","9","8/1/2024","0.00","0.00","","","Y","","","N","","","9999","10333727.19","","","Y","9999","0","9999","0","86114.39","0.00","30000000.00","N","","0.00","0.00","0.00","0.00","0.00","","0.00"
"2180","29048","000104450000060","1","3/28/2024","62","10","9/1/2024","0.00","0.00","","","Y","","","N","","","9999","7782364.97","","","Y","9999","0","9999","0","64853.04","0.00","30000000.00","N","","0.00","0.00","0.00","0.00","0.00","","0.00"
"2181","29049","000104450000060","1","3/28/2024","62","11","10/1/2024","0.00","0.00","","","Y","","","N","","","9999","5209741.39","","","Y","9999","0","9999","0","43414.51","0.00","30000000.00","N","","0.00","0.00","0.00","0.00","0.00","","0.00"
"2182","29050","000104450000060","1","3/28/2024","62","12","11/1/2024","31649719.40","0.00","","","Y","","","N","","","9999","2615679.29","","","Y","9999","0","9999","0","21797.33","30000000.00","0.00","N","","0.00","0.00","0.00","0.00","0.00","","0.00"
"2183","12194","000104450000063","1","3/28/2024","1288","1","4/18/2023","902777.78","902777.78","","","Y","","","N","","","9999","250000000","","","Y","9999","0","9999","902777.78","902777.78","0.00","250000000.00","Y","","902777.78","0.00","0.00","0.00","0.00","","0.00"
"2184","12195","000104450000063","1","3/28/2024","1289","2","5/1/2023","2083333.33","2083333.33","","","Y","","","N","","","9999","250000000","","","Y","9999","0","9999","2986111.11","2083333.33","0.00","250000000.00","Y","","2083333.33","0.00","0.00","0.00","0.00","","0.00"
"2185","12196","000104450000063","1","3/28/2024","1289","3","6/1/2023","2083333.33","2083333.33","","","Y","","","N","","","9999","250000000","","","Y","9999","0","9999","5069444.44","2083333.33","0.00","250000000.01","Y","","2083333.33","0.00","0.00","0.00","0.00","","0.00"
"2186","12197","000104450000063","1","3/28/2024","1289","4","7/1/2023","2083333.33","2083333.33","","","Y","","","N","","","9999","250000000.01","","","Y","9999","0","9999","7152777.77","2083333.33","0.00","250000000.01","Y","","2083333.33","0.00","0.00","0.00","0.00","","0.00"
"2187","12198","000104450000063","1","3/28/2024","1289","5","8/1/2023","2083333.33","2083333.33","","","Y","","","N","","","9999","250000000.01","","","Y","9999","0","9999","9236111.1","2083333.33","0.00","250000000.01","Y","","2083333.33","0.00","0.00","0.00","0.00","","0.00"
"2188","12199","000104450000063","1","3/28/2024","1289","6","9/1/2023","2083333.33","2083333.33","","","Y","","","N","","","9999","250000000.01","","","Y","9999","0","9999","11319444.43","2083333.33","0.00","250000000.02","Y","","2083333.33","0.00","0.00","0.00","0.00","","0.00"
"2189","12200","000104450000063","1","3/28/2024","1289","7","10/1/2023","2083333.33","2083333.33","","","Y","","","N","","","9999","250000000.02","","","Y","9999","13042777.76","9999","360000","2083333.33","0.00","250000000.02","Y","","2083333.33","0.00","0.00","0.00","0.00","","0.00"
"2190","12201","000104450000063","1","3/28/2024","1290","8","11/1/2023","7079204.84","0.00","","","Y","","","N","","","9999","250000000.02","","","Y","9999","7080000","9999","359204.83","2083333.33","4995871.50","245004128.52","Y","","2083333.33","0.00","0.00","0.00","2083333.33","13400","0.00"
"2191","12202","000104450000063","1","3/28/2024","1290","9","12/1/2023","7079204.84","0.00","","","Y","","","N","","","9999","245004128.52","","","Y","9999","7080000","9999","358409.67","2041701.07","5037503.77","239966624.75","Y","","2041701.07","0.00","0.00","0.00","2041701.07","13400","0.00"
"2192","12203","000104450000063","1","3/28/2024","1290","10","1/1/2024","7079204.84","0.00","","","Y","","","N","","","9999","239966624.75","","","Y","9999","7080000","9999","357614.51","1999721.87","5079482.96","234887141.79","Y","","1999721.87","0.00","0.00","0.00","1999721.87","13400","0.00"
"2193","12204","000104450000063","1","3/28/2024","1290","11","2/1/2024","7079204.84","0.00","","","Y","","","N","","","9999","234887141.79","","","Y","9999","7480000","9999","-43180.66","1957392.85","5121811.99","229765329.80","Y","","1957392.85","0.00","0.00","0.00","1957392.85","13400","0.00"
"2194","12205","000104450000063","1","3/28/2024","1290","12","3/1/2024","7079204.84","0.00","","","Y","","","N","","","9999","229765329.8","","","Y","9999","0","9999","7036024.18","1914711.08","5164493.75","224600836.05","Y","","1914711.08","0.00","0.00","0.00","1914711.08","13400","0.00"
"2195","12206","000104450000063","1","3/28/2024","1290","13","4/1/2024","7079204.84","0.00","","","Y","","","N","","","9999","224600836.05","","","Y","9999","7080000","9999","7035229.02","1871673.63","5207531.20","219393304.84","Y","","1871673.63","0.00","0.00","0.00","1871673.63","13400","0.00"
"2196","12207","000104450000063","1","3/28/2024","1290","14","5/1/2024","7079204.84","0.00","","","Y","","","N","","","9999","219393304.84","","","Y","9999","14160000","9999","-45566.15","1828277.54","5250927.30","214142377.55","Y","","1828277.54","0.00","0.00","0.00","1828277.54","13400","0.00"
"2197","12208","000104450000063","1","3/28/2024","1290","15","6/1/2024","7079204.84","0.00","","","Y","","","N","","","9999","214142377.55","","","Y","9999","0","9999","7033638.69","1784519.81","5294685.02","208847692.52","Y","","1784519.81","0.00","0.00","0.00","1784519.81","13400","0.00"
"2198","12209","000104450000063","1","3/28/2024","1290","16","7/1/2024","7079204.84","0.00","","","Y","","","N","","","9999","208847692.52","","","Y","9999","14203975.83","9999","-91132.3","1740397.44","5338807.40","203508885.12","Y","","1740397.44","0.00","0.00","0.00","1740397.44","13400","0.00"
"2199","12210","000104450000063","1","3/28/2024","1290","17","8/1/2024","7079204.84","0.00","","","Y","","","N","","","9999","203508885.12","","","Y","9999","0","9999","0","1695907.38","5383297.46","198125587.66","Y","19526","1695907.38","0.00","0.00","0.00","1695907.38","13400","0.00"
"2200","12211","000104450000063","1","3/28/2024","1290","18","9/1/2024","7079204.84","0.00","","","Y","","","N","","","9999","198125587.66","","","Y","9999","0","9999","0","1651046.56","5428158.27","192697429.39","Y","24170","1651046.56","0.00","0.00","0.00","1651046.56","13400","0.00"
"2201","12212","000104450000063","1","3/28/2024","1290","19","10/1/2024","7079204.84","0.00","","","Y","","","N","","","9999","192697429.39","","","Y","9999","0","9999","0","1605811.91","5473392.92","187224036.47","Y","26873","1605811.91","0.00","0.00","0.00","1605811.91","13400","0.00"
"2202","12213","000104450000063","1","3/28/2024","1290","20","11/1/2024","7079204.84","0.00","","","Y","","","N","","","9999","187224036.47","","","Y","9999","0","9999","0","1560200.30","5519004.53","181705031.93","Y","29031","1560200.30","0.00","0.00","0.00","1560200.30","13400","0.00"
"2203","12214","000104450000063","1","3/28/2024","1290","21","12/1/2024","7079204.84","0.00","","","Y","","","N","","","9999","181705031.93","","","Y","9999","0","9999","0","1514208.60","5564996.24","176140035.70","Y","34013","1514208.60","0.00","0.00","0.00","1514208.60","13400","0.00"
"2204","12215","000104450000063","1","3/28/2024","1290","22","1/1/2025","7079204.84","0.00","","","Y","","","N","","","9999","176140035.7","","","Y","9999","0","9999","0","1467833.63","5611371.21","170528664.49","Y","40451","1467833.63","0.00","0.00","0.00","1467833.63","13400","0.00"
"2205","12216","000104450000063","1","3/28/2024","1290","23","2/1/2025","7079204.84","0.00","","","Y","","","N","","","9999","170528664.49","","","Y","9999","0","9999","0","1421072.20","5658132.63","164870531.86","Y","40451","1421072.20","0.00","0.00","0.00","1421072.20","13400","0.00"
"2206","12217","000104450000063","1","3/28/2024","1290","24","3/1/2025","7079204.84","0.00","","","Y","","","N","","","9999","164870531.86","","","Y","9999","0","9999","0","1373921.10","5705283.74","159165248.12","Y","48219","1373921.10","0.00","0.00","0.00","1373921.10","13400","0.00"
"2207","12218","000104450000063","1","3/28/2024","1290","25","4/1/2025","7079204.84","0.00","","","Y","","","N","","","9999","159165248.12","","","Y","9999","0","9999","0","1326377.07","5752827.77","153412420.35","Y","49388","1326377.07","0.00","0.00","0.00","1326377.07","13400","0.00"
"2208","12219","000104450000063","1","3/28/2024","1290","26","5/1/2025","7079204.84","0.00","","","Y","","","N","","","9999","153412420.35","","","Y","9999","0","9999","0","1278436.84","5800768.00","147611652.35","Y","54827","1278436.84","0.00","0.00","0.00","1278436.84","13400","0.00"
"2209","12220","000104450000063","1","3/28/2024","1290","27","6/1/2025","7079204.84","0.00","","","Y","","","N","","","9999","147611652.35","","","Y","9999","0","9999","0","1230097.10","5849107.73","141762544.62","Y","91339","1230097.10","0.00","0.00","0.00","1230097.10","13400","0.00"
"2210","12221","000104450000063","1","3/28/2024","1290","28","7/1/2025","7079204.84","0.00","","","Y","","","N","","","9999","141762544.62","","","Y","9999","0","9999","0","1181354.54","5897850.30","135864694.32","Y","209807","1181354.54","0.00","0.00","0.00","1181354.54","13400","0.00"
"2211","12222","000104450000063","1","3/28/2024","1290","29","8/1/2025","7079204.84","0.00","","","Y","","","N","","","9999","135864694.32","","","Y","9999","0","9999","0","1132205.79","5946999.05","129917695.27","Y","210617","1132205.79","0.00","0.00","0.00","1132205.79","13400","0.00"
"2212","12223","000104450000063","1","3/28/2024","1290","30","9/1/2025","7079204.84","0.00","","","Y","","","N","","","9999","129917695.27","","","Y","9999","0","9999","0","1082647.46","5996557.38","123921137.89","Y","226257","1082647.46","0.00","0.00","0.00","1082647.46","13400","0.00"
"2213","12224","000104450000063","1","3/28/2024","1290","31","10/1/2025","7079204.84","0.00","","","Y","","","N","","","9999","123921137.89","","","Y","9999","0","9999","0","1032676.15","6046528.69","117874609.21","Y","243264","1032676.15","0.00","0.00","0.00","1032676.15","13400","0.00"
"2214","12225","000104450000063","1","3/28/2024","1290","32","11/1/2025","7079204.84","0.00","","","Y","","","N","","","9999","117874609.21","","","Y","9999","0","9999","0","982288.41","6096916.43","111777692.78","Y","258342","982288.41","0.00","0.00","0.00","982288.41","13400","0.00"
"2215","12226","000104450000063","1","3/28/2024","1290","33","12/1/2025","7079204.84","0.00","","","Y","","","N","","","9999","111777692.78","","","Y","9999","0","9999","0","931480.77","6147724.06","105629968.72","Y","284639","931480.77","0.00","0.00","0.00","931480.77","13400","0.00"
"2216","12227","000104450000063","1","3/28/2024","1290","34","1/1/2026","7079204.84","0.00","","","Y","","","N","","","9999","105629968.72","","","Y","9999","0","9999","0","880249.74","6198955.10","99431013.62","Y","284639","880249.74","0.00","0.00","0.00","880249.74","13400","0.00"
"2217","12228","000104450000063","1","3/28/2024","1290","35","2/1/2026","7079204.84","0.00","","","Y","","","N","","","9999","99431013.62","","","Y","9999","0","9999","0","828591.78","6250613.06","93180400.56","Y","310640","828591.78","0.00","0.00","0.00","828591.78","13400","0.00"
"2218","12229","000104450000063","1","3/28/2024","1290","36","3/1/2026","7079204.84","0.00","","","Y","","","N","","","9999","93180400.56","","","Y","9999","0","9999","0","776503.34","6302701.50","86877699.07","Y","325870","776503.34","0.00","0.00","0.00","776503.34","13400","0.00"
"2219","12230","000104450000063","1","3/28/2024","1290","37","4/1/2026","7079204.84","0.00","","","Y","","","N","","","9999","86877699.07","","","Y","9999","0","9999","0","723980.83","6355224.01","80522475.06","Y","340804","723980.83","0.00","0.00","0.00","723980.83","13400","0.00"
"2220","12231","000104450000063","1","3/28/2024","1290","38","5/1/2026","7079204.84","0.00","","","Y","","","N","","","9999","80522475.06","","","Y","9999","0","9999","0","671020.63","6408184.21","74114290.84","Y","340804","671020.63","0.00","0.00","0.00","671020.63","13400","0.00"
"2221","12232","000104450000063","1","3/28/2024","1290","39","6/1/2026","7079204.84","0.00","","","Y","","","N","","","9999","74114290.84","","","Y","9999","0","9999","0","617619.09","6461585.75","67652705.10","Y","354989","617619.09","0.00","0.00","0.00","617619.09","13400","0.00"
"2222","12233","000104450000063","1","3/28/2024","1290","40","7/1/2026","7079204.84","0.00","","","Y","","","N","","","9999","67652705.1","","","Y","9999","0","9999","0","563772.54","6515432.29","61137272.80","Y","369114","563772.54","0.00","0.00","0.00","563772.54","13400","0.00"
"2223","12234","000104450000063","1","3/28/2024","1290","41","8/1/2026","7079204.84","0.00","","","Y","","","N","","","9999","61137272.8","","","Y","9999","0","9999","0","509477.27","6569727.56","54567545.24","Y","369114","509477.27","0.00","0.00","0.00","509477.27","13400","0.00"
"2224","12235","000104450000063","1","3/28/2024","1290","42","9/1/2026","7079204.84","0.00","","","Y","","","N","","","9999","54567545.24","","","Y","9999","0","9999","0","454729.54","6624475.29","47943069.95","Y","383255","454729.54","0.00","0.00","0.00","454729.54","13400","0.00"
"2225","12236","000104450000063","1","3/28/2024","1290","43","10/1/2026","7079204.84","0.00","","","Y","","","N","","","9999","47943069.95","","","Y","9999","0","9999","0","399525.58","6679679.25","41263390.69","Y","397413","399525.58","0.00","0.00","0.00","399525.58","13400","0.00"
"2226","12237","000104450000063","1","3/28/2024","1290","44","11/1/2026","7079204.84","0.00","","","Y","","","N","","","9999","41263390.69","","","Y","9999","0","9999","0","343861.59","6735343.25","34528047.45","Y","397413","343861.59","0.00","0.00","0.00","343861.59","13400","0.00"
"2227","12238","000104450000063","1","3/28/2024","1290","45","12/1/2026","7079204.84","0.00","","","Y","","","N","","","9999","34528047.45","","","Y","9999","0","9999","0","287733.73","6791471.11","27736576.34","Y","397413","287733.73","0.00","0.00","0.00","287733.73","13400","0.00"
"2228","12240","000104450000063","1","3/28/2024","1290","47","12/1/2026","7079204.84","0.00","","","Y","","","N","","","9999","20888509.64","","","Y","9999","0","9999","0","174070.91","6905133.92","13983375.72","Y","411657","174070.91","0.00","0.00","0.00","174070.91","13400","0.00"
"2229","12239","000104450000063","1","3/28/2024","1290","46","1/1/2027","7079204.84","0.00","","","Y","","","N","","","9999","27736576.34","","","Y","9999","0","9999","0","231138.14","6848066.70","20888509.64","Y","411657","231138.14","0.00","0.00","0.00","231138.14","13400","0.00"
"2230","12241","000104450000063","1","3/28/2024","1290","48","1/1/2027","7079204.84","0.00","","","Y","","","N","","","9999","13983375.72","","","Y","9999","0","9999","0","116528.13","6962676.71","7020699.01","Y","411657","116528.13","0.00","0.00","0.00","116528.13","13400","0.00"
"2231","12242","000104450000063","1","3/28/2024","1290","49","2/1/2027","7079204.84","0.00","","","Y","","","N","","","9999","7020699.01","","","Y","9999","0","9999","0","58505.83","7020699.01","0.00","Y","411657","58505.83","0.00","0.00","0.00","58505.83","13400","0.00"
"2232","12341","000104450000067","1","3/28/2024","1291","1","5/19/2023","0.00","104838.71","","","Y","","","N","","","9999","30000000","","","Y","9999","0","9999","0","104838.71","-104838.71","30104838.71","Y","","104838.71","0.00","0.00","0.00","0.00","","0.00"
"2233","12342","000104450000067","1","3/28/2024","1291","2","6/1/2023","0.00","250873.66","","","Y","","","N","","","9999","30104838.71","","","Y","9999","0","9999","0","250873.66","-250873.66","30355712.37","Y","","250873.66","0.00","0.00","0.00","0.00","","0.00"
"2234","12343","000104450000067","1","3/28/2024","1291","3","7/1/2023","0.00","252964.27","","","Y","","","N","","","9999","30355712.37","","","Y","9999","0","9999","0","252964.27","-252964.27","30608676.64","Y","","252964.27","0.00","0.00","0.00","0.00","","0.00"
"2235","12344","000104450000067","1","3/28/2024","1291","4","8/1/2023","0.00","255072.31","","","Y","","","N","","","9999","30608676.64","","","Y","9999","0","9999","0","255072.31","-255072.31","30863748.94","Y","","255072.31","0.00","0.00","0.00","0.00","","0.00"
"2236","12345","000104450000067","1","3/28/2024","1292","5","9/1/2023","1608149.95","257197.91","","","Y","","","N","","","9999","30863748.94","","","Y","9999","0","9999","1608149.95","257197.91","1350952.04","29512796.90","Y","","257197.91","0.00","0.00","0.00","0.00","","0.00"
"2237","12346","000104450000067","1","3/28/2024","1292","6","10/1/2023","1608149.95","245939.97","","","Y","","","N","","","9999","29512796.9","","","Y","9999","0","9999","3216299.89","245939.97","1362209.97","28150586.93","Y","","245939.97","0.00","0.00","0.00","0.00","","0.00"
"2238","12347","000104450000067","1","3/28/2024","1292","7","11/1/2023","1608149.95","234588.22","","","Y","","","N","","","9999","28150586.93","","","Y","9999","1602549.64","9999","3221900.2","234588.22","1373561.72","26777025.21","Y","","234588.22","0.00","0.00","0.00","0.00","","0.00"
"2239","12348","000104450000067","1","3/28/2024","1292","8","12/1/2023","1608149.95","223141.88","","","Y","","","N","","","9999","26777025.21","","","Y","9999","0","9999","4830050.14","223141.88","1385008.07","25392017.14","Y","","223141.88","0.00","0.00","0.00","0.00","","0.00"
"2240","12349","000104450000067","1","3/28/2024","1292","9","1/1/2024","1608149.95","211600.14","","","Y","","","N","","","9999","25392017.14","","","Y","9999","0","9999","6438200.09","211600.14","1396549.80","23995467.34","Y","","211600.14","0.00","0.00","0.00","0.00","","0.00"
"2241","12350","000104450000067","1","3/28/2024","1292","10","2/1/2024","1608149.95","199962.23","","","Y","","","N","","","9999","23995467.34","","","Y","9999","3800000","9999","4246350.03","199962.23","1408187.72","22587279.62","Y","","199962.23","0.00","0.00","0.00","0.00","","0.00"
"2242","12351","000104450000067","1","3/28/2024","1292","11","3/1/2024","1608149.95","188227.33","","","Y","","","N","","","9999","22587279.62","","","Y","9999","0","9999","5854499.98","188227.33","1419922.62","21167357.01","Y","","188227.33","0.00","0.00","0.00","0.00","","0.00"
"2243","12352","000104450000067","1","3/28/2024","1292","12","4/1/2024","1608149.95","176394.64","","","Y","","","N","","","9999","21167357.01","","","Y","9999","0","9999","7462649.92","176394.64","1431755.30","19735601.70","Y","","176394.64","0.00","0.00","0.00","0.00","","0.00"
"2244","12353","000104450000067","1","3/28/2024","1292","13","5/1/2024","1608149.95","164463.35","","","Y","","","N","","","9999","19735601.7","","","Y","9999","9072650","9999","-1850.13","164463.35","1443686.60","18291915.10","Y","","164463.35","0.00","0.00","0.00","0.00","","0.00"
"2245","12354","000104450000067","1","3/28/2024","1292","14","6/1/2024","1608149.95","152432.63","","","Y","","","N","","","9999","18291915.1","","","Y","9999","1600000","9999","6299.82","152432.63","1455717.32","16836197.78","Y","","152432.63","0.00","0.00","0.00","0.00","","0.00"
"2246","12355","000104450000067","1","3/28/2024","1292","15","7/1/2024","1608149.95","140301.65","","","Y","","","N","","","9999","16836197.78","","","Y","9999","0","9999","1614449.76","140301.65","1467848.30","15368349.49","Y","","140301.65","0.00","0.00","0.00","0.00","","0.00"
"2247","12356","000104450000067","1","3/28/2024","1292","16","8/1/2024","1608149.95","0.00","","","Y","","","N","","","9999","15368349.49","","","Y","9999","0","9999","0","128069.58","1480080.37","13888269.12","Y","19519","128069.58","0.00","0.00","0.00","0.00","","0.00"
"2248","12357","000104450000067","1","3/28/2024","1292","17","9/1/2024","1608149.95","0.00","","","Y","","","N","","","9999","13888269.12","","","Y","9999","0","9999","0","115735.58","1492414.37","12395854.75","Y","24174","115735.58","0.00","0.00","0.00","0.00","","0.00"
"2249","12358","000104450000067","1","3/28/2024","1292","18","10/1/2024","1608149.95","0.00","","","Y","","","N","","","9999","12395854.75","","","Y","9999","0","9999","0","103298.79","1504851.16","10891003.60","Y","26856","103298.79","0.00","0.00","0.00","0.00","","0.00"
"2250","12359","000104450000067","1","3/28/2024","1292","19","11/1/2024","1608149.95","0.00","","","Y","","","N","","","9999","10891003.6","","","Y","9999","0","9999","0","90758.36","1517391.58","9373612.01","Y","29034","90758.36","0.00","0.00","0.00","0.00","","0.00"
"2251","12360","000104450000067","1","3/28/2024","1292","20","12/1/2024","1608149.95","0.00","","","Y","","","N","","","9999","9373612.01","","","Y","9999","0","9999","0","78113.43","1530036.51","7843575.50","Y","29034","78113.43","0.00","0.00","0.00","0.00","","0.00"
"2252","12361","000104450000067","1","3/28/2024","1292","21","1/1/2025","1608149.95","0.00","","","Y","","","N","","","9999","7843575.5","","","Y","9999","0","9999","0","65363.13","1542786.82","6300788.68","Y","34030","65363.13","0.00","0.00","0.00","0.00","","0.00"
"2253","12362","000104450000067","1","3/28/2024","1292","22","2/1/2025","1608149.95","0.00","","","Y","","","N","","","9999","6300788.68","","","Y","9999","0","9999","0","52506.57","1555643.37","4745145.31","Y","34030","52506.57","0.00","0.00","0.00","0.00","","0.00"
"2254","12363","000104450000067","1","3/28/2024","1292","23","3/1/2025","1608149.95","0.00","","","Y","","","N","","","9999","4745145.31","","","Y","9999","0","9999","0","39542.88","1568607.07","3176538.24","Y","40434","39542.88","0.00","0.00","0.00","0.00","","0.00"
"2255","12364","000104450000067","1","3/28/2024","1292","24","4/1/2025","1608149.95","0.00","","","Y","","","N","","","9999","3176538.24","","","Y","9999","0","9999","0","26471.15","1581678.79","1594859.45","Y","40434","26471.15","0.00","0.00","0.00","0.00","","0.00"
"2256","12365","000104450000067","1","3/28/2024","1292","25","5/1/2025","1608149.95","0.00","","","Y","","","N","","","9999","1594859.45","","","Y","9999","0","9999","0","13290.50","1594859.45","0.00","Y","40434","13290.50","0.00","0.00","0.00","0.00","","0.00"
"2257","12366","000104450000068","1","3/28/2024","1293","1","7/10/2023","0.00","1478494.62","","","Y","","","N","","","9999","250000000","","","Y","9999","6853544.7","9999","0","1478494.62","-1478494.62","251478494.62","Y","","1478494.62","0.00","0.00","0.00","0.00","","0.00"
"2258","12367","000104450000068","1","3/28/2024","1293","2","8/1/2023","0.00","2095654.12","","","Y","","","N","","","9999","251478494.62","","","Y","9999","6853544.7","9999","0","2095654.12","-2095654.12","253574148.75","Y","","2095654.12","0.00","0.00","0.00","0.00","","0.00"
"2259","12368","000104450000068","1","3/28/2024","1293","3","9/1/2023","0.00","2113117.91","","","Y","","","N","","","9999","253574148.75","","","Y","9999","6853544.7","9999","0","2113117.91","-2113117.91","255687266.65","Y","","2113117.91","0.00","0.00","0.00","0.00","","0.00"
"2260","12369","000104450000068","1","3/28/2024","1293","4","10/1/2023","0.00","2130727.22","","","Y","","","N","","","9999","255687266.65","","","Y","9999","6853544.7","9999","0","2130727.22","-2130727.22","257817993.87","Y","","2130727.22","0.00","0.00","0.00","0.00","","0.00"
"2261","12370","000104450000068","1","3/28/2024","1294","5","11/1/2023","6894076.41","0.00","","","Y","","","N","","","9999","257817993.87","","","Y","9999","6853544.7","9999","0","2148483.28","4745593.13","253072400.74","Y","","2148483.28","0.00","0.00","0.00","2148483.28","13406","0.00"
"2262","12371","000104450000068","1","3/28/2024","1294","6","12/1/2023","6894076.41","0.00","","","Y","","","N","","","9999","253072400.74","","","Y","9999","6853544.7","9999","0","2108936.67","4785139.74","248287261.01","Y","","2108936.67","0.00","0.00","0.00","2108936.67","13406","0.00"
"2263","12372","000104450000068","1","3/28/2024","1294","7","1/1/2024","6894076.41","0.00","","","Y","","","N","","","9999","248287261.01","","","Y","9999","6853544.7","9999","0","2069060.51","4825015.90","243462245.10","Y","","2069060.51","0.00","0.00","0.00","2069060.51","13406","0.00"
"2264","12373","000104450000068","1","3/28/2024","1294","8","2/1/2024","6894076.41","0.00","","","Y","","","N","","","9999","243462245.1","","","Y","9999","6121038.13","9999","773038.28","2028852.04","4865224.37","238597020.73","Y","","2028852.04","0.00","0.00","0.00","2028852.04","13406","0.00"
"2265","12374","000104450000068","1","3/28/2024","1294","9","3/1/2024","6894076.41","0.00","","","Y","","","N","","","9999","238597020.73","","","Y","9999","6121038.13","9999","1546076.56","1988308.51","4905767.91","233691252.83","Y","","1988308.51","0.00","0.00","0.00","1988308.51","13406","0.00"
"2266","12375","000104450000068","1","3/28/2024","1294","10","4/1/2024","6894076.41","0.00","","","Y","","","N","","","9999","233691252.83","","","Y","9999","6853544","9999","1586608.97","1947427.11","4946649.30","228744603.52","Y","","1947427.11","0.00","0.00","0.00","1947427.11","13406","0.00"
"2267","12376","000104450000068","1","3/28/2024","1294","11","5/1/2024","6894076.41","0.00","","","Y","","","N","","","9999","228744603.52","","","Y","9999","6853544","9999","1627141.39","1906205.03","4987871.38","223756732.14","Y","","1906205.03","0.00","0.00","0.00","1906205.03","13406","0.00"
"2268","12377","000104450000068","1","3/28/2024","1294","12","6/1/2024","6894076.41","0.00","","","Y","","","N","","","9999","223756732.14","","","Y","9999","0","9999","8521217.8","1864639.43","5029436.98","218727295.16","Y","","1864639.43","0.00","0.00","0.00","1864639.43","13406","0.00"
"2269","12378","000104450000068","1","3/28/2024","1294","13","7/1/2024","6894076.41","0.00","","","Y","","","N","","","9999","218727295.16","","","Y","9999","13707089.4","9999","1708204.81","1822727.46","5071348.95","213655946.21","Y","","1822727.46","0.00","0.00","0.00","1822727.46","13406","0.00"
"2270","12379","000104450000068","1","3/28/2024","1294","14","8/1/2024","6894076.41","0.00","","","Y","","","N","","","9999","213655946.21","","","Y","9999","0","9999","0","1780466.22","5113610.19","208542336.02","Y","","1780466.22","0.00","0.00","0.00","1780466.22","13406","0.00"
"2271","12380","000104450000068","1","3/28/2024","1294","15","9/1/2024","6894076.41","0.00","","","Y","","","N","","","9999","208542336.02","","","Y","9999","0","9999","0","1737852.80","5156223.61","203386112.41","Y","23108","1737852.80","0.00","0.00","0.00","1737852.80","13406","0.00"
"2272","12381","000104450000068","1","3/28/2024","1294","16","10/1/2024","6894076.41","0.00","","","Y","","","N","","","9999","203386112.41","","","Y","9999","0","9999","0","1694884.27","5199192.14","198186920.27","Y","24164","1694884.27","0.00","0.00","0.00","1694884.27","13406","0.00"
"2273","12382","000104450000068","1","3/28/2024","1294","17","11/1/2024","6894076.41","0.00","","","Y","","","N","","","9999","198186920.27","","","Y","9999","0","9999","0","1651557.67","5242518.74","192944401.52","Y","26868","1651557.67","0.00","0.00","0.00","1651557.67","13406","0.00"
"2274","12383","000104450000068","1","3/28/2024","1294","18","12/1/2024","6894076.41","0.00","","","Y","","","N","","","9999","192944401.52","","","Y","9999","0","9999","0","1607870.01","5286206.40","187658195.13","Y","29039","1607870.01","0.00","0.00","0.00","1607870.01","13406","0.00"
"2275","12384","000104450000068","1","3/28/2024","1294","19","1/1/2025","6894076.41","0.00","","","Y","","","N","","","9999","187658195.13","","","Y","9999","0","9999","0","1563818.29","5330258.12","182327937.01","Y","34033","1563818.29","0.00","0.00","0.00","1563818.29","13406","0.00"
"2276","12385","000104450000068","1","3/28/2024","1294","20","2/1/2025","6894076.41","0.00","","","Y","","","N","","","9999","182327937.01","","","Y","9999","0","9999","0","1519399.48","5374676.94","176953260.07","Y","40460","1519399.48","0.00","0.00","0.00","1519399.48","13406","0.00"
"2277","12386","000104450000068","1","3/28/2024","1294","21","3/1/2025","6894076.41","0.00","","","Y","","","N","","","9999","176953260.07","","","Y","9999","0","9999","0","1474610.50","5419465.91","171533794.16","Y","40460","1474610.50","0.00","0.00","0.00","1474610.50","13406","0.00"
"2278","12387","000104450000068","1","3/28/2024","1294","22","4/1/2025","6894076.41","0.00","","","Y","","","N","","","9999","171533794.16","","","Y","9999","0","9999","0","1429448.28","5464628.13","166069166.03","Y","49390","1429448.28","0.00","0.00","0.00","1429448.28","13406","0.00"
"2279","12388","000104450000068","1","3/28/2024","1294","23","5/1/2025","6894076.41","0.00","","","Y","","","N","","","9999","166069166.03","","","Y","9999","0","9999","0","1383909.72","5510166.69","160558999.34","Y","54819","1383909.72","0.00","0.00","0.00","1383909.72","13406","0.00"
"2280","12389","000104450000068","1","3/28/2024","1294","24","6/1/2025","6894076.41","0.00","","","Y","","","N","","","9999","160558999.34","","","Y","9999","0","9999","0","1337991.66","5556084.75","155002914.59","Y","91315","1337991.66","0.00","0.00","0.00","1337991.66","13406","0.00"
"2281","12390","000104450000068","1","3/28/2024","1294","25","7/1/2025","6894076.41","0.00","","","Y","","","N","","","9999","155002914.59","","","Y","9999","0","9999","0","1291690.95","5602385.46","149400529.13","Y","209824","1291690.95","0.00","0.00","0.00","1291690.95","13406","0.00"
"2282","12391","000104450000068","1","3/28/2024","1294","26","8/1/2025","6894076.41","0.00","","","Y","","","N","","","9999","149400529.13","","","Y","9999","0","9999","0","1245004.41","5649072.00","143751457.13","Y","210628","1245004.41","0.00","0.00","0.00","1245004.41","13406","0.00"
"2283","12392","000104450000068","1","3/28/2024","1294","27","9/1/2025","6894076.41","0.00","","","Y","","","N","","","9999","143751457.13","","","Y","9999","0","9999","0","1197928.81","5696147.60","138055309.53","Y","226242","1197928.81","0.00","0.00","0.00","1197928.81","13406","0.00"
"2284","12393","000104450000068","1","3/28/2024","1294","28","10/1/2025","6894076.41","0.00","","","Y","","","N","","","9999","138055309.53","","","Y","9999","0","9999","0","1150460.91","5743615.50","132311694.03","Y","243265","1150460.91","0.00","0.00","0.00","1150460.91","13406","0.00"
"2285","12394","000104450000068","1","3/28/2024","1294","29","11/1/2025","6894076.41","0.00","","","Y","","","N","","","9999","132311694.03","","","Y","9999","0","9999","0","1102597.45","5791478.96","126520215.07","Y","284646","1102597.45","0.00","0.00","0.00","1102597.45","13406","0.00"
"2286","12395","000104450000068","1","3/28/2024","1294","30","12/1/2025","6894076.41","0.00","","","Y","","","N","","","9999","126520215.07","","","Y","9999","0","9999","0","1054335.13","5839741.29","120680473.78","Y","325880","1054335.13","0.00","0.00","0.00","1054335.13","13406","0.00"
"2287","12396","000104450000068","1","3/28/2024","1294","31","1/1/2026","6894076.41","0.00","","","Y","","","N","","","9999","120680473.78","","","Y","9999","0","9999","0","1005670.61","5888405.80","114792067.98","Y","340805","1005670.61","0.00","0.00","0.00","1005670.61","13406","0.00"
"2288","12397","000104450000068","1","3/28/2024","1294","32","2/1/2026","6894076.41","0.00","","","Y","","","N","","","9999","114792067.98","","","Y","9999","0","9999","0","956600.57","5937475.84","108854592.14","Y","354990","896035.79","0.00","0.00","0.00","956600.57","13406","0.00"
"2289","12398","000104450000068","1","3/28/2024","1294","33","3/1/2026","6894076.41","0.00","","","Y","","","N","","","9999","108854592.14","","","Y","9999","0","9999","0","907121.60","5986954.81","102867637.33","N","","0.00","0.00","0.00","0.00","907121.60","13406","0.00"
"2290","12399","000104450000068","1","3/28/2024","1294","34","4/1/2026","6894076.41","0.00","","","Y","","","N","","","9999","102867637.33","","","Y","9999","0","9999","0","857230.31","6036846.10","96830791.23","N","","0.00","0.00","0.00","0.00","857230.31","13406","0.00"
"2291","12400","000104450000068","1","3/28/2024","1294","35","5/1/2026","6894076.41","0.00","","","Y","","","N","","","9999","96830791.23","","","Y","9999","0","9999","0","806923.26","6087153.15","90743638.08","N","","0.00","0.00","0.00","0.00","806923.26","13406","0.00"
"2292","12401","000104450000068","1","3/28/2024","1294","36","6/1/2026","6894076.41","0.00","","","Y","","","N","","","9999","90743638.08","","","Y","9999","0","9999","0","756196.98","6137879.43","84605758.65","N","","0.00","0.00","0.00","0.00","756196.98","13406","0.00"
"2293","12402","000104450000068","1","3/28/2024","1294","37","7/1/2026","6894076.41","0.00","","","Y","","","N","","","9999","84605758.65","","","Y","9999","0","9999","0","705047.99","6189028.42","78416730.23","N","","0.00","0.00","0.00","0.00","705047.99","13406","0.00"
"2294","12403","000104450000068","1","3/28/2024","1294","38","8/1/2026","6894076.41","0.00","","","Y","","","N","","","9999","78416730.23","","","Y","9999","0","9999","0","653472.75","6240603.66","72176126.57","N","","0.00","0.00","0.00","0.00","653472.75","13406","0.00"
"2295","12404","000104450000068","1","3/28/2024","1294","39","9/1/2026","6894076.41","0.00","","","Y","","","N","","","9999","72176126.57","","","Y","9999","0","9999","0","601467.72","6292608.69","65883517.88","N","","0.00","0.00","0.00","0.00","601467.72","13406","0.00"
"2296","12405","000104450000068","1","3/28/2024","1294","40","10/1/2026","6894076.41","0.00","","","Y","","","N","","","9999","65883517.88","","","Y","9999","0","9999","0","549029.32","6345047.10","59538470.78","N","","0.00","0.00","0.00","0.00","549029.32","13406","0.00"
"2297","12406","000104450000068","1","3/28/2024","1294","41","11/1/2026","6894076.41","0.00","","","Y","","","N","","","9999","59538470.78","","","Y","9999","0","9999","0","496153.92","6397922.49","53140548.29","N","","0.00","0.00","0.00","0.00","496153.92","13406","0.00"
"2298","12407","000104450000068","1","3/28/2024","1294","42","12/1/2026","6894076.41","0.00","","","Y","","","N","","","9999","53140548.29","","","Y","9999","0","9999","0","442837.90","6451238.51","46689309.78","N","","0.00","0.00","0.00","0.00","442837.90","13406","0.00"
"2299","12408","000104450000068","1","3/28/2024","1294","43","1/1/2027","6894076.41","0.00","","","Y","","","N","","","9999","46689309.78","","","Y","9999","0","9999","0","389077.58","6504998.83","40184310.95","N","","0.00","0.00","0.00","0.00","389077.58","13406","0.00"
"2300","12409","000104450000068","1","3/28/2024","1294","44","2/1/2027","6894076.41","0.00","","","Y","","","N","","","9999","40184310.95","","","Y","9999","0","9999","0","334869.26","6559207.15","33625103.80","N","","0.00","0.00","0.00","0.00","334869.26","13406","0.00"
"2301","12410","000104450000068","1","3/28/2024","1294","45","3/1/2027","6894076.41","0.00","","","Y","","","N","","","9999","33625103.8","","","Y","9999","0","9999","0","280209.20","6613867.21","27011236.59","N","","0.00","0.00","0.00","0.00","280209.20","13406","0.00"
"2302","12411","000104450000068","1","3/28/2024","1294","46","4/1/2027","6894076.41","0.00","","","Y","","","N","","","9999","27011236.59","","","Y","9999","0","9999","0","225093.64","6668982.77","20342253.81","N","","0.00","0.00","0.00","0.00","225093.64","13406","0.00"
"2303","12412","000104450000068","1","3/28/2024","1294","47","5/1/2027","6894076.41","0.00","","","Y","","","N","","","9999","20342253.81","","","Y","9999","0","9999","0","169518.78","6724557.63","13617696.18","N","","0.00","0.00","0.00","0.00","169518.78","13406","0.00"
"2304","12413","000104450000068","1","3/28/2024","1294","48","6/1/2027","6894076.41","0.00","","","Y","","","N","","","9999","13617696.18","","","Y","9999","0","9999","0","113480.80","6780595.61","6837100.57","N","","0.00","0.00","0.00","0.00","113480.80","13406","0.00"
"2305","12414","000104450000068","1","3/28/2024","1294","49","7/1/2027","6894076.41","0.00","","","Y","","","N","","","9999","6837100.57","","","Y","9999","0","9999","0","56975.84","6837100.57","0.00","N","","0.00","0.00","0.00","0.00","56975.84","13406","0.00"
"2306","12415","000104450000069","1","3/28/2024","1295","1","7/20/2023","0.00","645161.29","","","Y","","","N","","","9999","200000000","","","Y","9999","0","9999","0","645161.29","-645161.29","200645161.29","Y","","645161.29","0.00","0.00","0.00","0.00","","0.00"
"2307","12416","000104450000069","1","3/28/2024","1295","2","8/1/2023","0.00","1672043.01","","","Y","","","N","","","9999","200645161.29","","","Y","9999","0","9999","0","1672043.01","-1672043.01","202317204.30","Y","","1672043.01","0.00","0.00","0.00","0.00","","0.00"
"2308","12417","000104450000069","1","3/28/2024","1295","3","9/1/2023","0.00","1685976.70","","","Y","","","N","","","9999","202317204.3","","","Y","9999","0","9999","0","1685976.70","-1685976.70","204003181.00","Y","","1685976.70","0.00","0.00","0.00","0.00","","0.00"
"2309","12418","000104450000069","1","3/28/2024","1295","4","10/1/2023","0.00","1700026.51","","","Y","","","N","","","9999","204003181","","","Y","9999","0","9999","0","1700026.51","-1700026.51","205703207.51","Y","","1700026.51","0.00","0.00","0.00","0.00","","0.00"
"2310","12419","000104450000069","1","3/28/2024","1295","5","11/1/2023","0.00","1714193.40","","","Y","","","N","","","9999","205703207.51","","","Y","9999","0","9999","0","1714193.40","-1714193.40","207417400.91","Y","","1714193.40","0.00","0.00","0.00","0.00","","0.00"
"2311","12420","000104450000069","1","3/28/2024","1295","6","12/1/2023","0.00","1728478.34","","","Y","","","N","","","9999","207417400.91","","","Y","9999","0","9999","0","1728478.34","-1728478.34","209145879.25","Y","","1728478.34","0.00","0.00","0.00","0.00","","0.00"
"2312","12421","000104450000069","1","3/28/2024","1295","7","1/1/2024","0.00","1742882.33","","","Y","","","N","","","9999","209145879.25","","","Y","9999","0","9999","0","1742882.33","-1742882.33","210888761.58","Y","","1742882.33","0.00","0.00","0.00","0.00","","0.00"
"2313","12422","000104450000069","1","3/28/2024","1296","8","2/1/2024","5971698.96","1757406.35","","","Y","","","N","","","9999","210888761.58","","","Y","9999","0","9999","5971698.96","1757406.35","4214292.62","206674468.96","Y","","1757406.35","0.00","0.00","0.00","0.00","","0.00"
"2314","12423","000104450000069","1","3/28/2024","1296","9","3/1/2024","5971698.96","1722287.24","","","Y","","","N","","","9999","206674468.96","","","Y","9999","0","9999","11943397.93","1722287.24","4249411.72","202425057.24","Y","","1722287.24","0.00","0.00","0.00","0.00","","0.00"
"2315","12424","000104450000069","1","3/28/2024","1296","10","4/1/2024","5971698.96","1686875.48","","","Y","","","N","","","9999","202425057.24","","","Y","9999","1950000","9999","15965096.89","1686875.48","4284823.49","198140233.75","Y","","1686875.48","0.00","0.00","0.00","0.00","","0.00"
"2316","12425","000104450000069","1","3/28/2024","1296","11","5/1/2024","5971698.96","1651168.61","","","Y","","","N","","","9999","198140233.75","","","Y","9999","3050000","9999","18886795.85","1651168.61","4320530.35","193819703.40","Y","","1651168.61","0.00","0.00","0.00","0.00","","0.00"
"2317","12426","000104450000069","1","3/28/2024","1296","12","6/1/2024","5971698.96","1615164.20","","","Y","","","N","","","9999","193819703.4","","","Y","9999","0","9999","24858494.82","1615164.20","4356534.77","189463168.63","Y","","1615164.20","0.00","0.00","0.00","0.00","","0.00"
"2318","12427","000104450000069","1","3/28/2024","1296","13","7/1/2024","5971698.96","1578859.74","","","Y","","","N","","","9999","189463168.63","","","Y","9999","9000000","9999","21830193.78","1578859.74","4392839.22","185070329.41","Y","","1578859.74","0.00","0.00","0.00","0.00","","0.00"
"2319","12428","000104450000069","1","3/28/2024","1296","14","8/1/2024","5971698.96","0.00","","","Y","","","N","","","9999","185070329.41","","","Y","9999","0","9999","0","1542252.75","4429446.22","180640883.19","Y","19517","1542252.75","0.00","0.00","0.00","0.00","","0.00"
"2320","12429","000104450000069","1","3/28/2024","1296","15","9/1/2024","5971698.96","0.00","","","Y","","","N","","","9999","180640883.19","","","Y","9999","0","9999","0","1505340.69","4466358.27","176174524.92","Y","24181","1505340.69","0.00","0.00","0.00","0.00","","0.00"
"2321","12430","000104450000069","1","3/28/2024","1296","16","10/1/2024","5971698.96","0.00","","","Y","","","N","","","9999","176174524.92","","","Y","9999","0","9999","0","1468121.04","4503577.92","171670947.00","Y","26846","1468121.04","0.00","0.00","0.00","0.00","","0.00"
"2322","12431","000104450000069","1","3/28/2024","1296","17","11/1/2024","5971698.96","0.00","","","Y","","","N","","","9999","171670947","","","Y","9999","0","9999","0","1430591.23","4541107.74","167129839.26","Y","29022","1430591.23","0.00","0.00","0.00","0.00","","0.00"
"2323","12432","000104450000069","1","3/28/2024","1296","18","12/1/2024","5971698.96","0.00","","","Y","","","N","","","9999","167129839.26","","","Y","9999","0","9999","0","1392748.66","4578950.30","162550888.96","Y","34019","1392748.66","0.00","0.00","0.00","0.00","","0.00"
"2324","12433","000104450000069","1","3/28/2024","1296","19","1/1/2025","5971698.96","0.00","","","Y","","","N","","","9999","162550888.96","","","Y","9999","0","9999","0","1354590.74","4617108.22","157933780.74","Y","34019","1354590.74","0.00","0.00","0.00","0.00","","0.00"
"2325","12434","000104450000069","1","3/28/2024","1296","20","2/1/2025","5971698.96","0.00","","","Y","","","N","","","9999","157933780.74","","","Y","9999","0","9999","0","1316114.84","4655584.12","153278196.61","Y","40441","1316114.84","0.00","0.00","0.00","0.00","","0.00"
"2326","12435","000104450000069","1","3/28/2024","1296","21","3/1/2025","5971698.96","0.00","","","Y","","","N","","","9999","153278196.61","","","Y","9999","0","9999","0","1277318.31","4694380.66","148583815.96","Y","40441","1277318.31","0.00","0.00","0.00","0.00","","0.00"
"2327","12436","000104450000069","1","3/28/2024","1296","22","4/1/2025","5971698.96","0.00","","","Y","","","N","","","9999","148583815.96","","","Y","9999","0","9999","0","1238198.47","4733500.50","143850315.46","Y","48241","1238198.47","0.00","0.00","0.00","0.00","","0.00"
"2328","12437","000104450000069","1","3/28/2024","1296","23","5/1/2025","5971698.96","0.00","","","Y","","","N","","","9999","143850315.46","","","Y","9999","0","9999","0","1198752.63","4772946.33","139077369.13","Y","48241","1198752.63","0.00","0.00","0.00","0.00","","0.00"
"2329","12438","000104450000069","1","3/28/2024","1296","24","6/1/2025","5971698.96","0.00","","","Y","","","N","","","9999","139077369.13","","","Y","9999","0","9999","0","1158978.08","4812720.89","134264648.24","Y","49399","1158978.08","0.00","0.00","0.00","0.00","","0.00"
"2330","12439","000104450000069","1","3/28/2024","1296","25","7/1/2025","5971698.96","0.00","","","Y","","","N","","","9999","134264648.24","","","Y","9999","0","9999","0","1118872.07","4852826.89","129411821.34","Y","54837","1118872.07","0.00","0.00","0.00","0.00","","0.00"
"2331","12440","000104450000069","1","3/28/2024","1296","26","8/1/2025","5971698.96","0.00","","","Y","","","N","","","9999","129411821.34","","","Y","9999","0","9999","0","1078431.84","4893267.12","124518554.23","Y","54837","1078431.84","0.00","0.00","0.00","0.00","","0.00"
"2332","12441","000104450000069","1","3/28/2024","1296","27","9/1/2025","5971698.96","0.00","","","Y","","","N","","","9999","124518554.23","","","Y","9999","0","9999","0","1037654.62","4934044.34","119584509.88","Y","91326","1037654.62","0.00","0.00","0.00","0.00","","0.00"
"2333","12442","000104450000069","1","3/28/2024","1296","28","10/1/2025","5971698.96","0.00","","","Y","","","N","","","9999","119584509.88","","","Y","9999","0","9999","0","996537.58","4975161.38","114609348.50","Y","209827","996537.58","0.00","0.00","0.00","0.00","","0.00"
"2334","12443","000104450000069","1","3/28/2024","1296","29","11/1/2025","5971698.96","0.00","","","Y","","","N","","","9999","114609348.5","","","Y","9999","0","9999","0","955077.90","5016621.06","109592727.44","Y","210622","955077.90","0.00","0.00","0.00","0.00","","0.00"
"2335","12444","000104450000069","1","3/28/2024","1296","30","12/1/2025","5971698.96","0.00","","","Y","","","N","","","9999","109592727.44","","","Y","9999","0","9999","0","913272.73","5058426.23","104534301.21","Y","226243","913272.73","0.00","0.00","0.00","0.00","","0.00"
"2336","12445","000104450000069","1","3/28/2024","1296","31","1/1/2026","5971698.96","0.00","","","Y","","","N","","","9999","104534301.21","","","Y","9999","0","9999","0","871119.18","5100579.79","99433721.42","Y","258330","871119.18","0.00","0.00","0.00","0.00","","0.00"
"2337","12446","000104450000069","1","3/28/2024","1296","32","2/1/2026","5971698.96","0.00","","","Y","","","N","","","9999","99433721.42","","","Y","9999","0","9999","0","828614.35","5143084.62","94290636.80","Y","258330","541800.04","0.00","0.00","0.00","0.00","","0.00"
"2338","12447","000104450000069","1","3/28/2024","1296","33","3/1/2026","5971698.96","0.00","","","Y","","","N","","","9999","94290636.8","","","Y","9999","0","9999","0","785755.31","5185943.66","89104693.15","N","","0.00","0.00","0.00","0.00","0.00","","0.00"
"2339","12448","000104450000069","1","3/28/2024","1296","34","4/1/2026","5971698.96","0.00","","","Y","","","N","","","9999","89104693.15","","","Y","9999","0","9999","0","742539.11","5229159.85","83875533.29","N","","0.00","0.00","0.00","0.00","0.00","","0.00"
"2340","12449","000104450000069","1","3/28/2024","1296","35","5/1/2026","5971698.96","0.00","","","Y","","","N","","","9999","83875533.29","","","Y","9999","0","9999","0","698962.78","5272736.19","78602797.11","N","","0.00","0.00","0.00","0.00","0.00","","0.00"
"2341","12450","000104450000069","1","3/28/2024","1296","36","6/1/2026","5971698.96","0.00","","","Y","","","N","","","9999","78602797.11","","","Y","9999","0","9999","0","655023.31","5316675.65","73286121.45","N","","0.00","0.00","0.00","0.00","0.00","","0.00"
"2342","12451","000104450000069","1","3/28/2024","1296","37","7/1/2026","5971698.96","0.00","","","Y","","","N","","","9999","73286121.45","","","Y","9999","0","9999","0","610717.68","5360981.28","67925140.17","N","","0.00","0.00","0.00","0.00","0.00","","0.00"
"2343","12452","000104450000069","1","3/28/2024","1296","38","8/1/2026","5971698.96","0.00","","","Y","","","N","","","9999","67925140.17","","","Y","9999","0","9999","0","566042.83","5405656.13","62519484.04","N","","0.00","0.00","0.00","0.00","0.00","","0.00"
"2344","12453","000104450000069","1","3/28/2024","1296","39","9/1/2026","5971698.96","0.00","","","Y","","","N","","","9999","62519484.04","","","Y","9999","0","9999","0","520995.70","5450703.26","57068780.78","N","","0.00","0.00","0.00","0.00","0.00","","0.00"
"2345","12454","000104450000069","1","3/28/2024","1296","40","10/1/2026","5971698.96","0.00","","","Y","","","N","","","9999","57068780.78","","","Y","9999","0","9999","0","475573.17","5496125.79","51572654.99","N","","0.00","0.00","0.00","0.00","0.00","","0.00"
"2346","12455","000104450000069","1","3/28/2024","1296","41","11/1/2026","5971698.96","0.00","","","Y","","","N","","","9999","51572654.99","","","Y","9999","0","9999","0","429772.12","5541926.84","46030728.15","N","","0.00","0.00","0.00","0.00","0.00","","0.00"
"2347","12456","000104450000069","1","3/28/2024","1296","42","12/1/2026","5971698.96","0.00","","","Y","","","N","","","9999","46030728.15","","","Y","9999","0","9999","0","383589.40","5588109.56","40442618.59","N","","0.00","0.00","0.00","0.00","0.00","","0.00"
"2348","12457","000104450000069","1","3/28/2024","1296","43","1/1/2027","5971698.96","0.00","","","Y","","","N","","","9999","40442618.59","","","Y","9999","0","9999","0","337021.82","5634677.14","34807941.45","N","","0.00","0.00","0.00","0.00","0.00","","0.00"
"2349","12458","000104450000069","1","3/28/2024","1296","44","2/1/2027","5971698.96","0.00","","","Y","","","N","","","9999","34807941.45","","","Y","9999","0","9999","0","290066.18","5681632.78","29126308.66","N","","0.00","0.00","0.00","0.00","0.00","","0.00"
"2350","12459","000104450000069","1","3/28/2024","1296","45","3/1/2027","5971698.96","0.00","","","Y","","","N","","","9999","29126308.66","","","Y","9999","0","9999","0","242719.24","5728979.72","23397328.94","N","","0.00","0.00","0.00","0.00","0.00","","0.00"
"2351","12460","000104450000069","1","3/28/2024","1296","46","4/1/2027","5971698.96","0.00","","","Y","","","N","","","9999","23397328.94","","","Y","9999","0","9999","0","194977.74","5776721.22","17620607.71","N","","0.00","0.00","0.00","0.00","0.00","","0.00"
"2352","12461","000104450000069","1","3/28/2024","1296","47","5/1/2027","5971698.96","0.00","","","Y","","","N","","","9999","17620607.71","","","Y","9999","0","9999","0","146838.40","5824860.57","11795747.15","N","","0.00","0.00","0.00","0.00","0.00","","0.00"
"2353","12462","000104450000069","1","3/28/2024","1296","48","6/1/2027","5971698.96","0.00","","","Y","","","N","","","9999","11795747.15","","","Y","9999","0","9999","0","98297.89","5873401.07","5922346.08","N","","0.00","0.00","0.00","0.00","0.00","","0.00"
"2354","12463","000104450000069","1","3/28/2024","1296","49","7/1/2027","5971698.96","0.00","","","Y","","","N","","","9999","5922346.08","","","Y","9999","0","9999","0","49352.88","5922346.08","0.00","N","","0.00","0.00","0.00","0.00","0.00","","0.00"
"2355","12528","000104450000072","1","3/28/2024","1297","1","7/31/2023","0.00","0.00","","","Y","","","N","","","9999","15000000","","","Y","9999","0","9999","0","0.00","0.00","15000000.00","Y","","0.00","0.00","0.00","0.00","0.00","","0.00"
"2356","12529","000104450000072","1","3/28/2024","1297","2","8/1/2023","0.00","125000.00","","","Y","","","N","","","9999","15000000","","","Y","9999","0","9999","0","125000.00","-125000.00","15125000.00","Y","","125000.00","0.00","0.00","0.00","0.00","","0.00"
"2357","12530","000104450000072","1","3/28/2024","1297","3","9/1/2023","0.00","126041.67","","","Y","","","N","","","9999","15125000","","","Y","9999","0","9999","0","126041.67","-126041.67","15251041.67","Y","","126041.67","0.00","0.00","0.00","0.00","","0.00"
"2358","12531","000104450000072","1","3/28/2024","1297","4","10/1/2023","0.00","127092.01","","","Y","","","N","","","9999","15251041.67","","","Y","9999","1800000","9999","0","127092.01","-127092.01","13578133.68","Y","","127092.01","0.00","0.00","0.00","0.00","","0.00"
"2359","12532","000104450000072","1","3/28/2024","1298","5","11/1/2023","707486.15","0.00","","","Y","","","N","","","9999","13578133.68","","","Y","9999","0","9999","0","113151.11","594335.04","12983798.64","Y","","113151.11","0.00","0.00","0.00","113151.11","13412","0.00"
"2360","12533","000104450000072","1","3/28/2024","1298","6","12/1/2023","707486.15","0.00","","","Y","","","N","","","9999","12983798.64","","","Y","9999","850000","9999","0","108198.32","599287.83","12384510.81","Y","","108198.32","0.00","0.00","0.00","108198.32","13412","0.00"
"2361","12534","000104450000072","1","3/28/2024","1298","7","1/1/2024","707486.15","0.00","","","Y","","","N","","","9999","12384510.81","","","Y","9999","800000","9999","0","103204.26","604281.89","11780228.92","Y","","103204.26","0.00","0.00","0.00","103204.26","13412","0.00"
"2362","12535","000104450000072","1","3/28/2024","1298","8","2/1/2024","707486.15","0.00","","","Y","","","N","","","9999","11780228.92","","","Y","9999","1000000","9999","0","98168.57","609317.58","11170911.34","Y","","98168.57","0.00","0.00","0.00","98168.57","13412","0.00"
"2363","12536","000104450000072","1","3/28/2024","1298","9","3/1/2024","707486.15","0.00","","","Y","","","N","","","9999","11170911.34","","","Y","9999","1000000","9999","0","93090.93","614395.22","10556516.12","Y","","93090.93","0.00","0.00","0.00","93090.93","13412","0.00"
"2364","12537","000104450000072","1","3/28/2024","1298","10","4/1/2024","707486.15","0.00","","","Y","","","N","","","9999","10556516.12","","","Y","9999","1000000","9999","0","87970.97","619515.18","9937000.94","Y","","87970.97","0.00","0.00","0.00","87970.97","13412","0.00"
"2365","12538","000104450000072","1","3/28/2024","1298","11","5/1/2024","707486.15","0.00","","","Y","","","N","","","9999","9937000.94","","","Y","9999","0","9999","0","82808.34","624677.81","9312323.13","Y","","82808.34","0.00","0.00","0.00","82808.34","13412","0.00"
"2366","12539","000104450000072","1","3/28/2024","1298","12","6/1/2024","707486.15","0.00","","","Y","","","N","","","9999","9312323.13","","","Y","9999","1000000","9999","0","77602.69","629883.46","8682439.67","Y","","77602.69","0.00","0.00","0.00","77602.69","13412","0.00"
"2367","12540","000104450000072","1","3/28/2024","1298","13","7/1/2024","707486.15","0.00","","","Y","","","N","","","9999","8682439.67","","","Y","9999","0","9999","0","72353.66","635132.49","8047307.18","Y","","72353.66","0.00","0.00","0.00","72353.66","13412","0.00"
"2368","12541","000104450000072","1","3/28/2024","1298","14","8/1/2024","707486.15","0.00","","","Y","","","N","","","9999","8047307.18","","","Y","9999","0","9999","0","67060.89","640425.26","7406881.93","Y","19533","67060.89","0.00","0.00","0.00","67060.89","13412","0.00"
"2369","12542","000104450000072","1","3/28/2024","1298","15","9/1/2024","707486.15","0.00","","","Y","","","N","","","9999","7406881.93","","","Y","9999","0","9999","0","61724.02","645762.13","6761119.79","Y","24155","61724.02","0.00","0.00","0.00","61724.02","13412","0.00"
"2370","12543","000104450000072","1","3/28/2024","1298","16","10/1/2024","707486.15","0.00","","","Y","","","N","","","9999","6761119.79","","","Y","9999","0","9999","0","56342.66","651143.49","6109976.31","Y","26874","56342.66","0.00","0.00","0.00","56342.66","13412","0.00"
"2371","12544","000104450000072","1","3/28/2024","1298","17","11/1/2024","707486.15","0.00","","","Y","","","N","","","9999","6109976.31","","","Y","9999","0","9999","0","50916.47","656569.68","5453406.62","Y","29035","50916.47","0.00","0.00","0.00","50916.47","13412","0.00"
"2372","12545","000104450000072","1","3/28/2024","1298","18","12/1/2024","707486.15","0.00","","","Y","","","N","","","9999","5453406.62","","","Y","9999","0","9999","0","45445.06","662041.10","4791365.53","Y","34009","45445.06","0.00","0.00","0.00","45445.06","13412","0.00"
"2373","12546","000104450000072","1","3/28/2024","1298","19","1/1/2025","707486.15","0.00","","","Y","","","N","","","9999","4791365.53","","","Y","9999","0","9999","0","39928.05","667558.10","4123807.42","Y","40456","39928.05","0.00","0.00","0.00","39928.05","13412","0.00"
"2374","12547","000104450000072","1","3/28/2024","1298","20","2/1/2025","707486.15","0.00","","","Y","","","N","","","9999","4123807.42","","","Y","9999","0","9999","0","34365.06","673121.09","3450686.33","Y","40456","34365.06","0.00","0.00","0.00","34365.06","13412","0.00"
"2375","12548","000104450000072","1","3/28/2024","1298","21","3/1/2025","707486.15","0.00","","","Y","","","N","","","9999","3450686.33","","","Y","9999","0","9999","0","28755.72","678730.43","2771955.90","Y","40456","28755.72","0.00","0.00","0.00","28755.72","13412","0.00"
"2376","12549","000104450000072","1","3/28/2024","1298","22","4/1/2025","707486.15","0.00","","","Y","","","N","","","9999","2771955.9","","","Y","9999","0","9999","0","23099.63","684386.52","2087569.38","Y","40456","23099.63","0.00","0.00","0.00","23099.63","13412","0.00"
"2377","12550","000104450000072","1","3/28/2024","1298","23","5/1/2025","707486.15","0.00","","","Y","","","N","","","9999","2087569.38","","","Y","9999","0","9999","0","17396.41","690089.74","1397479.65","Y","40456","17396.41","0.00","0.00","0.00","17396.41","13412","0.00"
"2378","12551","000104450000072","1","3/28/2024","1298","24","6/1/2025","707486.15","0.00","","","Y","","","N","","","9999","1397479.65","","","Y","9999","0","9999","0","11645.66","695840.49","701639.16","Y","48229","11645.66","0.00","0.00","0.00","11645.66","13412","0.00"
"2379","12552","000104450000072","1","3/28/2024","1298","25","7/1/2025","707486.15","0.00","","","Y","","","N","","","9999","701639.16","","","Y","9999","0","9999","0","5846.99","701639.16","0.00","Y","48229","5846.99","0.00","0.00","0.00","5846.99","13412","0.00"
"2380","12578","000104450000074","1","3/28/2024","1299","1","7/1/2023","0.00","250000.00","","","Y","","","N","","","9999","30000000","","","Y","9999","0","9999","0","250000.00","-250000.00","30250000.00","Y","","250000.00","0.00","0.00","0.00","0.00","","0.00"
"2381","12579","000104450000074","1","3/28/2024","1299","2","8/1/2023","0.00","252083.33","","","Y","","","N","","","9999","30250000","","","Y","9999","0","9999","0","252083.33","-252083.33","30502083.33","Y","","252083.33","0.00","0.00","0.00","0.00","","0.00"
"2382","12580","000104450000074","1","3/28/2024","1299","3","9/1/2023","0.00","254184.03","","","Y","","","N","","","9999","30502083.33","","","Y","9999","2672817.95","9999","0","254184.03","-254184.03","30756267.36","Y","","254184.03","0.00","0.00","0.00","0.00","","0.00"
"2383","12581","000104450000074","1","3/28/2024","1300","4","10/1/2023","1535877.60","256302.23","","","Y","","","N","","","9999","30756267.36","","","Y","9999","1600000","9999","-2736940.35","256302.23","1279575.37","29476691.99","Y","","256302.23","0.00","0.00","0.00","0.00","","0.00"
"2384","12582","000104450000074","1","3/28/2024","1300","5","11/1/2023","1535877.60","245639.10","","","Y","","","N","","","9999","29476691.99","","","Y","9999","1600000","9999","-2801062.75","245639.10","1290238.50","28186453.49","Y","","245639.10","0.00","0.00","0.00","0.00","","0.00"
"2385","12583","000104450000074","1","3/28/2024","1300","6","12/1/2023","1535877.60","234887.11","","","Y","","","N","","","9999","28186453.49","","","Y","9999","0","9999","-1265185.15","234887.11","1300990.49","26885463.00","Y","","234887.11","0.00","0.00","0.00","0.00","","0.00"
"2386","12584","000104450000074","1","3/28/2024","1300","7","1/1/2024","1535877.60","224045.53","","","Y","","","N","","","9999","26885463","","","Y","9999","0","9999","270692.45","224045.53","1311832.07","25573630.93","Y","","224045.53","0.00","0.00","0.00","0.00","","0.00"
"2387","12585","000104450000074","1","3/28/2024","1300","8","2/1/2024","1535877.60","213113.59","","","Y","","","N","","","9999","25573630.93","","","Y","9999","1600000","9999","206570.04","213113.59","1322764.01","24250866.92","Y","","213113.59","0.00","0.00","0.00","0.00","","0.00"
"2388","12586","000104450000074","1","3/28/2024","1300","9","3/1/2024","1535877.60","202090.56","","","Y","","","N","","","9999","24250866.92","","","Y","9999","0","9999","1742447.64","202090.56","1333787.04","22917079.88","Y","","202090.56","0.00","0.00","0.00","0.00","","0.00"
"2389","12587","000104450000074","1","3/28/2024","1300","10","4/1/2024","1535877.60","190975.67","","","Y","","","N","","","9999","22917079.88","","","Y","9999","0","9999","3278325.24","190975.67","1344901.93","21572177.95","Y","","190975.67","0.00","0.00","0.00","0.00","","0.00"
"2390","12588","000104450000074","1","3/28/2024","1300","11","5/1/2024","1535877.60","179768.15","","","Y","","","N","","","9999","21572177.95","","","Y","9999","0","9999","4814202.84","179768.15","1356109.45","20216068.50","Y","","179768.15","0.00","0.00","0.00","0.00","","0.00"
"2391","12589","000104450000074","1","3/28/2024","1300","12","6/1/2024","1535877.60","168467.24","","","Y","","","N","","","9999","20216068.5","","","Y","9999","700000","9999","5650080.44","168467.24","1367410.36","18848658.14","Y","","168467.24","0.00","0.00","0.00","0.00","","0.00"
"2392","12590","000104450000074","1","3/28/2024","1300","13","7/1/2024","1535877.60","157072.15","","","Y","","","N","","","9999","18848658.14","","","Y","9999","800000","9999","6385958.04","157072.15","1378805.45","17469852.69","Y","","157072.15","0.00","0.00","0.00","0.00","","0.00"
"2393","12591","000104450000074","1","3/28/2024","1300","14","8/1/2024","1535877.60","0.00","","","Y","","","N","","","9999","17469852.69","","","Y","9999","0","9999","0","145582.11","1390295.49","16079557.20","Y","19537","145582.11","0.00","0.00","0.00","0.00","","0.00"
"2394","12592","000104450000074","1","3/28/2024","1300","15","9/1/2024","1535877.60","0.00","","","Y","","","N","","","9999","16079557.2","","","Y","9999","0","9999","0","133996.31","1401881.29","14677675.91","Y","24157","133996.31","0.00","0.00","0.00","0.00","","0.00"
"2395","12593","000104450000074","1","3/28/2024","1300","16","10/1/2024","1535877.60","0.00","","","Y","","","N","","","9999","14677675.91","","","Y","9999","0","9999","0","122313.97","1413563.63","13264112.27","Y","26850","122313.97","0.00","0.00","0.00","0.00","","0.00"
"2396","12594","000104450000074","1","3/28/2024","1300","17","11/1/2024","1535877.60","0.00","","","Y","","","N","","","9999","13264112.27","","","Y","9999","0","9999","0","110534.27","1425343.33","11838768.94","Y","26850","110534.27","0.00","0.00","0.00","0.00","","0.00"
"2397","12595","000104450000074","1","3/28/2024","1300","18","12/1/2024","1535877.60","0.00","","","Y","","","N","","","9999","11838768.94","","","Y","9999","0","9999","0","98656.41","1437221.19","10401547.75","Y","29014","98656.41","0.00","0.00","0.00","0.00","","0.00"
"2398","12596","000104450000074","1","3/28/2024","1300","19","1/1/2025","1535877.60","0.00","","","Y","","","N","","","9999","10401547.75","","","Y","9999","0","9999","0","86679.56","1449198.03","8952349.72","Y","29014","86679.56","0.00","0.00","0.00","0.00","","0.00"
"2399","12597","000104450000074","1","3/28/2024","1300","20","2/1/2025","1535877.60","0.00","","","Y","","","N","","","9999","8952349.72","","","Y","9999","0","9999","0","74602.91","1461274.68","7491075.03","Y","29014","74602.91","0.00","0.00","0.00","0.00","","0.00"
"2400","12598","000104450000074","1","3/28/2024","1300","21","3/1/2025","1535877.60","0.00","","","Y","","","N","","","9999","7491075.03","","","Y","9999","0","9999","0","62425.63","1473451.97","6017623.06","Y","34034","62425.63","0.00","0.00","0.00","0.00","","0.00"
"2401","12599","000104450000074","1","3/28/2024","1300","22","4/1/2025","1535877.60","0.00","","","Y","","","N","","","9999","6017623.06","","","Y","9999","0","9999","0","50146.86","1485730.74","4531892.32","Y","40435","50146.86","0.00","0.00","0.00","0.00","","0.00"
"2402","12600","000104450000074","1","3/28/2024","1300","23","5/1/2025","1535877.60","0.00","","","Y","","","N","","","9999","4531892.32","","","Y","9999","0","9999","0","37765.77","1498111.83","3033780.49","Y","40435","37765.77","0.00","0.00","0.00","0.00","","0.00"
"2403","12601","000104450000074","1","3/28/2024","1300","24","6/1/2025","1535877.60","0.00","","","Y","","","N","","","9999","3033780.49","","","Y","9999","0","9999","0","25281.50","1510596.09","1523184.40","Y","48236","25281.50","0.00","0.00","0.00","0.00","","0.00"
"2404","12602","000104450000074","1","3/28/2024","1300","25","7/1/2025","1535877.60","0.00","","","Y","","","N","","","9999","1523184.4","","","Y","9999","0","9999","0","12693.20","1523184.40","0.00","Y","48236","12693.20","0.00","0.00","0.00","0.00","","0.00"
"2405","12689","000104450000076","1","3/28/2024","1301","1","8/15/2023","0.00","137096.77","","","Y","","","N","","","9999","30000000","","","Y","9999","0","9999","0","137096.77","-137096.77","30137096.77","Y","","137096.77","0.00","0.00","0.00","0.00","","0.00"
"2406","12690","000104450000076","1","3/28/2024","1301","2","9/1/2023","0.00","251142.47","","","Y","","","N","","","9999","30137096.77","","","Y","9999","0","9999","0","251142.47","-251142.47","30388239.25","Y","","251142.47","0.00","0.00","0.00","0.00","","0.00"
"2407","12691","000104450000076","1","3/28/2024","1301","3","10/1/2023","0.00","253235.33","","","Y","","","N","","","9999","30388239.25","","","Y","9999","0","9999","0","253235.33","-253235.33","30641474.57","Y","","253235.33","0.00","0.00","0.00","0.00","","0.00"
"2408","12692","000104450000076","1","3/28/2024","1302","4","11/1/2023","1038638.60","0.00","","","Y","","","N","","","9999","30641474.57","","","Y","9999","0","9999","1038638.6","255345.62","783292.98","29858181.60","Y","","255345.62","0.00","0.00","0.00","255345.62","13418","0.00"
"2409","12693","000104450000076","1","3/28/2024","1302","5","12/1/2023","1038638.60","0.00","","","Y","","","N","","","9999","29858181.6","","","Y","9999","1100000","9999","977277.2","248818.18","789820.42","29068361.18","Y","","248818.18","0.00","0.00","0.00","248818.18","13418","0.00"
"2410","12694","000104450000076","1","3/28/2024","1302","6","1/1/2024","1038638.60","0.00","","","Y","","","N","","","9999","29068361.18","","","Y","9999","1100000","9999","915915.8","242236.34","796402.26","28271958.92","Y","","242236.34","0.00","0.00","0.00","242236.34","13418","0.00"
"2411","12695","000104450000076","1","3/28/2024","1302","7","2/1/2024","1038638.60","0.00","","","Y","","","N","","","9999","28271958.92","","","Y","9999","1100000","9999","854554.4","235599.66","803038.94","27468919.98","Y","","235599.66","0.00","0.00","0.00","235599.66","13418","0.00"
"2412","12696","000104450000076","1","3/28/2024","1302","8","3/1/2024","1038638.60","0.00","","","Y","","","N","","","9999","27468919.98","","","Y","9999","1100000","9999","793193","228907.67","809730.93","26659189.04","Y","","228907.67","0.00","0.00","0.00","228907.67","13418","0.00"
"2413","12697","000104450000076","1","3/28/2024","1302","9","4/1/2024","1038638.60","0.00","","","Y","","","N","","","9999","26659189.04","","","Y","9999","1100000","9999","731831.6","222159.91","816478.69","25842710.35","Y","","222159.91","0.00","0.00","0.00","222159.91","13418","0.00"
"2414","12698","000104450000076","1","3/28/2024","1302","10","5/1/2024","1038638.60","0.00","","","Y","","","N","","","9999","25842710.35","","","Y","9999","1100000","9999","670470.2","215355.92","823282.68","25019427.67","Y","","215355.92","0.00","0.00","0.00","215355.92","13418","0.00"
"2415","12699","000104450000076","1","3/28/2024","1302","11","6/1/2024","1038638.60","0.00","","","Y","","","N","","","9999","25019427.67","","","Y","9999","0","9999","1709108.8","208495.23","830143.37","24189284.30","Y","","208495.23","0.00","0.00","0.00","208495.23","13418","0.00"
"2416","12700","000104450000076","1","3/28/2024","1302","12","7/1/2024","1038638.60","0.00","","","Y","","","N","","","9999","24189284.3","","","Y","9999","1600000","9999","1147747.4","201577.37","837061.23","23352223.07","Y","","201577.37","0.00","0.00","0.00","201577.37","13418","0.00"
"2417","12701","000104450000076","1","3/28/2024","1302","13","8/1/2024","1038638.60","0.00","","","Y","","","N","","","9999","23352223.07","","","Y","9999","0","9999","0","194601.86","844036.74","22508186.33","Y","19520","194601.86","0.00","0.00","0.00","194601.86","13418","0.00"
"2418","12702","000104450000076","1","3/28/2024","1302","14","9/1/2024","1038638.60","0.00","","","Y","","","N","","","9999","22508186.33","","","Y","9999","0","9999","0","187568.22","851070.38","21657115.95","Y","24158","187568.22","0.00","0.00","0.00","187568.22","13418","0.00"
"2419","12703","000104450000076","1","3/28/2024","1302","15","10/1/2024","1038638.60","0.00","","","Y","","","N","","","9999","21657115.95","","","Y","9999","0","9999","0","180475.97","858162.63","20798953.31","Y","26852","180475.97","0.00","0.00","0.00","180475.97","13418","0.00"
"2420","12704","000104450000076","1","3/28/2024","1302","16","11/1/2024","1038638.60","0.00","","","Y","","","N","","","9999","20798953.31","","","Y","9999","0","9999","0","173324.61","865313.99","19933639.32","Y","29015","173324.61","0.00","0.00","0.00","173324.61","13418","0.00"
"2421","12705","000104450000076","1","3/28/2024","1302","17","12/1/2024","1038638.60","0.00","","","Y","","","N","","","9999","19933639.32","","","Y","9999","0","9999","0","166113.66","872524.94","19061114.39","Y","34025","166113.66","0.00","0.00","0.00","166113.66","13418","0.00"
"2422","12706","000104450000076","1","3/28/2024","1302","18","1/1/2025","1038638.60","0.00","","","Y","","","N","","","9999","19061114.39","","","Y","9999","0","9999","0","158842.62","879795.98","18181318.41","Y","40452","158842.62","0.00","0.00","0.00","158842.62","13418","0.00"
"2423","12707","000104450000076","1","3/28/2024","1302","19","2/1/2025","1038638.60","0.00","","","Y","","","N","","","9999","18181318.41","","","Y","9999","0","9999","0","151510.99","887127.61","17294190.79","Y","40452","151510.99","0.00","0.00","0.00","151510.99","13418","0.00"
"2424","12708","000104450000076","1","3/28/2024","1302","20","3/1/2025","1038638.60","0.00","","","Y","","","N","","","9999","17294190.79","","","Y","9999","0","9999","0","144118.26","894520.34","16399670.45","Y","49396","144118.26","0.00","0.00","0.00","144118.26","13418","0.00"
"2425","12709","000104450000076","1","3/28/2024","1302","21","4/1/2025","1038638.60","0.00","","","Y","","","N","","","9999","16399670.45","","","Y","9999","0","9999","0","136663.92","901974.68","15497695.77","Y","54838","136663.92","0.00","0.00","0.00","136663.92","13418","0.00"
"2426","12710","000104450000076","1","3/28/2024","1302","22","5/1/2025","1038638.60","0.00","","","Y","","","N","","","9999","15497695.77","","","Y","9999","0","9999","0","129147.46","909491.14","14588204.63","Y","91316","129147.46","0.00","0.00","0.00","129147.46","13418","0.00"
"2427","12711","000104450000076","1","3/28/2024","1302","23","6/1/2025","1038638.60","0.00","","","Y","","","N","","","9999","14588204.63","","","Y","9999","0","9999","0","121568.37","917070.23","13671134.41","Y","209823","121568.37","0.00","0.00","0.00","121568.37","13418","0.00"
"2428","12712","000104450000076","1","3/28/2024","1302","24","7/1/2025","1038638.60","0.00","","","Y","","","N","","","9999","13671134.41","","","Y","9999","0","9999","0","113926.12","924712.48","12746421.93","Y","210624","113926.12","0.00","0.00","0.00","113926.12","13418","0.00"
"2429","12714","000104450000076","1","3/28/2024","1302","26","7/1/2025","1038638.60","0.00","","","Y","","","N","","","9999","11814003.51","","","Y","9999","0","9999","0","98450.03","940188.57","10873814.94","Y","210624","98450.03","0.00","0.00","0.00","98450.03","13418","0.00"
"2430","12713","000104450000076","1","3/28/2024","1302","25","8/1/2025","1038638.60","0.00","","","Y","","","N","","","9999","12746421.93","","","Y","9999","0","9999","0","106220.18","932418.42","11814003.51","Y","243255","106220.18","0.00","0.00","0.00","106220.18","13418","0.00"
"2431","12715","000104450000076","1","3/28/2024","1302","27","8/1/2025","1038638.60","0.00","","","Y","","","N","","","9999","10873814.94","","","Y","9999","0","9999","0","90615.12","948023.48","9925791.46","Y","226268","90615.12","0.00","0.00","0.00","90615.12","13418","0.00"
"2432","12716","000104450000076","1","3/28/2024","1302","28","8/31/2025","1038638.60","0.00","","","Y","","","N","","","9999","9925791.46","","","Y","9999","0","9999","0","82714.93","955923.67","8969867.79","Y","258335","82714.93","0.00","0.00","0.00","82714.93","13418","0.00"
"2433","12718","000104450000076","1","3/28/2024","1302","30","9/1/2025","1038638.60","0.00","","","Y","","","N","","","9999","8005978.09","","","Y","9999","0","9999","0","66716.48","971922.12","7034055.97","Y","284647","66716.48","0.00","0.00","0.00","66716.48","13418","0.00"
"2434","12717","000104450000076","1","3/28/2024","1302","29","10/1/2025","1038638.60","0.00","","","Y","","","N","","","9999","8969867.79","","","Y","9999","0","9999","0","74748.90","963889.70","8005978.09","Y","310637","74748.90","0.00","0.00","0.00","74748.90","13418","0.00"
"2435","12719","000104450000076","1","3/28/2024","1302","31","10/1/2025","1038638.60","0.00","","","Y","","","N","","","9999","7034055.97","","","Y","9999","0","9999","0","58617.13","980021.47","6054034.51","Y","340807","58617.13","0.00","0.00","0.00","58617.13","13418","0.00"
"2436","12720","000104450000076","1","3/28/2024","1302","32","10/31/2025","1038638.60","0.00","","","Y","","","N","","","9999","6054034.51","","","Y","9999","0","9999","0","50450.29","988188.31","5065846.19","Y","354985","50450.29","0.00","0.00","0.00","50450.29","13418","0.00"
"2437","12722","000104450000076","1","3/28/2024","1302","34","11/1/2025","1038638.60","0.00","","","Y","","","N","","","9999","4069422.98","","","Y","9999","0","9999","0","33911.86","1004726.74","3064696.24","Y","354985","33911.86","0.00","0.00","0.00","33911.86","13418","0.00"
"2438","12721","000104450000076","1","3/28/2024","1302","33","12/1/2025","1038638.60","0.00","","","Y","","","N","","","9999","5065846.19","","","Y","9999","0","9999","0","42215.38","996423.22","4069422.98","Y","369111","42215.38","0.00","0.00","0.00","42215.38","13418","0.00"
"2439","12723","000104450000076","1","3/28/2024","1302","35","12/1/2025","1038638.60","0.00","","","Y","","","N","","","9999","3064696.24","","","Y","9999","0","9999","0","25539.14","1013099.46","2051596.77","Y","383252","25539.14","0.00","0.00","0.00","25539.14","13418","0.00"
"2440","12724","000104450000076","1","3/28/2024","1302","36","12/31/2025","1038638.60","0.00","","","Y","","","N","","","9999","2051596.77","","","Y","9999","0","9999","0","17096.64","1021541.96","1030054.81","Y","383252","17096.64","0.00","0.00","0.00","17096.64","13418","0.00"
"2441","12725","000104450000076","1","3/28/2024","1302","37","1/31/2026","1038638.60","0.00","","","Y","","","N","","","9999","1030054.81","","","Y","9999","0","9999","0","8583.79","1030054.81","0.00","Y","383252","8583.79","0.00","0.00","0.00","8583.79","13418","0.00"
"2442","12726","000104450000077","1","3/28/2024","1303","1","10/17/2023","617204.30","617204.30","","","Y","","","N","","","9999","164000000","","","Y","9999","617204.3","9999","0","617204.30","0.00","164000000.00","Y","","617204.30","0.00","0.00","0.00","0.00","","0.00"
"2443","12727","000104450000077","1","3/28/2024","1304","2","11/1/2023","1366666.67","1366666.67","","","Y","","","N","","","9999","164000000","","","Y","9999","1378056","9999","-11389.33","1366666.67","0.00","164000000.00","Y","","1366666.67","0.00","0.00","0.00","0.00","","0.00"
"2444","12728","000104450000077","1","3/28/2024","1304","3","12/1/2023","1366666.67","1366666.67","","","Y","","","N","","","9999","164000000","","","Y","9999","1389539","9999","-34261.67","1366666.67","0.00","164000000.00","Y","","1366666.67","0.00","0.00","0.00","0.00","","0.00"
"2445","12729","000104450000077","1","3/28/2024","1304","4","1/1/2024","1366666.67","1366666.67","","","Y","","","N","","","9999","164000000","","","Y","9999","1389539","9999","-57134","1366666.67","0.00","164000000.00","Y","","1366666.67","0.00","0.00","0.00","0.00","","0.00"
"2446","12730","000104450000077","1","3/28/2024","1305","5","2/1/2024","4385374.79","1366666.67","","","Y","","","N","","","9999","164000000","","","Y","9999","4495925","9999","-167684.21","1366666.67","3018708.13","160981291.87","Y","","1366666.67","0.00","0.00","0.00","0.00","","0.00"
"2447","12731","000104450000077","1","3/28/2024","1305","6","3/1/2024","4385374.79","1341510.77","","","Y","","","N","","","9999","160981291.87","","","Y","9999","4495925","9999","-278234.41","1341510.77","3043864.03","157937427.85","Y","","1341510.77","0.00","0.00","0.00","0.00","","0.00"
"2448","12732","000104450000077","1","3/28/2024","1305","7","4/1/2024","4385374.79","1316145.23","","","Y","","","N","","","9999","157937427.85","","","Y","9999","4495925","9999","-388784.62","1316145.23","3069229.56","154868198.29","Y","","1316145.23","0.00","0.00","0.00","0.00","","0.00"
"2449","12733","000104450000077","1","3/28/2024","1305","8","5/1/2024","4385374.79","1290568.32","","","Y","","","N","","","9999","154868198.29","","","Y","9999","0","9999","3996590.17","1290568.32","3094806.47","151773391.81","Y","","1290568.32","0.00","0.00","0.00","0.00","","0.00"
"2450","12734","000104450000077","1","3/28/2024","1305","9","6/1/2024","4385374.79","1264778.27","","","Y","","","N","","","9999","151773391.81","","","Y","9999","8991850","9999","-609885.04","1264778.27","3120596.53","148652795.28","Y","","1264778.27","0.00","0.00","0.00","0.00","","0.00"
"2451","12735","000104450000077","1","3/28/2024","1305","10","7/1/2024","4385374.79","1238773.29","","","Y","","","N","","","9999","148652795.28","","","Y","9999","4495925","9999","-720435.24","1238773.29","3146601.50","145506193.79","Y","","1238773.29","0.00","0.00","0.00","0.00","","0.00"
"2452","12736","000104450000077","1","3/28/2024","1305","11","8/1/2024","4385374.79","0.00","","","Y","","","N","","","9999","145506193.79","","","Y","9999","0","9999","0","1212551.61","3172823.18","142333370.61","Y","19538","1212551.61","0.00","0.00","0.00","0.00","","0.00"
"2453","12737","000104450000077","1","3/28/2024","1305","12","9/1/2024","4385374.79","0.00","","","Y","","","N","","","9999","142333370.61","","","Y","9999","0","9999","0","1186111.42","3199263.37","139134107.24","Y","24182","1186111.42","0.00","0.00","0.00","0.00","","0.00"
"2454","12738","000104450000077","1","3/28/2024","1305","13","10/1/2024","4385374.79","0.00","","","Y","","","N","","","9999","139134107.24","","","Y","9999","0","9999","0","1159450.89","3225923.90","135908183.34","Y","26869","1159450.89","0.00","0.00","0.00","0.00","","0.00"
"2455","12739","000104450000077","1","3/28/2024","1305","14","11/1/2024","4385374.79","0.00","","","Y","","","N","","","9999","135908183.34","","","Y","9999","0","9999","0","1132568.19","3252806.60","132655376.74","Y","29016","1132568.19","0.00","0.00","0.00","0.00","","0.00"
"2456","12740","000104450000077","1","3/28/2024","1305","15","12/1/2024","4385374.79","0.00","","","Y","","","N","","","9999","132655376.74","","","Y","9999","0","9999","0","1105461.47","3279913.32","129375463.42","Y","34035","1105461.47","0.00","0.00","0.00","0.00","","0.00"
"2457","12741","000104450000077","1","3/28/2024","1305","16","1/1/2025","4385374.79","0.00","","","Y","","","N","","","9999","129375463.42","","","Y","9999","0","9999","0","1078128.86","3307245.93","126068217.49","Y","40436","1078128.86","0.00","0.00","0.00","0.00","","0.00"
"2458","12742","000104450000077","1","3/28/2024","1305","17","2/1/2025","4385374.79","0.00","","","Y","","","N","","","9999","126068217.49","","","Y","9999","0","9999","0","1050568.48","3334806.31","122733411.17","Y","48232","1050568.48","0.00","0.00","0.00","0.00","","0.00"
"2459","12743","000104450000077","1","3/28/2024","1305","18","3/1/2025","4385374.79","0.00","","","Y","","","N","","","9999","122733411.17","","","Y","9999","0","9999","0","1022778.43","3362596.37","119370814.81","Y","49408","1022778.43","0.00","0.00","0.00","0.00","","0.00"
"2460","12744","000104450000077","1","3/28/2024","1305","19","4/1/2025","4385374.79","0.00","","","Y","","","N","","","9999","119370814.81","","","Y","9999","0","9999","0","994756.79","3390618.00","115980196.80","Y","54829","994756.79","0.00","0.00","0.00","0.00","","0.00"
"2461","12745","000104450000077","1","3/28/2024","1305","20","5/1/2025","4385374.79","0.00","","","Y","","","N","","","9999","115980196.8","","","Y","9999","0","9999","0","966501.64","3418873.15","112561323.65","Y","91330","966501.64","0.00","0.00","0.00","0.00","","0.00"
"2462","12746","000104450000077","1","3/28/2024","1305","21","6/1/2025","4385374.79","0.00","","","Y","","","N","","","9999","112561323.65","","","Y","9999","0","9999","0","938011.03","3447363.76","109113959.89","Y","209806","938011.03","0.00","0.00","0.00","0.00","","0.00"
"2463","12747","000104450000077","1","3/28/2024","1305","22","7/1/2025","4385374.79","0.00","","","Y","","","N","","","9999","109113959.89","","","Y","9999","0","9999","0","909283.00","3476091.79","105637868.09","Y","210629","909283.00","0.00","0.00","0.00","0.00","","0.00"
"2464","12748","000104450000077","1","3/28/2024","1305","23","8/1/2025","4385374.79","0.00","","","Y","","","N","","","9999","105637868.09","","","Y","9999","0","9999","0","880315.57","3505059.23","102132808.87","Y","210629","880315.57","0.00","0.00","0.00","0.00","","0.00"
"2465","12749","000104450000077","1","3/28/2024","1305","24","9/1/2025","4385374.79","0.00","","","Y","","","N","","","9999","102132808.87","","","Y","9999","0","9999","0","851106.74","3534268.05","98598540.82","Y","226250","851106.74","0.00","0.00","0.00","0.00","","0.00"
"2466","12750","000104450000077","1","3/28/2024","1305","25","10/1/2025","4385374.79","0.00","","","Y","","","N","","","9999","98598540.82","","","Y","9999","0","9999","0","821654.51","3563720.29","95034820.53","Y","243259","821654.51","0.00","0.00","0.00","0.00","","0.00"
"2467","12751","000104450000077","1","3/28/2024","1305","26","11/1/2025","4385374.79","0.00","","","Y","","","N","","","9999","95034820.53","","","Y","9999","0","9999","0","791956.84","3593417.96","91441402.58","Y","258350","791956.84","0.00","0.00","0.00","0.00","","0.00"
"2468","12752","000104450000077","1","3/28/2024","1305","27","12/1/2025","4385374.79","0.00","","","Y","","","N","","","9999","91441402.58","","","Y","9999","0","9999","0","762011.69","3623363.10","87818039.47","Y","284640","762011.69","0.00","0.00","0.00","0.00","","0.00"
"2469","12753","000104450000077","1","3/28/2024","1305","28","1/1/2026","4385374.79","0.00","","","Y","","","N","","","9999","87818039.47","","","Y","9999","0","9999","0","731817.00","3653557.80","84164481.67","Y","310643","731817.00","0.00","0.00","0.00","0.00","","0.00"
"2470","12754","000104450000077","1","3/28/2024","1305","29","2/1/2026","4385374.79","0.00","","","Y","","","N","","","9999","84164481.67","","","Y","9999","0","9999","0","701370.68","3684004.11","80480477.56","Y","325881","701370.68","0.00","0.00","0.00","0.00","","0.00"
"2471","12755","000104450000077","1","3/28/2024","1305","30","3/1/2026","4385374.79","0.00","","","Y","","","N","","","9999","80480477.56","","","Y","9999","0","9999","0","670670.65","3714704.15","76765773.41","Y","340810","670670.65","0.00","0.00","0.00","0.00","","0.00"
"2472","12756","000104450000077","1","3/28/2024","1305","31","4/1/2026","4385374.79","0.00","","","Y","","","N","","","9999","76765773.41","","","Y","9999","0","9999","0","639714.78","3745660.01","73020113.40","Y","354982","639714.78","0.00","0.00","0.00","0.00","","0.00"
"2473","12757","000104450000077","1","3/28/2024","1305","32","5/1/2026","4385374.79","0.00","","","Y","","","N","","","9999","73020113.4","","","Y","9999","0","9999","0","608500.95","3776873.85","69243239.55","Y","369112","608500.95","0.00","0.00","0.00","0.00","","0.00"
"2474","12758","000104450000077","1","3/28/2024","1305","33","6/1/2026","4385374.79","0.00","","","Y","","","N","","","9999","69243239.55","","","Y","9999","0","9999","0","577027.00","3808347.80","65434891.76","Y","383249","577027.00","0.00","0.00","0.00","0.00","","0.00"
"2475","12759","000104450000077","1","3/28/2024","1305","34","7/1/2026","4385374.79","0.00","","","Y","","","N","","","9999","65434891.76","","","Y","9999","0","9999","0","545290.76","3840084.03","61594807.73","Y","397408","545290.76","0.00","0.00","0.00","0.00","","0.00"
"2476","12760","000104450000077","1","3/28/2024","1305","35","8/1/2026","4385374.79","0.00","","","Y","","","N","","","9999","61594807.73","","","Y","9999","0","9999","0","513290.06","3872084.73","57722723.00","Y","397408","513290.06","0.00","0.00","0.00","0.00","","0.00"
"2477","12761","000104450000077","1","3/28/2024","1305","36","9/1/2026","4385374.79","0.00","","","Y","","","N","","","9999","57722723","","","Y","9999","0","9999","0","481022.69","3904352.10","53818370.90","Y","411654","481022.69","0.00","0.00","0.00","0.00","","0.00"
"2478","12762","000104450000077","1","3/28/2024","1305","37","10/1/2026","4385374.79","0.00","","","Y","","","N","","","9999","53818370.9","","","Y","9999","0","9999","0","448486.42","3936888.37","49881482.53","Y","411654","170359.65","0.00","0.00","0.00","0.00","","0.00"
"2479","12763","000104450000077","1","3/28/2024","1305","38","11/1/2026","4385374.79","0.00","","","Y","","","N","","","9999","49881482.53","","","Y","9999","0","9999","0","415679.02","3969695.77","45911786.76","N","","0.00","0.00","0.00","0.00","0.00","","0.00"
"2480","12764","000104450000077","1","3/28/2024","1305","39","12/1/2026","4385374.79","0.00","","","Y","","","N","","","9999","45911786.76","","","Y","9999","0","9999","0","382598.22","4002776.57","41909010.19","N","","0.00","0.00","0.00","0.00","0.00","","0.00"
"2481","12765","000104450000077","1","3/28/2024","1305","40","1/1/2027","4385374.79","0.00","","","Y","","","N","","","9999","41909010.19","","","Y","9999","0","9999","0","349241.75","4036133.04","37872877.15","N","","0.00","0.00","0.00","0.00","0.00","","0.00"
"2482","12766","000104450000077","1","3/28/2024","1305","41","2/1/2027","4385374.79","0.00","","","Y","","","N","","","9999","37872877.15","","","Y","9999","0","9999","0","315607.31","4069767.48","33803109.66","N","","0.00","0.00","0.00","0.00","0.00","","0.00"
"2483","12767","000104450000077","1","3/28/2024","1305","42","3/1/2027","4385374.79","0.00","","","Y","","","N","","","9999","33803109.66","","","Y","9999","0","9999","0","281692.58","4103682.21","29699427.45","N","","0.00","0.00","0.00","0.00","0.00","","0.00"
"2484","12768","000104450000077","1","3/28/2024","1305","43","4/1/2027","4385374.79","0.00","","","Y","","","N","","","9999","29699427.45","","","Y","9999","0","9999","0","247495.23","4137879.56","25561547.89","N","","0.00","0.00","0.00","0.00","0.00","","0.00"
"2485","12769","000104450000077","1","3/28/2024","1305","44","5/1/2027","4385374.79","0.00","","","Y","","","N","","","9999","25561547.89","","","Y","9999","0","9999","0","213012.90","4172361.89","21389185.99","N","","0.00","0.00","0.00","0.00","0.00","","0.00"
"2486","12770","000104450000077","1","3/28/2024","1305","45","6/1/2027","4385374.79","0.00","","","Y","","","N","","","9999","21389185.99","","","Y","9999","0","9999","0","178243.22","4207131.58","17182054.42","N","","0.00","0.00","0.00","0.00","0.00","","0.00"
"2487","12771","000104450000077","1","3/28/2024","1305","46","7/1/2027","4385374.79","0.00","","","Y","","","N","","","9999","17182054.42","","","Y","9999","0","9999","0","143183.79","4242191.01","12939863.41","N","","0.00","0.00","0.00","0.00","0.00","","0.00"
"2488","12772","000104450000077","1","3/28/2024","1305","47","8/1/2027","4385374.79","0.00","","","Y","","","N","","","9999","12939863.41","","","Y","9999","0","9999","0","107832.20","4277542.60","8662320.81","N","","0.00","0.00","0.00","0.00","0.00","","0.00"
"2489","12773","000104450000077","1","3/28/2024","1305","48","9/1/2027","4385374.79","0.00","","","Y","","","N","","","9999","8662320.81","","","Y","9999","0","9999","0","72186.01","4313188.79","4349132.03","N","","0.00","0.00","0.00","0.00","0.00","","0.00"
"2490","12774","000104450000077","1","3/28/2024","1305","49","10/1/2027","4385374.79","0.00","","","Y","","","N","","","9999","4349132.03","","","Y","9999","0","9999","0","36242.77","4349132.03","0.00","N","","0.00","0.00","0.00","0.00","0.00","","0.00"
"2491","28426","000104450000082","1","3/28/2024","1390","1","2/28/2023","0.00","0.00","","","Y","","","N","","","9999","20000000","","","Y","9999","0","9999","0","5952.38","-5952.38","20005952.38","Y","","5952.38","0.00","0.00","0.00","0.00","","0.00"
"2492","28427","000104450000082","1","3/28/2024","1390","2","3/1/2023","0.00","0.00","","","Y","","","N","","","9999","20005952.38","","","Y","9999","0","9999","0","166716.27","-166716.27","20172668.65","Y","","166716.27","0.00","0.00","0.00","0.00","","0.00"
"2493","28428","000104450000082","1","3/28/2024","1390","3","4/1/2023","0.00","0.00","","","Y","","","N","","","9999","20172668.65","","","Y","9999","0","9999","0","168105.57","-168105.57","20340774.22","Y","","168105.57","0.00","0.00","0.00","0.00","","0.00"
"2494","28429","000104450000082","1","3/28/2024","1390","4","5/1/2023","0.00","0.00","","","Y","","","N","","","9999","20340774.22","","","Y","9999","0","9999","0","169506.45","-169506.45","20510280.67","Y","","169506.45","0.00","0.00","0.00","0.00","","0.00"
"2495","28430","000104450000082","1","3/28/2024","1390","5","6/1/2023","0.00","0.00","","","Y","","","N","","","9999","20510280.67","","","Y","9999","0","9999","0","170919.01","-170919.01","20681199.68","Y","","170919.01","0.00","0.00","0.00","0.00","","0.00"
"2496","28431","000104450000082","1","3/28/2024","1390","6","7/1/2023","0.00","0.00","","","Y","","","N","","","9999","20681199.68","","","Y","9999","0","9999","0","172343.33","-172343.33","20853543.01","Y","","172343.33","0.00","0.00","0.00","0.00","","0.00"
"2497","28432","000104450000082","1","3/28/2024","1390","7","8/1/2023","0.00","0.00","","","Y","","","N","","","9999","20853543.01","","","Y","9999","21027322.54","9999","0","173779.53","-173779.53","21027322.54","Y","","173779.53","0.00","0.00","0.00","0.00","","0.00"
"2498","28433","000104450000082","1","3/28/2024","1390","8","9/1/2023","0.00","0.00","","","Y","","","N","","","9999","21027322.54","","","Y","9999","0","9999","0","175227.69","-175227.69","21202550.22","Y","","175227.69","0.00","0.00","0.00","0.00","","0.00"
"2499","28434","000104450000082","1","3/28/2024","1390","9","10/1/2023","0.00","0.00","","","Y","","","N","","","9999","21202550.22","","","Y","9999","0","9999","0","176687.92","-176687.92","21379238.14","Y","","176687.92","0.00","0.00","0.00","0.00","","0.00"
"2500","28435","000104450000082","1","3/28/2024","1390","10","11/1/2023","0.00","0.00","","","Y","","","N","","","9999","21379238.14","","","Y","9999","0","9999","0","178160.32","-178160.32","21557398.46","Y","","178160.32","0.00","0.00","0.00","0.00","","0.00"
"2501","28436","000104450000082","1","3/28/2024","1390","11","12/1/2023","0.00","0.00","","","Y","","","N","","","9999","21557398.46","","","Y","9999","0","9999","0","179644.99","-179644.99","21737043.45","Y","","179644.99","0.00","0.00","0.00","0.00","","0.00"
"2502","28437","000104450000082","1","3/28/2024","1390","12","1/1/2024","0.00","0.00","","","Y","","","N","","","9999","21737043.45","","","Y","9999","0","9999","0","181142.03","-181142.03","21918185.48","Y","","181142.03","0.00","0.00","0.00","0.00","","0.00"
"2503","28438","000104450000082","1","3/28/2024","1390","13","2/1/2024","22100837.02","0.00","","","Y","","","N","","","9999","21918185.48","","","Y","9999","0","9999","0","182651.55","-182651.55","0.00","Y","","182651.55","0.00","0.00","0.00","0.00","","0.00"
"2504","13057","000104450000084","1","3/28/2024","1306","1","12/13/2023","0.00","48387.10","","","Y","","","N","","","9999","10000000","","","Y","9999","0","9999","0","48387.10","0.00","10000000.00","Y","","48387.10","0.00","0.00","0.00","0.00","","0.00"
"2505","13058","000104450000084","1","3/28/2024","1306","2","1/1/2024","0.00","83333.33","","","Y","","","N","","","9999","10000000","","","Y","9999","0","9999","0","83333.33","0.00","10000000.00","Y","","83333.33","0.00","0.00","0.00","0.00","","0.00"
"2506","13059","000104450000084","1","3/28/2024","1306","3","2/1/2024","0.00","83333.33","","","Y","","","N","","","9999","10000000","","","Y","9999","0","9999","0","83333.33","0.00","10000000.00","Y","","83333.33","0.00","0.00","0.00","0.00","","0.00"
"2507","13060","000104450000084","1","3/28/2024","1306","4","3/1/2024","0.00","83333.33","","","Y","","","N","","","9999","10000000","","","Y","9999","1070000","9999","-1070000","83333.33","0.00","10000000.00","Y","","83333.33","0.00","0.00","0.00","0.00","","0.00"
"2508","13061","000104450000084","1","3/28/2024","1307","5","4/1/2024","521048.16","0.00","","","Y","","","N","","","9999","10000000","","","Y","9999","0","9999","-548951.84","83333.33","437714.82","9562285.18","Y","","83333.33","0.00","0.00","0.00","83333.33","13426","0.00"
"2509","13062","000104450000084","1","3/28/2024","1307","6","5/1/2024","521048.16","0.00","","","Y","","","N","","","9999","9562285.18","","","Y","9999","0","9999","-27903.69","79685.71","441362.45","9120922.73","Y","","79685.71","0.00","0.00","0.00","79685.71","13426","0.00"
"2510","13063","000104450000084","1","3/28/2024","1307","7","6/1/2024","521048.16","0.00","","","Y","","","N","","","9999","9120922.73","","","Y","9999","535000","9999","-41855.53","76007.69","445040.47","8675882.27","Y","","76007.69","0.00","0.00","0.00","76007.69","13426","0.00"
"2511","13064","000104450000084","1","3/28/2024","1307","8","7/1/2024","521048.16","0.00","","","Y","","","N","","","9999","8675882.27","","","Y","9999","0","9999","479192.62","72299.02","448749.14","8227133.13","Y","","72299.02","0.00","0.00","0.00","72299.02","13426","0.00"
"2512","13065","000104450000084","1","3/28/2024","1307","9","8/1/2024","521048.16","0.00","","","Y","","","N","","","9999","8227133.13","","","Y","9999","0","9999","0","68559.44","452488.71","7774644.42","Y","19521","68559.44","0.00","0.00","0.00","68559.44","13426","0.00"
"2513","13066","000104450000084","1","3/28/2024","1307","10","9/1/2024","521048.16","0.00","","","Y","","","N","","","9999","7774644.42","","","Y","9999","0","9999","0","64788.70","456259.45","7318384.97","Y","24171","64788.70","0.00","0.00","0.00","64788.70","13426","0.00"
"2514","13067","000104450000084","1","3/28/2024","1307","11","10/1/2024","521048.16","0.00","","","Y","","","N","","","9999","7318384.97","","","Y","9999","0","9999","0","60986.54","460061.61","6858323.35","Y","26875","60986.54","0.00","0.00","0.00","60986.54","13426","0.00"
"2515","13068","000104450000084","1","3/28/2024","1307","12","11/1/2024","521048.16","0.00","","","Y","","","N","","","9999","6858323.35","","","Y","9999","0","9999","0","57152.69","463895.46","6394427.89","Y","29036","57152.69","0.00","0.00","0.00","57152.69","13426","0.00"
"2516","13069","000104450000084","1","3/28/2024","1307","13","12/1/2024","521048.16","0.00","","","Y","","","N","","","9999","6394427.89","","","Y","9999","0","9999","0","53286.90","467761.26","5926666.63","Y","34015","53286.90","0.00","0.00","0.00","53286.90","13426","0.00"
"2517","13070","000104450000084","1","3/28/2024","1307","14","1/1/2025","521048.16","0.00","","","Y","","","N","","","9999","5926666.63","","","Y","9999","0","9999","0","49388.89","471659.27","5455007.37","Y","40448","49388.89","0.00","0.00","0.00","49388.89","13426","0.00"
"2518","13071","000104450000084","1","3/28/2024","1307","15","2/1/2025","521048.16","0.00","","","Y","","","N","","","9999","5455007.37","","","Y","9999","0","9999","0","45458.39","475589.76","4979417.61","Y","40448","45458.39","0.00","0.00","0.00","45458.39","13426","0.00"
"2519","13072","000104450000084","1","3/28/2024","1307","16","3/1/2025","521048.16","0.00","","","Y","","","N","","","9999","4979417.61","","","Y","9999","0","9999","0","41495.15","479553.01","4499864.60","Y","40448","41495.15","0.00","0.00","0.00","41495.15","13426","0.00"
"2520","13073","000104450000084","1","3/28/2024","1307","17","4/1/2025","521048.16","0.00","","","Y","","","N","","","9999","4499864.6","","","Y","9999","0","9999","0","37498.87","483549.28","4016315.31","Y","48220","37498.87","0.00","0.00","0.00","37498.87","13426","0.00"
"2521","13074","000104450000084","1","3/28/2024","1307","18","5/1/2025","521048.16","0.00","","","Y","","","N","","","9999","4016315.31","","","Y","9999","0","9999","0","33469.29","487578.86","3528736.45","Y","48220","33469.29","0.00","0.00","0.00","33469.29","13426","0.00"
"2522","13075","000104450000084","1","3/28/2024","1307","19","6/1/2025","521048.16","0.00","","","Y","","","N","","","9999","3528736.45","","","Y","9999","0","9999","0","29406.14","491642.02","3037094.43","Y","49405","29406.14","0.00","0.00","0.00","29406.14","13426","0.00"
"2523","13076","000104450000084","1","3/28/2024","1307","20","7/1/2025","521048.16","0.00","","","Y","","","N","","","9999","3037094.43","","","Y","9999","0","9999","0","25309.12","495739.04","2541355.40","Y","49405","25309.12","0.00","0.00","0.00","25309.12","13426","0.00"
"2524","13077","000104450000084","1","3/28/2024","1307","21","8/1/2025","521048.16","0.00","","","Y","","","N","","","9999","2541355.4","","","Y","9999","0","9999","0","21177.96","499870.19","2041485.21","Y","49405","21177.96","0.00","0.00","0.00","21177.96","13426","0.00"
"2525","13078","000104450000084","1","3/28/2024","1307","22","9/1/2025","521048.16","0.00","","","Y","","","N","","","9999","2041485.21","","","Y","9999","0","9999","0","17012.38","504035.78","1537449.43","Y","54846","17012.38","0.00","0.00","0.00","17012.38","13426","0.00"
"2526","13079","000104450000084","1","3/28/2024","1307","23","10/1/2025","521048.16","0.00","","","Y","","","N","","","9999","1537449.43","","","Y","9999","0","9999","0","12812.08","508236.08","1029213.35","Y","54846","12812.08","0.00","0.00","0.00","12812.08","13426","0.00"
"2527","13080","000104450000084","1","3/28/2024","1307","24","11/1/2025","521048.16","0.00","","","Y","","","N","","","9999","1029213.35","","","Y","9999","0","9999","0","8576.78","512471.38","516741.97","Y","54846","8576.78","0.00","0.00","0.00","8576.78","13426","0.00"
"2528","13081","000104450000084","1","3/28/2024","1307","25","12/1/2025","521048.16","0.00","","","Y","","","N","","","9999","516741.97","","","Y","9999","0","9999","0","4306.18","516741.97","0.00","Y","54846","4306.18","0.00","0.00","0.00","4306.18","13426","0.00"
"2529","13082","000104450000085","1","3/28/2024","1308","1","1/26/2024","0.00","194220.43","","","Y","","","N","","","9999","144500000","","","Y","9999","0","9999","0","194220.43","-194220.43","144694220.43","Y","","194220.43","0.00","0.00","0.00","0.00","","0.00"
"2530","13083","000104450000085","1","3/28/2024","1308","2","2/1/2024","0.00","1205785.17","","","Y","","","N","","","9999","144694220.43","","","Y","9999","0","9999","0","1205785.17","-1205785.17","145900005.60","Y","","1205785.17","0.00","0.00","0.00","0.00","","0.00"
"2531","13084","000104450000085","1","3/28/2024","1308","3","3/1/2024","0.00","1215833.38","","","Y","","","N","","","9999","145900005.6","","","Y","9999","0","9999","0","1215833.38","-1215833.38","147115838.98","Y","","1215833.38","0.00","0.00","0.00","0.00","","0.00"
"2532","13085","000104450000085","1","3/28/2024","1308","4","4/1/2024","0.00","1225965.32","","","Y","","","N","","","9999","147115838.98","","","Y","9999","0","9999","0","1225965.32","-1225965.32","148341804.31","Y","","1225965.32","0.00","0.00","0.00","0.00","","0.00"
"2533","13086","000104450000085","1","3/28/2024","1308","5","5/1/2024","0.00","1236181.70","","","Y","","","N","","","9999","148341804.31","","","Y","9999","0","9999","0","1236181.70","-1236181.70","149577986.01","Y","","1236181.70","0.00","0.00","0.00","0.00","","0.00"
"2534","13087","000104450000085","1","3/28/2024","1308","6","6/1/2024","0.00","1246483.22","","","Y","","","N","","","9999","149577986.01","","","Y","9999","0","9999","0","1246483.22","-1246483.22","150824469.22","Y","","1246483.22","0.00","0.00","0.00","0.00","","0.00"
"2535","13088","000104450000085","1","3/28/2024","1308","7","7/1/2024","0.00","1256870.58","","","Y","","","N","","","9999","150824469.22","","","Y","9999","0","9999","0","1256870.58","-1256870.58","152081339.80","Y","","1256870.58","0.00","0.00","0.00","0.00","","0.00"
"2536","13089","000104450000085","1","3/28/2024","1308","8","8/1/2024","0.00","0.00","","","Y","","","N","","","9999","152081339.8","","","Y","9999","0","9999","0","1267344.50","-1267344.50","153348684.30","N","","0.00","0.00","0.00","0.00","0.00","","0.00"
"2537","13090","000104450000085","1","3/28/2024","1308","9","9/1/2024","0.00","0.00","","","Y","","","N","","","9999","153348684.3","","","Y","9999","0","9999","0","1277905.70","-1277905.70","154626590.00","N","","0.00","0.00","0.00","0.00","0.00","","0.00"
"2538","13091","000104450000085","1","3/28/2024","1308","10","10/1/2024","0.00","0.00","","","Y","","","N","","","9999","154626590","","","Y","9999","0","9999","0","1288554.92","-1288554.92","155915144.92","N","","0.00","0.00","0.00","0.00","0.00","","0.00"
"2539","13092","000104450000085","1","3/28/2024","1308","11","11/1/2024","0.00","0.00","","","Y","","","N","","","9999","155915144.92","","","Y","9999","0","9999","0","1299292.87","-1299292.87","157214437.79","N","","0.00","0.00","0.00","0.00","0.00","","0.00"
"2540","13093","000104450000085","1","3/28/2024","1308","12","12/1/2024","0.00","0.00","","","Y","","","N","","","9999","157214437.79","","","Y","9999","0","9999","0","1310120.31","-1310120.31","158524558.11","N","","0.00","0.00","0.00","0.00","0.00","","0.00"
"2541","13094","000104450000085","1","3/28/2024","1308","13","1/1/2025","0.00","0.00","","","Y","","","N","","","9999","158524558.11","","","Y","9999","0","9999","0","1321037.98","-1321037.98","159845596.09","N","","0.00","0.00","0.00","0.00","0.00","","0.00"
"2542","13095","000104450000085","1","3/28/2024","1308","14","2/1/2025","0.00","0.00","","","Y","","","N","","","9999","159845596.09","","","Y","9999","0","9999","0","1332046.63","-1332046.63","161177642.73","N","","0.00","0.00","0.00","0.00","0.00","","0.00"
"2543","13096","000104450000085","1","3/28/2024","1308","15","3/1/2025","0.00","0.00","","","Y","","","N","","","9999","161177642.73","","","Y","9999","0","9999","0","1343147.02","-1343147.02","162520789.75","N","","0.00","0.00","0.00","0.00","0.00","","0.00"
"2544","13097","000104450000085","1","3/28/2024","1308","16","4/1/2025","0.00","0.00","","","Y","","","N","","","9999","162520789.75","","","Y","9999","0","9999","0","1354339.91","-1354339.91","163875129.66","N","","0.00","0.00","0.00","0.00","0.00","","0.00"
"2545","13098","000104450000085","1","3/28/2024","1308","17","5/1/2025","0.00","0.00","","","Y","","","N","","","9999","163875129.66","","","Y","9999","0","9999","0","1365626.08","-1365626.08","165240755.74","N","","0.00","0.00","0.00","0.00","0.00","","0.00"
"2546","13099","000104450000085","1","3/28/2024","1308","18","6/1/2025","0.00","0.00","","","Y","","","N","","","9999","165240755.74","","","Y","9999","0","9999","0","1377006.30","-1377006.30","166617762.04","N","","0.00","0.00","0.00","0.00","0.00","","0.00"
"2547","13100","000104450000085","1","3/28/2024","1308","19","7/1/2025","0.00","0.00","","","Y","","","N","","","9999","166617762.04","","","Y","9999","0","9999","0","1388481.35","-1388481.35","168006243.39","N","","0.00","0.00","0.00","0.00","0.00","","0.00"
"2548","13101","000104450000085","1","3/28/2024","1309","20","8/1/2025","10089964.40","0.00","","","Y","","","N","","","9999","168006243.39","","","Y","9999","0","9999","0","1400052.03","8689912.37","159316331.02","Y","24150","1400052.03","0.00","0.00","0.00","0.00","","0.00"
"2549","13102","000104450000085","1","3/28/2024","1309","21","9/1/2025","10089964.40","0.00","","","Y","","","N","","","9999","159316331.02","","","Y","9999","0","9999","0","1327636.09","8762328.31","150554002.71","Y","26870","1327636.09","0.00","0.00","0.00","0.00","","0.00"
"2550","13103","000104450000085","1","3/28/2024","1309","22","10/1/2025","10089964.40","0.00","","","Y","","","N","","","9999","150554002.71","","","Y","9999","0","9999","0","1254616.69","8835347.71","141718655.00","Y","29044","1254616.69","0.00","0.00","0.00","0.00","","0.00"
"2551","13104","000104450000085","1","3/28/2024","1309","23","11/1/2025","10089964.40","0.00","","","Y","","","N","","","9999","141718655","","","Y","9999","0","9999","0","1180988.79","8908975.61","132809679.39","Y","34016","1180988.79","0.00","0.00","0.00","0.00","","0.00"
"2552","13105","000104450000085","1","3/28/2024","1309","24","12/1/2025","10089964.40","0.00","","","Y","","","N","","","9999","132809679.39","","","Y","9999","0","9999","0","1106747.33","8983217.07","123826462.31","Y","34016","1106747.33","0.00","0.00","0.00","0.00","","0.00"
"2553","13106","000104450000085","1","3/28/2024","1309","25","1/1/2026","10089964.40","0.00","","","Y","","","N","","","9999","123826462.31","","","Y","9999","0","9999","0","1031887.19","9058077.22","114768385.10","Y","40457","1031887.19","0.00","0.00","0.00","0.00","","0.00"
"2554","13107","000104450000085","1","3/28/2024","1309","26","2/1/2026","10089964.40","0.00","","","Y","","","N","","","9999","114768385.1","","","Y","9999","0","9999","0","956403.21","9133561.19","105634823.90","Y","40457","956403.21","0.00","0.00","0.00","0.00","","0.00"
"2555","13108","000104450000085","1","3/28/2024","1309","27","3/1/2026","10089964.40","0.00","","","Y","","","N","","","9999","105634823.9","","","Y","9999","0","9999","0","880290.20","9209674.20","96425149.70","Y","48221","880290.20","0.00","0.00","0.00","0.00","","0.00"
"2556","13109","000104450000085","1","3/28/2024","1309","28","4/1/2026","10089964.40","0.00","","","Y","","","N","","","9999","96425149.7","","","Y","9999","0","9999","0","803542.91","9286421.49","87138728.21","Y","48221","803542.91","0.00","0.00","0.00","0.00","","0.00"
"2557","13110","000104450000085","1","3/28/2024","1309","29","5/1/2026","10089964.40","0.00","","","Y","","","N","","","9999","87138728.21","","","Y","9999","0","9999","0","726156.07","9363808.33","77774919.88","Y","49391","726156.07","0.00","0.00","0.00","0.00","","0.00"
"2558","13111","000104450000085","1","3/28/2024","1309","30","6/1/2026","10089964.40","0.00","","","Y","","","N","","","9999","77774919.88","","","Y","9999","0","9999","0","648124.33","9441840.07","68333079.81","Y","49391","648124.33","0.00","0.00","0.00","0.00","","0.00"
"2559","13112","000104450000085","1","3/28/2024","1309","31","7/1/2026","10089964.40","0.00","","","Y","","","N","","","9999","68333079.81","","","Y","9999","0","9999","0","569442.33","9520522.07","58812557.74","Y","54826","569442.33","0.00","0.00","0.00","0.00","","0.00"
"2560","13113","000104450000085","1","3/28/2024","1309","32","8/1/2026","10089964.40","0.00","","","Y","","","N","","","9999","58812557.74","","","Y","9999","0","9999","0","490104.65","9599859.75","49212697.99","Y","54826","490104.65","0.00","0.00","0.00","0.00","","0.00"
"2561","13114","000104450000085","1","3/28/2024","1309","33","9/1/2026","10089964.40","0.00","","","Y","","","N","","","9999","49212697.99","","","Y","9999","0","9999","0","410105.82","9679858.59","39532839.40","Y","54826","410105.82","0.00","0.00","0.00","0.00","","0.00"
"2562","13115","000104450000085","1","3/28/2024","1309","34","10/1/2026","10089964.40","0.00","","","Y","","","N","","","9999","39532839.4","","","Y","9999","0","9999","0","329440.33","9760524.07","29772315.33","Y","54826","329440.33","0.00","0.00","0.00","0.00","","0.00"
"2563","13116","000104450000085","1","3/28/2024","1309","35","11/1/2026","10089964.40","0.00","","","Y","","","N","","","9999","29772315.33","","","Y","9999","0","9999","0","248102.63","9841861.77","19930453.56","Y","91332","248102.63","0.00","0.00","0.00","0.00","","0.00"
"2564","13117","000104450000085","1","3/28/2024","1309","36","12/1/2026","10089964.40","0.00","","","Y","","","N","","","9999","19930453.56","","","Y","9999","0","9999","0","166087.11","9923877.29","10006576.27","Y","91332","166087.11","0.00","0.00","0.00","0.00","","0.00"
"2565","13118","000104450000085","1","3/28/2024","1309","37","1/1/2027","10089964.40","0.00","","","Y","","","N","","","9999","10006576.27","","","Y","9999","0","9999","0","83388.14","10006576.27","0.00","Y","91332","83388.14","0.00","0.00","0.00","0.00","","0.00"
"2566","30129","000104450000086","1","3/28/2024","1311","1","2/1/2024","0.00","0.00","","","Y","","","N","","","9999","350660000","","","Y","9999","0","9999","0","2922166.67","-2922166.67","353582166.67","Y","24151","2922166.67","0.00","0.00","0.00","0.00","","0.00"
"2567","30130","000104450000086","1","3/28/2024","1311","2","3/1/2024","0.00","0.00","","","Y","","","N","","","9999","353582166.67","","","Y","9999","0","9999","0","2946518.06","-2946518.06","356528684.72","Y","26862","2946518.06","0.00","0.00","0.00","0.00","","0.00"
"2568","30131","000104450000086","1","3/28/2024","1311","3","4/1/2024","0.00","0.00","","","Y","","","N","","","9999","356528684.72","","","Y","9999","0","9999","0","2971072.37","-2971072.37","359499757.09","Y","29023","2971072.37","0.00","0.00","0.00","0.00","","0.00"
"2569","30132","000104450000086","1","3/28/2024","1311","4","5/1/2024","0.00","0.00","","","Y","","","N","","","9999","359499757.09","","","Y","9999","0","9999","0","2995831.31","-2995831.31","362495588.40","Y","34020","2995831.31","0.00","0.00","0.00","0.00","","0.00"
"2570","30133","000104450000086","1","3/28/2024","1311","5","6/1/2024","0.00","0.00","","","Y","","","N","","","9999","362495588.4","","","Y","9999","0","9999","0","3020796.57","-3020796.57","365516384.97","Y","40442","3020796.57","0.00","0.00","0.00","0.00","","0.00"
"2571","30134","000104450000086","1","3/28/2024","1311","6","7/1/2024","0.00","0.00","","","Y","","","N","","","9999","365516384.97","","","Y","9999","0","9999","0","3045969.87","-3045969.87","368562354.85","Y","40442","3045969.87","0.00","0.00","0.00","0.00","","0.00"
"2572","30135","000104450000086","1","3/28/2024","1311","7","8/1/2024","0.00","0.00","","","Y","","","N","","","9999","368562354.85","","","Y","9999","0","9999","0","3071352.96","-3071352.96","371633707.81","Y","48226","3071352.96","0.00","0.00","0.00","0.00","","0.00"
"2573","30136","000104450000086","1","3/28/2024","1311","8","9/1/2024","0.00","0.00","","","Y","","","N","","","9999","371633707.81","","","Y","9999","0","9999","0","3096947.57","-3096947.57","374730655.37","Y","49392","3096947.57","0.00","0.00","0.00","0.00","","0.00"
"2574","30137","000104450000086","1","3/28/2024","1311","9","10/1/2024","0.00","0.00","","","Y","","","N","","","9999","374730655.37","","","Y","9999","0","9999","0","3122755.46","-3122755.46","377853410.83","Y","54845","3122755.46","0.00","0.00","0.00","0.00","","0.00"
"2575","30138","000104450000086","1","3/28/2024","1311","10","11/1/2024","0.00","0.00","","","Y","","","N","","","9999","377853410.83","","","Y","9999","0","9999","0","3148778.42","-3148778.42","381002189.26","Y","91340","3148778.42","0.00","0.00","0.00","0.00","","0.00"
"2576","30139","000104450000086","1","3/28/2024","1311","11","12/1/2024","0.00","0.00","","","Y","","","N","","","9999","381002189.26","","","Y","9999","0","9999","0","3175018.24","-3175018.24","384177207.50","Y","209819","3175018.24","0.00","0.00","0.00","0.00","","0.00"
"2577","30140","000104450000086","1","3/28/2024","1311","12","1/1/2025","9581902.40","0.00","","","Y","","","N","","","9999","384177207.5","","","Y","9999","0","9999","0","3201476.73","6380425.67","377796781.83","Y","210633","3201476.73","0.00","0.00","0.00","0.00","","0.00"
"2578","30141","000104450000086","1","3/28/2024","1311","13","2/1/2025","9581902.40","0.00","","","Y","","","N","","","9999","377796781.83","","","Y","9999","0","9999","0","3148306.52","6433595.89","371363185.94","Y","226247","3148306.52","0.00","0.00","0.00","0.00","","0.00"
"2579","30142","000104450000086","1","3/28/2024","1311","14","3/1/2025","9581902.40","0.00","","","Y","","","N","","","9999","371363185.94","","","Y","9999","0","9999","0","3094693.22","6487209.18","364875976.76","Y","243260","3094693.22","0.00","0.00","0.00","0.00","","0.00"
"2580","30143","000104450000086","1","3/28/2024","1311","15","4/1/2025","9581902.40","0.00","","","Y","","","N","","","9999","364875976.76","","","Y","9999","0","9999","0","3040633.14","6541269.26","358334707.50","Y","258331","3040633.14","0.00","0.00","0.00","0.00","","0.00"
"2581","30144","000104450000086","1","3/28/2024","1311","16","5/1/2025","9581902.40","0.00","","","Y","","","N","","","9999","358334707.5","","","Y","9999","0","9999","0","2986122.56","6595779.84","351738927.66","Y","284644","2986122.56","0.00","0.00","0.00","0.00","","0.00"
"2582","30145","000104450000086","1","3/28/2024","1311","17","6/1/2025","9581902.40","0.00","","","Y","","","N","","","9999","351738927.66","","","Y","9999","0","9999","0","2931157.73","6650744.67","345088182.99","Y","325876","2931157.73","0.00","0.00","0.00","0.00","","0.00"
"2583","30146","000104450000086","1","3/28/2024","1311","18","7/1/2025","9581902.40","0.00","","","Y","","","N","","","9999","345088182.99","","","Y","9999","0","9999","0","2875734.86","6706167.54","338382015.45","Y","340814","2875734.86","0.00","0.00","0.00","0.00","","0.00"
"2584","30147","000104450000086","1","3/28/2024","1311","19","8/1/2025","9581902.40","0.00","","","Y","","","N","","","9999","338382015.45","","","Y","9999","0","9999","0","2819850.13","6762052.27","331619963.18","Y","354979","2819850.13","0.00","0.00","0.00","0.00","","0.00"
"2585","30148","000104450000086","1","3/28/2024","1311","20","9/1/2025","9581902.40","0.00","","","Y","","","N","","","9999","331619963.18","","","Y","9999","0","9999","0","2763499.69","6818402.71","324801560.47","Y","369108","2763499.69","0.00","0.00","0.00","0.00","","0.00"
"2586","30149","000104450000086","1","3/28/2024","1311","21","10/1/2025","9581902.40","0.00","","","Y","","","N","","","9999","324801560.47","","","Y","9999","0","9999","0","2706679.67","6875222.73","317926337.74","Y","383248","2706679.67","0.00","0.00","0.00","0.00","","0.00"
"2587","30150","000104450000086","1","3/28/2024","1311","22","11/1/2025","9581902.40","0.00","","","Y","","","N","","","9999","317926337.74","","","Y","9999","0","9999","0","2649386.15","6932516.25","310993821.49","Y","397412","2649386.15","0.00","0.00","0.00","0.00","","0.00"
"2588","30151","000104450000086","1","3/28/2024","1311","23","12/1/2025","9581902.40","0.00","","","Y","","","N","","","9999","310993821.49","","","Y","9999","0","9999","0","2591615.18","6990287.22","304003534.26","Y","411655","2323483.29","0.00","0.00","0.00","0.00","","0.00"
"2589","30152","000104450000086","1","3/28/2024","1311","24","1/1/2026","9581902.40","0.00","","","Y","","","N","","","9999","304003534.26","","","Y","9999","0","9999","0","2533362.79","7048539.61","296954994.65","N","","0.00","0.00","0.00","0.00","0.00","","0.00"
"2590","30153","000104450000086","1","3/28/2024","1311","25","2/1/2026","9581902.40","0.00","","","Y","","","N","","","9999","296954994.65","","","Y","9999","0","9999","0","2474624.96","7107277.45","289847717.20","N","","0.00","0.00","0.00","0.00","0.00","","0.00"
"2591","30154","000104450000086","1","3/28/2024","1311","26","3/1/2026","9581902.40","0.00","","","Y","","","N","","","9999","289847717.2","","","Y","9999","0","9999","0","2415397.64","7166504.76","282681212.45","N","","0.00","0.00","0.00","0.00","0.00","","0.00"
"2592","30155","000104450000086","1","3/28/2024","1311","27","4/1/2026","9581902.40","0.00","","","Y","","","N","","","9999","282681212.45","","","Y","9999","0","9999","0","2355676.77","7226225.63","275454986.82","N","","0.00","0.00","0.00","0.00","0.00","","0.00"
"2593","30156","000104450000086","1","3/28/2024","1311","28","5/1/2026","9581902.40","0.00","","","Y","","","N","","","9999","275454986.82","","","Y","9999","0","9999","0","2295458.22","7286444.18","268168542.64","N","","0.00","0.00","0.00","0.00","0.00","","0.00"
"2594","30157","000104450000086","1","3/28/2024","1311","29","6/1/2026","9581902.40","0.00","","","Y","","","N","","","9999","268168542.64","","","Y","9999","0","9999","0","2234737.86","7347164.55","260821378.10","N","","0.00","0.00","0.00","0.00","0.00","","0.00"
"2595","30158","000104450000086","1","3/28/2024","1311","30","7/1/2026","9581902.40","0.00","","","Y","","","N","","","9999","260821378.1","","","Y","9999","0","9999","0","2173511.48","7408390.92","253412987.18","N","","0.00","0.00","0.00","0.00","0.00","","0.00"
"2596","30159","000104450000086","1","3/28/2024","1311","31","8/1/2026","9581902.40","0.00","","","Y","","","N","","","9999","253412987.18","","","Y","9999","0","9999","0","2111774.89","7470127.51","245942859.67","N","","0.00","0.00","0.00","0.00","0.00","","0.00"
"2597","30160","000104450000086","1","3/28/2024","1311","32","9/1/2026","9581902.40","0.00","","","Y","","","N","","","9999","245942859.67","","","Y","9999","0","9999","0","2049523.83","7532378.57","238410481.10","N","","0.00","0.00","0.00","0.00","0.00","","0.00"
"2598","30161","000104450000086","1","3/28/2024","1311","33","10/1/2026","9581902.40","0.00","","","Y","","","N","","","9999","238410481.1","","","Y","9999","0","9999","0","1986754.01","7595148.39","230815332.71","N","","0.00","0.00","0.00","0.00","0.00","","0.00"
"2599","30162","000104450000086","1","3/28/2024","1311","34","11/1/2026","9581902.40","0.00","","","Y","","","N","","","9999","230815332.71","","","Y","9999","0","9999","0","1923461.11","7658441.29","223156891.42","N","","0.00","0.00","0.00","0.00","0.00","","0.00"
"2600","30163","000104450000086","1","3/28/2024","1311","35","12/1/2026","9581902.40","0.00","","","Y","","","N","","","9999","223156891.42","","","Y","9999","0","9999","0","1859640.76","7722261.64","215434629.78","N","","0.00","0.00","0.00","0.00","0.00","","0.00"
"2601","30164","000104450000086","1","3/28/2024","1311","36","1/1/2027","9581902.40","0.00","","","Y","","","N","","","9999","215434629.78","","","Y","9999","0","9999","0","1795288.58","7786613.82","207648015.96","N","","0.00","0.00","0.00","0.00","0.00","","0.00"
"2602","30165","000104450000086","1","3/28/2024","1311","37","2/1/2027","9581902.40","0.00","","","Y","","","N","","","9999","207648015.96","","","Y","9999","0","9999","0","1730400.13","7851502.27","199796513.69","N","","0.00","0.00","0.00","0.00","0.00","","0.00"
"2603","30166","000104450000086","1","3/28/2024","1311","38","3/1/2027","9581902.40","0.00","","","Y","","","N","","","9999","199796513.69","","","Y","9999","0","9999","0","1664970.95","7916931.45","191879582.24","N","","0.00","0.00","0.00","0.00","0.00","","0.00"
"2604","30167","000104450000086","1","3/28/2024","1311","39","4/1/2027","9581902.40","0.00","","","Y","","","N","","","9999","191879582.24","","","Y","9999","0","9999","0","1598996.52","7982905.88","183896676.36","N","","0.00","0.00","0.00","0.00","0.00","","0.00"
"2605","30168","000104450000086","1","3/28/2024","1311","40","5/1/2027","9581902.40","0.00","","","Y","","","N","","","9999","183896676.36","","","Y","9999","0","9999","0","1532472.30","8049430.10","175847246.26","N","","0.00","0.00","0.00","0.00","0.00","","0.00"
"2606","30169","000104450000086","1","3/28/2024","1311","41","6/1/2027","9581902.40","0.00","","","Y","","","N","","","9999","175847246.26","","","Y","9999","0","9999","0","1465393.72","8116508.68","167730737.58","N","","0.00","0.00","0.00","0.00","0.00","","0.00"
"2607","30170","000104450000086","1","3/28/2024","1311","42","7/1/2027","9581902.40","0.00","","","Y","","","N","","","9999","167730737.58","","","Y","9999","0","9999","0","1397756.15","8184146.25","159546591.32","N","","0.00","0.00","0.00","0.00","0.00","","0.00"
"2608","30171","000104450000086","1","3/28/2024","1311","43","8/1/2027","9581902.40","0.00","","","Y","","","N","","","9999","159546591.32","","","Y","9999","0","9999","0","1329554.93","8252347.47","151294243.85","N","","0.00","0.00","0.00","0.00","0.00","","0.00"
"2609","30172","000104450000086","1","3/28/2024","1311","44","9/1/2027","9581902.40","0.00","","","Y","","","N","","","9999","151294243.85","","","Y","9999","0","9999","0","1260785.37","8321117.04","142973126.81","N","","0.00","0.00","0.00","0.00","0.00","","0.00"
"2610","30173","000104450000086","1","3/28/2024","1311","45","10/1/2027","9581902.40","0.00","","","Y","","","N","","","9999","142973126.81","","","Y","9999","0","9999","0","1191442.72","8390459.68","134582667.14","N","","0.00","0.00","0.00","0.00","0.00","","0.00"
"2611","30174","000104450000086","1","3/28/2024","1311","46","11/1/2027","9581902.40","0.00","","","Y","","","N","","","9999","134582667.14","","","Y","9999","0","9999","0","1121522.23","8460380.17","126122286.96","N","","0.00","0.00","0.00","0.00","0.00","","0.00"
"2612","30175","000104450000086","1","3/28/2024","1311","47","12/1/2027","9581902.40","0.00","","","Y","","","N","","","9999","126122286.96","","","Y","9999","0","9999","0","1051019.06","8530883.34","117591403.62","N","","0.00","0.00","0.00","0.00","0.00","","0.00"
"2613","30176","000104450000086","1","3/28/2024","1311","48","1/1/2028","9581902.40","0.00","","","Y","","","N","","","9999","117591403.62","","","Y","9999","0","9999","0","979928.36","8601974.04","108989429.58","N","","0.00","0.00","0.00","0.00","0.00","","0.00"
"2614","30177","000104450000086","1","3/28/2024","1311","49","2/1/2028","9581902.40","0.00","","","Y","","","N","","","9999","108989429.58","","","Y","9999","0","9999","0","908245.25","8673657.15","100315772.43","N","","0.00","0.00","0.00","0.00","0.00","","0.00"
"2615","30178","000104450000086","1","3/28/2024","1311","50","3/1/2028","9581902.40","0.00","","","Y","","","N","","","9999","100315772.43","","","Y","9999","0","9999","0","835964.77","8745937.63","91569834.80","N","","0.00","0.00","0.00","0.00","0.00","","0.00"
"2616","30179","000104450000086","1","3/28/2024","1311","51","4/1/2028","9581902.40","0.00","","","Y","","","N","","","9999","91569834.8","","","Y","9999","0","9999","0","763081.96","8818820.44","82751014.36","N","","0.00","0.00","0.00","0.00","0.00","","0.00"
"2617","30180","000104450000086","1","3/28/2024","1311","52","5/1/2028","9581902.40","0.00","","","Y","","","N","","","9999","82751014.36","","","Y","9999","0","9999","0","689591.79","8892310.61","73858703.74","N","","0.00","0.00","0.00","0.00","0.00","","0.00"
"2618","30181","000104450000086","1","3/28/2024","1311","53","6/1/2028","9581902.40","0.00","","","Y","","","N","","","9999","73858703.74","","","Y","9999","0","9999","0","615489.20","8966413.20","64892290.54","N","","0.00","0.00","0.00","0.00","0.00","","0.00"
"2619","30182","000104450000086","1","3/28/2024","1311","54","7/1/2028","9581902.40","0.00","","","Y","","","N","","","9999","64892290.54","","","Y","9999","0","9999","0","540769.09","9041133.31","55851157.23","N","","0.00","0.00","0.00","0.00","0.00","","0.00"
"2620","30183","000104450000086","1","3/28/2024","1311","55","8/1/2028","9581902.40","0.00","","","Y","","","N","","","9999","55851157.23","","","Y","9999","0","9999","0","465426.31","9116476.09","46734681.14","N","","0.00","0.00","0.00","0.00","0.00","","0.00"
"2621","30184","000104450000086","1","3/28/2024","1311","56","9/1/2028","9581902.40","0.00","","","Y","","","N","","","9999","46734681.14","","","Y","9999","0","9999","0","389455.68","9192446.72","37542234.41","N","","0.00","0.00","0.00","0.00","0.00","","0.00"
"2622","30185","000104450000086","1","3/28/2024","1311","57","10/1/2028","9581902.40","0.00","","","Y","","","N","","","9999","37542234.41","","","Y","9999","0","9999","0","312851.95","9269050.45","28273183.96","N","","0.00","0.00","0.00","0.00","0.00","","0.00"
"2623","30186","000104450000086","1","3/28/2024","1311","58","11/1/2028","9581902.40","0.00","","","Y","","","N","","","9999","28273183.96","","","Y","9999","0","9999","0","235609.87","9346292.53","18926891.43","N","","0.00","0.00","0.00","0.00","0.00","","0.00"
"2624","30187","000104450000086","1","3/28/2024","1311","59","12/1/2028","9581902.40","0.00","","","Y","","","N","","","9999","18926891.43","","","Y","9999","0","9999","0","157724.10","9424178.31","9502713.12","N","","0.00","0.00","0.00","0.00","0.00","","0.00"
"2625","30188","000104450000086","1","3/28/2024","1311","60","1/1/2029","9581902.40","0.00","","","Y","","","N","","","9999","9502713.12","","","Y","9999","0","9999","0","79189.28","9502713.12","0.00","N","","0.00","0.00","0.00","0.00","0.00","","0.00"
"2626","13299","000104450000090","1","3/31/2024","1312","1","2/8/2024","0.00","733870.97","","","Y","","","N","","","9999","130000000","","","Y","9999","0","9999","0","733870.97","-733870.97","130733870.97","Y","","733870.97","0.00","0.00","0.00","0.00","","0.00"
"2627","13300","000104450000090","1","3/31/2024","1312","2","3/1/2024","0.00","1089448.92","","","Y","","","N","","","9999","130733870.97","","","Y","9999","0","9999","0","1089448.92","-1089448.92","131823319.89","Y","","1089448.92","0.00","0.00","0.00","0.00","","0.00"
"2628","13301","000104450000090","1","3/31/2024","1312","3","4/1/2024","0.00","1098527.67","","","Y","","","N","","","9999","131823319.89","","","Y","9999","0","9999","0","1098527.67","-1098527.67","132921847.56","Y","","1098527.67","0.00","0.00","0.00","0.00","","0.00"
"2629","13302","000104450000090","1","3/31/2024","1312","4","5/1/2024","0.00","1107682.06","","","Y","","","N","","","9999","132921847.56","","","Y","9999","0","9999","0","1107682.06","-1107682.06","134029529.62","Y","","1107682.06","0.00","0.00","0.00","0.00","","0.00"
"2630","13303","000104450000090","1","3/31/2024","1313","5","6/1/2024","3651167.87","0.00","","","Y","","","N","","","9999","134029529.62","","","Y","9999","0","9999","3651167.87","1116912.75","2534255.12","131495274.50","Y","","1116912.75","0.00","0.00","0.00","1116912.75","13433","0.00"
"2631","13304","000104450000090","1","3/31/2024","1313","6","7/1/2024","3651167.87","0.00","","","Y","","","N","","","9999","131495274.5","","","Y","9999","3650200","9999","3652135.74","1095793.95","2555373.92","128939900.58","Y","","1095793.95","0.00","0.00","0.00","1095793.95","13433","0.00"
"2632","13305","000104450000090","1","3/31/2024","1313","7","8/1/2024","3651167.87","0.00","","","Y","","","N","","","9999","128939900.58","","","Y","9999","0","9999","0","1074499.17","2576668.70","126363231.88","Y","19529","1074499.17","0.00","0.00","0.00","1074499.17","13433","0.00"
"2633","13306","000104450000090","1","3/31/2024","1313","8","9/1/2024","3651167.87","0.00","","","Y","","","N","","","9999","126363231.88","","","Y","9999","0","9999","0","1053026.93","2598140.94","123765090.94","Y","","1053026.93","0.00","0.00","0.00","1053026.93","14228","0.00"
"2634","13307","000104450000090","1","3/31/2024","1313","9","10/1/2024","3651167.87","0.00","","","Y","","","N","","","9999","123765090.94","","","Y","9999","0","9999","0","1031375.76","2619792.11","121145298.83","Y","23109","1031375.76","0.00","0.00","0.00","1031375.76","14228","0.00"
"2635","13308","000104450000090","1","3/31/2024","1313","10","11/1/2024","3651167.87","0.00","","","Y","","","N","","","9999","121145298.83","","","Y","9999","0","9999","0","1009544.16","2641623.71","118503675.12","Y","24177","1009544.16","0.00","0.00","0.00","1009544.16","14228","0.00"
"2636","13309","000104450000090","1","3/31/2024","1313","11","12/1/2024","3651167.87","0.00","","","Y","","","N","","","9999","118503675.12","","","Y","9999","0","9999","0","987530.63","2663637.24","115840037.87","Y","26865","987530.63","0.00","0.00","0.00","987530.63","23117","0.00"
"2637","13310","000104450000090","1","3/31/2024","1313","12","1/1/2025","3651167.87","0.00","","","Y","","","N","","","9999","115840037.87","","","Y","9999","0","9999","0","965333.65","2685834.22","113154203.65","Y","29024","965333.65","0.00","0.00","0.00","965333.65","23117","0.00"
"2638","13311","000104450000090","1","3/31/2024","1313","13","2/1/2025","3651167.87","0.00","","","Y","","","N","","","9999","113154203.65","","","Y","9999","0","9999","0","942951.70","2708216.17","110445987.47","Y","34017","942951.70","0.00","0.00","0.00","942951.70","23117","0.00"
"2639","13312","000104450000090","1","3/31/2024","1313","14","3/1/2025","3651167.87","0.00","","","Y","","","N","","","9999","110445987.47","","","Y","9999","0","9999","0","920383.23","2730784.64","107715202.83","Y","40458","920383.23","0.00","0.00","0.00","920383.23","23117","0.00"
"2640","13313","000104450000090","1","3/31/2024","1313","15","4/1/2025","3651167.87","0.00","","","Y","","","N","","","9999","107715202.83","","","Y","9999","0","9999","0","897626.69","2753541.18","104961661.65","Y","40458","897626.69","0.00","0.00","0.00","897626.69","25861","0.00"
"2641","13314","000104450000090","1","3/31/2024","1313","16","5/1/2025","3651167.87","0.00","","","Y","","","N","","","9999","104961661.65","","","Y","9999","0","9999","0","874680.51","2776487.36","102185174.30","Y","48247","874680.51","0.00","0.00","0.00","874680.51","25861","0.00"
"2642","13315","000104450000090","1","3/31/2024","1313","17","6/1/2025","3651167.87","0.00","","","Y","","","N","","","9999","102185174.3","","","Y","9999","0","9999","0","851543.12","2799624.75","99385549.54","Y","49414","851543.12","0.00","0.00","0.00","851543.12","25861","0.00"
"2643","13316","000104450000090","1","3/31/2024","1313","18","7/1/2025","3651167.87","0.00","","","Y","","","N","","","9999","99385549.54","","","Y","9999","0","9999","0","828212.91","2822954.96","96562594.59","Y","54835","828212.91","0.00","0.00","0.00","828212.91","25861","0.00"
"2644","13317","000104450000090","1","3/31/2024","1313","19","8/1/2025","3651167.87","0.00","","","Y","","","N","","","9999","96562594.59","","","Y","9999","0","9999","0","804688.29","2846479.58","93716115.00","Y","91335","804688.29","0.00","0.00","0.00","804688.29","25861","0.00"
"2645","13318","000104450000090","1","3/31/2024","1313","20","9/1/2025","3651167.87","0.00","","","Y","","","N","","","9999","93716115","","","Y","9999","0","9999","0","780967.63","2870200.25","90845914.76","Y","91335","780967.63","0.00","0.00","0.00","780967.63","28397","0.00"
"2646","13319","000104450000090","1","3/31/2024","1313","21","10/1/2025","3651167.87","0.00","","","Y","","","N","","","9999","90845914.76","","","Y","9999","0","9999","0","757049.29","2894118.58","87951796.18","Y","209825","757049.29","0.00","0.00","0.00","757049.29","28397","0.00"
"2647","13320","000104450000090","1","3/31/2024","1313","22","11/1/2025","3651167.87","0.00","","","Y","","","N","","","9999","87951796.18","","","Y","9999","0","9999","0","732931.63","2918236.24","85033559.94","Y","210613","732931.63","0.00","0.00","0.00","732931.63","28397","0.00"
"2648","13321","000104450000090","1","3/31/2024","1313","23","12/1/2025","3651167.87","0.00","","","Y","","","N","","","9999","85033559.94","","","Y","9999","0","9999","0","708613.00","2942554.87","82091005.07","Y","226262","708613.00","0.00","0.00","0.00","708613.00","28397","0.00"
"2649","13322","000104450000090","1","3/31/2024","1313","24","1/1/2026","3651167.87","0.00","","","Y","","","N","","","9999","82091005.07","","","Y","9999","0","9999","0","684091.71","2967076.16","79123928.91","Y","243273","684091.71","0.00","0.00","0.00","684091.71","28397","0.00"
"2650","13323","000104450000090","1","3/31/2024","1313","25","2/1/2026","3651167.87","0.00","","","Y","","","N","","","9999","79123928.91","","","Y","9999","0","9999","0","659366.07","2991801.80","76132127.11","Y","258327","659366.07","0.00","0.00","0.00","659366.07","30590","0.00"
"2651","13324","000104450000090","1","3/31/2024","1313","26","3/1/2026","3651167.87","0.00","","","Y","","","N","","","9999","76132127.11","","","Y","9999","0","9999","0","634434.39","3016733.48","73115393.63","Y","284645","634434.39","0.00","0.00","0.00","634434.39","30590","0.00"
"2652","13325","000104450000090","1","3/31/2024","1313","27","4/1/2026","3651167.87","0.00","","","Y","","","N","","","9999","73115393.63","","","Y","9999","0","9999","0","609294.95","3041872.92","70073520.71","Y","284645","609294.95","0.00","0.00","0.00","609294.95","30590","0.00"
"2653","13326","000104450000090","1","3/31/2024","1313","28","5/1/2026","3651167.87","0.00","","","Y","","","N","","","9999","70073520.71","","","Y","9999","0","9999","0","583946.01","3067221.87","67006298.84","Y","310641","583946.01","0.00","0.00","0.00","583946.01","30590","0.00"
"2654","13327","000104450000090","1","3/31/2024","1313","29","6/1/2026","3651167.87","0.00","","","Y","","","N","","","9999","67006298.84","","","Y","9999","0","9999","0","558385.82","3092782.05","63913516.79","Y","325877","558385.82","0.00","0.00","0.00","558385.82","30590","0.00"
"2655","13328","000104450000090","1","3/31/2024","1313","30","7/1/2026","3651167.87","0.00","","","Y","","","N","","","9999","63913516.79","","","Y","9999","0","9999","0","532612.64","3118555.23","60794961.56","Y","340806","532612.64","0.00","0.00","0.00","532612.64","30590","0.00"
"2656","13329","000104450000090","1","3/31/2024","1313","31","8/1/2026","3651167.87","0.00","","","Y","","","N","","","9999","60794961.56","","","Y","9999","0","9999","0","506624.68","3144543.19","57650418.37","Y","354983","506624.68","0.00","0.00","0.00","506624.68","36842","0.00"
"2657","13330","000104450000090","1","3/31/2024","1313","32","9/1/2026","3651167.87","0.00","","","Y","","","N","","","9999","57650418.37","","","Y","9999","0","9999","0","480420.15","3170747.72","54479670.65","Y","354983","480420.15","0.00","0.00","0.00","480420.15","36842","0.00"
"2658","13331","000104450000090","1","3/31/2024","1313","33","10/1/2026","3651167.87","0.00","","","Y","","","N","","","9999","54479670.65","","","Y","9999","0","9999","0","453997.26","3197170.62","51282500.04","Y","369116","453997.26","0.00","0.00","0.00","453997.26","36842","0.00"
"2659","13332","000104450000090","1","3/31/2024","1313","34","11/1/2026","3651167.87","0.00","","","Y","","","N","","","9999","51282500.04","","","Y","9999","0","9999","0","427354.17","3223813.70","48058686.34","Y","383257","427354.17","0.00","0.00","0.00","427354.17","36842","0.00"
"2660","13333","000104450000090","1","3/31/2024","1313","35","12/1/2026","3651167.87","0.00","","","Y","","","N","","","9999","48058686.34","","","Y","9999","0","9999","0","400489.05","3250678.82","44808007.52","Y","383257","400489.05","0.00","0.00","0.00","400489.05","36842","0.00"
"2661","13334","000104450000090","1","3/31/2024","1313","36","1/1/2027","3651167.87","0.00","","","Y","","","N","","","9999","44808007.52","","","Y","9999","0","9999","0","373400.06","3277767.81","41530239.71","Y","397417","373400.06","0.00","0.00","0.00","373400.06","36842","0.00"
"2662","13335","000104450000090","1","3/31/2024","1313","37","2/1/2027","3651167.87","0.00","","","Y","","","N","","","9999","41530239.71","","","Y","9999","0","9999","0","346085.33","3305082.54","38225157.17","Y","397417","346085.33","0.00","0.00","0.00","346085.33","36842","0.00"
"2663","13336","000104450000090","1","3/31/2024","1313","38","3/1/2027","3651167.87","0.00","","","Y","","","N","","","9999","38225157.17","","","Y","9999","0","9999","0","318542.98","3332624.89","34892532.27","Y","411648","318542.98","0.00","0.00","0.00","318542.98","36842","0.00"
"2664","13337","000104450000090","1","3/31/2024","1313","39","4/1/2027","3651167.87","0.00","","","Y","","","N","","","9999","34892532.27","","","Y","9999","0","9999","0","290771.10","3360396.77","31532135.51","Y","411648","290771.10","0.00","0.00","0.00","290771.10","36842","0.00"
"2665","13338","000104450000090","1","3/31/2024","1313","40","5/1/2027","3651167.87","0.00","","","Y","","","N","","","9999","31532135.51","","","Y","9999","0","9999","0","262767.80","3388400.08","28143735.43","Y","411648","244669.67","0.00","0.00","0.00","262767.80","39959","0.00"
"2666","13339","000104450000090","1","3/31/2024","1313","41","6/1/2027","3651167.87","0.00","","","Y","","","N","","","9999","28143735.43","","","Y","9999","0","9999","0","234531.13","3416636.74","24727098.69","N","","0.00","0.00","0.00","0.00","234531.13","39959","0.00"
"2667","13340","000104450000090","1","3/31/2024","1313","42","7/1/2027","3651167.87","0.00","","","Y","","","N","","","9999","24727098.69","","","Y","9999","0","9999","0","206059.16","3445108.72","21281989.97","N","","0.00","0.00","0.00","0.00","206059.16","39959","0.00"
"2668","13341","000104450000090","1","3/31/2024","1313","43","8/1/2027","3651167.87","0.00","","","Y","","","N","","","9999","21281989.97","","","Y","9999","0","9999","0","177349.92","3473817.95","17808172.02","N","","0.00","0.00","0.00","0.00","177349.92","39959","0.00"
"2669","13342","000104450000090","1","3/31/2024","1313","44","9/1/2027","3651167.87","0.00","","","Y","","","N","","","9999","17808172.02","","","Y","9999","0","9999","0","148401.43","3502766.44","14305405.58","N","","0.00","0.00","0.00","0.00","148401.43","39959","0.00"
"2670","13343","000104450000090","1","3/31/2024","1313","45","10/1/2027","3651167.87","0.00","","","Y","","","N","","","9999","14305405.58","","","Y","9999","0","9999","0","119211.71","3531956.16","10773449.42","N","","0.00","0.00","0.00","0.00","119211.71","39959","0.00"
"2671","13344","000104450000090","1","3/31/2024","1313","46","11/1/2027","3651167.87","0.00","","","Y","","","N","","","9999","10773449.42","","","Y","9999","0","9999","0","89778.75","3561389.13","7212060.30","N","","0.00","0.00","0.00","0.00","89778.75","39959","0.00"
"2672","13345","000104450000090","1","3/31/2024","1313","47","12/1/2027","3651167.87","0.00","","","Y","","","N","","","9999","7212060.3","","","Y","9999","0","9999","0","60100.50","3591067.37","3620992.93","N","","0.00","0.00","0.00","0.00","60100.50","39959","0.00"
"2673","13346","000104450000090","1","3/31/2024","1313","48","1/1/2028","3651167.87","0.00","","","Y","","","N","","","9999","3620992.93","","","Y","9999","0","9999","0","30174.94","3620992.93","0.00","N","","0.00","0.00","0.00","0.00","30174.94","39959","0.00"
"2674","13347","000104450000091","1","3/28/2024","1314","1","2/29/2024","0.00","0.00","","","Y","","","N","","","9999","200000000","","","Y","9999","0","9999","0","0.00","0.00","200000000.00","Y","","0.00","0.00","0.00","0.00","0.00","","0.00"
"2675","13348","000104450000091","1","3/28/2024","1314","2","3/1/2024","0.00","1666666.67","","","Y","","","N","","","9999","200000000","","","Y","9999","0","9999","0","1666666.67","-1666666.67","201666666.67","Y","","1666666.67","0.00","0.00","0.00","0.00","","0.00"
"2676","13349","000104450000091","1","3/28/2024","1314","3","4/1/2024","0.00","1680555.56","","","Y","","","N","","","9999","201666666.67","","","Y","9999","0","9999","0","1680555.56","-1680555.56","203347222.22","Y","","1680555.56","0.00","0.00","0.00","0.00","","0.00"
"2677","13350","000104450000091","1","3/28/2024","1314","4","5/1/2024","0.00","1694560.19","","","Y","","","N","","","9999","203347222.22","","","Y","9999","0","9999","0","1694560.19","-1694560.19","205041782.41","Y","","1694560.19","0.00","0.00","0.00","0.00","","0.00"
"2678","13351","000104450000091","1","3/28/2024","1314","5","6/1/2024","0.00","1708681.52","","","Y","","","N","","","9999","205041782.41","","","Y","9999","0","9999","0","1708681.52","-1708681.52","206750463.93","Y","","1708681.52","0.00","0.00","0.00","0.00","","0.00"
"2679","13352","000104450000091","1","3/28/2024","1314","6","7/1/2024","0.00","1722920.53","","","Y","","","N","","","9999","206750463.93","","","Y","9999","0","9999","0","1722920.53","-1722920.53","208473384.46","Y","","1722920.53","0.00","0.00","0.00","0.00","","0.00"
"2680","13353","000104450000091","1","3/28/2024","1314","7","8/1/2024","0.00","0.00","","","Y","","","N","","","9999","208473384.46","","","Y","9999","0","9999","0","1737278.20","-1737278.20","210210662.66","N","","0.00","0.00","0.00","0.00","0.00","","0.00"
"2681","13354","000104450000091","1","3/28/2024","1315","8","9/1/2024","5952497.36","0.00","","","Y","","","N","","","9999","210210662.66","","","Y","9999","0","9999","0","1751755.52","4200741.84","206009920.83","Y","19523","1751755.52","0.00","0.00","0.00","0.00","","0.00"
"2682","13355","000104450000091","1","3/28/2024","1315","9","10/1/2024","5952497.36","0.00","","","Y","","","N","","","9999","206009920.83","","","Y","9999","0","9999","0","1716749.34","4235748.02","201774172.81","Y","24165","1716749.34","0.00","0.00","0.00","0.00","","0.00"
"2683","13356","000104450000091","1","3/28/2024","1315","10","11/1/2024","5952497.36","0.00","","","Y","","","N","","","9999","201774172.81","","","Y","9999","0","9999","0","1681451.44","4271045.92","197503126.89","Y","26876","1681451.44","0.00","0.00","0.00","0.00","","0.00"
"2684","13357","000104450000091","1","3/28/2024","1315","11","12/1/2024","5952497.36","0.00","","","Y","","","N","","","9999","197503126.89","","","Y","9999","0","9999","0","1645859.39","4306637.97","193196488.92","Y","29025","1645859.39","0.00","0.00","0.00","0.00","","0.00"
"2685","13358","000104450000091","1","3/28/2024","1315","12","1/1/2025","5952497.36","0.00","","","Y","","","N","","","9999","193196488.92","","","Y","9999","0","9999","0","1609970.74","4342526.62","188853962.30","Y","34026","1609970.74","0.00","0.00","0.00","0.00","","0.00"
"2686","13359","000104450000091","1","3/28/2024","1315","13","2/1/2025","5952497.36","0.00","","","Y","","","N","","","9999","188853962.3","","","Y","9999","0","9999","0","1573783.02","4378714.34","184475247.97","Y","40443","1573783.02","0.00","0.00","0.00","0.00","","0.00"
"2687","13360","000104450000091","1","3/28/2024","1315","14","3/1/2025","5952497.36","0.00","","","Y","","","N","","","9999","184475247.97","","","Y","9999","0","9999","0","1537293.73","4415203.63","180060044.34","Y","40443","1537293.73","0.00","0.00","0.00","0.00","","0.00"
"2688","13361","000104450000091","1","3/28/2024","1315","15","4/1/2025","5952497.36","0.00","","","Y","","","N","","","9999","180060044.34","","","Y","9999","0","9999","0","1500500.37","4451996.99","175608047.35","Y","48237","1500500.37","0.00","0.00","0.00","0.00","","0.00"
"2689","13362","000104450000091","1","3/28/2024","1315","16","5/1/2025","5952497.36","0.00","","","Y","","","N","","","9999","175608047.35","","","Y","9999","0","9999","0","1463400.39","4489096.96","171118950.39","Y","49393","1463400.39","0.00","0.00","0.00","0.00","","0.00"
"2690","13363","000104450000091","1","3/28/2024","1315","17","6/1/2025","5952497.36","0.00","","","Y","","","N","","","9999","171118950.39","","","Y","9999","0","9999","0","1425991.25","4526506.11","166592444.28","Y","49393","1425991.25","0.00","0.00","0.00","0.00","","0.00"
"2691","13364","000104450000091","1","3/28/2024","1315","18","7/1/2025","5952497.36","0.00","","","Y","","","N","","","9999","166592444.28","","","Y","9999","0","9999","0","1388270.37","4564226.99","162028217.29","Y","54836","1388270.37","0.00","0.00","0.00","0.00","","0.00"
"2692","13365","000104450000091","1","3/28/2024","1315","19","8/1/2025","5952497.36","0.00","","","Y","","","N","","","9999","162028217.29","","","Y","9999","0","9999","0","1350235.14","4602262.21","157425955.08","Y","91336","1350235.14","0.00","0.00","0.00","0.00","","0.00"
"2693","13366","000104450000091","1","3/28/2024","1315","20","9/1/2025","5952497.36","0.00","","","Y","","","N","","","9999","157425955.08","","","Y","9999","0","9999","0","1311882.96","4640614.40","152785340.68","Y","209820","1311882.96","0.00","0.00","0.00","0.00","","0.00"
"2694","13367","000104450000091","1","3/28/2024","1315","21","10/1/2025","5952497.36","0.00","","","Y","","","N","","","9999","152785340.68","","","Y","9999","0","9999","0","1273211.17","4679286.19","148106054.49","Y","209820","1273211.17","0.00","0.00","0.00","0.00","","0.00"
"2695","13368","000104450000091","1","3/28/2024","1315","22","11/1/2025","5952497.36","0.00","","","Y","","","N","","","9999","148106054.49","","","Y","9999","0","9999","0","1234217.12","4718280.24","143387774.25","Y","210614","1234217.12","0.00","0.00","0.00","0.00","","0.00"
"2696","13369","000104450000091","1","3/28/2024","1315","23","12/1/2025","5952497.36","0.00","","","Y","","","N","","","9999","143387774.25","","","Y","9999","0","9999","0","1194898.12","4757599.24","138630175.01","Y","210614","1194898.12","0.00","0.00","0.00","0.00","","0.00"
"2697","13370","000104450000091","1","3/28/2024","1315","24","1/1/2026","5952497.36","0.00","","","Y","","","N","","","9999","138630175.01","","","Y","9999","0","9999","0","1155251.46","4797245.90","133832929.11","Y","226251","1155251.46","0.00","0.00","0.00","0.00","","0.00"
"2698","13371","000104450000091","1","3/28/2024","1315","25","2/1/2026","5952497.36","0.00","","","Y","","","N","","","9999","133832929.11","","","Y","9999","0","9999","0","1115274.41","4837222.95","128995706.16","Y","243279","1115274.41","0.00","0.00","0.00","0.00","","0.00"
"2699","13372","000104450000091","1","3/28/2024","1315","26","3/1/2026","5952497.36","0.00","","","Y","","","N","","","9999","128995706.16","","","Y","9999","0","9999","0","1074964.22","4877533.14","124118173.02","Y","243279","1074964.22","0.00","0.00","0.00","0.00","","0.00"
"2700","13373","000104450000091","1","3/28/2024","1315","27","4/1/2026","5952497.36","0.00","","","Y","","","N","","","9999","124118173.02","","","Y","9999","0","9999","0","1034318.11","4918179.25","119199993.77","Y","258333","1034318.11","0.00","0.00","0.00","0.00","","0.00"
"2701","13374","000104450000091","1","3/28/2024","1315","28","5/1/2026","5952497.36","0.00","","","Y","","","N","","","9999","119199993.77","","","Y","9999","0","9999","0","993333.28","4959164.08","114240829.69","Y","258333","993333.28","0.00","0.00","0.00","0.00","","0.00"
"2702","13375","000104450000091","1","3/28/2024","1315","29","6/1/2026","5952497.36","0.00","","","Y","","","N","","","9999","114240829.69","","","Y","9999","0","9999","0","952006.91","5000490.44","109240339.25","Y","258333","633334.06","0.00","0.00","0.00","0.00","","0.00"
"2703","13376","000104450000091","1","3/28/2024","1315","30","7/1/2026","5952497.36","0.00","","","Y","","","N","","","9999","109240339.25","","","Y","9999","0","9999","0","910336.16","5042161.20","104198178.05","N","","0.00","0.00","0.00","0.00","0.00","","0.00"
"2704","13377","000104450000091","1","3/28/2024","1315","31","8/1/2026","5952497.36","0.00","","","Y","","","N","","","9999","104198178.05","","","Y","9999","0","9999","0","868318.15","5084179.21","99113998.84","N","","0.00","0.00","0.00","0.00","0.00","","0.00"
"2705","13378","000104450000091","1","3/28/2024","1315","32","9/1/2026","5952497.36","0.00","","","Y","","","N","","","9999","99113998.84","","","Y","9999","0","9999","0","825949.99","5126547.37","93987451.47","N","","0.00","0.00","0.00","0.00","0.00","","0.00"
"2706","13379","000104450000091","1","3/28/2024","1315","33","10/1/2026","5952497.36","0.00","","","Y","","","N","","","9999","93987451.47","","","Y","9999","0","9999","0","783228.76","5169268.60","88818182.88","N","","0.00","0.00","0.00","0.00","0.00","","0.00"
"2707","13380","000104450000091","1","3/28/2024","1315","34","11/1/2026","5952497.36","0.00","","","Y","","","N","","","9999","88818182.88","","","Y","9999","0","9999","0","740151.52","5212345.83","83605837.04","N","","0.00","0.00","0.00","0.00","0.00","","0.00"
"2708","13381","000104450000091","1","3/28/2024","1315","35","12/1/2026","5952497.36","0.00","","","Y","","","N","","","9999","83605837.04","","","Y","9999","0","9999","0","696715.31","5255782.05","78350054.99","N","","0.00","0.00","0.00","0.00","0.00","","0.00"
"2709","13382","000104450000091","1","3/28/2024","1315","36","1/1/2027","5952497.36","0.00","","","Y","","","N","","","9999","78350054.99","","","Y","9999","0","9999","0","652917.12","5299580.23","73050474.76","N","","0.00","0.00","0.00","0.00","0.00","","0.00"
"2710","13383","000104450000091","1","3/28/2024","1315","37","2/1/2027","5952497.36","0.00","","","Y","","","N","","","9999","73050474.76","","","Y","9999","0","9999","0","608753.96","5343743.40","67706731.36","N","","0.00","0.00","0.00","0.00","0.00","","0.00"
"2711","13384","000104450000091","1","3/28/2024","1315","38","3/1/2027","5952497.36","0.00","","","Y","","","N","","","9999","67706731.36","","","Y","9999","0","9999","0","564222.76","5388274.60","62318456.76","N","","0.00","0.00","0.00","0.00","0.00","","0.00"
"2712","13385","000104450000091","1","3/28/2024","1315","39","4/1/2027","5952497.36","0.00","","","Y","","","N","","","9999","62318456.76","","","Y","9999","0","9999","0","519320.47","5433176.89","56885279.87","N","","0.00","0.00","0.00","0.00","0.00","","0.00"
"2713","13386","000104450000091","1","3/28/2024","1315","40","5/1/2027","5952497.36","0.00","","","Y","","","N","","","9999","56885279.87","","","Y","9999","0","9999","0","474044.00","5478453.36","51406826.51","N","","0.00","0.00","0.00","0.00","0.00","","0.00"
"2714","13387","000104450000091","1","3/28/2024","1315","41","6/1/2027","5952497.36","0.00","","","Y","","","N","","","9999","51406826.51","","","Y","9999","0","9999","0","428390.22","5524107.14","45882719.38","N","","0.00","0.00","0.00","0.00","0.00","","0.00"
"2715","13388","000104450000091","1","3/28/2024","1315","42","7/1/2027","5952497.36","0.00","","","Y","","","N","","","9999","45882719.38","","","Y","9999","0","9999","0","382355.99","5570141.36","40312578.01","N","","0.00","0.00","0.00","0.00","0.00","","0.00"
"2716","13389","000104450000091","1","3/28/2024","1315","43","8/1/2027","5952497.36","0.00","","","Y","","","N","","","9999","40312578.01","","","Y","9999","0","9999","0","335938.15","5616559.21","34696018.80","N","","0.00","0.00","0.00","0.00","0.00","","0.00"
"2717","13390","000104450000091","1","3/28/2024","1315","44","9/1/2027","5952497.36","0.00","","","Y","","","N","","","9999","34696018.8","","","Y","9999","0","9999","0","289133.49","5663363.87","29032654.94","N","","0.00","0.00","0.00","0.00","0.00","","0.00"
"2718","13391","000104450000091","1","3/28/2024","1315","45","10/1/2027","5952497.36","0.00","","","Y","","","N","","","9999","29032654.94","","","Y","9999","0","9999","0","241938.79","5710558.57","23322096.37","N","","0.00","0.00","0.00","0.00","0.00","","0.00"
"2719","13392","000104450000091","1","3/28/2024","1315","46","11/1/2027","5952497.36","0.00","","","Y","","","N","","","9999","23322096.37","","","Y","9999","0","9999","0","194350.80","5758146.56","17563949.81","N","","0.00","0.00","0.00","0.00","0.00","","0.00"
"2720","13393","000104450000091","1","3/28/2024","1315","47","12/1/2027","5952497.36","0.00","","","Y","","","N","","","9999","17563949.81","","","Y","9999","0","9999","0","146366.25","5806131.11","11757818.70","N","","0.00","0.00","0.00","0.00","0.00","","0.00"
"2721","13394","000104450000091","1","3/28/2024","1315","48","1/1/2028","5952497.36","0.00","","","Y","","","N","","","9999","11757818.7","","","Y","9999","0","9999","0","97981.82","5854515.54","5903303.17","N","","0.00","0.00","0.00","0.00","0.00","","0.00"
"2722","13395","000104450000091","1","3/28/2024","1315","49","2/1/2028","5952497.36","0.00","","","Y","","","N","","","9999","5903303.17","","","Y","9999","0","9999","0","49194.19","5903303.17","0.00","N","","0.00","0.00","0.00","0.00","0.00","","0.00"
"2723","13508","000104450000095","1","4/30/2024","1316","1","4/30/2024","13888.89","13888.89","","","Y","","","N","","","9999","50000000","","","Y","9999","0","9999","13888.89","13888.89","0.00","50000000.00","Y","","13888.89","0.00","0.00","0.00","0.00","","0.00"
"2724","13509","000104450000095","1","4/30/2024","1317","2","5/1/2024","416666.67","416666.67","","","Y","","","N","","","9999","50000000","","","Y","9999","0","9999","430555.56","416666.67","0.00","50000000.00","Y","","416666.67","0.00","0.00","0.00","0.00","","0.00"
"2725","13510","000104450000095","1","4/30/2024","1317","3","6/1/2024","416666.67","416666.67","","","Y","","","N","","","9999","50000000","","","Y","9999","1200000","9999","-352777.77","416666.67","0.00","49999999.99","Y","","416666.67","0.00","0.00","0.00","0.00","","0.00"
"2726","13511","000104450000095","1","4/30/2024","1317","4","7/1/2024","416666.67","416666.67","","","Y","","","N","","","9999","49999999.99","","","Y","9999","0","9999","63888.9","416666.67","0.00","49999999.99","Y","","416666.67","0.00","0.00","0.00","0.00","","0.00"
"2727","13512","000104450000095","1","4/30/2024","1318","5","8/1/2024","2605240.78","0.00","","","Y","","","N","","","9999","49999999.99","","","Y","9999","0","9999","0","416666.67","2188574.11","47811425.88","Y","19535","416666.67","0.00","0.00","0.00","0.00","","0.00"
"2728","13513","000104450000095","1","4/30/2024","1318","6","9/1/2024","2605240.78","0.00","","","Y","","","N","","","9999","47811425.88","","","Y","9999","0","9999","0","398428.55","2206812.23","45604613.65","Y","24175","398428.55","0.00","0.00","0.00","0.00","","0.00"
"2729","13514","000104450000095","1","4/30/2024","1318","7","10/1/2024","2605240.78","0.00","","","Y","","","N","","","9999","45604613.65","","","Y","9999","0","9999","0","380038.45","2225202.33","43379411.32","Y","26863","380038.45","0.00","0.00","0.00","0.00","","0.00"
"2730","13515","000104450000095","1","4/30/2024","1318","8","11/1/2024","2605240.78","0.00","","","Y","","","N","","","9999","43379411.32","","","Y","9999","0","9999","0","361495.09","2243745.68","41135665.64","Y","29043","361495.09","0.00","0.00","0.00","0.00","","0.00"
"2731","13516","000104450000095","1","4/30/2024","1318","9","12/1/2024","2605240.78","0.00","","","Y","","","N","","","9999","41135665.64","","","Y","9999","0","9999","0","342797.21","2262443.56","38873222.08","Y","34027","342797.21","0.00","0.00","0.00","0.00","","0.00"
"2732","13517","000104450000095","1","4/30/2024","1318","10","1/1/2025","2605240.78","0.00","","","Y","","","N","","","9999","38873222.08","","","Y","9999","0","9999","0","323943.52","2281297.26","36591924.82","Y","40462","323943.52","0.00","0.00","0.00","0.00","","0.00"
"2733","13518","000104450000095","1","4/30/2024","1318","11","2/1/2025","2605240.78","0.00","","","Y","","","N","","","9999","36591924.82","","","Y","9999","0","9999","0","304932.71","2300308.07","34291616.75","Y","40462","304932.71","0.00","0.00","0.00","0.00","","0.00"
"2734","13519","000104450000095","1","4/30/2024","1318","12","3/1/2025","2605240.78","0.00","","","Y","","","N","","","9999","34291616.75","","","Y","9999","0","9999","0","285763.47","2319477.30","31972139.44","Y","48224","285763.47","0.00","0.00","0.00","0.00","","0.00"
"2735","13520","000104450000095","1","4/30/2024","1318","13","4/1/2025","2605240.78","0.00","","","Y","","","N","","","9999","31972139.44","","","Y","9999","0","9999","0","266434.50","2338806.28","29633333.16","Y","49409","266434.50","0.00","0.00","0.00","0.00","","0.00"
"2736","13521","000104450000095","1","4/30/2024","1318","14","5/1/2025","2605240.78","0.00","","","Y","","","N","","","9999","29633333.16","","","Y","9999","0","9999","0","246944.44","2358296.33","27275036.83","Y","49409","246944.44","0.00","0.00","0.00","0.00","","0.00"
"2737","13522","000104450000095","1","4/30/2024","1318","15","6/1/2025","2605240.78","0.00","","","Y","","","N","","","9999","27275036.83","","","Y","9999","0","9999","0","227291.97","2377948.80","24897088.03","Y","54830","227291.97","0.00","0.00","0.00","0.00","","0.00"
"2738","13523","000104450000095","1","4/30/2024","1318","16","7/1/2025","2605240.78","0.00","","","Y","","","N","","","9999","24897088.03","","","Y","9999","0","9999","0","207475.73","2397765.04","22499322.98","Y","54830","207475.73","0.00","0.00","0.00","0.00","","0.00"
"2739","13524","000104450000095","1","4/30/2024","1318","17","8/1/2025","2605240.78","0.00","","","Y","","","N","","","9999","22499322.98","","","Y","9999","0","9999","0","187494.36","2417746.42","20081576.56","Y","91325","187494.36","0.00","0.00","0.00","0.00","","0.00"
"2740","13525","000104450000095","1","4/30/2024","1318","18","9/1/2025","2605240.78","0.00","","","Y","","","N","","","9999","20081576.56","","","Y","9999","0","9999","0","167346.47","2437894.31","17643682.26","Y","91325","167346.47","0.00","0.00","0.00","0.00","","0.00"
"2741","13526","000104450000095","1","4/30/2024","1318","19","10/1/2025","2605240.78","0.00","","","Y","","","N","","","9999","17643682.26","","","Y","9999","0","9999","0","147030.69","2458210.09","15185472.17","Y","209826","147030.69","0.00","0.00","0.00","0.00","","0.00"
"2742","13527","000104450000095","1","4/30/2024","1318","20","11/1/2025","2605240.78","0.00","","","Y","","","N","","","9999","15185472.17","","","Y","9999","0","9999","0","126545.60","2478695.18","12706776.99","Y","209826","126545.60","0.00","0.00","0.00","0.00","","0.00"
