"   ","INT_ACCRU_DET_ID","OP_BRANCH_MST_ID","GLCODE","NEW_AC_NUMBER","SUB_AC_NUMBER","TRANSACTION_DATE","INTEREST_AMOUNT","DRCR","DR_POSTING_GL","CR_POSTING_GL","BATCH_NUMBER"
"1","166507","1","1050101","000104420000005","1","11/1/2024","354943.89","CR","1050101","4215",""
"2","166508","1","1050101","000104420000005","1","11/2/2024","354943.89","CR","1050101","4215",""
"3","166509","1","1050101","000104420000005","1","11/3/2024","354943.89","CR","1050101","4215",""
"4","166510","1","1050101","000104420000005","1","11/4/2024","354943.89","CR","1050101","4215",""
"5","166511","1","1050101","000104420000005","1","11/5/2024","354943.89","CR","1050101","4215",""
"6","166512","1","1050101","000104420000005","1","11/6/2024","354943.89","CR","1050101","4215",""
"7","166513","1","1050101","000104420000005","1","11/7/2024","354943.89","CR","1050101","4215",""
"8","166514","1","1050101","000104420000005","1","11/8/2024","354943.89","CR","1050101","4215",""
"9","166515","1","1050101","000104420000005","1","11/9/2024","354943.89","CR","1050101","4215",""
"10","166516","1","1050101","000104420000005","1","11/10/2024","354943.89","CR","1050101","4215",""
"11","166517","1","1050101","000104420000005","1","11/11/2024","354943.89","CR","1050101","4215",""
"12","166518","1","1050101","000104420000005","1","11/12/2024","354943.89","CR","1050101","4215",""
"13","166519","1","1050101","000104420000005","1","11/13/2024","354943.89","CR","1050101","4215",""
"14","167491","1","1050101","000104420000005","1","11/14/2024","354943.89","CR","1050101","4215",""
"15","167492","1","1050101","000104420000005","1","11/15/2024","354943.89","CR","1050101","4215",""
"16","167493","1","1050101","000104420000005","1","11/16/2024","354943.89","CR","1050101","4215",""
"17","167494","1","1050101","000104420000005","1","11/17/2024","354943.89","CR","1050101","4215",""
"18","167828","1","1050101","000104420000005","1","11/18/2024","354943.89","CR","1050101","4215",""
"19","167904","1","1050101","000104420000005","1","11/19/2024","354943.89","CR","1050101","4215",""
"20","167980","1","1050101","000104420000005","1","11/20/2024","354943.89","CR","1050101","4215",""
"21","168056","1","1050101","000104420000005","1","11/21/2024","354943.89","CR","1050101","4215",""
"22","168132","1","1050101","000104420000005","1","11/22/2024","354943.89","CR","1050101","4215",""
"23","168208","1","1050101","000104420000005","1","11/23/2024","354943.89","CR","1050101","4215",""
"24","168284","1","1050101","000104420000005","1","11/24/2024","354943.89","CR","1050101","4215",""
"25","168360","1","1050101","000104420000005","1","11/25/2024","354943.89","CR","1050101","4215",""
"26","168436","1","1050101","000104420000005","1","11/26/2024","354943.89","CR","1050101","4215",""
"27","168512","1","1050101","000104420000005","1","11/27/2024","354943.89","CR","1050101","4215",""
"28","168589","1","1050101","000104420000005","1","11/28/2024","354943.89","CR","1050101","4215",""
"29","168666","1","1050101","000104420000005","1","11/29/2024","354943.89","CR","1050101","4215",""
"30","168742","1","1050101","000104420000005","1","11/30/2024","354943.89","CR","1050101","4215",""
"31","168821","1","1050101","000104420000005","1","11/30/2024","-10648316.70","DR","1050101","4215","80"
"32","168895","1","1050101","000104420000005","1","12/1/2024","364410.68","CR","1050101","4215",""
"33","168971","1","1050101","000104420000005","1","12/2/2024","364410.68","CR","1050101","4215",""
"34","169047","1","1050101","000104420000005","1","12/3/2024","364410.68","CR","1050101","4215",""
"35","169123","1","1050101","000104420000005","1","12/4/2024","364410.68","CR","1050101","4215",""
"36","169199","1","1050101","000104420000005","1","12/5/2024","364410.68","CR","1050101","4215",""
"37","169275","1","1050101","000104420000005","1","12/6/2024","364410.68","CR","1050101","4215",""
"38","169351","1","1050101","000104420000005","1","12/7/2024","364410.68","CR","1050101","4215",""
"39","169427","1","1050101","000104420000005","1","12/8/2024","364410.68","CR","1050101","4215",""
"40","169503","1","1050101","000104420000005","1","12/9/2024","364410.68","CR","1050101","4215",""
"41","169579","1","1050101","000104420000005","1","12/10/2024","364410.68","CR","1050101","4215",""
"42","169655","1","1050101","000104420000005","1","12/11/2024","364410.68","CR","1050101","4215",""
"43","169731","1","1050101","000104420000005","1","12/12/2024","364410.68","CR","1050101","4215",""
"44","169807","1","1050101","000104420000005","1","12/13/2024","364410.68","CR","1050101","4215",""
"45","169883","1","1050101","000104420000005","1","12/14/2024","364410.68","CR","1050101","4215",""
"46","169959","1","1050101","000104420000005","1","12/15/2024","364410.68","CR","1050101","4215",""
"47","170035","1","1050101","000104420000005","1","12/16/2024","364410.68","CR","1050101","4215",""
"48","170111","1","1050101","000104420000005","1","12/17/2024","364410.68","CR","1050101","4215",""
"49","170187","1","1050101","000104420000005","1","12/18/2024","364410.68","CR","1050101","4215",""
"50","170263","1","1050101","000104420000005","1","12/19/2024","364410.68","CR","1050101","4215",""
"51","170339","1","1050101","000104420000005","1","12/20/2024","364410.68","CR","1050101","4215",""
"52","170415","1","1050101","000104420000005","1","12/21/2024","364410.68","CR","1050101","4215",""
"53","170491","1","1050101","000104420000005","1","12/22/2024","364410.68","CR","1050101","4215",""
"54","170567","1","1050101","000104420000005","1","12/23/2024","364410.68","CR","1050101","4215",""
"55","170643","1","1050101","000104420000005","1","12/24/2024","364410.68","CR","1050101","4215",""
"56","170719","1","1050101","000104420000005","1","12/25/2024","364410.68","CR","1050101","4215",""
"57","170795","1","1050101","000104420000005","1","12/26/2024","364410.68","CR","1050101","4215",""
"58","170871","1","1050101","000104420000005","1","12/27/2024","364410.68","CR","1050101","4215",""
"59","170947","1","1050101","000104420000005","1","12/28/2024","364410.68","CR","1050101","4215",""
"60","171023","1","1050101","000104420000005","1","12/29/2024","364410.68","CR","1050101","4215",""
"61","171099","1","1050101","000104420000005","1","12/30/2024","364410.68","CR","1050101","4215",""
"62","171175","1","1050101","000104420000005","1","12/31/2024","364410.68","CR","1050101","4215",""
"63","171252","1","1050101","000104420000005","1","12/31/2024","-11296731.08","DR","1050101","4215","80"
"64","171453","1","1050101","000104420000005","1","1/1/2025","374453.93","CR","1050101","4215",""
"65","171530","1","1050101","000104420000005","1","1/2/2025","374453.93","CR","1050101","4215",""
"66","171607","1","1050101","000104420000005","1","1/3/2025","374453.93","CR","1050101","4215",""
"67","171684","1","1050101","000104420000005","1","1/4/2025","374453.93","CR","1050101","4215",""
"68","171761","1","1050101","000104420000005","1","1/5/2025","374453.93","CR","1050101","4215",""
"69","171838","1","1050101","000104420000005","1","1/6/2025","374453.93","CR","1050101","4215",""
"70","171915","1","1050101","000104420000005","1","1/7/2025","374453.93","CR","1050101","4215",""
"71","171992","1","1050101","000104420000005","1","1/8/2025","374453.93","CR","1050101","4215",""
"72","172069","1","1050101","000104420000005","1","1/9/2025","374453.93","CR","1050101","4215",""
"73","172146","1","1050101","000104420000005","1","1/10/2025","374453.93","CR","1050101","4215",""
"74","172223","1","1050101","000104420000005","1","1/11/2025","374453.93","CR","1050101","4215",""
"75","172300","1","1050101","000104420000005","1","1/12/2025","374453.93","CR","1050101","4215",""
"76","172377","1","1050101","000104420000005","1","1/13/2025","374453.93","CR","1050101","4215",""
"77","172454","1","1050101","000104420000005","1","1/14/2025","374453.93","CR","1050101","4215",""
"78","172531","1","1050101","000104420000005","1","1/15/2025","374453.93","CR","1050101","4215",""
"79","172608","1","1050101","000104420000005","1","1/16/2025","374453.93","CR","1050101","4215",""
"80","172685","1","1050101","000104420000005","1","1/17/2025","374453.93","CR","1050101","4215",""
"81","172762","1","1050101","000104420000005","1","1/18/2025","374453.93","CR","1050101","4215",""
"82","172839","1","1050101","000104420000005","1","1/19/2025","374453.93","CR","1050101","4215",""
"83","172916","1","1050101","000104420000005","1","1/20/2025","374453.93","CR","1050101","4215",""
"84","172993","1","1050101","000104420000005","1","1/21/2025","374453.93","CR","1050101","4215",""
"85","173070","1","1050101","000104420000005","1","1/22/2025","374453.93","CR","1050101","4215",""
"86","173147","1","1050101","000104420000005","1","1/23/2025","374453.93","CR","1050101","4215",""
"87","173224","1","1050101","000104420000005","1","1/24/2025","374453.93","CR","1050101","4215",""
"88","173301","1","1050101","000104420000005","1","1/25/2025","374453.93","CR","1050101","4215",""
"89","173378","1","1050101","000104420000005","1","1/26/2025","374453.93","CR","1050101","4215",""
"90","173455","1","1050101","000104420000005","1","1/27/2025","374453.93","CR","1050101","4215",""
"91","173532","1","1050101","000104420000005","1","1/28/2025","374453.93","CR","1050101","4215",""
"92","173609","1","1050101","000104420000005","1","1/29/2025","374453.93","CR","1050101","4215",""
"93","173686","1","1050101","000104420000005","1","1/30/2025","374453.93","CR","1050101","4215",""
"94","173763","1","1050101","000104420000005","1","1/31/2025","374453.93","CR","1050101","4215",""
"95","173838","1","1050101","000104420000005","1","1/31/2025","-11608071.83","DR","1050101","4215","46"
"96","173890","1","1050101","000104420000005","1","2/1/2025","384773.99","CR","1050101","4215",""
"97","173969","1","1050101","000104420000005","1","2/2/2025","384773.99","CR","1050101","4215",""
"98","174048","1","1050101","000104420000005","1","2/3/2025","384773.99","CR","1050101","4215",""
"99","174127","1","1050101","000104420000005","1","2/4/2025","384773.99","CR","1050101","4215",""
"100","174206","1","1050101","000104420000005","1","2/5/2025","384773.99","CR","1050101","4215",""
"101","174285","1","1050101","000104420000005","1","2/6/2025","384773.99","CR","1050101","4215",""
"102","174364","1","1050101","000104420000005","1","2/7/2025","384773.99","CR","1050101","4215",""
"103","174443","1","1050101","000104420000005","1","2/8/2025","384773.99","CR","1050101","4215",""
"104","174522","1","1050101","000104420000005","1","2/9/2025","384773.99","CR","1050101","4215",""
"105","174601","1","1050101","000104420000005","1","2/10/2025","384773.99","CR","1050101","4215",""
"106","174680","1","1050101","000104420000005","1","2/11/2025","384773.99","CR","1050101","4215",""
"107","174759","1","1050101","000104420000005","1","2/12/2025","384773.99","CR","1050101","4215",""
"108","174838","1","1050101","000104420000005","1","2/13/2025","384773.99","CR","1050101","4215",""
"109","174917","1","1050101","000104420000005","1","2/14/2025","384773.99","CR","1050101","4215",""
"110","174996","1","1050101","000104420000005","1","2/15/2025","384773.99","CR","1050101","4215",""
"111","175075","1","1050101","000104420000005","1","2/16/2025","384773.99","CR","1050101","4215",""
"112","175154","1","1050101","000104420000005","1","2/17/2025","384773.99","CR","1050101","4215",""
"113","175233","1","1050101","000104420000005","1","2/18/2025","384773.99","CR","1050101","4215",""
"114","175312","1","1050101","000104420000005","1","2/19/2025","384773.99","CR","1050101","4215",""
"115","175391","1","1050101","000104420000005","1","2/20/2025","384773.99","CR","1050101","4215",""
"116","175470","1","1050101","000104420000005","1","2/21/2025","384773.99","CR","1050101","4215",""
"117","175549","1","1050101","000104420000005","1","2/22/2025","384773.99","CR","1050101","4215",""
"118","175628","1","1050101","000104420000005","1","2/23/2025","384773.99","CR","1050101","4215",""
"119","175707","1","1050101","000104420000005","1","2/24/2025","384773.99","CR","1050101","4215",""
"120","175786","1","1050101","000104420000005","1","2/25/2025","384773.99","CR","1050101","4215",""
"121","175865","1","1050101","000104420000005","1","2/26/2025","384773.99","CR","1050101","4215",""
"122","175944","1","1050101","000104420000005","1","2/27/2025","384773.99","CR","1050101","4215",""
"123","176023","1","1050101","000104420000005","1","2/28/2025","384773.99","CR","1050101","4215",""
"124","176099","1","1050101","000104420000005","1","2/28/2025","-10773671.72","DR","1050101","4215","13"
"125","176181","1","1050101","000104420000005","1","3/1/2025","394352.22","CR","1050101","4215",""
"126","176260","1","1050101","000104420000005","1","3/2/2025","394352.22","CR","1050101","4215",""
"127","176821","1","1050101","000104420000005","1","3/3/2025","394352.22","CR","1050101","4215",""
"128","176833","1","1050101","000104420000005","1","3/4/2025","394352.22","CR","1050101","4215",""
"129","176845","1","1050101","000104420000005","1","3/5/2025","394352.22","CR","1050101","4215",""
"130","176857","1","1050101","000104420000005","1","3/6/2025","394352.22","CR","1050101","4215",""
"131","176869","1","1050101","000104420000005","1","3/7/2025","394352.22","CR","1050101","4215",""
"132","176881","1","1050101","000104420000005","1","3/8/2025","394352.22","CR","1050101","4215",""
"133","176893","1","1050101","000104420000005","1","3/9/2025","394352.22","CR","1050101","4215",""
"134","176905","1","1050101","000104420000005","1","3/10/2025","394352.22","CR","1050101","4215",""
"135","176917","1","1050101","000104420000005","1","3/11/2025","394352.22","CR","1050101","4215",""
"136","176929","1","1050101","000104420000005","1","3/12/2025","394352.22","CR","1050101","4215",""
"137","176941","1","1050101","000104420000005","1","3/13/2025","394352.22","CR","1050101","4215",""
"138","176953","1","1050101","000104420000005","1","3/14/2025","394352.22","CR","1050101","4215",""
"139","176965","1","1050101","000104420000005","1","3/15/2025","394352.22","CR","1050101","4215",""
"140","176977","1","1050101","000104420000005","1","3/16/2025","394352.22","CR","1050101","4215",""
"141","176989","1","1050101","000104420000005","1","3/17/2025","394352.22","CR","1050101","4215",""
"142","177001","1","1050101","000104420000005","1","3/18/2025","394352.22","CR","1050101","4215",""
"143","177013","1","1050101","000104420000005","1","3/19/2025","394352.22","CR","1050101","4215",""
"144","177025","1","1050101","000104420000005","1","3/20/2025","394352.22","CR","1050101","4215",""
"145","177037","1","1050101","000104420000005","1","3/21/2025","394352.22","CR","1050101","4215",""
"146","177049","1","1050101","000104420000005","1","3/22/2025","394352.22","CR","1050101","4215",""
"147","177061","1","1050101","000104420000005","1","3/23/2025","394352.22","CR","1050101","4215",""
"148","177073","1","1050101","000104420000005","1","3/24/2025","394352.22","CR","1050101","4215",""
"149","177085","1","1050101","000104420000005","1","3/25/2025","394352.22","CR","1050101","4215",""
"150","177097","1","1050101","000104420000005","1","3/26/2025","394352.22","CR","1050101","4215",""
"151","177109","1","1050101","000104420000005","1","3/27/2025","394352.22","CR","1050101","4215",""
"152","177121","1","1050101","000104420000005","1","3/28/2025","394352.22","CR","1050101","4215",""
"153","177133","1","1050101","000104420000005","1","3/29/2025","394352.22","CR","1050101","4215",""
"154","177145","1","1050101","000104420000005","1","3/30/2025","394352.22","CR","1050101","4215",""
"155","177157","1","1050101","000104420000005","1","3/31/2025","394352.22","CR","1050101","4215",""
"156","179124","1","1050101","000104420000005","1","3/31/2025","-12224918.82","DR","1050101","4215","36"
"157","179208","1","1050101","000104420000005","1","4/1/2025","405220.68","CR","1050101","4215",""
"158","179286","1","1050101","000104420000005","1","4/2/2025","405220.68","CR","1050101","4215",""
"159","179364","1","1050101","000104420000005","1","4/3/2025","405220.68","CR","1050101","4215",""
"160","179442","1","1050101","000104420000005","1","4/4/2025","405220.68","CR","1050101","4215",""
"161","179520","1","1050101","000104420000005","1","4/5/2025","405220.68","CR","1050101","4215",""
"162","179598","1","1050101","000104420000005","1","4/6/2025","405220.68","CR","1050101","4215",""
"163","179676","1","1050101","000104420000005","1","4/7/2025","405220.68","CR","1050101","4215",""
"164","179754","1","1050101","000104420000005","1","4/8/2025","405220.68","CR","1050101","4215",""
"165","179832","1","1050101","000104420000005","1","4/9/2025","405220.68","CR","1050101","4215",""
"166","179910","1","1050101","000104420000005","1","4/10/2025","405220.68","CR","1050101","4215",""
"167","179988","1","1050101","000104420000005","1","4/11/2025","405220.68","CR","1050101","4215",""
"168","180066","1","1050101","000104420000005","1","4/12/2025","405220.68","CR","1050101","4215",""
"169","180144","1","1050101","000104420000005","1","4/13/2025","405220.68","CR","1050101","4215",""
"170","180222","1","1050101","000104420000005","1","4/14/2025","405220.68","CR","1050101","4215",""
"171","180300","1","1050101","000104420000005","1","4/15/2025","405220.68","CR","1050101","4215",""
"172","180378","1","1050101","000104420000005","1","4/16/2025","405220.68","CR","1050101","4215",""
"173","180456","1","1050101","000104420000005","1","4/17/2025","405220.68","CR","1050101","4215",""
"174","180534","1","1050101","000104420000005","1","4/18/2025","405220.68","CR","1050101","4215",""
"175","180612","1","1050101","000104420000005","1","4/19/2025","405220.68","CR","1050101","4215",""
"176","180690","1","1050101","000104420000005","1","4/20/2025","405220.68","CR","1050101","4215",""
"177","180768","1","1050101","000104420000005","1","4/21/2025","405220.68","CR","1050101","4215",""
"178","180846","1","1050101","000104420000005","1","4/22/2025","405220.68","CR","1050101","4215",""
"179","180924","1","1050101","000104420000005","1","4/23/2025","405220.68","CR","1050101","4215",""
"180","181002","1","1050101","000104420000005","1","4/24/2025","405220.68","CR","1050101","4215",""
"181","181080","1","1050101","000104420000005","1","4/25/2025","405220.68","CR","1050101","4215",""
"182","181158","1","1050101","000104420000005","1","4/26/2025","405220.68","CR","1050101","4215",""
"183","181236","1","1050101","000104420000005","1","4/27/2025","405220.68","CR","1050101","4215",""
"184","181314","1","1050101","000104420000005","1","4/28/2025","405220.68","CR","1050101","4215",""
"185","181392","1","1050101","000104420000005","1","4/29/2025","405220.68","CR","1050101","4215",""
"186","181470","1","1050101","000104420000005","1","4/30/2025","405220.68","CR","1050101","4215",""
"187","181554","1","1050101","000104420000005","1","4/30/2025","-12156620.40","DR","1050101","4215","28"
"188","181628","1","1050101","000104420000005","1","5/1/2025","416028.41","CR","1050101","4215",""
"189","181707","1","1050101","000104420000005","1","5/2/2025","416028.41","CR","1050101","4215",""
"190","181787","1","1050101","000104420000005","1","5/3/2025","416028.41","CR","1050101","4215",""
"191","181867","1","1050101","000104420000005","1","5/4/2025","416028.41","CR","1050101","4215",""
"192","181947","1","1050101","000104420000005","1","5/5/2025","416028.41","CR","1050101","4215",""
"193","182027","1","1050101","000104420000005","1","5/6/2025","416028.41","CR","1050101","4215",""
"194","182107","1","1050101","000104420000005","1","5/7/2025","418592.53","CR","1050101","4215",""
"195","182188","1","1050101","000104420000005","1","5/8/2025","418592.53","CR","1050101","4215",""
"196","182269","1","1050101","000104420000005","1","5/9/2025","418592.53","CR","1050101","4215",""
"197","182350","1","1050101","000104420000005","1","5/10/2025","418592.53","CR","1050101","4215",""
"198","182431","1","1050101","000104420000005","1","5/11/2025","418592.53","CR","1050101","4215",""
"199","182512","1","1050101","000104420000005","1","5/12/2025","418592.53","CR","1050101","4215",""
"200","182594","1","1050101","000104420000005","1","5/13/2025","418592.53","CR","1050101","4215",""
"201","182676","1","1050101","000104420000005","1","5/14/2025","418592.53","CR","1050101","4215",""
"202","182758","1","1050101","000104420000005","1","5/15/2025","418592.53","CR","1050101","4215",""
"203","182840","1","1050101","000104420000005","1","5/16/2025","418592.53","CR","1050101","4215",""
"204","182924","1","1050101","000104420000005","1","5/17/2025","418592.53","CR","1050101","4215",""
"205","183008","1","1050101","000104420000005","1","5/18/2025","418592.53","CR","1050101","4215",""
"206","183092","1","1050101","000104420000005","1","5/19/2025","418592.53","CR","1050101","4215",""
"207","183176","1","1050101","000104420000005","1","5/20/2025","418592.53","CR","1050101","4215",""
"208","183260","1","1050101","000104420000005","1","5/21/2025","418592.53","CR","1050101","4215",""
"209","183344","1","1050101","000104420000005","1","5/22/2025","418592.53","CR","1050101","4215",""
"210","183428","1","1050101","000104420000005","1","5/23/2025","418592.53","CR","1050101","4215",""
"211","183513","1","1050101","000104420000005","1","5/24/2025","418592.53","CR","1050101","4215",""
"212","183598","1","1050101","000104420000005","1","5/25/2025","418592.53","CR","1050101","4215",""
"213","183683","1","1050101","000104420000005","1","5/26/2025","418592.53","CR","1050101","4215",""
"214","183768","1","1050101","000104420000005","1","5/27/2025","418592.53","CR","1050101","4215",""
"215","183853","1","1050101","000104420000005","1","5/28/2025","418592.53","CR","1050101","4215",""
"216","183938","1","1050101","000104420000005","1","5/29/2025","418592.53","CR","1050101","4215",""
"217","184023","1","1050101","000104420000005","1","5/30/2025","418592.53","CR","1050101","4215",""
"218","184108","1","1050101","000104420000005","1","5/31/2025","418592.53","CR","1050101","4215",""
"219","184198","1","1050101","000104420000005","1","5/31/2025","-12960983.71","DR","1050101","4215","117"
"220","184280","1","1050101","000104420000005","1","6/1/2025","430186.40","CR","1050101","4215",""
"221","184366","1","1050101","000104420000005","1","6/2/2025","430186.40","CR","1050101","4215",""
"222","184452","1","1050101","000104420000005","1","6/3/2025","430186.40","CR","1050101","4215",""
"223","184538","1","1050101","000104420000005","1","6/4/2025","430186.40","CR","1050101","4215",""
"224","184624","1","1050101","000104420000005","1","6/5/2025","430186.40","CR","1050101","4215",""
"225","184710","1","1050101","000104420000005","1","6/6/2025","430186.40","CR","1050101","4215",""
"226","184796","1","1050101","000104420000005","1","6/7/2025","430186.40","CR","1050101","4215",""
"227","184882","1","1050101","000104420000005","1","6/8/2025","430186.40","CR","1050101","4215",""
"228","184968","1","1050101","000104420000005","1","6/9/2025","430186.40","CR","1050101","4215",""
"229","185054","1","1050101","000104420000005","1","6/10/2025","430186.40","CR","1050101","4215",""
"230","185140","1","1050101","000104420000005","1","6/11/2025","430186.40","CR","1050101","4215",""
"231","185226","1","1050101","000104420000005","1","6/12/2025","430186.40","CR","1050101","4215",""
"232","185312","1","1050101","000104420000005","1","6/13/2025","430186.40","CR","1050101","4215",""
"233","185398","1","1050101","000104420000005","1","6/14/2025","430186.40","CR","1050101","4215",""
"234","185484","1","1050101","000104420000005","1","6/15/2025","430186.40","CR","1050101","4215",""
"235","185570","1","1050101","000104420000005","1","6/16/2025","430186.40","CR","1050101","4215",""
"236","185656","1","1050101","000104420000005","1","6/17/2025","430186.40","CR","1050101","4215",""
"237","185742","1","1050101","000104420000005","1","6/18/2025","430186.40","CR","1050101","4215",""
"238","185829","1","1050101","000104420000005","1","6/19/2025","430186.40","CR","1050101","4215",""
"239","185917","1","1050101","000104420000005","1","6/20/2025","430186.40","CR","1050101","4215",""
"240","186005","1","1050101","000104420000005","1","6/21/2025","430186.40","CR","1050101","4215",""
"241","186093","1","1050101","000104420000005","1","6/22/2025","430186.40","CR","1050101","4215",""
"242","186181","1","1050101","000104420000005","1","6/23/2025","430186.40","CR","1050101","4215",""
"243","186269","1","1050101","000104420000005","1","6/24/2025","430186.40","CR","1050101","4215",""
"244","186357","1","1050101","000104420000005","1","6/25/2025","430186.40","CR","1050101","4215",""
"245","186445","1","1050101","000104420000005","1","6/26/2025","430186.40","CR","1050101","4215",""
"246","186533","1","1050101","000104420000005","1","6/27/2025","430186.40","CR","1050101","4215",""
"247","186621","1","1050101","000104420000005","1","6/28/2025","430186.40","CR","1050101","4215",""
"248","186709","1","1050101","000104420000005","1","6/29/2025","430186.40","CR","1050101","4215",""
"249","186797","1","1050101","000104420000005","1","6/30/2025","430186.40","CR","1050101","4215",""
"250","186880","1","1050101","000104420000005","1","6/30/2025","-12905592.00","DR","1050101","4215","35"
"251","186974","1","1050101","000104420000005","1","7/1/2025","441730.72","CR","1050101","4215",""
"252","187062","1","1050101","000104420000005","1","7/2/2025","441730.72","CR","1050101","4215",""
"253","187150","1","1050101","000104420000005","1","7/3/2025","441730.72","CR","1050101","4215",""
"254","187238","1","1050101","000104420000005","1","7/4/2025","441730.72","CR","1050101","4215",""
"255","187326","1","1050101","000104420000005","1","7/5/2025","441730.72","CR","1050101","4215",""
"256","187414","1","1050101","000104420000005","1","7/6/2025","441730.72","CR","1050101","4215",""
"257","187502","1","1050101","000104420000005","1","7/7/2025","441730.72","CR","1050101","4215",""
"258","187590","1","1050101","000104420000005","1","7/8/2025","441730.72","CR","1050101","4215",""
"259","187678","1","1050101","000104420000005","1","7/9/2025","441730.72","CR","1050101","4215",""
"260","187766","1","1050101","000104420000005","1","7/10/2025","441730.72","CR","1050101","4215",""
"261","187855","1","1050101","000104420000005","1","7/11/2025","441730.72","CR","1050101","4215",""
"262","187944","1","1050101","000104420000005","1","7/12/2025","441730.72","CR","1050101","4215",""
"263","188033","1","1050101","000104420000005","1","7/13/2025","441730.72","CR","1050101","4215",""
"264","188122","1","1050101","000104420000005","1","7/14/2025","441730.72","CR","1050101","4215",""
"265","188211","1","1050101","000104420000005","1","7/15/2025","441730.72","CR","1050101","4215",""
"266","188300","1","1050101","000104420000005","1","7/16/2025","441730.72","CR","1050101","4215",""
"267","188389","1","1050101","000104420000005","1","7/17/2025","441730.72","CR","1050101","4215",""
"268","188478","1","1050101","000104420000005","1","7/18/2025","441730.72","CR","1050101","4215",""
"269","188567","1","1050101","000104420000005","1","7/19/2025","441730.72","CR","1050101","4215",""
"270","188656","1","1050101","000104420000005","1","7/20/2025","441730.72","CR","1050101","4215",""
"271","188745","1","1050101","000104420000005","1","7/21/2025","441730.72","CR","1050101","4215",""
"272","188834","1","1050101","000104420000005","1","7/22/2025","441730.72","CR","1050101","4215",""
"273","188923","1","1050101","000104420000005","1","7/23/2025","441730.72","CR","1050101","4215",""
"274","189014","1","1050101","000104420000005","1","7/24/2025","262826.61","CR","1050101","4215",""
"275","189105","1","1050101","000104420000005","1","7/25/2025","262826.61","CR","1050101","4215",""
"276","189196","1","1050101","000104420000005","1","7/26/2025","262826.61","CR","1050101","4215",""
"277","189287","1","1050101","000104420000005","1","7/27/2025","262826.61","CR","1050101","4215",""
"278","189378","1","1050101","000104420000005","1","7/28/2025","262826.61","CR","1050101","4215",""
"279","189469","1","1050101","000104420000005","1","7/29/2025","262826.61","CR","1050101","4215",""
"280","189560","1","1050101","000104420000005","1","7/30/2025","262826.61","CR","1050101","4215",""
"281","189651","1","1050101","000104420000005","1","7/31/2025","262826.61","CR","1050101","4215",""
"282","189739","1","1050101","000104420000005","1","7/31/2025","-12262419.44","DR","1050101","4215","52"
"283","189804","1","1050101","000104420000005","1","8/1/2025","273795.59","CR","1050101","4215",""
"284","189895","1","1050101","000104420000005","1","8/2/2025","273795.59","CR","1050101","4215",""
"285","189986","1","1050101","000104420000005","1","8/3/2025","273795.59","CR","1050101","4215",""
"286","190077","1","1050101","000104420000005","1","8/4/2025","273795.59","CR","1050101","4215",""
"287","190168","1","1050101","000104420000005","1","8/5/2025","274634.17","CR","1050101","4215",""
"288","190259","1","1050101","000104420000005","1","8/6/2025","274634.17","CR","1050101","4215",""
"289","190350","1","1050101","000104420000005","1","8/7/2025","274634.17","CR","1050101","4215",""
"290","190441","1","1050101","000104420000005","1","8/8/2025","274634.17","CR","1050101","4215",""
"291","190534","1","1050101","000104420000005","1","8/9/2025","274634.17","CR","1050101","4215",""
"292","190627","1","1050101","000104420000005","1","8/10/2025","274634.17","CR","1050101","4215",""
"293","190720","1","1050101","000104420000005","1","8/11/2025","274634.17","CR","1050101","4215",""
"294","190843","1","1050101","000104420000005","1","8/12/2025","274634.17","CR","1050101","4215",""
"295","190936","1","1050101","000104420000005","1","8/13/2025","274634.17","CR","1050101","4215",""
"296","191029","1","1050101","000104420000005","1","8/14/2025","274634.17","CR","1050101","4215",""
"297","191122","1","1050101","000104420000005","1","8/15/2025","274634.17","CR","1050101","4215",""
"298","191215","1","1050101","000104420000005","1","8/16/2025","274634.17","CR","1050101","4215",""
"299","191308","1","1050101","000104420000005","1","8/17/2025","274634.17","CR","1050101","4215",""
"300","191401","1","1050101","000104420000005","1","8/18/2025","274634.17","CR","1050101","4215",""
"301","191494","1","1050101","000104420000005","1","8/19/2025","274634.17","CR","1050101","4215",""
"302","191587","1","1050101","000104420000005","1","8/20/2025","274634.17","CR","1050101","4215",""
"303","191680","1","1050101","000104420000005","1","8/21/2025","274634.17","CR","1050101","4215",""
"304","191773","1","1050101","000104420000005","1","8/22/2025","274634.17","CR","1050101","4215",""
"305","191866","1","1050101","000104420000005","1","8/23/2025","274634.17","CR","1050101","4215",""
"306","191959","1","1050101","000104420000005","1","8/24/2025","274634.17","CR","1050101","4215",""
"307","192052","1","1050101","000104420000005","1","8/25/2025","274634.17","CR","1050101","4215",""
"308","192145","1","1050101","000104420000005","1","8/26/2025","274634.17","CR","1050101","4215",""
"309","192238","1","1050101","000104420000005","1","8/27/2025","274634.17","CR","1050101","4215",""
"310","192332","1","1050101","000104420000005","1","8/28/2025","274634.17","CR","1050101","4215",""
"311","192426","1","1050101","000104420000005","1","8/29/2025","274634.17","CR","1050101","4215",""
"312","192520","1","1050101","000104420000005","1","8/30/2025","274634.17","CR","1050101","4215",""
"313","192614","1","1050101","000104420000005","1","8/31/2025","274634.17","CR","1050101","4215",""
"314","192707","1","1050101","000104420000005","1","8/31/2025","-8510304.95","DR","1050101","4215","16"
"315","192802","1","1050101","000104420000005","1","9/1/2025","282270.13","CR","1050101","4215",""
"316","192896","1","1050101","000104420000005","1","9/2/2025","282270.13","CR","1050101","4215",""
"317","192990","1","1050101","000104420000005","1","9/3/2025","282270.13","CR","1050101","4215",""
"318","193084","1","1050101","000104420000005","1","9/4/2025","282270.13","CR","1050101","4215",""
"319","193178","1","1050101","000104420000005","1","9/5/2025","282270.13","CR","1050101","4215",""
"320","193273","1","1050101","000104420000005","1","9/6/2025","282270.13","CR","1050101","4215",""
"321","193368","1","1050101","000104420000005","1","9/7/2025","282270.13","CR","1050101","4215",""
"322","193463","1","1050101","000104420000005","1","9/8/2025","282270.13","CR","1050101","4215",""
"323","193558","1","1050101","000104420000005","1","9/9/2025","282270.13","CR","1050101","4215",""
"324","193653","1","1050101","000104420000005","1","9/10/2025","282270.13","CR","1050101","4215",""
"325","193748","1","1050101","000104420000005","1","9/11/2025","282270.13","CR","1050101","4215",""
"326","193843","1","1050101","000104420000005","1","9/12/2025","281408.24","CR","1050101","4215",""
"327","193938","1","1050101","000104420000005","1","9/13/2025","281408.24","CR","1050101","4215",""
"328","194033","1","1050101","000104420000005","1","9/14/2025","281408.24","CR","1050101","4215",""
"329","194128","1","1050101","000104420000005","1","9/15/2025","281408.24","CR","1050101","4215",""
"330","194223","1","1050101","000104420000005","1","9/16/2025","281408.24","CR","1050101","4215",""
"331","194318","1","1050101","000104420000005","1","9/17/2025","281408.24","CR","1050101","4215",""
"332","194413","1","1050101","000104420000005","1","9/18/2025","281408.24","CR","1050101","4215",""
"333","194508","1","1050101","000104420000005","1","9/19/2025","281408.24","CR","1050101","4215",""
"334","194603","1","1050101","000104420000005","1","9/20/2025","281408.24","CR","1050101","4215",""
"335","194698","1","1050101","000104420000005","1","9/21/2025","281408.24","CR","1050101","4215",""
"336","194793","1","1050101","000104420000005","1","9/22/2025","281408.24","CR","1050101","4215",""
"337","194888","1","1050101","000104420000005","1","9/23/2025","281408.24","CR","1050101","4215",""
"338","194983","1","1050101","000104420000005","1","9/24/2025","281408.24","CR","1050101","4215",""
"339","195078","1","1050101","000104420000005","1","9/25/2025","281408.24","CR","1050101","4215",""
"340","195173","1","1050101","000104420000005","1","9/26/2025","281408.24","CR","1050101","4215",""
"341","195268","1","1050101","000104420000005","1","9/27/2025","281408.24","CR","1050101","4215",""
"342","195363","1","1050101","000104420000005","1","9/28/2025","281408.24","CR","1050101","4215",""
"343","195458","1","1050101","000104420000005","1","9/29/2025","281408.24","CR","1050101","4215",""
"344","195553","1","1050101","000104420000005","1","9/30/2025","281408.24","CR","1050101","4215",""
"345","195646","1","1050101","000104420000005","1","9/30/2025","-8451727.99","DR","1050101","4215","23"
"346","195722","1","1050101","000104420000005","1","10/1/2025","288968.48","CR","1050101","4215",""
"347","195818","1","1050101","000104420000005","1","10/2/2025","288968.48","CR","1050101","4215",""
"348","195914","1","1050101","000104420000005","1","10/3/2025","288968.48","CR","1050101","4215",""
"349","196010","1","1050101","000104420000005","1","10/4/2025","288968.48","CR","1050101","4215",""
"350","196106","1","1050101","000104420000005","1","10/5/2025","288968.48","CR","1050101","4215",""
"351","196202","1","1050101","000104420000005","1","10/6/2025","288968.48","CR","1050101","4215",""
"352","196321","1","1050101","000104420000005","1","10/7/2025","288968.48","CR","1050101","4215",""
"353","196417","1","1050101","000104420000005","1","10/8/2025","288968.48","CR","1050101","4215",""
"354","196513","1","1050101","000104420000005","1","10/9/2025","288968.48","CR","1050101","4215",""
"355","196609","1","1050101","000104420000005","1","10/10/2025","288968.48","CR","1050101","4215",""
"356","196705","1","1050101","000104420000005","1","10/11/2025","288968.48","CR","1050101","4215",""
"357","196801","1","1050101","000104420000005","1","10/12/2025","288968.48","CR","1050101","4215",""
"358","196897","1","1050101","000104420000005","1","10/13/2025","288968.48","CR","1050101","4215",""
"359","196993","1","1050101","000104420000005","1","10/14/2025","288968.48","CR","1050101","4215",""
"360","197089","1","1050101","000104420000005","1","10/15/2025","288968.48","CR","1050101","4215",""
"361","197185","1","1050101","000104420000005","1","10/16/2025","288968.48","CR","1050101","4215",""
"362","197281","1","1050101","000104420000005","1","10/17/2025","288968.48","CR","1050101","4215",""
"363","197377","1","1050101","000104420000005","1","10/18/2025","288968.48","CR","1050101","4215",""
"364","197473","1","1050101","000104420000005","1","10/19/2025","288968.48","CR","1050101","4215",""
"365","197569","1","1050101","000104420000005","1","10/20/2025","288968.48","CR","1050101","4215",""
"366","197665","1","1050101","000104420000005","1","10/21/2025","288968.48","CR","1050101","4215",""
"367","197761","1","1050101","000104420000005","1","10/22/2025","288968.48","CR","1050101","4215",""
"368","197857","1","1050101","000104420000005","1","10/23/2025","288968.48","CR","1050101","4215",""
"369","197953","1","1050101","000104420000005","1","10/24/2025","288968.48","CR","1050101","4215",""
"370","198049","1","1050101","000104420000005","1","10/25/2025","288968.48","CR","1050101","4215",""
"371","198145","1","1050101","000104420000005","1","10/26/2025","288968.48","CR","1050101","4215",""
"372","198241","1","1050101","000104420000005","1","10/27/2025","288968.48","CR","1050101","4215",""
"373","198337","1","1050101","000104420000005","1","10/28/2025","288968.48","CR","1050101","4215",""
"374","198433","1","1050101","000104420000005","1","10/29/2025","288968.48","CR","1050101","4215",""
"375","198529","1","1050101","000104420000005","1","10/30/2025","288968.48","CR","1050101","4215",""
"376","198625","1","1050101","000104420000005","1","10/31/2025","288968.48","CR","1050101","4215",""
"377","198724","1","1050101","000104420000005","1","10/31/2025","-8958022.88","DR","1050101","4215","52"
"378","198819","1","1050101","000104420000005","1","11/1/2025","296981.62","CR","1050101","4215",""
"379","198916","1","1050101","000104420000005","1","11/2/2025","296981.62","CR","1050101","4215",""
"380","199013","1","1050101","000104420000005","1","11/3/2025","296981.62","CR","1050101","4215",""
"381","199110","1","1050101","000104420000005","1","11/4/2025","296981.62","CR","1050101","4215",""
"382","199207","1","1050101","000104420000005","1","11/5/2025","296981.62","CR","1050101","4215",""
"383","199304","1","1050101","000104420000005","1","11/6/2025","296981.62","CR","1050101","4215",""
"384","199401","1","1050101","000104420000005","1","11/7/2025","296981.62","CR","1050101","4215",""
"385","199498","1","1050101","000104420000005","1","11/8/2025","296981.62","CR","1050101","4215",""
"386","199595","1","1050101","000104420000005","1","11/9/2025","296981.62","CR","1050101","4215",""
"387","199692","1","1050101","000104420000005","1","11/10/2025","296981.62","CR","1050101","4215",""
"388","199789","1","1050101","000104420000005","1","11/11/2025","296981.62","CR","1050101","4215",""
"389","199886","1","1050101","000104420000005","1","11/12/2025","296981.62","CR","1050101","4215",""
"390","199983","1","1050101","000104420000005","1","11/13/2025","296981.62","CR","1050101","4215",""
"391","200080","1","1050101","000104420000005","1","11/14/2025","296981.62","CR","1050101","4215",""
"392","200177","1","1050101","000104420000005","1","11/15/2025","296981.62","CR","1050101","4215",""
"393","200274","1","1050101","000104420000005","1","11/16/2025","296981.62","CR","1050101","4215",""
"394","200371","1","1050101","000104420000005","1","11/17/2025","296981.62","CR","1050101","4215",""
"395","200468","1","1050101","000104420000005","1","11/18/2025","296981.62","CR","1050101","4215",""
"396","200565","1","1050101","000104420000005","1","11/19/2025","296981.62","CR","1050101","4215",""
"397","200662","1","1050101","000104420000005","1","11/20/2025","296981.62","CR","1050101","4215",""
"398","200759","1","1050101","000104420000005","1","11/21/2025","296981.62","CR","1050101","4215",""
"399","200856","1","1050101","000104420000005","1","11/22/2025","296981.62","CR","1050101","4215",""
"400","200953","1","1050101","000104420000005","1","11/23/2025","296981.62","CR","1050101","4215",""
"401","201050","1","1050101","000104420000005","1","11/24/2025","296981.62","CR","1050101","4215",""
"402","201147","1","1050101","000104420000005","1","11/25/2025","296981.62","CR","1050101","4215",""
"403","201244","1","1050101","000104420000005","1","11/26/2025","296981.62","CR","1050101","4215",""
"404","201341","1","1050101","000104420000005","1","11/27/2025","296981.62","CR","1050101","4215",""
"405","201625","1","1050101","000104420000005","1","11/30/2025","116288.47","CR","1050101","4215",""
"406","201718","1","1050101","000104420000005","1","11/30/2025","-8134792.21","DR","1050101","4215","28"
"407","201816","1","1050101","000104420000005","1","12/1/2025","123565.20","CR","1050101","4215",""
"408","201911","1","1050101","000104420000005","1","12/2/2025","123565.20","CR","1050101","4215",""
"409","202006","1","1050101","000104420000005","1","12/3/2025","123565.20","CR","1050101","4215",""
"410","202101","1","1050101","000104420000005","1","12/4/2025","123565.20","CR","1050101","4215",""
"411","202196","1","1050101","000104420000005","1","12/5/2025","123565.20","CR","1050101","4215",""
"412","202291","1","1050101","000104420000005","1","12/6/2025","123565.20","CR","1050101","4215",""
"413","202386","1","1050101","000104420000005","1","12/7/2025","123565.20","CR","1050101","4215",""
"414","202481","1","1050101","000104420000005","1","12/8/2025","123565.20","CR","1050101","4215",""
"415","202574","1","1050101","000104420000005","1","12/9/2025","123565.20","CR","1050101","4215",""
"416","202667","1","1050101","000104420000005","1","12/10/2025","123565.20","CR","1050101","4215",""
"417","166520","1","1050101","000104420000006","1","11/1/2024","8587.16","CR","1050101","4215",""
"418","166521","1","1050101","000104420000006","1","11/2/2024","8587.16","CR","1050101","4215",""
"419","166522","1","1050101","000104420000006","1","11/3/2024","8587.16","CR","1050101","4215",""
"420","166523","1","1050101","000104420000006","1","11/4/2024","8587.16","CR","1050101","4215",""
"421","166524","1","1050101","000104420000006","1","11/5/2024","8587.16","CR","1050101","4215",""
"422","166525","1","1050101","000104420000006","1","11/6/2024","8587.16","CR","1050101","4215",""
"423","166526","1","1050101","000104420000006","1","11/7/2024","8587.16","CR","1050101","4215",""
"424","166527","1","1050101","000104420000006","1","11/8/2024","8587.16","CR","1050101","4215",""
"425","166528","1","1050101","000104420000006","1","11/9/2024","8587.16","CR","1050101","4215",""
"426","166529","1","1050101","000104420000006","1","11/10/2024","8587.16","CR","1050101","4215",""
"427","166530","1","1050101","000104420000006","1","11/11/2024","8587.16","CR","1050101","4215",""
"428","166531","1","1050101","000104420000006","1","11/12/2024","8587.16","CR","1050101","4215",""
"429","166532","1","1050101","000104420000006","1","11/13/2024","8587.16","CR","1050101","4215",""
"430","167495","1","1050101","000104420000006","1","11/14/2024","8587.16","CR","1050101","4215",""
"431","167496","1","1050101","000104420000006","1","11/15/2024","8587.16","CR","1050101","4215",""
"432","167497","1","1050101","000104420000006","1","11/16/2024","8587.16","CR","1050101","4215",""
"433","167498","1","1050101","000104420000006","1","11/17/2024","8587.16","CR","1050101","4215",""
"434","167822","1","1050101","000104420000006","1","11/18/2024","8587.16","CR","1050101","4215",""
"435","167898","1","1050101","000104420000006","1","11/19/2024","8587.16","CR","1050101","4215",""
"436","167974","1","1050101","000104420000006","1","11/20/2024","8587.16","CR","1050101","4215",""
"437","168050","1","1050101","000104420000006","1","11/21/2024","8587.16","CR","1050101","4215",""
"438","168126","1","1050101","000104420000006","1","11/22/2024","8587.16","CR","1050101","4215",""
"439","168202","1","1050101","000104420000006","1","11/23/2024","8587.16","CR","1050101","4215",""
"440","168278","1","1050101","000104420000006","1","11/24/2024","8587.16","CR","1050101","4215",""
"441","168354","1","1050101","000104420000006","1","11/25/2024","8587.16","CR","1050101","4215",""
"442","168430","1","1050101","000104420000006","1","11/26/2024","8587.16","CR","1050101","4215",""
"443","168506","1","1050101","000104420000006","1","11/27/2024","8587.16","CR","1050101","4215",""
"444","168583","1","1050101","000104420000006","1","11/28/2024","8587.16","CR","1050101","4215",""
"445","168660","1","1050101","000104420000006","1","11/29/2024","8587.16","CR","1050101","4215",""
"446","168736","1","1050101","000104420000006","1","11/30/2024","8587.16","CR","1050101","4215",""
"447","168822","1","1050101","000104420000006","1","11/30/2024","-257614.80","DR","1050101","4215","80"
"448","168889","1","1050101","000104420000006","1","12/1/2024","8750.20","CR","1050101","4215",""
"449","168965","1","1050101","000104420000006","1","12/2/2024","8750.20","CR","1050101","4215",""
"450","169041","1","1050101","000104420000006","1","12/3/2024","8750.20","CR","1050101","4215",""
"451","169117","1","1050101","000104420000006","1","12/4/2024","8750.20","CR","1050101","4215",""
"452","169193","1","1050101","000104420000006","1","12/5/2024","8750.20","CR","1050101","4215",""
"453","169269","1","1050101","000104420000006","1","12/6/2024","8750.20","CR","1050101","4215",""
"454","169345","1","1050101","000104420000006","1","12/7/2024","8750.20","CR","1050101","4215",""
"455","169421","1","1050101","000104420000006","1","12/8/2024","8750.20","CR","1050101","4215",""
"456","169497","1","1050101","000104420000006","1","12/9/2024","8750.20","CR","1050101","4215",""
"457","169573","1","1050101","000104420000006","1","12/10/2024","8750.20","CR","1050101","4215",""
"458","169649","1","1050101","000104420000006","1","12/11/2024","8750.20","CR","1050101","4215",""
"459","169725","1","1050101","000104420000006","1","12/12/2024","8750.20","CR","1050101","4215",""
"460","169801","1","1050101","000104420000006","1","12/13/2024","8750.20","CR","1050101","4215",""
"461","169877","1","1050101","000104420000006","1","12/14/2024","8750.20","CR","1050101","4215",""
"462","169953","1","1050101","000104420000006","1","12/15/2024","8750.20","CR","1050101","4215",""
"463","170029","1","1050101","000104420000006","1","12/16/2024","8750.20","CR","1050101","4215",""
"464","170105","1","1050101","000104420000006","1","12/17/2024","8750.20","CR","1050101","4215",""
"465","170181","1","1050101","000104420000006","1","12/18/2024","8750.20","CR","1050101","4215",""
"466","170257","1","1050101","000104420000006","1","12/19/2024","8750.20","CR","1050101","4215",""
"467","170333","1","1050101","000104420000006","1","12/20/2024","8750.20","CR","1050101","4215",""
"468","170409","1","1050101","000104420000006","1","12/21/2024","8750.20","CR","1050101","4215",""
"469","170485","1","1050101","000104420000006","1","12/22/2024","8750.20","CR","1050101","4215",""
"470","170561","1","1050101","000104420000006","1","12/23/2024","8750.20","CR","1050101","4215",""
"471","170637","1","1050101","000104420000006","1","12/24/2024","8750.20","CR","1050101","4215",""
"472","170713","1","1050101","000104420000006","1","12/25/2024","8750.20","CR","1050101","4215",""
"473","170789","1","1050101","000104420000006","1","12/26/2024","8750.20","CR","1050101","4215",""
"474","170865","1","1050101","000104420000006","1","12/27/2024","8750.20","CR","1050101","4215",""
"475","170941","1","1050101","000104420000006","1","12/28/2024","8750.20","CR","1050101","4215",""
"476","171017","1","1050101","000104420000006","1","12/29/2024","8750.20","CR","1050101","4215",""
"477","171093","1","1050101","000104420000006","1","12/30/2024","8750.20","CR","1050101","4215",""
"478","171169","1","1050101","000104420000006","1","12/31/2024","8750.20","CR","1050101","4215",""
"479","171255","1","1050101","000104420000006","1","12/31/2024","-271256.20","DR","1050101","4215","80"
"480","171447","1","1050101","000104420000006","1","1/1/2025","8921.87","CR","1050101","4215",""
"481","171524","1","1050101","000104420000006","1","1/2/2025","8921.87","CR","1050101","4215",""
"482","171601","1","1050101","000104420000006","1","1/3/2025","8921.87","CR","1050101","4215",""
"483","171678","1","1050101","000104420000006","1","1/4/2025","8921.87","CR","1050101","4215",""
"484","171755","1","1050101","000104420000006","1","1/5/2025","8921.87","CR","1050101","4215",""
"485","171832","1","1050101","000104420000006","1","1/6/2025","8921.87","CR","1050101","4215",""
"486","171909","1","1050101","000104420000006","1","1/7/2025","8921.87","CR","1050101","4215",""
"487","171986","1","1050101","000104420000006","1","1/8/2025","8921.87","CR","1050101","4215",""
"488","172063","1","1050101","000104420000006","1","1/9/2025","8921.87","CR","1050101","4215",""
"489","172140","1","1050101","000104420000006","1","1/10/2025","8921.87","CR","1050101","4215",""
"490","172217","1","1050101","000104420000006","1","1/11/2025","8921.87","CR","1050101","4215",""
"491","172294","1","1050101","000104420000006","1","1/12/2025","8921.87","CR","1050101","4215",""
"492","172371","1","1050101","000104420000006","1","1/13/2025","8921.87","CR","1050101","4215",""
"493","172448","1","1050101","000104420000006","1","1/14/2025","8921.87","CR","1050101","4215",""
"494","172525","1","1050101","000104420000006","1","1/15/2025","8921.87","CR","1050101","4215",""
"495","172602","1","1050101","000104420000006","1","1/16/2025","8921.87","CR","1050101","4215",""
"496","172679","1","1050101","000104420000006","1","1/17/2025","8921.87","CR","1050101","4215",""
"497","172756","1","1050101","000104420000006","1","1/18/2025","8921.87","CR","1050101","4215",""
"498","172833","1","1050101","000104420000006","1","1/19/2025","8921.87","CR","1050101","4215",""
"499","172910","1","1050101","000104420000006","1","1/20/2025","8921.87","CR","1050101","4215",""
"500","172987","1","1050101","000104420000006","1","1/21/2025","8921.87","CR","1050101","4215",""
"501","173064","1","1050101","000104420000006","1","1/22/2025","8921.87","CR","1050101","4215",""
"502","173141","1","1050101","000104420000006","1","1/23/2025","8921.87","CR","1050101","4215",""
"503","173218","1","1050101","000104420000006","1","1/24/2025","8921.87","CR","1050101","4215",""
"504","173295","1","1050101","000104420000006","1","1/25/2025","8921.87","CR","1050101","4215",""
"505","173372","1","1050101","000104420000006","1","1/26/2025","8921.87","CR","1050101","4215",""
"506","173449","1","1050101","000104420000006","1","1/27/2025","8921.87","CR","1050101","4215",""
"507","173526","1","1050101","000104420000006","1","1/28/2025","8921.87","CR","1050101","4215",""
"508","173603","1","1050101","000104420000006","1","1/29/2025","8921.87","CR","1050101","4215",""
"509","173680","1","1050101","000104420000006","1","1/30/2025","8921.87","CR","1050101","4215",""
"510","173757","1","1050101","000104420000006","1","1/31/2025","8921.87","CR","1050101","4215",""
"511","173843","1","1050101","000104420000006","1","1/31/2025","-276577.97","DR","1050101","4215","46"
"512","173884","1","1050101","000104420000006","1","2/1/2025","9096.91","CR","1050101","4215",""
"513","173963","1","1050101","000104420000006","1","2/2/2025","9096.91","CR","1050101","4215",""
"514","174042","1","1050101","000104420000006","1","2/3/2025","9096.91","CR","1050101","4215",""
"515","174121","1","1050101","000104420000006","1","2/4/2025","9096.91","CR","1050101","4215",""
"516","174200","1","1050101","000104420000006","1","2/5/2025","9096.91","CR","1050101","4215",""
"517","174279","1","1050101","000104420000006","1","2/6/2025","9096.91","CR","1050101","4215",""
"518","174358","1","1050101","000104420000006","1","2/7/2025","9096.91","CR","1050101","4215",""
"519","174437","1","1050101","000104420000006","1","2/8/2025","9096.91","CR","1050101","4215",""
"520","174516","1","1050101","000104420000006","1","2/9/2025","9096.91","CR","1050101","4215",""
"521","174595","1","1050101","000104420000006","1","2/10/2025","9096.91","CR","1050101","4215",""
"522","174674","1","1050101","000104420000006","1","2/11/2025","9096.91","CR","1050101","4215",""
"523","174753","1","1050101","000104420000006","1","2/12/2025","9096.91","CR","1050101","4215",""
"524","174832","1","1050101","000104420000006","1","2/13/2025","9096.91","CR","1050101","4215",""
"525","174911","1","1050101","000104420000006","1","2/14/2025","9096.91","CR","1050101","4215",""
"526","174990","1","1050101","000104420000006","1","2/15/2025","9096.91","CR","1050101","4215",""
"527","175069","1","1050101","000104420000006","1","2/16/2025","9096.91","CR","1050101","4215",""
"528","175148","1","1050101","000104420000006","1","2/17/2025","9096.91","CR","1050101","4215",""
"529","175227","1","1050101","000104420000006","1","2/18/2025","9096.91","CR","1050101","4215",""
"530","175306","1","1050101","000104420000006","1","2/19/2025","9096.91","CR","1050101","4215",""
"531","175385","1","1050101","000104420000006","1","2/20/2025","9096.91","CR","1050101","4215",""
"532","175464","1","1050101","000104420000006","1","2/21/2025","9096.91","CR","1050101","4215",""
"533","175543","1","1050101","000104420000006","1","2/22/2025","9096.91","CR","1050101","4215",""
"534","175622","1","1050101","000104420000006","1","2/23/2025","9096.91","CR","1050101","4215",""
"535","175701","1","1050101","000104420000006","1","2/24/2025","9096.91","CR","1050101","4215",""
"536","175780","1","1050101","000104420000006","1","2/25/2025","9096.91","CR","1050101","4215",""
"537","175859","1","1050101","000104420000006","1","2/26/2025","9096.91","CR","1050101","4215",""
"538","175938","1","1050101","000104420000006","1","2/27/2025","9096.91","CR","1050101","4215",""
"539","176017","1","1050101","000104420000006","1","2/28/2025","9096.91","CR","1050101","4215",""
"540","176106","1","1050101","000104420000006","1","2/28/2025","-254713.48","DR","1050101","4215","13"
"541","176175","1","1050101","000104420000006","1","3/1/2025","9258.11","CR","1050101","4215",""
"542","176254","1","1050101","000104420000006","1","3/2/2025","9258.11","CR","1050101","4215",""
"543","176815","1","1050101","000104420000006","1","3/3/2025","9258.11","CR","1050101","4215",""
"544","176827","1","1050101","000104420000006","1","3/4/2025","9258.11","CR","1050101","4215",""
"545","176839","1","1050101","000104420000006","1","3/5/2025","9258.11","CR","1050101","4215",""
"546","176851","1","1050101","000104420000006","1","3/6/2025","9258.11","CR","1050101","4215",""
"547","176863","1","1050101","000104420000006","1","3/7/2025","9258.11","CR","1050101","4215",""
"548","176875","1","1050101","000104420000006","1","3/8/2025","9258.11","CR","1050101","4215",""
"549","176887","1","1050101","000104420000006","1","3/9/2025","9258.11","CR","1050101","4215",""
"550","176899","1","1050101","000104420000006","1","3/10/2025","9258.11","CR","1050101","4215",""
"551","176911","1","1050101","000104420000006","1","3/11/2025","9258.11","CR","1050101","4215",""
"552","176923","1","1050101","000104420000006","1","3/12/2025","9258.11","CR","1050101","4215",""
"553","176935","1","1050101","000104420000006","1","3/13/2025","9258.11","CR","1050101","4215",""
"554","176947","1","1050101","000104420000006","1","3/14/2025","9258.11","CR","1050101","4215",""
"555","176959","1","1050101","000104420000006","1","3/15/2025","9258.11","CR","1050101","4215",""
"556","176971","1","1050101","000104420000006","1","3/16/2025","9258.11","CR","1050101","4215",""
"557","176983","1","1050101","000104420000006","1","3/17/2025","9258.11","CR","1050101","4215",""
"558","176995","1","1050101","000104420000006","1","3/18/2025","9258.11","CR","1050101","4215",""
"559","177007","1","1050101","000104420000006","1","3/19/2025","9258.11","CR","1050101","4215",""
"560","177019","1","1050101","000104420000006","1","3/20/2025","9258.11","CR","1050101","4215",""
"561","177031","1","1050101","000104420000006","1","3/21/2025","9258.11","CR","1050101","4215",""
"562","177043","1","1050101","000104420000006","1","3/22/2025","9258.11","CR","1050101","4215",""
"563","177055","1","1050101","000104420000006","1","3/23/2025","9258.11","CR","1050101","4215",""
"564","177067","1","1050101","000104420000006","1","3/24/2025","9258.11","CR","1050101","4215",""
"565","177079","1","1050101","000104420000006","1","3/25/2025","9258.11","CR","1050101","4215",""
"566","177091","1","1050101","000104420000006","1","3/26/2025","9258.11","CR","1050101","4215",""
"567","177103","1","1050101","000104420000006","1","3/27/2025","9258.11","CR","1050101","4215",""
"568","177115","1","1050101","000104420000006","1","3/28/2025","9258.11","CR","1050101","4215",""
"569","177127","1","1050101","000104420000006","1","3/29/2025","9258.11","CR","1050101","4215",""
"570","177139","1","1050101","000104420000006","1","3/30/2025","9258.11","CR","1050101","4215",""
"571","177151","1","1050101","000104420000006","1","3/31/2025","9258.11","CR","1050101","4215",""
"572","179125","1","1050101","000104420000006","1","3/31/2025","-287001.41","DR","1050101","4215","36"
"573","179202","1","1050101","000104420000006","1","4/1/2025","9439.75","CR","1050101","4215",""
"574","179280","1","1050101","000104420000006","1","4/2/2025","9439.75","CR","1050101","4215",""
"575","179358","1","1050101","000104420000006","1","4/3/2025","9439.75","CR","1050101","4215",""
"576","179436","1","1050101","000104420000006","1","4/4/2025","9439.75","CR","1050101","4215",""
"577","179514","1","1050101","000104420000006","1","4/5/2025","9439.75","CR","1050101","4215",""
"578","179592","1","1050101","000104420000006","1","4/6/2025","9439.75","CR","1050101","4215",""
"579","179670","1","1050101","000104420000006","1","4/7/2025","9439.75","CR","1050101","4215",""
"580","179748","1","1050101","000104420000006","1","4/8/2025","9439.75","CR","1050101","4215",""
"581","179826","1","1050101","000104420000006","1","4/9/2025","9439.75","CR","1050101","4215",""
"582","179904","1","1050101","000104420000006","1","4/10/2025","9439.75","CR","1050101","4215",""
"583","179982","1","1050101","000104420000006","1","4/11/2025","9439.75","CR","1050101","4215",""
"584","180060","1","1050101","000104420000006","1","4/12/2025","9439.75","CR","1050101","4215",""
"585","180138","1","1050101","000104420000006","1","4/13/2025","9439.75","CR","1050101","4215",""
"586","180216","1","1050101","000104420000006","1","4/14/2025","9439.75","CR","1050101","4215",""
"587","180294","1","1050101","000104420000006","1","4/15/2025","9439.75","CR","1050101","4215",""
"588","180372","1","1050101","000104420000006","1","4/16/2025","9439.75","CR","1050101","4215",""
"589","180450","1","1050101","000104420000006","1","4/17/2025","9439.75","CR","1050101","4215",""
"590","180528","1","1050101","000104420000006","1","4/18/2025","9439.75","CR","1050101","4215",""
"591","180606","1","1050101","000104420000006","1","4/19/2025","9439.75","CR","1050101","4215",""
"592","180684","1","1050101","000104420000006","1","4/20/2025","9439.75","CR","1050101","4215",""
"593","180762","1","1050101","000104420000006","1","4/21/2025","9439.75","CR","1050101","4215",""
"594","180840","1","1050101","000104420000006","1","4/22/2025","9439.75","CR","1050101","4215",""
"595","180918","1","1050101","000104420000006","1","4/23/2025","9439.75","CR","1050101","4215",""
"596","180996","1","1050101","000104420000006","1","4/24/2025","9439.75","CR","1050101","4215",""
"597","181074","1","1050101","000104420000006","1","4/25/2025","9439.75","CR","1050101","4215",""
"598","181152","1","1050101","000104420000006","1","4/26/2025","9439.75","CR","1050101","4215",""
"599","181230","1","1050101","000104420000006","1","4/27/2025","9439.75","CR","1050101","4215",""
"600","181308","1","1050101","000104420000006","1","4/28/2025","9439.75","CR","1050101","4215",""
"601","181386","1","1050101","000104420000006","1","4/29/2025","9439.75","CR","1050101","4215",""
"602","181464","1","1050101","000104420000006","1","4/30/2025","9439.75","CR","1050101","4215",""
"603","181543","1","1050101","000104420000006","1","4/30/2025","-283192.50","DR","1050101","4215","28"
"604","181622","1","1050101","000104420000006","1","5/1/2025","9618.97","CR","1050101","4215",""
"605","181701","1","1050101","000104420000006","1","5/2/2025","9618.97","CR","1050101","4215",""
"606","181781","1","1050101","000104420000006","1","5/3/2025","9618.97","CR","1050101","4215",""
"607","181861","1","1050101","000104420000006","1","5/4/2025","9618.97","CR","1050101","4215",""
"608","181941","1","1050101","000104420000006","1","5/5/2025","9618.97","CR","1050101","4215",""
"609","182021","1","1050101","000104420000006","1","5/6/2025","9618.97","CR","1050101","4215",""
"610","182101","1","1050101","000104420000006","1","5/7/2025","9618.97","CR","1050101","4215",""
"611","182182","1","1050101","000104420000006","1","5/8/2025","9618.97","CR","1050101","4215",""
"612","182263","1","1050101","000104420000006","1","5/9/2025","9618.97","CR","1050101","4215",""
"613","182344","1","1050101","000104420000006","1","5/10/2025","9618.97","CR","1050101","4215",""
"614","182425","1","1050101","000104420000006","1","5/11/2025","9618.97","CR","1050101","4215",""
"615","182506","1","1050101","000104420000006","1","5/12/2025","9618.97","CR","1050101","4215",""
"616","182588","1","1050101","000104420000006","1","5/13/2025","9618.97","CR","1050101","4215",""
"617","182670","1","1050101","000104420000006","1","5/14/2025","9618.97","CR","1050101","4215",""
"618","182752","1","1050101","000104420000006","1","5/15/2025","9618.97","CR","1050101","4215",""
"619","182834","1","1050101","000104420000006","1","5/16/2025","9618.97","CR","1050101","4215",""
"620","182918","1","1050101","000104420000006","1","5/17/2025","9618.97","CR","1050101","4215",""
"621","183002","1","1050101","000104420000006","1","5/18/2025","9618.97","CR","1050101","4215",""
"622","183086","1","1050101","000104420000006","1","5/19/2025","9618.97","CR","1050101","4215",""
"623","183170","1","1050101","000104420000006","1","5/20/2025","9618.97","CR","1050101","4215",""
"624","183254","1","1050101","000104420000006","1","5/21/2025","9618.97","CR","1050101","4215",""
"625","183338","1","1050101","000104420000006","1","5/22/2025","9618.97","CR","1050101","4215",""
"626","183422","1","1050101","000104420000006","1","5/23/2025","9618.97","CR","1050101","4215",""
"627","183507","1","1050101","000104420000006","1","5/24/2025","9618.97","CR","1050101","4215",""
"628","183592","1","1050101","000104420000006","1","5/25/2025","9618.97","CR","1050101","4215",""
"629","183677","1","1050101","000104420000006","1","5/26/2025","9618.97","CR","1050101","4215",""
"630","183762","1","1050101","000104420000006","1","5/27/2025","9618.97","CR","1050101","4215",""
"631","183847","1","1050101","000104420000006","1","5/28/2025","9618.97","CR","1050101","4215",""
"632","183932","1","1050101","000104420000006","1","5/29/2025","9618.97","CR","1050101","4215",""
"633","184017","1","1050101","000104420000006","1","5/30/2025","9618.97","CR","1050101","4215",""
"634","184102","1","1050101","000104420000006","1","5/31/2025","9618.97","CR","1050101","4215",""
"635","184197","1","1050101","000104420000006","1","5/31/2025","-298188.07","DR","1050101","4215","117"
"636","184274","1","1050101","000104420000006","1","6/1/2025","9807.69","CR","1050101","4215",""
"637","184360","1","1050101","000104420000006","1","6/2/2025","9807.69","CR","1050101","4215",""
"638","184446","1","1050101","000104420000006","1","6/3/2025","9807.69","CR","1050101","4215",""
"639","184532","1","1050101","000104420000006","1","6/4/2025","9807.69","CR","1050101","4215",""
"640","184618","1","1050101","000104420000006","1","6/5/2025","9807.69","CR","1050101","4215",""
"641","184704","1","1050101","000104420000006","1","6/6/2025","9807.69","CR","1050101","4215",""
"642","184790","1","1050101","000104420000006","1","6/7/2025","9807.69","CR","1050101","4215",""
"643","184876","1","1050101","000104420000006","1","6/8/2025","9807.69","CR","1050101","4215",""
"644","184962","1","1050101","000104420000006","1","6/9/2025","9807.69","CR","1050101","4215",""
"645","185048","1","1050101","000104420000006","1","6/10/2025","9807.69","CR","1050101","4215",""
"646","185134","1","1050101","000104420000006","1","6/11/2025","9807.69","CR","1050101","4215",""
"647","185220","1","1050101","000104420000006","1","6/12/2025","9807.69","CR","1050101","4215",""
"648","185306","1","1050101","000104420000006","1","6/13/2025","9807.69","CR","1050101","4215",""
"649","185392","1","1050101","000104420000006","1","6/14/2025","9807.69","CR","1050101","4215",""
"650","185478","1","1050101","000104420000006","1","6/15/2025","9807.69","CR","1050101","4215",""
"651","185564","1","1050101","000104420000006","1","6/16/2025","9807.69","CR","1050101","4215",""
"652","185650","1","1050101","000104420000006","1","6/17/2025","9807.69","CR","1050101","4215",""
"653","185736","1","1050101","000104420000006","1","6/18/2025","9807.69","CR","1050101","4215",""
"654","185823","1","1050101","000104420000006","1","6/19/2025","9807.69","CR","1050101","4215",""
"655","185911","1","1050101","000104420000006","1","6/20/2025","9807.69","CR","1050101","4215",""
"656","185999","1","1050101","000104420000006","1","6/21/2025","9807.69","CR","1050101","4215",""
"657","186087","1","1050101","000104420000006","1","6/22/2025","9807.69","CR","1050101","4215",""
"658","186175","1","1050101","000104420000006","1","6/23/2025","9807.69","CR","1050101","4215",""
"659","186263","1","1050101","000104420000006","1","6/24/2025","9807.69","CR","1050101","4215",""
"660","186351","1","1050101","000104420000006","1","6/25/2025","9807.69","CR","1050101","4215",""
"661","186439","1","1050101","000104420000006","1","6/26/2025","9807.69","CR","1050101","4215",""
"662","186527","1","1050101","000104420000006","1","6/27/2025","9807.69","CR","1050101","4215",""
"663","186615","1","1050101","000104420000006","1","6/28/2025","9807.69","CR","1050101","4215",""
"664","186703","1","1050101","000104420000006","1","6/29/2025","9807.69","CR","1050101","4215",""
"665","186791","1","1050101","000104420000006","1","6/30/2025","9807.69","CR","1050101","4215",""
"666","186883","1","1050101","000104420000006","1","6/30/2025","-294230.70","DR","1050101","4215","35"
"667","186968","1","1050101","000104420000006","1","7/1/2025","9993.90","CR","1050101","4215",""
"668","187056","1","1050101","000104420000006","1","7/2/2025","9993.90","CR","1050101","4215",""
"669","187144","1","1050101","000104420000006","1","7/3/2025","9993.90","CR","1050101","4215",""
"670","187232","1","1050101","000104420000006","1","7/4/2025","9993.90","CR","1050101","4215",""
"671","187320","1","1050101","000104420000006","1","7/5/2025","9993.90","CR","1050101","4215",""
"672","187408","1","1050101","000104420000006","1","7/6/2025","9993.90","CR","1050101","4215",""
"673","187496","1","1050101","000104420000006","1","7/7/2025","9993.90","CR","1050101","4215",""
"674","187584","1","1050101","000104420000006","1","7/8/2025","9993.90","CR","1050101","4215",""
"675","187672","1","1050101","000104420000006","1","7/9/2025","9993.90","CR","1050101","4215",""
"676","187760","1","1050101","000104420000006","1","7/10/2025","9993.90","CR","1050101","4215",""
"677","187849","1","1050101","000104420000006","1","7/11/2025","9993.90","CR","1050101","4215",""
"678","187938","1","1050101","000104420000006","1","7/12/2025","9993.90","CR","1050101","4215",""
"679","188027","1","1050101","000104420000006","1","7/13/2025","9993.90","CR","1050101","4215",""
"680","188116","1","1050101","000104420000006","1","7/14/2025","9993.90","CR","1050101","4215",""
"681","188205","1","1050101","000104420000006","1","7/15/2025","9993.90","CR","1050101","4215",""
"682","188294","1","1050101","000104420000006","1","7/16/2025","9993.90","CR","1050101","4215",""
"683","188383","1","1050101","000104420000006","1","7/17/2025","9993.90","CR","1050101","4215",""
"684","188472","1","1050101","000104420000006","1","7/18/2025","9993.90","CR","1050101","4215",""
"685","188561","1","1050101","000104420000006","1","7/19/2025","9993.90","CR","1050101","4215",""
"686","188650","1","1050101","000104420000006","1","7/20/2025","9993.90","CR","1050101","4215",""
"687","188739","1","1050101","000104420000006","1","7/21/2025","9993.90","CR","1050101","4215",""
"688","188828","1","1050101","000104420000006","1","7/22/2025","9993.90","CR","1050101","4215",""
"689","188917","1","1050101","000104420000006","1","7/23/2025","9993.90","CR","1050101","4215",""
"690","189008","1","1050101","000104420000006","1","7/24/2025","9993.90","CR","1050101","4215",""
"691","189099","1","1050101","000104420000006","1","7/25/2025","9993.90","CR","1050101","4215",""
"692","189190","1","1050101","000104420000006","1","7/26/2025","9993.90","CR","1050101","4215",""
"693","189281","1","1050101","000104420000006","1","7/27/2025","9993.90","CR","1050101","4215",""
"694","189372","1","1050101","000104420000006","1","7/28/2025","9993.90","CR","1050101","4215",""
"695","189463","1","1050101","000104420000006","1","7/29/2025","9993.90","CR","1050101","4215",""
"696","189554","1","1050101","000104420000006","1","7/30/2025","9993.90","CR","1050101","4215",""
"697","189645","1","1050101","000104420000006","1","7/31/2025","9993.90","CR","1050101","4215",""
"698","189736","1","1050101","000104420000006","1","7/31/2025","-309810.90","DR","1050101","4215","52"
"699","189798","1","1050101","000104420000006","1","8/1/2025","10189.97","CR","1050101","4215",""
"700","189889","1","1050101","000104420000006","1","8/2/2025","10189.97","CR","1050101","4215",""
"701","189980","1","1050101","000104420000006","1","8/3/2025","10189.97","CR","1050101","4215",""
"702","190071","1","1050101","000104420000006","1","8/4/2025","10189.97","CR","1050101","4215",""
"703","190162","1","1050101","000104420000006","1","8/5/2025","10189.97","CR","1050101","4215",""
"704","190253","1","1050101","000104420000006","1","8/6/2025","10189.97","CR","1050101","4215",""
"705","190344","1","1050101","000104420000006","1","8/7/2025","10189.97","CR","1050101","4215",""
"706","190435","1","1050101","000104420000006","1","8/8/2025","10189.97","CR","1050101","4215",""
"707","190528","1","1050101","000104420000006","1","8/9/2025","10189.97","CR","1050101","4215",""
"708","190621","1","1050101","000104420000006","1","8/10/2025","10189.97","CR","1050101","4215",""
"709","190714","1","1050101","000104420000006","1","8/11/2025","10189.97","CR","1050101","4215",""
"710","190837","1","1050101","000104420000006","1","8/12/2025","10189.97","CR","1050101","4215",""
"711","190930","1","1050101","000104420000006","1","8/13/2025","10189.97","CR","1050101","4215",""
"712","191023","1","1050101","000104420000006","1","8/14/2025","10189.97","CR","1050101","4215",""
"713","191116","1","1050101","000104420000006","1","8/15/2025","10189.97","CR","1050101","4215",""
"714","191209","1","1050101","000104420000006","1","8/16/2025","10189.97","CR","1050101","4215",""
"715","191302","1","1050101","000104420000006","1","8/17/2025","10189.97","CR","1050101","4215",""
"716","191395","1","1050101","000104420000006","1","8/18/2025","10189.97","CR","1050101","4215",""
"717","191488","1","1050101","000104420000006","1","8/19/2025","10189.97","CR","1050101","4215",""
"718","191581","1","1050101","000104420000006","1","8/20/2025","10189.97","CR","1050101","4215",""
"719","191674","1","1050101","000104420000006","1","8/21/2025","10189.97","CR","1050101","4215",""
"720","191767","1","1050101","000104420000006","1","8/22/2025","10189.97","CR","1050101","4215",""
"721","191860","1","1050101","000104420000006","1","8/23/2025","10189.97","CR","1050101","4215",""
"722","191953","1","1050101","000104420000006","1","8/24/2025","10189.97","CR","1050101","4215",""
"723","192046","1","1050101","000104420000006","1","8/25/2025","10189.97","CR","1050101","4215",""
"724","192139","1","1050101","000104420000006","1","8/26/2025","10189.97","CR","1050101","4215",""
"725","192232","1","1050101","000104420000006","1","8/27/2025","10189.97","CR","1050101","4215",""
"726","192326","1","1050101","000104420000006","1","8/28/2025","10189.97","CR","1050101","4215",""
"727","192420","1","1050101","000104420000006","1","8/29/2025","10189.97","CR","1050101","4215",""
"728","192514","1","1050101","000104420000006","1","8/30/2025","10189.97","CR","1050101","4215",""
"729","192608","1","1050101","000104420000006","1","8/31/2025","10189.97","CR","1050101","4215",""
"730","192702","1","1050101","000104420000006","1","8/31/2025","-315889.07","DR","1050101","4215","16"
"731","192796","1","1050101","000104420000006","1","9/1/2025","10389.89","CR","1050101","4215",""
"732","192890","1","1050101","000104420000006","1","9/2/2025","10389.89","CR","1050101","4215",""
"733","192984","1","1050101","000104420000006","1","9/3/2025","10389.89","CR","1050101","4215",""
"734","193078","1","1050101","000104420000006","1","9/4/2025","10389.89","CR","1050101","4215",""
"735","193172","1","1050101","000104420000006","1","9/5/2025","10389.89","CR","1050101","4215",""
"736","193267","1","1050101","000104420000006","1","9/6/2025","10389.89","CR","1050101","4215",""
"737","193362","1","1050101","000104420000006","1","9/7/2025","10389.89","CR","1050101","4215",""
"738","193457","1","1050101","000104420000006","1","9/8/2025","10389.89","CR","1050101","4215",""
"739","193552","1","1050101","000104420000006","1","9/9/2025","10389.89","CR","1050101","4215",""
"740","193647","1","1050101","000104420000006","1","9/10/2025","10389.89","CR","1050101","4215",""
"741","193742","1","1050101","000104420000006","1","9/11/2025","10389.89","CR","1050101","4215",""
"742","193837","1","1050101","000104420000006","1","9/12/2025","10389.89","CR","1050101","4215",""
"743","193932","1","1050101","000104420000006","1","9/13/2025","10389.89","CR","1050101","4215",""
"744","194027","1","1050101","000104420000006","1","9/14/2025","10389.89","CR","1050101","4215",""
"745","194122","1","1050101","000104420000006","1","9/15/2025","10389.89","CR","1050101","4215",""
"746","194217","1","1050101","000104420000006","1","9/16/2025","10389.89","CR","1050101","4215",""
"747","194312","1","1050101","000104420000006","1","9/17/2025","10389.89","CR","1050101","4215",""
"748","194407","1","1050101","000104420000006","1","9/18/2025","10389.89","CR","1050101","4215",""
"749","194502","1","1050101","000104420000006","1","9/19/2025","10389.89","CR","1050101","4215",""
"750","194597","1","1050101","000104420000006","1","9/20/2025","10389.89","CR","1050101","4215",""
"751","194692","1","1050101","000104420000006","1","9/21/2025","10389.89","CR","1050101","4215",""
"752","194787","1","1050101","000104420000006","1","9/22/2025","10389.89","CR","1050101","4215",""
"753","194882","1","1050101","000104420000006","1","9/23/2025","10389.89","CR","1050101","4215",""
"754","194977","1","1050101","000104420000006","1","9/24/2025","10389.89","CR","1050101","4215",""
"755","195072","1","1050101","000104420000006","1","9/25/2025","10389.89","CR","1050101","4215",""
"756","195167","1","1050101","000104420000006","1","9/26/2025","10389.89","CR","1050101","4215",""
"757","195262","1","1050101","000104420000006","1","9/27/2025","10389.89","CR","1050101","4215",""
"758","195357","1","1050101","000104420000006","1","9/28/2025","10389.89","CR","1050101","4215",""
"759","195452","1","1050101","000104420000006","1","9/29/2025","10389.89","CR","1050101","4215",""
"760","195547","1","1050101","000104420000006","1","9/30/2025","10389.89","CR","1050101","4215",""
"761","195650","1","1050101","000104420000006","1","9/30/2025","-311696.70","DR","1050101","4215","23"
"762","195716","1","1050101","000104420000006","1","10/1/2025","10587.16","CR","1050101","4215",""
"763","195812","1","1050101","000104420000006","1","10/2/2025","10587.16","CR","1050101","4215",""
"764","195908","1","1050101","000104420000006","1","10/3/2025","10587.16","CR","1050101","4215",""
"765","196004","1","1050101","000104420000006","1","10/4/2025","10587.16","CR","1050101","4215",""
"766","196100","1","1050101","000104420000006","1","10/5/2025","10587.16","CR","1050101","4215",""
"767","196196","1","1050101","000104420000006","1","10/6/2025","10587.16","CR","1050101","4215",""
"768","196315","1","1050101","000104420000006","1","10/7/2025","10587.16","CR","1050101","4215",""
"769","196411","1","1050101","000104420000006","1","10/8/2025","10587.16","CR","1050101","4215",""
"770","196507","1","1050101","000104420000006","1","10/9/2025","10587.16","CR","1050101","4215",""
"771","196603","1","1050101","000104420000006","1","10/10/2025","10587.16","CR","1050101","4215",""
"772","196699","1","1050101","000104420000006","1","10/11/2025","10587.16","CR","1050101","4215",""
"773","196795","1","1050101","000104420000006","1","10/12/2025","10587.16","CR","1050101","4215",""
"774","196891","1","1050101","000104420000006","1","10/13/2025","10587.16","CR","1050101","4215",""
"775","196987","1","1050101","000104420000006","1","10/14/2025","10587.16","CR","1050101","4215",""
"776","197083","1","1050101","000104420000006","1","10/15/2025","10587.16","CR","1050101","4215",""
"777","197179","1","1050101","000104420000006","1","10/16/2025","10587.16","CR","1050101","4215",""
"778","197275","1","1050101","000104420000006","1","10/17/2025","10587.16","CR","1050101","4215",""
"779","197371","1","1050101","000104420000006","1","10/18/2025","10587.16","CR","1050101","4215",""
"780","197467","1","1050101","000104420000006","1","10/19/2025","10587.16","CR","1050101","4215",""
"781","197563","1","1050101","000104420000006","1","10/20/2025","10587.16","CR","1050101","4215",""
"782","197659","1","1050101","000104420000006","1","10/21/2025","10587.16","CR","1050101","4215",""
"783","197755","1","1050101","000104420000006","1","10/22/2025","10587.16","CR","1050101","4215",""
"784","197851","1","1050101","000104420000006","1","10/23/2025","10587.16","CR","1050101","4215",""
"785","197947","1","1050101","000104420000006","1","10/24/2025","10587.16","CR","1050101","4215",""
"786","198043","1","1050101","000104420000006","1","10/25/2025","10587.16","CR","1050101","4215",""
"787","198139","1","1050101","000104420000006","1","10/26/2025","10587.16","CR","1050101","4215",""
"788","198235","1","1050101","000104420000006","1","10/27/2025","10587.16","CR","1050101","4215",""
"789","198331","1","1050101","000104420000006","1","10/28/2025","10587.16","CR","1050101","4215",""
"790","198427","1","1050101","000104420000006","1","10/29/2025","10587.16","CR","1050101","4215",""
"791","198523","1","1050101","000104420000006","1","10/30/2025","10587.16","CR","1050101","4215",""
"792","198619","1","1050101","000104420000006","1","10/31/2025","10587.16","CR","1050101","4215",""
"793","198727","1","1050101","000104420000006","1","10/31/2025","-328201.96","DR","1050101","4215","52"
"794","198813","1","1050101","000104420000006","1","11/1/2025","10794.87","CR","1050101","4215",""
"795","198910","1","1050101","000104420000006","1","11/2/2025","10794.87","CR","1050101","4215",""
"796","199007","1","1050101","000104420000006","1","11/3/2025","10794.87","CR","1050101","4215",""
"797","199104","1","1050101","000104420000006","1","11/4/2025","10794.87","CR","1050101","4215",""
"798","199201","1","1050101","000104420000006","1","11/5/2025","10794.87","CR","1050101","4215",""
"799","199298","1","1050101","000104420000006","1","11/6/2025","10794.87","CR","1050101","4215",""
"800","199395","1","1050101","000104420000006","1","11/7/2025","10794.87","CR","1050101","4215",""
"801","199492","1","1050101","000104420000006","1","11/8/2025","10794.87","CR","1050101","4215",""
"802","199589","1","1050101","000104420000006","1","11/9/2025","10794.87","CR","1050101","4215",""
"803","199686","1","1050101","000104420000006","1","11/10/2025","10794.87","CR","1050101","4215",""
"804","199783","1","1050101","000104420000006","1","11/11/2025","10794.87","CR","1050101","4215",""
"805","199880","1","1050101","000104420000006","1","11/12/2025","10794.87","CR","1050101","4215",""
"806","199977","1","1050101","000104420000006","1","11/13/2025","10794.87","CR","1050101","4215",""
"807","200074","1","1050101","000104420000006","1","11/14/2025","10794.87","CR","1050101","4215",""
"808","200171","1","1050101","000104420000006","1","11/15/2025","10794.87","CR","1050101","4215",""
"809","200268","1","1050101","000104420000006","1","11/16/2025","10794.87","CR","1050101","4215",""
"810","200365","1","1050101","000104420000006","1","11/17/2025","10794.87","CR","1050101","4215",""
"811","200462","1","1050101","000104420000006","1","11/18/2025","10794.87","CR","1050101","4215",""
"812","200559","1","1050101","000104420000006","1","11/19/2025","10794.87","CR","1050101","4215",""
"813","200656","1","1050101","000104420000006","1","11/20/2025","10794.87","CR","1050101","4215",""
"814","200753","1","1050101","000104420000006","1","11/21/2025","10794.87","CR","1050101","4215",""
"815","200850","1","1050101","000104420000006","1","11/22/2025","10794.87","CR","1050101","4215",""
"816","200947","1","1050101","000104420000006","1","11/23/2025","10794.87","CR","1050101","4215",""
"817","201044","1","1050101","000104420000006","1","11/24/2025","10794.87","CR","1050101","4215",""
"818","201141","1","1050101","000104420000006","1","11/25/2025","10794.87","CR","1050101","4215",""
"819","201238","1","1050101","000104420000006","1","11/26/2025","10794.87","CR","1050101","4215",""
"820","201335","1","1050101","000104420000006","1","11/27/2025","10794.87","CR","1050101","4215",""
"821","201431","1","1050101","000104420000006","1","11/28/2025","10794.87","CR","1050101","4215",""
"822","201525","1","1050101","000104420000006","1","11/29/2025","10794.87","CR","1050101","4215",""
"823","201619","1","1050101","000104420000006","1","11/30/2025","10794.87","CR","1050101","4215",""
"824","201721","1","1050101","000104420000006","1","11/30/2025","-323846.10","DR","1050101","4215","28"
"825","201810","1","1050101","000104420000006","1","12/1/2025","10999.82","CR","1050101","4215",""
"826","201905","1","1050101","000104420000006","1","12/2/2025","10999.82","CR","1050101","4215",""
"827","202000","1","1050101","000104420000006","1","12/3/2025","10999.82","CR","1050101","4215",""
"828","202095","1","1050101","000104420000006","1","12/4/2025","10999.82","CR","1050101","4215",""
"829","202190","1","1050101","000104420000006","1","12/5/2025","10999.82","CR","1050101","4215",""
"830","202285","1","1050101","000104420000006","1","12/6/2025","10999.82","CR","1050101","4215",""
"831","202380","1","1050101","000104420000006","1","12/7/2025","10999.82","CR","1050101","4215",""
"832","202475","1","1050101","000104420000006","1","12/8/2025","10999.82","CR","1050101","4215",""
"833","202568","1","1050101","000104420000006","1","12/9/2025","10999.82","CR","1050101","4215",""
"834","202661","1","1050101","000104420000006","1","12/10/2025","10999.82","CR","1050101","4215",""
"835","166533","1","1050101","000104420000007","1","11/1/2024","147727.30","CR","1050101","4215",""
"836","166534","1","1050101","000104420000007","1","11/2/2024","147727.30","CR","1050101","4215",""
"837","166535","1","1050101","000104420000007","1","11/3/2024","147727.30","CR","1050101","4215",""
"838","166536","1","1050101","000104420000007","1","11/4/2024","147727.30","CR","1050101","4215",""
"839","166537","1","1050101","000104420000007","1","11/5/2024","147727.30","CR","1050101","4215",""
"840","166538","1","1050101","000104420000007","1","11/6/2024","139849.08","CR","1050101","4215",""
"841","166539","1","1050101","000104420000007","1","11/7/2024","139849.08","CR","1050101","4215",""
"842","166540","1","1050101","000104420000007","1","11/8/2024","139849.08","CR","1050101","4215",""
"843","166541","1","1050101","000104420000007","1","11/9/2024","139849.08","CR","1050101","4215",""
"844","166542","1","1050101","000104420000007","1","11/10/2024","139849.08","CR","1050101","4215",""
"845","166543","1","1050101","000104420000007","1","11/11/2024","139849.08","CR","1050101","4215",""
"846","166544","1","1050101","000104420000007","1","11/12/2024","139849.08","CR","1050101","4215",""
"847","166545","1","1050101","000104420000007","1","11/13/2024","139849.08","CR","1050101","4215",""
"848","167499","1","1050101","000104420000007","1","11/14/2024","139849.08","CR","1050101","4215",""
"849","167500","1","1050101","000104420000007","1","11/15/2024","139849.08","CR","1050101","4215",""
"850","167501","1","1050101","000104420000007","1","11/16/2024","139849.08","CR","1050101","4215",""
"851","167502","1","1050101","000104420000007","1","11/17/2024","139849.08","CR","1050101","4215",""
"852","167823","1","1050101","000104420000007","1","11/18/2024","139849.08","CR","1050101","4215",""
"853","167899","1","1050101","000104420000007","1","11/19/2024","139849.08","CR","1050101","4215",""
"854","167975","1","1050101","000104420000007","1","11/20/2024","139849.08","CR","1050101","4215",""
"855","168051","1","1050101","000104420000007","1","11/21/2024","139849.08","CR","1050101","4215",""
"856","168127","1","1050101","000104420000007","1","11/22/2024","139849.08","CR","1050101","4215",""
"857","168203","1","1050101","000104420000007","1","11/23/2024","139849.08","CR","1050101","4215",""
"858","168279","1","1050101","000104420000007","1","11/24/2024","139849.08","CR","1050101","4215",""
"859","168355","1","1050101","000104420000007","1","11/25/2024","139849.08","CR","1050101","4215",""
"860","168431","1","1050101","000104420000007","1","11/26/2024","139849.08","CR","1050101","4215",""
"861","168507","1","1050101","000104420000007","1","11/27/2024","139849.08","CR","1050101","4215",""
"862","168584","1","1050101","000104420000007","1","11/28/2024","139849.08","CR","1050101","4215",""
"863","168661","1","1050101","000104420000007","1","11/29/2024","139849.08","CR","1050101","4215",""
"864","168737","1","1050101","000104420000007","1","11/30/2024","139849.08","CR","1050101","4215",""
"865","168813","1","1050101","000104420000007","1","11/30/2024","-4234863.50","DR","1050101","4215","80"
"866","168890","1","1050101","000104420000007","1","12/1/2024","143573.44","CR","1050101","4215",""
"867","168966","1","1050101","000104420000007","1","12/2/2024","135695.22","CR","1050101","4215",""
"868","169042","1","1050101","000104420000007","1","12/3/2024","135695.22","CR","1050101","4215",""
"869","169118","1","1050101","000104420000007","1","12/4/2024","135695.22","CR","1050101","4215",""
"870","169194","1","1050101","000104420000007","1","12/5/2024","135695.22","CR","1050101","4215",""
"871","169270","1","1050101","000104420000007","1","12/6/2024","135695.22","CR","1050101","4215",""
"872","169346","1","1050101","000104420000007","1","12/7/2024","135695.22","CR","1050101","4215",""
"873","169422","1","1050101","000104420000007","1","12/8/2024","135695.22","CR","1050101","4215",""
"874","169498","1","1050101","000104420000007","1","12/9/2024","135695.22","CR","1050101","4215",""
"875","169574","1","1050101","000104420000007","1","12/10/2024","135695.22","CR","1050101","4215",""
"876","169650","1","1050101","000104420000007","1","12/11/2024","135695.22","CR","1050101","4215",""
"877","169726","1","1050101","000104420000007","1","12/12/2024","135695.22","CR","1050101","4215",""
"878","169802","1","1050101","000104420000007","1","12/13/2024","135695.22","CR","1050101","4215",""
"879","169878","1","1050101","000104420000007","1","12/14/2024","135695.22","CR","1050101","4215",""
"880","169954","1","1050101","000104420000007","1","12/15/2024","135695.22","CR","1050101","4215",""
"881","170030","1","1050101","000104420000007","1","12/16/2024","135695.22","CR","1050101","4215",""
"882","170106","1","1050101","000104420000007","1","12/17/2024","135695.22","CR","1050101","4215",""
"883","170182","1","1050101","000104420000007","1","12/18/2024","135695.22","CR","1050101","4215",""
"884","170258","1","1050101","000104420000007","1","12/19/2024","135695.22","CR","1050101","4215",""
"885","170334","1","1050101","000104420000007","1","12/20/2024","135695.22","CR","1050101","4215",""
"886","170410","1","1050101","000104420000007","1","12/21/2024","135695.22","CR","1050101","4215",""
"887","170486","1","1050101","000104420000007","1","12/22/2024","135695.22","CR","1050101","4215",""
"888","170562","1","1050101","000104420000007","1","12/23/2024","135695.22","CR","1050101","4215",""
"889","170638","1","1050101","000104420000007","1","12/24/2024","135695.22","CR","1050101","4215",""
"890","170714","1","1050101","000104420000007","1","12/25/2024","135695.22","CR","1050101","4215",""
"891","170790","1","1050101","000104420000007","1","12/26/2024","135695.22","CR","1050101","4215",""
"892","170866","1","1050101","000104420000007","1","12/27/2024","135695.22","CR","1050101","4215",""
"893","170942","1","1050101","000104420000007","1","12/28/2024","135695.22","CR","1050101","4215",""
"894","171018","1","1050101","000104420000007","1","12/29/2024","135695.22","CR","1050101","4215",""
"895","171094","1","1050101","000104420000007","1","12/30/2024","135695.22","CR","1050101","4215",""
"896","171170","1","1050101","000104420000007","1","12/31/2024","127817.01","CR","1050101","4215",""
"897","171250","1","1050101","000104420000007","1","12/31/2024","-4206551.83","DR","1050101","4215","80"
"898","171448","1","1050101","000104420000007","1","1/1/2025","131516.47","CR","1050101","4215",""
"899","171525","1","1050101","000104420000007","1","1/2/2025","131516.47","CR","1050101","4215",""
"900","171602","1","1050101","000104420000007","1","1/3/2025","131516.47","CR","1050101","4215",""
"901","171679","1","1050101","000104420000007","1","1/4/2025","131516.47","CR","1050101","4215",""
"902","171756","1","1050101","000104420000007","1","1/5/2025","131516.47","CR","1050101","4215",""
"903","171833","1","1050101","000104420000007","1","1/6/2025","131516.47","CR","1050101","4215",""
"904","171910","1","1050101","000104420000007","1","1/7/2025","131516.47","CR","1050101","4215",""
"905","171987","1","1050101","000104420000007","1","1/8/2025","131516.47","CR","1050101","4215",""
"906","172064","1","1050101","000104420000007","1","1/9/2025","131516.47","CR","1050101","4215",""
"907","172141","1","1050101","000104420000007","1","1/10/2025","131516.47","CR","1050101","4215",""
"908","172218","1","1050101","000104420000007","1","1/11/2025","131516.47","CR","1050101","4215",""
"909","172295","1","1050101","000104420000007","1","1/12/2025","131516.47","CR","1050101","4215",""
"910","172372","1","1050101","000104420000007","1","1/13/2025","131516.47","CR","1050101","4215",""
"911","172449","1","1050101","000104420000007","1","1/14/2025","131516.47","CR","1050101","4215",""
"912","172526","1","1050101","000104420000007","1","1/15/2025","131516.47","CR","1050101","4215",""
"913","172603","1","1050101","000104420000007","1","1/16/2025","131516.47","CR","1050101","4215",""
"914","172680","1","1050101","000104420000007","1","1/17/2025","131516.47","CR","1050101","4215",""
"915","172757","1","1050101","000104420000007","1","1/18/2025","131516.47","CR","1050101","4215",""
"916","172834","1","1050101","000104420000007","1","1/19/2025","131516.47","CR","1050101","4215",""
"917","172911","1","1050101","000104420000007","1","1/20/2025","131516.47","CR","1050101","4215",""
"918","172988","1","1050101","000104420000007","1","1/21/2025","131516.47","CR","1050101","4215",""
"919","173065","1","1050101","000104420000007","1","1/22/2025","131516.47","CR","1050101","4215",""
"920","173142","1","1050101","000104420000007","1","1/23/2025","131516.47","CR","1050101","4215",""
"921","173219","1","1050101","000104420000007","1","1/24/2025","131516.47","CR","1050101","4215",""
"922","173296","1","1050101","000104420000007","1","1/25/2025","131516.47","CR","1050101","4215",""
"923","173373","1","1050101","000104420000007","1","1/26/2025","131516.47","CR","1050101","4215",""
"924","173450","1","1050101","000104420000007","1","1/27/2025","131516.47","CR","1050101","4215",""
"925","173527","1","1050101","000104420000007","1","1/28/2025","131516.47","CR","1050101","4215",""
"926","173604","1","1050101","000104420000007","1","1/29/2025","131516.47","CR","1050101","4215",""
"927","173681","1","1050101","000104420000007","1","1/30/2025","131516.47","CR","1050101","4215",""
"928","173758","1","1050101","000104420000007","1","1/31/2025","131516.47","CR","1050101","4215",""
"929","173836","1","1050101","000104420000007","1","1/31/2025","-4077010.57","DR","1050101","4215","46"
"930","173885","1","1050101","000104420000007","1","2/1/2025","135102.00","CR","1050101","4215",""
"931","173964","1","1050101","000104420000007","1","2/2/2025","135102.00","CR","1050101","4215",""
"932","174043","1","1050101","000104420000007","1","2/3/2025","135102.00","CR","1050101","4215",""
"933","174122","1","1050101","000104420000007","1","2/4/2025","135102.00","CR","1050101","4215",""
"934","174201","1","1050101","000104420000007","1","2/5/2025","135102.00","CR","1050101","4215",""
"935","174280","1","1050101","000104420000007","1","2/6/2025","135102.00","CR","1050101","4215",""
"936","174359","1","1050101","000104420000007","1","2/7/2025","135102.00","CR","1050101","4215",""
"937","174438","1","1050101","000104420000007","1","2/8/2025","135102.00","CR","1050101","4215",""
"938","174517","1","1050101","000104420000007","1","2/9/2025","135102.00","CR","1050101","4215",""
"939","174596","1","1050101","000104420000007","1","2/10/2025","135102.00","CR","1050101","4215",""
"940","174675","1","1050101","000104420000007","1","2/11/2025","135102.00","CR","1050101","4215",""
"941","174754","1","1050101","000104420000007","1","2/12/2025","135102.00","CR","1050101","4215",""
"942","174833","1","1050101","000104420000007","1","2/13/2025","135102.00","CR","1050101","4215",""
"943","174912","1","1050101","000104420000007","1","2/14/2025","135102.00","CR","1050101","4215",""
"944","174991","1","1050101","000104420000007","1","2/15/2025","135102.00","CR","1050101","4215",""
"945","175070","1","1050101","000104420000007","1","2/16/2025","135102.00","CR","1050101","4215",""
"946","175149","1","1050101","000104420000007","1","2/17/2025","135102.00","CR","1050101","4215",""
"947","175228","1","1050101","000104420000007","1","2/18/2025","127223.79","CR","1050101","4215",""
"948","175307","1","1050101","000104420000007","1","2/19/2025","127223.79","CR","1050101","4215",""
"949","175386","1","1050101","000104420000007","1","2/20/2025","127223.79","CR","1050101","4215",""
"950","175465","1","1050101","000104420000007","1","2/21/2025","127223.79","CR","1050101","4215",""
"951","175544","1","1050101","000104420000007","1","2/22/2025","127223.79","CR","1050101","4215",""
"952","175623","1","1050101","000104420000007","1","2/23/2025","127223.79","CR","1050101","4215",""
"953","175702","1","1050101","000104420000007","1","2/24/2025","127223.79","CR","1050101","4215",""
"954","175781","1","1050101","000104420000007","1","2/25/2025","127223.79","CR","1050101","4215",""
"955","175860","1","1050101","000104420000007","1","2/26/2025","127223.79","CR","1050101","4215",""
"956","175939","1","1050101","000104420000007","1","2/27/2025","127223.79","CR","1050101","4215",""
"957","176018","1","1050101","000104420000007","1","2/28/2025","127223.79","CR","1050101","4215",""
"958","176107","1","1050101","000104420000007","1","2/28/2025","-3696195.69","DR","1050101","4215","13"
"959","176176","1","1050101","000104420000007","1","3/1/2025","130474.41","CR","1050101","4215",""
"960","176255","1","1050101","000104420000007","1","3/2/2025","130474.41","CR","1050101","4215",""
"961","176816","1","1050101","000104420000007","1","3/3/2025","130474.41","CR","1050101","4215",""
"962","176828","1","1050101","000104420000007","1","3/4/2025","130474.41","CR","1050101","4215",""
"963","176840","1","1050101","000104420000007","1","3/5/2025","130474.41","CR","1050101","4215",""
"964","176852","1","1050101","000104420000007","1","3/6/2025","130474.41","CR","1050101","4215",""
"965","176864","1","1050101","000104420000007","1","3/7/2025","130474.41","CR","1050101","4215",""
"966","176876","1","1050101","000104420000007","1","3/8/2025","130474.41","CR","1050101","4215",""
"967","176888","1","1050101","000104420000007","1","3/9/2025","130474.41","CR","1050101","4215",""
"968","176900","1","1050101","000104420000007","1","3/10/2025","130474.41","CR","1050101","4215",""
"969","176912","1","1050101","000104420000007","1","3/11/2025","130474.41","CR","1050101","4215",""
"970","176924","1","1050101","000104420000007","1","3/12/2025","130474.41","CR","1050101","4215",""
"971","176936","1","1050101","000104420000007","1","3/13/2025","130474.41","CR","1050101","4215",""
"972","176948","1","1050101","000104420000007","1","3/14/2025","130474.41","CR","1050101","4215",""
"973","176960","1","1050101","000104420000007","1","3/15/2025","130474.41","CR","1050101","4215",""
"974","176972","1","1050101","000104420000007","1","3/16/2025","130474.41","CR","1050101","4215",""
"975","176984","1","1050101","000104420000007","1","3/17/2025","130474.41","CR","1050101","4215",""
"976","176996","1","1050101","000104420000007","1","3/18/2025","130474.41","CR","1050101","4215",""
"977","177008","1","1050101","000104420000007","1","3/19/2025","130474.41","CR","1050101","4215",""
"978","177020","1","1050101","000104420000007","1","3/20/2025","130474.41","CR","1050101","4215",""
"979","177032","1","1050101","000104420000007","1","3/21/2025","130474.41","CR","1050101","4215",""
"980","177044","1","1050101","000104420000007","1","3/22/2025","130474.41","CR","1050101","4215",""
"981","177056","1","1050101","000104420000007","1","3/23/2025","130474.41","CR","1050101","4215",""
"982","177068","1","1050101","000104420000007","1","3/24/2025","130474.41","CR","1050101","4215",""
"983","177080","1","1050101","000104420000007","1","3/25/2025","122596.20","CR","1050101","4215",""
"984","177092","1","1050101","000104420000007","1","3/26/2025","122596.20","CR","1050101","4215",""
"985","177104","1","1050101","000104420000007","1","3/27/2025","122596.20","CR","1050101","4215",""
"986","177116","1","1050101","000104420000007","1","3/28/2025","122596.20","CR","1050101","4215",""
"987","177128","1","1050101","000104420000007","1","3/29/2025","122596.20","CR","1050101","4215",""
"988","177140","1","1050101","000104420000007","1","3/30/2025","122596.20","CR","1050101","4215",""
"989","177152","1","1050101","000104420000007","1","3/31/2025","122596.20","CR","1050101","4215",""
"990","179128","1","1050101","000104420000007","1","3/31/2025","-3989559.24","DR","1050101","4215","36"
"991","179203","1","1050101","000104420000007","1","4/1/2025","126104.82","CR","1050101","4215",""
"992","179281","1","1050101","000104420000007","1","4/2/2025","118226.61","CR","1050101","4215",""
"993","179359","1","1050101","000104420000007","1","4/3/2025","118226.61","CR","1050101","4215",""
"994","179437","1","1050101","000104420000007","1","4/4/2025","118226.61","CR","1050101","4215",""
"995","179515","1","1050101","000104420000007","1","4/5/2025","118226.61","CR","1050101","4215",""
"996","179593","1","1050101","000104420000007","1","4/6/2025","118226.61","CR","1050101","4215",""
"997","179671","1","1050101","000104420000007","1","4/7/2025","118226.61","CR","1050101","4215",""
"998","179749","1","1050101","000104420000007","1","4/8/2025","118226.61","CR","1050101","4215",""
"999","179827","1","1050101","000104420000007","1","4/9/2025","118226.61","CR","1050101","4215",""
"1000","179905","1","1050101","000104420000007","1","4/10/2025","118226.61","CR","1050101","4215",""
"1001","179983","1","1050101","000104420000007","1","4/11/2025","118226.61","CR","1050101","4215",""
"1002","180061","1","1050101","000104420000007","1","4/12/2025","118226.61","CR","1050101","4215",""
"1003","180139","1","1050101","000104420000007","1","4/13/2025","118226.61","CR","1050101","4215",""
"1004","180217","1","1050101","000104420000007","1","4/14/2025","118226.61","CR","1050101","4215",""
"1005","180295","1","1050101","000104420000007","1","4/15/2025","118226.61","CR","1050101","4215",""
"1006","180373","1","1050101","000104420000007","1","4/16/2025","118226.61","CR","1050101","4215",""
"1007","180451","1","1050101","000104420000007","1","4/17/2025","118226.61","CR","1050101","4215",""
"1008","180529","1","1050101","000104420000007","1","4/18/2025","118226.61","CR","1050101","4215",""
"1009","180607","1","1050101","000104420000007","1","4/19/2025","118226.61","CR","1050101","4215",""
"1010","180685","1","1050101","000104420000007","1","4/20/2025","118226.61","CR","1050101","4215",""
"1011","180763","1","1050101","000104420000007","1","4/21/2025","118226.61","CR","1050101","4215",""
"1012","180841","1","1050101","000104420000007","1","4/22/2025","118226.61","CR","1050101","4215",""
"1013","180919","1","1050101","000104420000007","1","4/23/2025","118226.61","CR","1050101","4215",""
"1014","180997","1","1050101","000104420000007","1","4/24/2025","118226.61","CR","1050101","4215",""
"1015","181075","1","1050101","000104420000007","1","4/25/2025","118226.61","CR","1050101","4215",""
"1016","181153","1","1050101","000104420000007","1","4/26/2025","118226.61","CR","1050101","4215",""
"1017","181231","1","1050101","000104420000007","1","4/27/2025","118226.61","CR","1050101","4215",""
"1018","181309","1","1050101","000104420000007","1","4/28/2025","118226.61","CR","1050101","4215",""
"1019","181387","1","1050101","000104420000007","1","4/29/2025","118226.61","CR","1050101","4215",""
"1020","181465","1","1050101","000104420000007","1","4/30/2025","118226.61","CR","1050101","4215",""
"1021","181546","1","1050101","000104420000007","1","4/30/2025","-3554676.51","DR","1050101","4215","28"
"1022","181623","1","1050101","000104420000007","1","5/1/2025","121352.77","CR","1050101","4215",""
"1023","181702","1","1050101","000104420000007","1","5/2/2025","121352.77","CR","1050101","4215",""
"1024","181782","1","1050101","000104420000007","1","5/3/2025","121352.77","CR","1050101","4215",""
"1025","181862","1","1050101","000104420000007","1","5/4/2025","121352.77","CR","1050101","4215",""
"1026","181942","1","1050101","000104420000007","1","5/5/2025","121352.77","CR","1050101","4215",""
"1027","182022","1","1050101","000104420000007","1","5/6/2025","121352.77","CR","1050101","4215",""
"1028","182102","1","1050101","000104420000007","1","5/7/2025","122108.86","CR","1050101","4215",""
"1029","182183","1","1050101","000104420000007","1","5/8/2025","122108.86","CR","1050101","4215",""
"1030","182264","1","1050101","000104420000007","1","5/9/2025","122108.86","CR","1050101","4215",""
"1031","182345","1","1050101","000104420000007","1","5/10/2025","122108.86","CR","1050101","4215",""
"1032","182426","1","1050101","000104420000007","1","5/11/2025","122108.86","CR","1050101","4215",""
"1033","182507","1","1050101","000104420000007","1","5/12/2025","122108.86","CR","1050101","4215",""
"1034","182589","1","1050101","000104420000007","1","5/13/2025","122108.86","CR","1050101","4215",""
"1035","182671","1","1050101","000104420000007","1","5/14/2025","122108.86","CR","1050101","4215",""
"1036","182753","1","1050101","000104420000007","1","5/15/2025","122108.86","CR","1050101","4215",""
"1037","182835","1","1050101","000104420000007","1","5/16/2025","122108.86","CR","1050101","4215",""
"1038","182919","1","1050101","000104420000007","1","5/17/2025","122108.86","CR","1050101","4215",""
"1039","183003","1","1050101","000104420000007","1","5/18/2025","122108.86","CR","1050101","4215",""
"1040","183087","1","1050101","000104420000007","1","5/19/2025","114181.56","CR","1050101","4215",""
"1041","183171","1","1050101","000104420000007","1","5/20/2025","114181.56","CR","1050101","4215",""
"1042","183255","1","1050101","000104420000007","1","5/21/2025","114181.56","CR","1050101","4215",""
"1043","183339","1","1050101","000104420000007","1","5/22/2025","114181.56","CR","1050101","4215",""
"1044","183423","1","1050101","000104420000007","1","5/23/2025","114181.56","CR","1050101","4215",""
"1045","183508","1","1050101","000104420000007","1","5/24/2025","114181.56","CR","1050101","4215",""
"1046","183593","1","1050101","000104420000007","1","5/25/2025","114181.56","CR","1050101","4215",""
"1047","183678","1","1050101","000104420000007","1","5/26/2025","106254.26","CR","1050101","4215",""
"1048","183763","1","1050101","000104420000007","1","5/27/2025","106254.26","CR","1050101","4215",""
"1049","183848","1","1050101","000104420000007","1","5/28/2025","106254.26","CR","1050101","4215",""
"1050","183933","1","1050101","000104420000007","1","5/29/2025","106254.26","CR","1050101","4215",""
"1051","184018","1","1050101","000104420000007","1","5/30/2025","106254.26","CR","1050101","4215",""
"1052","184103","1","1050101","000104420000007","1","5/31/2025","114181.56","CR","1050101","4215",""
"1053","184199","1","1050101","000104420000007","1","5/31/2025","-3638146.72","DR","1050101","4215","117"
"1054","184275","1","1050101","000104420000007","1","6/1/2025","117401.07","CR","1050101","4215",""
"1055","184361","1","1050101","000104420000007","1","6/2/2025","117401.07","CR","1050101","4215",""
"1056","184447","1","1050101","000104420000007","1","6/3/2025","117401.07","CR","1050101","4215",""
"1057","184533","1","1050101","000104420000007","1","6/4/2025","117401.07","CR","1050101","4215",""
"1058","184619","1","1050101","000104420000007","1","6/5/2025","117401.07","CR","1050101","4215",""
"1059","184705","1","1050101","000104420000007","1","6/6/2025","117401.07","CR","1050101","4215",""
"1060","184791","1","1050101","000104420000007","1","6/7/2025","117401.07","CR","1050101","4215",""
"1061","184877","1","1050101","000104420000007","1","6/8/2025","117401.07","CR","1050101","4215",""
"1062","184963","1","1050101","000104420000007","1","6/9/2025","117401.07","CR","1050101","4215",""
"1063","185049","1","1050101","000104420000007","1","6/10/2025","117401.07","CR","1050101","4215",""
"1064","185135","1","1050101","000104420000007","1","6/11/2025","117401.07","CR","1050101","4215",""
"1065","185221","1","1050101","000104420000007","1","6/12/2025","117401.07","CR","1050101","4215",""
"1066","185307","1","1050101","000104420000007","1","6/13/2025","117401.07","CR","1050101","4215",""
"1067","185393","1","1050101","000104420000007","1","6/14/2025","117401.07","CR","1050101","4215",""
"1068","185479","1","1050101","000104420000007","1","6/15/2025","117401.07","CR","1050101","4215",""
"1069","185565","1","1050101","000104420000007","1","6/16/2025","117401.07","CR","1050101","4215",""
"1070","185651","1","1050101","000104420000007","1","6/17/2025","117401.07","CR","1050101","4215",""
"1071","185737","1","1050101","000104420000007","1","6/18/2025","117401.07","CR","1050101","4215",""
"1072","185824","1","1050101","000104420000007","1","6/19/2025","117401.07","CR","1050101","4215",""
"1073","185912","1","1050101","000104420000007","1","6/20/2025","117401.07","CR","1050101","4215",""
"1074","186000","1","1050101","000104420000007","1","6/21/2025","117401.07","CR","1050101","4215",""
"1075","186088","1","1050101","000104420000007","1","6/22/2025","117401.07","CR","1050101","4215",""
"1076","186176","1","1050101","000104420000007","1","6/23/2025","117401.07","CR","1050101","4215",""
"1077","186264","1","1050101","000104420000007","1","6/24/2025","117401.07","CR","1050101","4215",""
"1078","186352","1","1050101","000104420000007","1","6/25/2025","117401.07","CR","1050101","4215",""
"1079","186440","1","1050101","000104420000007","1","6/26/2025","117401.07","CR","1050101","4215",""
"1080","186528","1","1050101","000104420000007","1","6/27/2025","109473.77","CR","1050101","4215",""
"1081","186616","1","1050101","000104420000007","1","6/28/2025","109473.77","CR","1050101","4215",""
"1082","186704","1","1050101","000104420000007","1","6/29/2025","109473.77","CR","1050101","4215",""
"1083","186792","1","1050101","000104420000007","1","6/30/2025","109473.77","CR","1050101","4215",""
"1084","186885","1","1050101","000104420000007","1","6/30/2025","-3490322.90","DR","1050101","4215","35"
"1085","186969","1","1050101","000104420000007","1","7/1/2025","112562.47","CR","1050101","4215",""
"1086","187057","1","1050101","000104420000007","1","7/2/2025","112562.47","CR","1050101","4215",""
"1087","187145","1","1050101","000104420000007","1","7/3/2025","112562.47","CR","1050101","4215",""
"1088","187233","1","1050101","000104420000007","1","7/4/2025","112562.47","CR","1050101","4215",""
"1089","187321","1","1050101","000104420000007","1","7/5/2025","112562.47","CR","1050101","4215",""
"1090","187409","1","1050101","000104420000007","1","7/6/2025","112562.47","CR","1050101","4215",""
"1091","187497","1","1050101","000104420000007","1","7/7/2025","112562.47","CR","1050101","4215",""
"1092","187585","1","1050101","000104420000007","1","7/8/2025","112562.47","CR","1050101","4215",""
"1093","187673","1","1050101","000104420000007","1","7/9/2025","112562.47","CR","1050101","4215",""
"1094","187761","1","1050101","000104420000007","1","7/10/2025","104635.17","CR","1050101","4215",""
"1095","187850","1","1050101","000104420000007","1","7/11/2025","104635.17","CR","1050101","4215",""
"1096","187939","1","1050101","000104420000007","1","7/12/2025","104635.17","CR","1050101","4215",""
"1097","188028","1","1050101","000104420000007","1","7/13/2025","104635.17","CR","1050101","4215",""
"1098","188117","1","1050101","000104420000007","1","7/14/2025","104635.17","CR","1050101","4215",""
"1099","188206","1","1050101","000104420000007","1","7/15/2025","104635.17","CR","1050101","4215",""
"1100","188295","1","1050101","000104420000007","1","7/16/2025","104635.17","CR","1050101","4215",""
"1101","188384","1","1050101","000104420000007","1","7/17/2025","104635.17","CR","1050101","4215",""
"1102","188473","1","1050101","000104420000007","1","7/18/2025","104635.17","CR","1050101","4215",""
"1103","188562","1","1050101","000104420000007","1","7/19/2025","104635.17","CR","1050101","4215",""
"1104","188651","1","1050101","000104420000007","1","7/20/2025","104635.17","CR","1050101","4215",""
"1105","188740","1","1050101","000104420000007","1","7/21/2025","104635.17","CR","1050101","4215",""
"1106","188829","1","1050101","000104420000007","1","7/22/2025","104635.17","CR","1050101","4215",""
"1107","188918","1","1050101","000104420000007","1","7/23/2025","104635.17","CR","1050101","4215",""
"1108","189009","1","1050101","000104420000007","1","7/24/2025","104635.17","CR","1050101","4215",""
"1109","189100","1","1050101","000104420000007","1","7/25/2025","104635.17","CR","1050101","4215",""
"1110","189191","1","1050101","000104420000007","1","7/26/2025","104635.17","CR","1050101","4215",""
"1111","189282","1","1050101","000104420000007","1","7/27/2025","104635.17","CR","1050101","4215",""
"1112","189373","1","1050101","000104420000007","1","7/28/2025","104635.17","CR","1050101","4215",""
"1113","189464","1","1050101","000104420000007","1","7/29/2025","104635.17","CR","1050101","4215",""
"1114","189555","1","1050101","000104420000007","1","7/30/2025","104635.17","CR","1050101","4215",""
"1115","189646","1","1050101","000104420000007","1","7/31/2025","104635.17","CR","1050101","4215",""
"1116","189740","1","1050101","000104420000007","1","7/31/2025","-3315035.97","DR","1050101","4215","52"
"1117","189799","1","1050101","000104420000007","1","8/1/2025","107568.75","CR","1050101","4215",""
"1118","189890","1","1050101","000104420000007","1","8/2/2025","107568.75","CR","1050101","4215",""
"1119","189981","1","1050101","000104420000007","1","8/3/2025","107568.75","CR","1050101","4215",""
"1120","190072","1","1050101","000104420000007","1","8/4/2025","107568.75","CR","1050101","4215",""
"1121","190163","1","1050101","000104420000007","1","8/5/2025","107901.78","CR","1050101","4215",""
"1122","190254","1","1050101","000104420000007","1","8/6/2025","107901.78","CR","1050101","4215",""
"1123","190345","1","1050101","000104420000007","1","8/7/2025","107901.78","CR","1050101","4215",""
"1124","190436","1","1050101","000104420000007","1","8/8/2025","107901.78","CR","1050101","4215",""
"1125","190529","1","1050101","000104420000007","1","8/9/2025","107901.78","CR","1050101","4215",""
"1126","190622","1","1050101","000104420000007","1","8/10/2025","107901.78","CR","1050101","4215",""
"1127","190715","1","1050101","000104420000007","1","8/11/2025","107901.78","CR","1050101","4215",""
"1128","190838","1","1050101","000104420000007","1","8/12/2025","107901.78","CR","1050101","4215",""
"1129","190931","1","1050101","000104420000007","1","8/13/2025","107901.78","CR","1050101","4215",""
"1130","191024","1","1050101","000104420000007","1","8/14/2025","107901.78","CR","1050101","4215",""
"1131","191117","1","1050101","000104420000007","1","8/15/2025","107901.78","CR","1050101","4215",""
"1132","191210","1","1050101","000104420000007","1","8/16/2025","107901.78","CR","1050101","4215",""
"1133","191303","1","1050101","000104420000007","1","8/17/2025","107901.78","CR","1050101","4215",""
"1134","191396","1","1050101","000104420000007","1","8/18/2025","107901.78","CR","1050101","4215",""
"1135","191489","1","1050101","000104420000007","1","8/19/2025","107901.78","CR","1050101","4215",""
"1136","191582","1","1050101","000104420000007","1","8/20/2025","107901.78","CR","1050101","4215",""
"1137","191675","1","1050101","000104420000007","1","8/21/2025","107901.78","CR","1050101","4215",""
"1138","191768","1","1050101","000104420000007","1","8/22/2025","107901.78","CR","1050101","4215",""
"1139","191861","1","1050101","000104420000007","1","8/23/2025","107901.78","CR","1050101","4215",""
"1140","191954","1","1050101","000104420000007","1","8/24/2025","107901.78","CR","1050101","4215",""
"1141","192047","1","1050101","000104420000007","1","8/25/2025","107901.78","CR","1050101","4215",""
"1142","192140","1","1050101","000104420000007","1","8/26/2025","107901.78","CR","1050101","4215",""
"1143","192233","1","1050101","000104420000007","1","8/27/2025","107901.78","CR","1050101","4215",""
"1144","192327","1","1050101","000104420000007","1","8/28/2025","107901.78","CR","1050101","4215",""
"1145","192421","1","1050101","000104420000007","1","8/29/2025","107901.78","CR","1050101","4215",""
"1146","192515","1","1050101","000104420000007","1","8/30/2025","99949.49","CR","1050101","4215",""
"1147","192609","1","1050101","000104420000007","1","8/31/2025","99949.49","CR","1050101","4215",""
"1148","192713","1","1050101","000104420000007","1","8/31/2025","-3327718.48","DR","1050101","4215","16"
"1149","192797","1","1050101","000104420000007","1","9/1/2025","102903.41","CR","1050101","4215",""
"1150","192891","1","1050101","000104420000007","1","9/2/2025","102903.41","CR","1050101","4215",""
"1151","192985","1","1050101","000104420000007","1","9/3/2025","102903.41","CR","1050101","4215",""
"1152","193079","1","1050101","000104420000007","1","9/4/2025","102903.41","CR","1050101","4215",""
"1153","193173","1","1050101","000104420000007","1","9/5/2025","102903.41","CR","1050101","4215",""
"1154","193268","1","1050101","000104420000007","1","9/6/2025","102903.41","CR","1050101","4215",""
"1155","193363","1","1050101","000104420000007","1","9/7/2025","102903.41","CR","1050101","4215",""
"1156","193458","1","1050101","000104420000007","1","9/8/2025","102903.41","CR","1050101","4215",""
"1157","193553","1","1050101","000104420000007","1","9/9/2025","102903.41","CR","1050101","4215",""
"1158","193648","1","1050101","000104420000007","1","9/10/2025","102903.41","CR","1050101","4215",""
"1159","193743","1","1050101","000104420000007","1","9/11/2025","102903.41","CR","1050101","4215",""
"1160","193838","1","1050101","000104420000007","1","9/12/2025","94658.06","CR","1050101","4215",""
"1161","193933","1","1050101","000104420000007","1","9/13/2025","94658.06","CR","1050101","4215",""
"1162","194028","1","1050101","000104420000007","1","9/14/2025","94658.06","CR","1050101","4215",""
"1163","194123","1","1050101","000104420000007","1","9/15/2025","94658.06","CR","1050101","4215",""
"1164","194218","1","1050101","000104420000007","1","9/16/2025","94658.06","CR","1050101","4215",""
"1165","194313","1","1050101","000104420000007","1","9/17/2025","94658.06","CR","1050101","4215",""
"1166","194408","1","1050101","000104420000007","1","9/18/2025","94658.06","CR","1050101","4215",""
"1167","194503","1","1050101","000104420000007","1","9/19/2025","94658.06","CR","1050101","4215",""
"1168","194598","1","1050101","000104420000007","1","9/20/2025","94658.06","CR","1050101","4215",""
"1169","194693","1","1050101","000104420000007","1","9/21/2025","94658.06","CR","1050101","4215",""
"1170","194788","1","1050101","000104420000007","1","9/22/2025","94658.06","CR","1050101","4215",""
"1171","194883","1","1050101","000104420000007","1","9/23/2025","94658.06","CR","1050101","4215",""
"1172","194978","1","1050101","000104420000007","1","9/24/2025","94658.06","CR","1050101","4215",""
"1173","195073","1","1050101","000104420000007","1","9/25/2025","94658.06","CR","1050101","4215",""
"1174","195168","1","1050101","000104420000007","1","9/26/2025","94658.06","CR","1050101","4215",""
"1175","195263","1","1050101","000104420000007","1","9/27/2025","94658.06","CR","1050101","4215",""
"1176","195358","1","1050101","000104420000007","1","9/28/2025","94658.06","CR","1050101","4215",""
"1177","195453","1","1050101","000104420000007","1","9/29/2025","94658.06","CR","1050101","4215",""
"1178","195548","1","1050101","000104420000007","1","9/30/2025","94658.06","CR","1050101","4215",""
"1179","195652","1","1050101","000104420000007","1","9/30/2025","-2930440.65","DR","1050101","4215","23"
"1180","195717","1","1050101","000104420000007","1","10/1/2025","97251.30","CR","1050101","4215",""
"1181","195813","1","1050101","000104420000007","1","10/2/2025","97251.30","CR","1050101","4215",""
"1182","195909","1","1050101","000104420000007","1","10/3/2025","97251.30","CR","1050101","4215",""
"1183","196005","1","1050101","000104420000007","1","10/4/2025","97251.30","CR","1050101","4215",""
"1184","196101","1","1050101","000104420000007","1","10/5/2025","97251.30","CR","1050101","4215",""
"1185","196197","1","1050101","000104420000007","1","10/6/2025","97251.30","CR","1050101","4215",""
"1186","196316","1","1050101","000104420000007","1","10/7/2025","97251.30","CR","1050101","4215",""
"1187","196412","1","1050101","000104420000007","1","10/8/2025","97251.30","CR","1050101","4215",""
"1188","196508","1","1050101","000104420000007","1","10/9/2025","97251.30","CR","1050101","4215",""
"1189","196604","1","1050101","000104420000007","1","10/10/2025","97251.30","CR","1050101","4215",""
"1190","196700","1","1050101","000104420000007","1","10/11/2025","97251.30","CR","1050101","4215",""
"1191","196796","1","1050101","000104420000007","1","10/12/2025","97251.30","CR","1050101","4215",""
"1192","196892","1","1050101","000104420000007","1","10/13/2025","97251.30","CR","1050101","4215",""
"1193","196988","1","1050101","000104420000007","1","10/14/2025","97251.30","CR","1050101","4215",""
"1194","197084","1","1050101","000104420000007","1","10/15/2025","97251.30","CR","1050101","4215",""
"1195","197180","1","1050101","000104420000007","1","10/16/2025","97251.30","CR","1050101","4215",""
"1196","197276","1","1050101","000104420000007","1","10/17/2025","97251.30","CR","1050101","4215",""
"1197","197372","1","1050101","000104420000007","1","10/18/2025","97251.30","CR","1050101","4215",""
"1198","197468","1","1050101","000104420000007","1","10/19/2025","97251.30","CR","1050101","4215",""
"1199","197564","1","1050101","000104420000007","1","10/20/2025","97251.30","CR","1050101","4215",""
"1200","197660","1","1050101","000104420000007","1","10/21/2025","97251.30","CR","1050101","4215",""
"1201","197756","1","1050101","000104420000007","1","10/22/2025","97251.30","CR","1050101","4215",""
"1202","197852","1","1050101","000104420000007","1","10/23/2025","97251.30","CR","1050101","4215",""
"1203","197948","1","1050101","000104420000007","1","10/24/2025","97251.30","CR","1050101","4215",""
"1204","198044","1","1050101","000104420000007","1","10/25/2025","97251.30","CR","1050101","4215",""
"1205","198140","1","1050101","000104420000007","1","10/26/2025","97251.30","CR","1050101","4215",""
"1206","198236","1","1050101","000104420000007","1","10/27/2025","97251.30","CR","1050101","4215",""
"1207","198332","1","1050101","000104420000007","1","10/28/2025","97251.30","CR","1050101","4215",""
"1208","198428","1","1050101","000104420000007","1","10/29/2025","5362.38","CR","1050101","4215",""
"1209","198524","1","1050101","000104420000007","1","10/30/2025","5362.38","CR","1050101","4215",""
"1210","198620","1","1050101","000104420000007","1","10/31/2025","2464.34","CR","1050101","4215",""
"1211","198718","1","1050101","000104420000007","1","10/31/2025","-2736225.50","DR","1050101","4215","52"
"1212","198814","1","1050101","000104420000007","1","11/1/2025","4885.71","CR","1050101","4215",""
"1213","198911","1","1050101","000104420000007","1","11/2/2025","4885.71","CR","1050101","4215",""
"1214","199008","1","1050101","000104420000007","1","11/3/2025","4885.71","CR","1050101","4215",""
"1215","199105","1","1050101","000104420000007","1","11/4/2025","4885.71","CR","1050101","4215",""
"1216","199202","1","1050101","000104420000007","1","11/5/2025","4885.71","CR","1050101","4215",""
"1217","199299","1","1050101","000104420000007","1","11/6/2025","4885.71","CR","1050101","4215",""
"1218","199396","1","1050101","000104420000007","1","11/7/2025","4885.71","CR","1050101","4215",""
"1219","199493","1","1050101","000104420000007","1","11/8/2025","4885.71","CR","1050101","4215",""
"1220","199590","1","1050101","000104420000007","1","11/9/2025","4885.71","CR","1050101","4215",""
"1221","199687","1","1050101","000104420000007","1","11/10/2025","4885.71","CR","1050101","4215",""
"1222","199784","1","1050101","000104420000007","1","11/11/2025","4885.71","CR","1050101","4215",""
"1223","199881","1","1050101","000104420000007","1","11/12/2025","4885.71","CR","1050101","4215",""
"1224","199978","1","1050101","000104420000007","1","11/13/2025","4885.71","CR","1050101","4215",""
"1225","200075","1","1050101","000104420000007","1","11/14/2025","4885.71","CR","1050101","4215",""
"1226","200172","1","1050101","000104420000007","1","11/15/2025","4885.71","CR","1050101","4215",""
"1227","200269","1","1050101","000104420000007","1","11/16/2025","4885.71","CR","1050101","4215",""
"1228","200366","1","1050101","000104420000007","1","11/17/2025","4885.71","CR","1050101","4215",""
"1229","200463","1","1050101","000104420000007","1","11/18/2025","4885.71","CR","1050101","4215",""
"1230","200560","1","1050101","000104420000007","1","11/19/2025","4885.71","CR","1050101","4215",""
"1231","200657","1","1050101","000104420000007","1","11/20/2025","4885.71","CR","1050101","4215",""
"1232","200754","1","1050101","000104420000007","1","11/21/2025","4885.71","CR","1050101","4215",""
"1233","200851","1","1050101","000104420000007","1","11/22/2025","4885.71","CR","1050101","4215",""
"1234","200948","1","1050101","000104420000007","1","11/23/2025","4885.71","CR","1050101","4215",""
"1235","201045","1","1050101","000104420000007","1","11/24/2025","4885.71","CR","1050101","4215",""
"1236","201142","1","1050101","000104420000007","1","11/25/2025","4885.71","CR","1050101","4215",""
"1237","201239","1","1050101","000104420000007","1","11/26/2025","4885.71","CR","1050101","4215",""
"1238","201336","1","1050101","000104420000007","1","11/27/2025","4885.71","CR","1050101","4215",""
"1239","201432","1","1050101","000104420000007","1","11/28/2025","4885.71","CR","1050101","4215",""
"1240","201526","1","1050101","000104420000007","1","11/29/2025","4885.71","CR","1050101","4215",""
"1241","201620","1","1050101","000104420000007","1","11/30/2025","4885.71","CR","1050101","4215",""
"1242","201723","1","1050101","000104420000007","1","11/30/2025","-146571.30","DR","1050101","4215","28"
"1243","201811","1","1050101","000104420000007","1","12/1/2025","5015.42","CR","1050101","4215",""
"1244","201906","1","1050101","000104420000007","1","12/2/2025","5015.42","CR","1050101","4215",""
"1245","202001","1","1050101","000104420000007","1","12/3/2025","5015.42","CR","1050101","4215",""
"1246","202096","1","1050101","000104420000007","1","12/4/2025","5015.42","CR","1050101","4215",""
"1247","202191","1","1050101","000104420000007","1","12/5/2025","5015.42","CR","1050101","4215",""
"1248","202286","1","1050101","000104420000007","1","12/6/2025","5015.42","CR","1050101","4215",""
"1249","202381","1","1050101","000104420000007","1","12/7/2025","5015.42","CR","1050101","4215",""
"1250","202476","1","1050101","000104420000007","1","12/8/2025","5015.42","CR","1050101","4215",""
"1251","202569","1","1050101","000104420000007","1","12/9/2025","5015.42","CR","1050101","4215",""
"1252","202662","1","1050101","000104420000007","1","12/10/2025","5015.42","CR","1050101","4215",""
"1253","202754","1","1050101","000104420000007","1","12/11/2025","5015.42","CR","1050101","4215",""
"1254","202837","1","1050101","000104420000007","1","12/12/2025","5015.42","CR","1050101","4215",""
"1255","202920","1","1050101","000104420000007","1","12/13/2025","5015.42","CR","1050101","4215",""
"1256","203003","1","1050101","000104420000007","1","12/14/2025","5015.42","CR","1050101","4215",""
"1257","203086","1","1050101","000104420000007","1","12/15/2025","5015.42","CR","1050101","4215",""
"1258","203169","1","1050101","000104420000007","1","12/16/2025","5015.42","CR","1050101","4215",""
"1259","203239","1","1050101","000104420000007","1","12/17/2025","5015.42","CR","1050101","4215",""
"1260","203309","1","1050101","000104420000007","1","12/18/2025","5015.42","CR","1050101","4215",""
"1261","203382","1","1050101","000104420000007","1","12/19/2025","5015.42","CR","1050101","4215",""
"1262","203456","1","1050101","000104420000007","1","12/20/2025","5015.42","CR","1050101","4215",""
"1263","203530","1","1050101","000104420000007","1","12/21/2025","5015.42","CR","1050101","4215",""
"1264","203604","1","1050101","000104420000007","1","12/22/2025","5015.42","CR","1050101","4215",""
"1265","203678","1","1050101","000104420000007","1","12/23/2025","5015.42","CR","1050101","4215",""
"1266","203752","1","1050101","000104420000007","1","12/24/2025","5015.42","CR","1050101","4215",""
"1267","203826","1","1050101","000104420000007","1","12/25/2025","5015.42","CR","1050101","4215",""
"1268","203900","1","1050101","000104420000007","1","12/26/2025","5015.42","CR","1050101","4215",""
"1269","203974","1","1050101","000104420000007","1","12/27/2025","5015.42","CR","1050101","4215",""
"1270","204048","1","1050101","000104420000007","1","12/28/2025","5015.42","CR","1050101","4215",""
"1271","204122","1","1050101","000104420000007","1","12/29/2025","4968.84","CR","1050101","4215",""
"1272","166546","1","1050101","000104420000009","1","11/1/2024","125819.15","CR","1050101","4215",""
"1273","166547","1","1050101","000104420000009","1","11/2/2024","125819.15","CR","1050101","4215",""
"1274","166548","1","1050101","000104420000009","1","11/3/2024","125819.15","CR","1050101","4215",""
"1275","166549","1","1050101","000104420000009","1","11/4/2024","125819.15","CR","1050101","4215",""
"1276","166550","1","1050101","000104420000009","1","11/5/2024","125819.15","CR","1050101","4215",""
"1277","166551","1","1050101","000104420000009","1","11/6/2024","125819.15","CR","1050101","4215",""
"1278","166552","1","1050101","000104420000009","1","11/7/2024","125819.15","CR","1050101","4215",""
"1279","166553","1","1050101","000104420000009","1","11/8/2024","125819.15","CR","1050101","4215",""
"1280","166554","1","1050101","000104420000009","1","11/9/2024","125819.15","CR","1050101","4215",""
"1281","166555","1","1050101","000104420000009","1","11/10/2024","125819.15","CR","1050101","4215",""
"1282","166556","1","1050101","000104420000009","1","11/11/2024","125819.15","CR","1050101","4215",""
"1283","166557","1","1050101","000104420000009","1","11/12/2024","125819.15","CR","1050101","4215",""
"1284","166558","1","1050101","000104420000009","1","11/13/2024","125819.15","CR","1050101","4215",""
"1285","167503","1","1050101","000104420000009","1","11/14/2024","125819.15","CR","1050101","4215",""
"1286","167504","1","1050101","000104420000009","1","11/15/2024","125819.15","CR","1050101","4215",""
"1287","167505","1","1050101","000104420000009","1","11/16/2024","125819.15","CR","1050101","4215",""
"1288","167506","1","1050101","000104420000009","1","11/17/2024","125819.15","CR","1050101","4215",""
"1289","167824","1","1050101","000104420000009","1","11/18/2024","125819.15","CR","1050101","4215",""
"1290","167900","1","1050101","000104420000009","1","11/19/2024","125819.15","CR","1050101","4215",""
"1291","167976","1","1050101","000104420000009","1","11/20/2024","125819.15","CR","1050101","4215",""
"1292","168052","1","1050101","000104420000009","1","11/21/2024","125819.15","CR","1050101","4215",""
"1293","168128","1","1050101","000104420000009","1","11/22/2024","125819.15","CR","1050101","4215",""
"1294","168204","1","1050101","000104420000009","1","11/23/2024","125819.15","CR","1050101","4215",""
"1295","168280","1","1050101","000104420000009","1","11/24/2024","125819.15","CR","1050101","4215",""
"1296","168356","1","1050101","000104420000009","1","11/25/2024","125819.15","CR","1050101","4215",""
"1297","168432","1","1050101","000104420000009","1","11/26/2024","125819.15","CR","1050101","4215",""
"1298","168508","1","1050101","000104420000009","1","11/27/2024","125819.15","CR","1050101","4215",""
"1299","168585","1","1050101","000104420000009","1","11/28/2024","125819.15","CR","1050101","4215",""
"1300","168662","1","1050101","000104420000009","1","11/29/2024","125819.15","CR","1050101","4215",""
"1301","168738","1","1050101","000104420000009","1","11/30/2024","123490.38","CR","1050101","4215",""
"1302","168816","1","1050101","000104420000009","1","11/30/2024","-3772245.73","DR","1050101","4215","80"
"1303","168891","1","1050101","000104420000009","1","12/1/2024","127004.25","CR","1050101","4215",""
"1304","168967","1","1050101","000104420000009","1","12/2/2024","127004.25","CR","1050101","4215",""
"1305","169043","1","1050101","000104420000009","1","12/3/2024","127004.25","CR","1050101","4215",""
"1306","169119","1","1050101","000104420000009","1","12/4/2024","127004.25","CR","1050101","4215",""
"1307","169195","1","1050101","000104420000009","1","12/5/2024","127004.25","CR","1050101","4215",""
"1308","169271","1","1050101","000104420000009","1","12/6/2024","127004.25","CR","1050101","4215",""
"1309","169347","1","1050101","000104420000009","1","12/7/2024","127004.25","CR","1050101","4215",""
"1310","169423","1","1050101","000104420000009","1","12/8/2024","127004.25","CR","1050101","4215",""
"1311","169499","1","1050101","000104420000009","1","12/9/2024","127004.25","CR","1050101","4215",""
"1312","169575","1","1050101","000104420000009","1","12/10/2024","127004.25","CR","1050101","4215",""
"1313","169651","1","1050101","000104420000009","1","12/11/2024","127004.25","CR","1050101","4215",""
"1314","169727","1","1050101","000104420000009","1","12/12/2024","127004.25","CR","1050101","4215",""
"1315","169803","1","1050101","000104420000009","1","12/13/2024","127004.25","CR","1050101","4215",""
"1316","169879","1","1050101","000104420000009","1","12/14/2024","127004.25","CR","1050101","4215",""
"1317","169955","1","1050101","000104420000009","1","12/15/2024","127004.25","CR","1050101","4215",""
"1318","170031","1","1050101","000104420000009","1","12/16/2024","127004.25","CR","1050101","4215",""
"1319","170107","1","1050101","000104420000009","1","12/17/2024","127004.25","CR","1050101","4215",""
"1320","170183","1","1050101","000104420000009","1","12/18/2024","127004.25","CR","1050101","4215",""
"1321","170259","1","1050101","000104420000009","1","12/19/2024","127004.25","CR","1050101","4215",""
"1322","170335","1","1050101","000104420000009","1","12/20/2024","127004.25","CR","1050101","4215",""
"1323","170411","1","1050101","000104420000009","1","12/21/2024","127004.25","CR","1050101","4215",""
"1324","170487","1","1050101","000104420000009","1","12/22/2024","127004.25","CR","1050101","4215",""
"1325","170563","1","1050101","000104420000009","1","12/23/2024","127004.25","CR","1050101","4215",""
"1326","170639","1","1050101","000104420000009","1","12/24/2024","127004.25","CR","1050101","4215",""
"1327","170715","1","1050101","000104420000009","1","12/25/2024","127004.25","CR","1050101","4215",""
"1328","170791","1","1050101","000104420000009","1","12/26/2024","127004.25","CR","1050101","4215",""
"1329","170867","1","1050101","000104420000009","1","12/27/2024","127004.25","CR","1050101","4215",""
"1330","170943","1","1050101","000104420000009","1","12/28/2024","127004.25","CR","1050101","4215",""
"1331","171019","1","1050101","000104420000009","1","12/29/2024","127004.25","CR","1050101","4215",""
"1332","171095","1","1050101","000104420000009","1","12/30/2024","127004.25","CR","1050101","4215",""
"1333","171171","1","1050101","000104420000009","1","12/31/2024","127004.25","CR","1050101","4215",""
"1334","171246","1","1050101","000104420000009","1","12/31/2024","-3937131.75","DR","1050101","4215","80"
"1335","171449","1","1050101","000104420000009","1","1/1/2025","130671.72","CR","1050101","4215",""
"1336","171526","1","1050101","000104420000009","1","1/2/2025","130671.72","CR","1050101","4215",""
"1337","171603","1","1050101","000104420000009","1","1/3/2025","130671.72","CR","1050101","4215",""
"1338","171680","1","1050101","000104420000009","1","1/4/2025","130671.72","CR","1050101","4215",""
"1339","171757","1","1050101","000104420000009","1","1/5/2025","130671.72","CR","1050101","4215",""
"1340","171834","1","1050101","000104420000009","1","1/6/2025","130671.72","CR","1050101","4215",""
"1341","171911","1","1050101","000104420000009","1","1/7/2025","130671.72","CR","1050101","4215",""
"1342","171988","1","1050101","000104420000009","1","1/8/2025","130671.72","CR","1050101","4215",""
"1343","172065","1","1050101","000104420000009","1","1/9/2025","130671.72","CR","1050101","4215",""
"1344","172142","1","1050101","000104420000009","1","1/10/2025","130671.72","CR","1050101","4215",""
"1345","172219","1","1050101","000104420000009","1","1/11/2025","130671.72","CR","1050101","4215",""
"1346","172296","1","1050101","000104420000009","1","1/12/2025","130671.72","CR","1050101","4215",""
"1347","172373","1","1050101","000104420000009","1","1/13/2025","130671.72","CR","1050101","4215",""
"1348","172450","1","1050101","000104420000009","1","1/14/2025","130671.72","CR","1050101","4215",""
"1349","172527","1","1050101","000104420000009","1","1/15/2025","130671.72","CR","1050101","4215",""
"1350","172604","1","1050101","000104420000009","1","1/16/2025","130671.72","CR","1050101","4215",""
"1351","172681","1","1050101","000104420000009","1","1/17/2025","130671.72","CR","1050101","4215",""
"1352","172758","1","1050101","000104420000009","1","1/18/2025","130671.72","CR","1050101","4215",""
"1353","172835","1","1050101","000104420000009","1","1/19/2025","130671.72","CR","1050101","4215",""
"1354","172912","1","1050101","000104420000009","1","1/20/2025","130671.72","CR","1050101","4215",""
"1355","172989","1","1050101","000104420000009","1","1/21/2025","130671.72","CR","1050101","4215",""
"1356","173066","1","1050101","000104420000009","1","1/22/2025","130671.72","CR","1050101","4215",""
"1357","173143","1","1050101","000104420000009","1","1/23/2025","130671.72","CR","1050101","4215",""
"1358","173220","1","1050101","000104420000009","1","1/24/2025","130671.72","CR","1050101","4215",""
"1359","173297","1","1050101","000104420000009","1","1/25/2025","130671.72","CR","1050101","4215",""
"1360","173374","1","1050101","000104420000009","1","1/26/2025","130671.72","CR","1050101","4215",""
"1361","173451","1","1050101","000104420000009","1","1/27/2025","130671.72","CR","1050101","4215",""
"1362","173528","1","1050101","000104420000009","1","1/28/2025","130671.72","CR","1050101","4215",""
"1363","173605","1","1050101","000104420000009","1","1/29/2025","130671.72","CR","1050101","4215",""
"1364","173682","1","1050101","000104420000009","1","1/30/2025","130671.72","CR","1050101","4215",""
"1365","173759","1","1050101","000104420000009","1","1/31/2025","130671.72","CR","1050101","4215",""
"1366","173837","1","1050101","000104420000009","1","1/31/2025","-4050823.32","DR","1050101","4215","46"
"1367","173886","1","1050101","000104420000009","1","2/1/2025","134445.09","CR","1050101","4215",""
"1368","173965","1","1050101","000104420000009","1","2/2/2025","134445.09","CR","1050101","4215",""
"1369","174044","1","1050101","000104420000009","1","2/3/2025","134445.09","CR","1050101","4215",""
"1370","174123","1","1050101","000104420000009","1","2/4/2025","134445.09","CR","1050101","4215",""
"1371","174202","1","1050101","000104420000009","1","2/5/2025","134445.09","CR","1050101","4215",""
"1372","174281","1","1050101","000104420000009","1","2/6/2025","134445.09","CR","1050101","4215",""
"1373","174360","1","1050101","000104420000009","1","2/7/2025","134445.09","CR","1050101","4215",""
"1374","174439","1","1050101","000104420000009","1","2/8/2025","134445.09","CR","1050101","4215",""
"1375","174518","1","1050101","000104420000009","1","2/9/2025","134445.09","CR","1050101","4215",""
"1376","174597","1","1050101","000104420000009","1","2/10/2025","134445.09","CR","1050101","4215",""
"1377","174676","1","1050101","000104420000009","1","2/11/2025","134445.09","CR","1050101","4215",""
"1378","174755","1","1050101","000104420000009","1","2/12/2025","134445.09","CR","1050101","4215",""
"1379","174834","1","1050101","000104420000009","1","2/13/2025","134445.09","CR","1050101","4215",""
"1380","174913","1","1050101","000104420000009","1","2/14/2025","134445.09","CR","1050101","4215",""
"1381","174992","1","1050101","000104420000009","1","2/15/2025","134445.09","CR","1050101","4215",""
"1382","175071","1","1050101","000104420000009","1","2/16/2025","134445.09","CR","1050101","4215",""
"1383","175150","1","1050101","000104420000009","1","2/17/2025","134445.09","CR","1050101","4215",""
"1384","175229","1","1050101","000104420000009","1","2/18/2025","134445.09","CR","1050101","4215",""
"1385","175308","1","1050101","000104420000009","1","2/19/2025","134445.09","CR","1050101","4215",""
"1386","175387","1","1050101","000104420000009","1","2/20/2025","134445.09","CR","1050101","4215",""
"1387","175466","1","1050101","000104420000009","1","2/21/2025","134445.09","CR","1050101","4215",""
"1388","175545","1","1050101","000104420000009","1","2/22/2025","134445.09","CR","1050101","4215",""
"1389","175624","1","1050101","000104420000009","1","2/23/2025","134445.09","CR","1050101","4215",""
"1390","175703","1","1050101","000104420000009","1","2/24/2025","134445.09","CR","1050101","4215",""
"1391","175782","1","1050101","000104420000009","1","2/25/2025","134445.09","CR","1050101","4215",""
"1392","175861","1","1050101","000104420000009","1","2/26/2025","134445.09","CR","1050101","4215",""
"1393","175940","1","1050101","000104420000009","1","2/27/2025","134445.09","CR","1050101","4215",""
"1394","176019","1","1050101","000104420000009","1","2/28/2025","134445.09","CR","1050101","4215",""
"1395","176100","1","1050101","000104420000009","1","2/28/2025","-3764462.52","DR","1050101","4215","13"
"1396","176177","1","1050101","000104420000009","1","3/1/2025","137951.71","CR","1050101","4215",""
"1397","176256","1","1050101","000104420000009","1","3/2/2025","137951.71","CR","1050101","4215",""
"1398","176817","1","1050101","000104420000009","1","3/3/2025","137951.71","CR","1050101","4215",""
"1399","176829","1","1050101","000104420000009","1","3/4/2025","137951.71","CR","1050101","4215",""
"1400","176841","1","1050101","000104420000009","1","3/5/2025","137951.71","CR","1050101","4215",""
"1401","176853","1","1050101","000104420000009","1","3/6/2025","137951.71","CR","1050101","4215",""
"1402","176865","1","1050101","000104420000009","1","3/7/2025","137951.71","CR","1050101","4215",""
"1403","176877","1","1050101","000104420000009","1","3/8/2025","137951.71","CR","1050101","4215",""
"1404","176889","1","1050101","000104420000009","1","3/9/2025","137951.71","CR","1050101","4215",""
"1405","176901","1","1050101","000104420000009","1","3/10/2025","137951.71","CR","1050101","4215",""
"1406","176913","1","1050101","000104420000009","1","3/11/2025","137951.71","CR","1050101","4215",""
"1407","176925","1","1050101","000104420000009","1","3/12/2025","137951.71","CR","1050101","4215",""
"1408","176937","1","1050101","000104420000009","1","3/13/2025","137951.71","CR","1050101","4215",""
"1409","176949","1","1050101","000104420000009","1","3/14/2025","137951.71","CR","1050101","4215",""
"1410","176961","1","1050101","000104420000009","1","3/15/2025","137951.71","CR","1050101","4215",""
"1411","176973","1","1050101","000104420000009","1","3/16/2025","137951.71","CR","1050101","4215",""
"1412","176985","1","1050101","000104420000009","1","3/17/2025","137951.71","CR","1050101","4215",""
"1413","176997","1","1050101","000104420000009","1","3/18/2025","137951.71","CR","1050101","4215",""
"1414","177009","1","1050101","000104420000009","1","3/19/2025","137951.71","CR","1050101","4215",""
"1415","177021","1","1050101","000104420000009","1","3/20/2025","137951.71","CR","1050101","4215",""
"1416","177033","1","1050101","000104420000009","1","3/21/2025","136787.33","CR","1050101","4215",""
"1417","177045","1","1050101","000104420000009","1","3/22/2025","136787.33","CR","1050101","4215",""
"1418","177057","1","1050101","000104420000009","1","3/23/2025","136787.33","CR","1050101","4215",""
"1419","177069","1","1050101","000104420000009","1","3/24/2025","136787.33","CR","1050101","4215",""
"1420","177081","1","1050101","000104420000009","1","3/25/2025","136787.33","CR","1050101","4215",""
"1421","177093","1","1050101","000104420000009","1","3/26/2025","136787.33","CR","1050101","4215",""
"1422","177105","1","1050101","000104420000009","1","3/27/2025","136787.33","CR","1050101","4215",""
"1423","177117","1","1050101","000104420000009","1","3/28/2025","136787.33","CR","1050101","4215",""
"1424","177129","1","1050101","000104420000009","1","3/29/2025","136787.33","CR","1050101","4215",""
"1425","177141","1","1050101","000104420000009","1","3/30/2025","136787.33","CR","1050101","4215",""
"1426","177153","1","1050101","000104420000009","1","3/31/2025","136787.33","CR","1050101","4215",""
"1427","179133","1","1050101","000104420000009","1","3/31/2025","-4263694.83","DR","1050101","4215","36"
"1428","179204","1","1050101","000104420000009","1","4/1/2025","140758.99","CR","1050101","4215",""
"1429","179282","1","1050101","000104420000009","1","4/2/2025","140758.99","CR","1050101","4215",""
"1430","179360","1","1050101","000104420000009","1","4/3/2025","140758.99","CR","1050101","4215",""
"1431","179438","1","1050101","000104420000009","1","4/4/2025","140758.99","CR","1050101","4215",""
"1432","179516","1","1050101","000104420000009","1","4/5/2025","140758.99","CR","1050101","4215",""
"1433","179594","1","1050101","000104420000009","1","4/6/2025","140758.99","CR","1050101","4215",""
"1434","179672","1","1050101","000104420000009","1","4/7/2025","140758.99","CR","1050101","4215",""
"1435","179750","1","1050101","000104420000009","1","4/8/2025","140758.99","CR","1050101","4215",""
"1436","179828","1","1050101","000104420000009","1","4/9/2025","140758.99","CR","1050101","4215",""
"1437","179906","1","1050101","000104420000009","1","4/10/2025","140758.99","CR","1050101","4215",""
"1438","179984","1","1050101","000104420000009","1","4/11/2025","140758.99","CR","1050101","4215",""
"1439","180062","1","1050101","000104420000009","1","4/12/2025","140758.99","CR","1050101","4215",""
"1440","180140","1","1050101","000104420000009","1","4/13/2025","140758.99","CR","1050101","4215",""
"1441","180218","1","1050101","000104420000009","1","4/14/2025","140758.99","CR","1050101","4215",""
"1442","180296","1","1050101","000104420000009","1","4/15/2025","140758.99","CR","1050101","4215",""
"1443","180374","1","1050101","000104420000009","1","4/16/2025","140758.99","CR","1050101","4215",""
"1444","180452","1","1050101","000104420000009","1","4/17/2025","140758.99","CR","1050101","4215",""
"1445","180530","1","1050101","000104420000009","1","4/18/2025","140758.99","CR","1050101","4215",""
"1446","180608","1","1050101","000104420000009","1","4/19/2025","140758.99","CR","1050101","4215",""
"1447","180686","1","1050101","000104420000009","1","4/20/2025","140758.99","CR","1050101","4215",""
"1448","180764","1","1050101","000104420000009","1","4/21/2025","140758.99","CR","1050101","4215",""
"1449","180842","1","1050101","000104420000009","1","4/22/2025","140758.99","CR","1050101","4215",""
"1450","180920","1","1050101","000104420000009","1","4/23/2025","140758.99","CR","1050101","4215",""
"1451","180998","1","1050101","000104420000009","1","4/24/2025","140758.99","CR","1050101","4215",""
"1452","181076","1","1050101","000104420000009","1","4/25/2025","140758.99","CR","1050101","4215",""
"1453","181154","1","1050101","000104420000009","1","4/26/2025","140758.99","CR","1050101","4215",""
"1454","181232","1","1050101","000104420000009","1","4/27/2025","140758.99","CR","1050101","4215",""
"1455","181310","1","1050101","000104420000009","1","4/28/2025","140758.99","CR","1050101","4215",""
"1456","181388","1","1050101","000104420000009","1","4/29/2025","140758.99","CR","1050101","4215",""
"1457","181466","1","1050101","000104420000009","1","4/30/2025","140758.99","CR","1050101","4215",""
"1458","181550","1","1050101","000104420000009","1","4/30/2025","-4222769.70","DR","1050101","4215","28"
"1459","181624","1","1050101","000104420000009","1","5/1/2025","144692.53","CR","1050101","4215",""
"1460","181703","1","1050101","000104420000009","1","5/2/2025","144692.53","CR","1050101","4215",""
"1461","181783","1","1050101","000104420000009","1","5/3/2025","144692.53","CR","1050101","4215",""
"1462","181863","1","1050101","000104420000009","1","5/4/2025","144692.53","CR","1050101","4215",""
"1463","181943","1","1050101","000104420000009","1","5/5/2025","144692.53","CR","1050101","4215",""
"1464","182023","1","1050101","000104420000009","1","5/6/2025","144692.53","CR","1050101","4215",""
"1465","182103","1","1050101","000104420000009","1","5/7/2025","145543.66","CR","1050101","4215",""
"1466","182184","1","1050101","000104420000009","1","5/8/2025","145543.66","CR","1050101","4215",""
"1467","182265","1","1050101","000104420000009","1","5/9/2025","145543.66","CR","1050101","4215",""
"1468","182346","1","1050101","000104420000009","1","5/10/2025","145543.66","CR","1050101","4215",""
"1469","182427","1","1050101","000104420000009","1","5/11/2025","145543.66","CR","1050101","4215",""
"1470","182508","1","1050101","000104420000009","1","5/12/2025","145543.66","CR","1050101","4215",""
"1471","182590","1","1050101","000104420000009","1","5/13/2025","145543.66","CR","1050101","4215",""
"1472","182672","1","1050101","000104420000009","1","5/14/2025","145543.66","CR","1050101","4215",""
"1473","182754","1","1050101","000104420000009","1","5/15/2025","145543.66","CR","1050101","4215",""
"1474","182836","1","1050101","000104420000009","1","5/16/2025","145543.66","CR","1050101","4215",""
"1475","182920","1","1050101","000104420000009","1","5/17/2025","145543.66","CR","1050101","4215",""
"1476","183004","1","1050101","000104420000009","1","5/18/2025","145543.66","CR","1050101","4215",""
"1477","183088","1","1050101","000104420000009","1","5/19/2025","145543.66","CR","1050101","4215",""
"1478","183172","1","1050101","000104420000009","1","5/20/2025","145543.66","CR","1050101","4215",""
"1479","183256","1","1050101","000104420000009","1","5/21/2025","145543.66","CR","1050101","4215",""
"1480","183340","1","1050101","000104420000009","1","5/22/2025","145543.66","CR","1050101","4215",""
"1481","183424","1","1050101","000104420000009","1","5/23/2025","145543.66","CR","1050101","4215",""
"1482","183509","1","1050101","000104420000009","1","5/24/2025","145543.66","CR","1050101","4215",""
"1483","183594","1","1050101","000104420000009","1","5/25/2025","145543.66","CR","1050101","4215",""
"1484","183679","1","1050101","000104420000009","1","5/26/2025","145543.66","CR","1050101","4215",""
"1485","183764","1","1050101","000104420000009","1","5/27/2025","145543.66","CR","1050101","4215",""
"1486","183849","1","1050101","000104420000009","1","5/28/2025","145543.66","CR","1050101","4215",""
"1487","183934","1","1050101","000104420000009","1","5/29/2025","145543.66","CR","1050101","4215",""
"1488","184019","1","1050101","000104420000009","1","5/30/2025","145543.66","CR","1050101","4215",""
"1489","184104","1","1050101","000104420000009","1","5/31/2025","145543.66","CR","1050101","4215",""
"1490","184190","1","1050101","000104420000009","1","5/31/2025","-4506746.68","DR","1050101","4215","117"
"1491","184276","1","1050101","000104420000009","1","6/1/2025","149766.42","CR","1050101","4215",""
"1492","184362","1","1050101","000104420000009","1","6/2/2025","149766.42","CR","1050101","4215",""
"1493","184448","1","1050101","000104420000009","1","6/3/2025","149766.42","CR","1050101","4215",""
"1494","184534","1","1050101","000104420000009","1","6/4/2025","149766.42","CR","1050101","4215",""
"1495","184620","1","1050101","000104420000009","1","6/5/2025","149766.42","CR","1050101","4215",""
"1496","184706","1","1050101","000104420000009","1","6/6/2025","149766.42","CR","1050101","4215",""
"1497","184792","1","1050101","000104420000009","1","6/7/2025","149766.42","CR","1050101","4215",""
"1498","184878","1","1050101","000104420000009","1","6/8/2025","149766.42","CR","1050101","4215",""
"1499","184964","1","1050101","000104420000009","1","6/9/2025","149766.42","CR","1050101","4215",""
"1500","185050","1","1050101","000104420000009","1","6/10/2025","149766.42","CR","1050101","4215",""
"1501","185136","1","1050101","000104420000009","1","6/11/2025","149766.42","CR","1050101","4215",""
"1502","185222","1","1050101","000104420000009","1","6/12/2025","149766.42","CR","1050101","4215",""
"1503","185308","1","1050101","000104420000009","1","6/13/2025","149766.42","CR","1050101","4215",""
"1504","185394","1","1050101","000104420000009","1","6/14/2025","149766.42","CR","1050101","4215",""
"1505","185480","1","1050101","000104420000009","1","6/15/2025","149766.42","CR","1050101","4215",""
"1506","185566","1","1050101","000104420000009","1","6/16/2025","149766.42","CR","1050101","4215",""
"1507","185652","1","1050101","000104420000009","1","6/17/2025","149766.42","CR","1050101","4215",""
"1508","185738","1","1050101","000104420000009","1","6/18/2025","149766.42","CR","1050101","4215",""
"1509","185825","1","1050101","000104420000009","1","6/19/2025","149766.42","CR","1050101","4215",""
"1510","185913","1","1050101","000104420000009","1","6/20/2025","149766.42","CR","1050101","4215",""
"1511","186001","1","1050101","000104420000009","1","6/21/2025","149766.42","CR","1050101","4215",""
"1512","186089","1","1050101","000104420000009","1","6/22/2025","149766.42","CR","1050101","4215",""
"1513","186177","1","1050101","000104420000009","1","6/23/2025","149766.42","CR","1050101","4215",""
"1514","186265","1","1050101","000104420000009","1","6/24/2025","149766.42","CR","1050101","4215",""
"1515","186353","1","1050101","000104420000009","1","6/25/2025","149766.42","CR","1050101","4215",""
"1516","186441","1","1050101","000104420000009","1","6/26/2025","149766.42","CR","1050101","4215",""
"1517","186529","1","1050101","000104420000009","1","6/27/2025","145081.49","CR","1050101","4215",""
"1518","186617","1","1050101","000104420000009","1","6/28/2025","145081.49","CR","1050101","4215",""
"1519","186705","1","1050101","000104420000009","1","6/29/2025","145081.49","CR","1050101","4215",""
"1520","186793","1","1050101","000104420000009","1","6/30/2025","145081.49","CR","1050101","4215",""
"1521","186879","1","1050101","000104420000009","1","6/30/2025","-4474252.88","DR","1050101","4215","35"
"1522","186970","1","1050101","000104420000009","1","7/1/2025","149273.80","CR","1050101","4215",""
"1523","187058","1","1050101","000104420000009","1","7/2/2025","149273.80","CR","1050101","4215",""
"1524","187146","1","1050101","000104420000009","1","7/3/2025","149273.80","CR","1050101","4215",""
"1525","187234","1","1050101","000104420000009","1","7/4/2025","149273.80","CR","1050101","4215",""
"1526","187322","1","1050101","000104420000009","1","7/5/2025","149273.80","CR","1050101","4215",""
"1527","187410","1","1050101","000104420000009","1","7/6/2025","149273.80","CR","1050101","4215",""
"1528","187498","1","1050101","000104420000009","1","7/7/2025","149273.80","CR","1050101","4215",""
"1529","187586","1","1050101","000104420000009","1","7/8/2025","149273.80","CR","1050101","4215",""
"1530","187674","1","1050101","000104420000009","1","7/9/2025","149273.80","CR","1050101","4215",""
"1531","187762","1","1050101","000104420000009","1","7/10/2025","146369.14","CR","1050101","4215",""
"1532","187851","1","1050101","000104420000009","1","7/11/2025","146369.14","CR","1050101","4215",""
"1533","187940","1","1050101","000104420000009","1","7/12/2025","146369.14","CR","1050101","4215",""
"1534","188029","1","1050101","000104420000009","1","7/13/2025","146369.14","CR","1050101","4215",""
"1535","188118","1","1050101","000104420000009","1","7/14/2025","146369.14","CR","1050101","4215",""
"1536","188207","1","1050101","000104420000009","1","7/15/2025","146369.14","CR","1050101","4215",""
"1537","188296","1","1050101","000104420000009","1","7/16/2025","146369.14","CR","1050101","4215",""
"1538","188385","1","1050101","000104420000009","1","7/17/2025","146369.14","CR","1050101","4215",""
"1539","188474","1","1050101","000104420000009","1","7/18/2025","146369.14","CR","1050101","4215",""
"1540","188563","1","1050101","000104420000009","1","7/19/2025","146369.14","CR","1050101","4215",""
"1541","188652","1","1050101","000104420000009","1","7/20/2025","146369.14","CR","1050101","4215",""
"1542","188741","1","1050101","000104420000009","1","7/21/2025","146369.14","CR","1050101","4215",""
"1543","188830","1","1050101","000104420000009","1","7/22/2025","146369.14","CR","1050101","4215",""
"1544","188919","1","1050101","000104420000009","1","7/23/2025","146369.14","CR","1050101","4215",""
"1545","189010","1","1050101","000104420000009","1","7/24/2025","146369.14","CR","1050101","4215",""
"1546","189101","1","1050101","000104420000009","1","7/25/2025","146369.14","CR","1050101","4215",""
"1547","189192","1","1050101","000104420000009","1","7/26/2025","146369.14","CR","1050101","4215",""
"1548","189283","1","1050101","000104420000009","1","7/27/2025","146369.14","CR","1050101","4215",""
"1549","189374","1","1050101","000104420000009","1","7/28/2025","146369.14","CR","1050101","4215",""
"1550","189465","1","1050101","000104420000009","1","7/29/2025","146369.14","CR","1050101","4215",""
"1551","189556","1","1050101","000104420000009","1","7/30/2025","146369.14","CR","1050101","4215",""
"1552","189647","1","1050101","000104420000009","1","7/31/2025","146369.14","CR","1050101","4215",""
"1553","189745","1","1050101","000104420000009","1","7/31/2025","-4563585.28","DR","1050101","4215","52"
"1554","189800","1","1050101","000104420000009","1","8/1/2025","150645.16","CR","1050101","4215",""
"1555","189891","1","1050101","000104420000009","1","8/2/2025","150645.16","CR","1050101","4215",""
"1556","189982","1","1050101","000104420000009","1","8/3/2025","150645.16","CR","1050101","4215",""
"1557","190073","1","1050101","000104420000009","1","8/4/2025","150645.16","CR","1050101","4215",""
"1558","190164","1","1050101","000104420000009","1","8/5/2025","151085.64","CR","1050101","4215",""
"1559","190255","1","1050101","000104420000009","1","8/6/2025","151085.64","CR","1050101","4215",""
"1560","190346","1","1050101","000104420000009","1","8/7/2025","151085.64","CR","1050101","4215",""
"1561","190437","1","1050101","000104420000009","1","8/8/2025","151085.64","CR","1050101","4215",""
"1562","190530","1","1050101","000104420000009","1","8/9/2025","151085.64","CR","1050101","4215",""
"1563","190623","1","1050101","000104420000009","1","8/10/2025","151085.64","CR","1050101","4215",""
"1564","190716","1","1050101","000104420000009","1","8/11/2025","151085.64","CR","1050101","4215",""
"1565","190839","1","1050101","000104420000009","1","8/12/2025","151085.64","CR","1050101","4215",""
"1566","190932","1","1050101","000104420000009","1","8/13/2025","151085.64","CR","1050101","4215",""
"1567","191025","1","1050101","000104420000009","1","8/14/2025","151085.64","CR","1050101","4215",""
"1568","191118","1","1050101","000104420000009","1","8/15/2025","151085.64","CR","1050101","4215",""
"1569","191211","1","1050101","000104420000009","1","8/16/2025","151085.64","CR","1050101","4215",""
"1570","191304","1","1050101","000104420000009","1","8/17/2025","151085.64","CR","1050101","4215",""
"1571","191397","1","1050101","000104420000009","1","8/18/2025","151085.64","CR","1050101","4215",""
"1572","191490","1","1050101","000104420000009","1","8/19/2025","151085.64","CR","1050101","4215",""
"1573","191583","1","1050101","000104420000009","1","8/20/2025","151085.64","CR","1050101","4215",""
"1574","191676","1","1050101","000104420000009","1","8/21/2025","151085.64","CR","1050101","4215",""
"1575","191769","1","1050101","000104420000009","1","8/22/2025","151085.64","CR","1050101","4215",""
"1576","191862","1","1050101","000104420000009","1","8/23/2025","151085.64","CR","1050101","4215",""
"1577","191955","1","1050101","000104420000009","1","8/24/2025","151085.64","CR","1050101","4215",""
"1578","192048","1","1050101","000104420000009","1","8/25/2025","151085.64","CR","1050101","4215",""
"1579","192141","1","1050101","000104420000009","1","8/26/2025","151085.64","CR","1050101","4215",""
"1580","192234","1","1050101","000104420000009","1","8/27/2025","151085.64","CR","1050101","4215",""
"1581","192328","1","1050101","000104420000009","1","8/28/2025","151085.64","CR","1050101","4215",""
"1582","192422","1","1050101","000104420000009","1","8/29/2025","151085.64","CR","1050101","4215",""
"1583","192516","1","1050101","000104420000009","1","8/30/2025","146387.01","CR","1050101","4215",""
"1584","192610","1","1050101","000104420000009","1","8/31/2025","146387.01","CR","1050101","4215",""
"1585","192708","1","1050101","000104420000009","1","8/31/2025","-4672495.66","DR","1050101","4215","16"
"1586","192798","1","1050101","000104420000009","1","9/1/2025","150777.88","CR","1050101","4215",""
"1587","192892","1","1050101","000104420000009","1","9/2/2025","150777.88","CR","1050101","4215",""
"1588","192986","1","1050101","000104420000009","1","9/3/2025","150777.88","CR","1050101","4215",""
"1589","193080","1","1050101","000104420000009","1","9/4/2025","150777.88","CR","1050101","4215",""
"1590","193174","1","1050101","000104420000009","1","9/5/2025","150777.88","CR","1050101","4215",""
"1591","193269","1","1050101","000104420000009","1","9/6/2025","150777.88","CR","1050101","4215",""
"1592","193364","1","1050101","000104420000009","1","9/7/2025","150777.88","CR","1050101","4215",""
"1593","193459","1","1050101","000104420000009","1","9/8/2025","150777.88","CR","1050101","4215",""
"1594","193554","1","1050101","000104420000009","1","9/9/2025","150777.88","CR","1050101","4215",""
"1595","193649","1","1050101","000104420000009","1","9/10/2025","150777.88","CR","1050101","4215",""
"1596","193744","1","1050101","000104420000009","1","9/11/2025","150777.88","CR","1050101","4215",""
"1597","193839","1","1050101","000104420000009","1","9/12/2025","150338.29","CR","1050101","4215",""
"1598","193934","1","1050101","000104420000009","1","9/13/2025","150338.29","CR","1050101","4215",""
"1599","194029","1","1050101","000104420000009","1","9/14/2025","150338.29","CR","1050101","4215",""
"1600","194124","1","1050101","000104420000009","1","9/15/2025","150338.29","CR","1050101","4215",""
"1601","194219","1","1050101","000104420000009","1","9/16/2025","150338.29","CR","1050101","4215",""
"1602","194314","1","1050101","000104420000009","1","9/17/2025","150338.29","CR","1050101","4215",""
"1603","194409","1","1050101","000104420000009","1","9/18/2025","150338.29","CR","1050101","4215",""
"1604","194504","1","1050101","000104420000009","1","9/19/2025","150338.29","CR","1050101","4215",""
"1605","194599","1","1050101","000104420000009","1","9/20/2025","150338.29","CR","1050101","4215",""
"1606","194694","1","1050101","000104420000009","1","9/21/2025","150338.29","CR","1050101","4215",""
"1607","194789","1","1050101","000104420000009","1","9/22/2025","150338.29","CR","1050101","4215",""
"1608","194884","1","1050101","000104420000009","1","9/23/2025","150338.29","CR","1050101","4215",""
"1609","194979","1","1050101","000104420000009","1","9/24/2025","150338.29","CR","1050101","4215",""
"1610","195074","1","1050101","000104420000009","1","9/25/2025","150338.29","CR","1050101","4215",""
"1611","195169","1","1050101","000104420000009","1","9/26/2025","150338.29","CR","1050101","4215",""
"1612","195264","1","1050101","000104420000009","1","9/27/2025","150338.29","CR","1050101","4215",""
"1613","195359","1","1050101","000104420000009","1","9/28/2025","150338.29","CR","1050101","4215",""
"1614","195454","1","1050101","000104420000009","1","9/29/2025","150338.29","CR","1050101","4215",""
"1615","195549","1","1050101","000104420000009","1","9/30/2025","150338.29","CR","1050101","4215",""
"1616","195653","1","1050101","000104420000009","1","9/30/2025","-4514984.19","DR","1050101","4215","23"
"1617","195718","1","1050101","000104420000009","1","10/1/2025","154568.77","CR","1050101","4215",""
"1618","195814","1","1050101","000104420000009","1","10/2/2025","154568.77","CR","1050101","4215",""
"1619","195910","1","1050101","000104420000009","1","10/3/2025","154568.77","CR","1050101","4215",""
"1620","196006","1","1050101","000104420000009","1","10/4/2025","154568.77","CR","1050101","4215",""
"1621","196102","1","1050101","000104420000009","1","10/5/2025","154568.77","CR","1050101","4215",""
"1622","196198","1","1050101","000104420000009","1","10/6/2025","154568.77","CR","1050101","4215",""
"1623","196317","1","1050101","000104420000009","1","10/7/2025","154568.77","CR","1050101","4215",""
"1624","196413","1","1050101","000104420000009","1","10/8/2025","154568.77","CR","1050101","4215",""
"1625","196509","1","1050101","000104420000009","1","10/9/2025","154568.77","CR","1050101","4215",""
"1626","196605","1","1050101","000104420000009","1","10/10/2025","154568.77","CR","1050101","4215",""
"1627","196701","1","1050101","000104420000009","1","10/11/2025","154568.77","CR","1050101","4215",""
"1628","196797","1","1050101","000104420000009","1","10/12/2025","154568.77","CR","1050101","4215",""
"1629","196893","1","1050101","000104420000009","1","10/13/2025","154568.77","CR","1050101","4215",""
"1630","196989","1","1050101","000104420000009","1","10/14/2025","154568.77","CR","1050101","4215",""
"1631","197085","1","1050101","000104420000009","1","10/15/2025","154568.77","CR","1050101","4215",""
"1632","197181","1","1050101","000104420000009","1","10/16/2025","154568.77","CR","1050101","4215",""
"1633","197277","1","1050101","000104420000009","1","10/17/2025","154568.77","CR","1050101","4215",""
"1634","197373","1","1050101","000104420000009","1","10/18/2025","154568.77","CR","1050101","4215",""
"1635","197469","1","1050101","000104420000009","1","10/19/2025","154568.77","CR","1050101","4215",""
"1636","197565","1","1050101","000104420000009","1","10/20/2025","154568.77","CR","1050101","4215",""
"1637","197661","1","1050101","000104420000009","1","10/21/2025","154568.77","CR","1050101","4215",""
"1638","197757","1","1050101","000104420000009","1","10/22/2025","154568.77","CR","1050101","4215",""
"1639","197853","1","1050101","000104420000009","1","10/23/2025","154568.77","CR","1050101","4215",""
"1640","197949","1","1050101","000104420000009","1","10/24/2025","154568.77","CR","1050101","4215",""
"1641","198045","1","1050101","000104420000009","1","10/25/2025","154568.77","CR","1050101","4215",""
"1642","198141","1","1050101","000104420000009","1","10/26/2025","154568.77","CR","1050101","4215",""
"1643","198237","1","1050101","000104420000009","1","10/27/2025","154568.77","CR","1050101","4215",""
"1644","198333","1","1050101","000104420000009","1","10/28/2025","154568.77","CR","1050101","4215",""
"1645","198429","1","1050101","000104420000009","1","10/29/2025","148946.85","CR","1050101","4215",""
"1646","198525","1","1050101","000104420000009","1","10/30/2025","148946.85","CR","1050101","4215",""
"1647","198621","1","1050101","000104420000009","1","10/31/2025","148946.85","CR","1050101","4215",""
"1648","198720","1","1050101","000104420000009","1","10/31/2025","-4774766.11","DR","1050101","4215","52"
"1649","198815","1","1050101","000104420000009","1","11/1/2025","153420.74","CR","1050101","4215",""
"1650","198912","1","1050101","000104420000009","1","11/2/2025","153420.74","CR","1050101","4215",""
"1651","199009","1","1050101","000104420000009","1","11/3/2025","153420.74","CR","1050101","4215",""
"1652","199106","1","1050101","000104420000009","1","11/4/2025","153420.74","CR","1050101","4215",""
"1653","199203","1","1050101","000104420000009","1","11/5/2025","153420.74","CR","1050101","4215",""
"1654","199300","1","1050101","000104420000009","1","11/6/2025","153420.74","CR","1050101","4215",""
"1655","199397","1","1050101","000104420000009","1","11/7/2025","153420.74","CR","1050101","4215",""
"1656","199494","1","1050101","000104420000009","1","11/8/2025","153420.74","CR","1050101","4215",""
"1657","199591","1","1050101","000104420000009","1","11/9/2025","153420.74","CR","1050101","4215",""
"1658","199688","1","1050101","000104420000009","1","11/10/2025","153420.74","CR","1050101","4215",""
"1659","199785","1","1050101","000104420000009","1","11/11/2025","153420.74","CR","1050101","4215",""
"1660","199882","1","1050101","000104420000009","1","11/12/2025","153420.74","CR","1050101","4215",""
"1661","199979","1","1050101","000104420000009","1","11/13/2025","153420.74","CR","1050101","4215",""
"1662","200076","1","1050101","000104420000009","1","11/14/2025","153420.74","CR","1050101","4215",""
"1663","200173","1","1050101","000104420000009","1","11/15/2025","153420.74","CR","1050101","4215",""
"1664","200270","1","1050101","000104420000009","1","11/16/2025","153420.74","CR","1050101","4215",""
"1665","200367","1","1050101","000104420000009","1","11/17/2025","153420.74","CR","1050101","4215",""
"1666","200464","1","1050101","000104420000009","1","11/18/2025","153420.74","CR","1050101","4215",""
"1667","200561","1","1050101","000104420000009","1","11/19/2025","153420.74","CR","1050101","4215",""
"1668","200658","1","1050101","000104420000009","1","11/20/2025","153420.74","CR","1050101","4215",""
"1669","200755","1","1050101","000104420000009","1","11/21/2025","153420.74","CR","1050101","4215",""
"1670","200852","1","1050101","000104420000009","1","11/22/2025","153420.74","CR","1050101","4215",""
"1671","200949","1","1050101","000104420000009","1","11/23/2025","153420.74","CR","1050101","4215",""
"1672","201046","1","1050101","000104420000009","1","11/24/2025","153420.74","CR","1050101","4215",""
"1673","201143","1","1050101","000104420000009","1","11/25/2025","153420.74","CR","1050101","4215",""
"1674","201240","1","1050101","000104420000009","1","11/26/2025","153420.74","CR","1050101","4215",""
"1675","201337","1","1050101","000104420000009","1","11/27/2025","153420.74","CR","1050101","4215",""
"1676","201433","1","1050101","000104420000009","1","11/28/2025","153420.74","CR","1050101","4215",""
"1677","201527","1","1050101","000104420000009","1","11/29/2025","153420.74","CR","1050101","4215",""
"1678","201621","1","1050101","000104420000009","1","11/30/2025","153420.74","CR","1050101","4215",""
"1679","201722","1","1050101","000104420000009","1","11/30/2025","-4602622.20","DR","1050101","4215","28"
"1680","201812","1","1050101","000104420000009","1","12/1/2025","157733.34","CR","1050101","4215",""
"1681","201907","1","1050101","000104420000009","1","12/2/2025","157733.34","CR","1050101","4215",""
"1682","202002","1","1050101","000104420000009","1","12/3/2025","157733.34","CR","1050101","4215",""
"1683","202097","1","1050101","000104420000009","1","12/4/2025","157733.34","CR","1050101","4215",""
"1684","202192","1","1050101","000104420000009","1","12/5/2025","157733.34","CR","1050101","4215",""
"1685","202287","1","1050101","000104420000009","1","12/6/2025","157733.34","CR","1050101","4215",""
"1686","202382","1","1050101","000104420000009","1","12/7/2025","157733.34","CR","1050101","4215",""
"1687","202477","1","1050101","000104420000009","1","12/8/2025","157733.34","CR","1050101","4215",""
"1688","202570","1","1050101","000104420000009","1","12/9/2025","157733.34","CR","1050101","4215",""
"1689","202663","1","1050101","000104420000009","1","12/10/2025","157733.34","CR","1050101","4215",""
"1690","166559","1","1050101","000104420000010","1","11/1/2024","43132.26","CR","1050101","4215",""
"1691","166560","1","1050101","000104420000010","1","11/2/2024","43132.26","CR","1050101","4215",""
"1692","166561","1","1050101","000104420000010","1","11/3/2024","43132.26","CR","1050101","4215",""
"1693","166562","1","1050101","000104420000010","1","11/4/2024","43132.26","CR","1050101","4215",""
"1694","166563","1","1050101","000104420000010","1","11/5/2024","43132.26","CR","1050101","4215",""
"1695","166564","1","1050101","000104420000010","1","11/6/2024","43132.26","CR","1050101","4215",""
"1696","166565","1","1050101","000104420000010","1","11/7/2024","43132.26","CR","1050101","4215",""
"1697","166566","1","1050101","000104420000010","1","11/8/2024","43132.26","CR","1050101","4215",""
"1698","166567","1","1050101","000104420000010","1","11/9/2024","43132.26","CR","1050101","4215",""
"1699","166568","1","1050101","000104420000010","1","11/10/2024","43132.26","CR","1050101","4215",""
"1700","166569","1","1050101","000104420000010","1","11/11/2024","43132.26","CR","1050101","4215",""
"1701","166570","1","1050101","000104420000010","1","11/12/2024","43132.26","CR","1050101","4215",""
"1702","166571","1","1050101","000104420000010","1","11/13/2024","43132.26","CR","1050101","4215",""
"1703","167507","1","1050101","000104420000010","1","11/14/2024","43132.26","CR","1050101","4215",""
"1704","167508","1","1050101","000104420000010","1","11/15/2024","43132.26","CR","1050101","4215",""
"1705","167509","1","1050101","000104420000010","1","11/16/2024","43132.26","CR","1050101","4215",""
"1706","167510","1","1050101","000104420000010","1","11/17/2024","43132.26","CR","1050101","4215",""
"1707","167832","1","1050101","000104420000010","1","11/18/2024","43132.26","CR","1050101","4215",""
"1708","167908","1","1050101","000104420000010","1","11/19/2024","43132.26","CR","1050101","4215",""
"1709","167984","1","1050101","000104420000010","1","11/20/2024","43132.26","CR","1050101","4215",""
"1710","168060","1","1050101","000104420000010","1","11/21/2024","43132.26","CR","1050101","4215",""
"1711","168136","1","1050101","000104420000010","1","11/22/2024","43132.26","CR","1050101","4215",""
"1712","168212","1","1050101","000104420000010","1","11/23/2024","43132.26","CR","1050101","4215",""
"1713","168288","1","1050101","000104420000010","1","11/24/2024","43132.26","CR","1050101","4215",""
"1714","168364","1","1050101","000104420000010","1","11/25/2024","43132.26","CR","1050101","4215",""
"1715","168440","1","1050101","000104420000010","1","11/26/2024","43132.26","CR","1050101","4215",""
"1716","168516","1","1050101","000104420000010","1","11/27/2024","43132.26","CR","1050101","4215",""
"1717","168593","1","1050101","000104420000010","1","11/28/2024","43132.26","CR","1050101","4215",""
"1718","168670","1","1050101","000104420000010","1","11/29/2024","43132.26","CR","1050101","4215",""
"1719","168746","1","1050101","000104420000010","1","11/30/2024","43132.26","CR","1050101","4215",""
"1720","168819","1","1050101","000104420000010","1","11/30/2024","-1293967.80","DR","1050101","4215","80"
"1721","168899","1","1050101","000104420000010","1","12/1/2024","44231.25","CR","1050101","4215",""
"1722","168975","1","1050101","000104420000010","1","12/2/2024","44231.25","CR","1050101","4215",""
"1723","169051","1","1050101","000104420000010","1","12/3/2024","44231.25","CR","1050101","4215",""
"1724","169127","1","1050101","000104420000010","1","12/4/2024","44231.25","CR","1050101","4215",""
"1725","169203","1","1050101","000104420000010","1","12/5/2024","44231.25","CR","1050101","4215",""
"1726","169279","1","1050101","000104420000010","1","12/6/2024","44231.25","CR","1050101","4215",""
"1727","169355","1","1050101","000104420000010","1","12/7/2024","44231.25","CR","1050101","4215",""
"1728","169431","1","1050101","000104420000010","1","12/8/2024","44231.25","CR","1050101","4215",""
"1729","169507","1","1050101","000104420000010","1","12/9/2024","44231.25","CR","1050101","4215",""
"1730","169583","1","1050101","000104420000010","1","12/10/2024","44231.25","CR","1050101","4215",""
"1731","169659","1","1050101","000104420000010","1","12/11/2024","44231.25","CR","1050101","4215",""
"1732","169735","1","1050101","000104420000010","1","12/12/2024","44231.25","CR","1050101","4215",""
"1733","169811","1","1050101","000104420000010","1","12/13/2024","44231.25","CR","1050101","4215",""
"1734","169887","1","1050101","000104420000010","1","12/14/2024","44231.25","CR","1050101","4215",""
"1735","169963","1","1050101","000104420000010","1","12/15/2024","44231.25","CR","1050101","4215",""
"1736","170039","1","1050101","000104420000010","1","12/16/2024","44231.25","CR","1050101","4215",""
"1737","170115","1","1050101","000104420000010","1","12/17/2024","44231.25","CR","1050101","4215",""
"1738","170191","1","1050101","000104420000010","1","12/18/2024","44231.25","CR","1050101","4215",""
"1739","170267","1","1050101","000104420000010","1","12/19/2024","44231.25","CR","1050101","4215",""
"1740","170343","1","1050101","000104420000010","1","12/20/2024","44231.25","CR","1050101","4215",""
"1741","170419","1","1050101","000104420000010","1","12/21/2024","44231.25","CR","1050101","4215",""
"1742","170495","1","1050101","000104420000010","1","12/22/2024","44231.25","CR","1050101","4215",""
"1743","170571","1","1050101","000104420000010","1","12/23/2024","44231.25","CR","1050101","4215",""
"1744","170647","1","1050101","000104420000010","1","12/24/2024","44231.25","CR","1050101","4215",""
"1745","170723","1","1050101","000104420000010","1","12/25/2024","44231.25","CR","1050101","4215",""
"1746","170799","1","1050101","000104420000010","1","12/26/2024","44231.25","CR","1050101","4215",""
"1747","170875","1","1050101","000104420000010","1","12/27/2024","44231.25","CR","1050101","4215",""
"1748","170951","1","1050101","000104420000010","1","12/28/2024","44231.25","CR","1050101","4215",""
"1749","171027","1","1050101","000104420000010","1","12/29/2024","44231.25","CR","1050101","4215",""
"1750","171103","1","1050101","000104420000010","1","12/30/2024","44231.25","CR","1050101","4215",""
"1751","171179","1","1050101","000104420000010","1","12/31/2024","44231.25","CR","1050101","4215",""
"1752","171251","1","1050101","000104420000010","1","12/31/2024","-1371168.75","DR","1050101","4215","80"
"1753","171457","1","1050101","000104420000010","1","1/1/2025","45395.80","CR","1050101","4215",""
"1754","171534","1","1050101","000104420000010","1","1/2/2025","45395.80","CR","1050101","4215",""
"1755","171611","1","1050101","000104420000010","1","1/3/2025","45395.80","CR","1050101","4215",""
"1756","171688","1","1050101","000104420000010","1","1/4/2025","45395.80","CR","1050101","4215",""
"1757","171765","1","1050101","000104420000010","1","1/5/2025","45395.80","CR","1050101","4215",""
"1758","171842","1","1050101","000104420000010","1","1/6/2025","45395.80","CR","1050101","4215",""
"1759","171919","1","1050101","000104420000010","1","1/7/2025","45395.80","CR","1050101","4215",""
"1760","171996","1","1050101","000104420000010","1","1/8/2025","45395.80","CR","1050101","4215",""
"1761","172073","1","1050101","000104420000010","1","1/9/2025","45395.80","CR","1050101","4215",""
"1762","172150","1","1050101","000104420000010","1","1/10/2025","45395.80","CR","1050101","4215",""
"1763","172227","1","1050101","000104420000010","1","1/11/2025","45395.80","CR","1050101","4215",""
"1764","172304","1","1050101","000104420000010","1","1/12/2025","45395.80","CR","1050101","4215",""
"1765","172381","1","1050101","000104420000010","1","1/13/2025","45395.80","CR","1050101","4215",""
"1766","172458","1","1050101","000104420000010","1","1/14/2025","45395.80","CR","1050101","4215",""
"1767","172535","1","1050101","000104420000010","1","1/15/2025","45395.80","CR","1050101","4215",""
"1768","172612","1","1050101","000104420000010","1","1/16/2025","45395.80","CR","1050101","4215",""
"1769","172689","1","1050101","000104420000010","1","1/17/2025","45395.80","CR","1050101","4215",""
"1770","172766","1","1050101","000104420000010","1","1/18/2025","45395.80","CR","1050101","4215",""
"1771","172843","1","1050101","000104420000010","1","1/19/2025","45395.80","CR","1050101","4215",""
"1772","172920","1","1050101","000104420000010","1","1/20/2025","45395.80","CR","1050101","4215",""
"1773","172997","1","1050101","000104420000010","1","1/21/2025","45395.80","CR","1050101","4215",""
"1774","173074","1","1050101","000104420000010","1","1/22/2025","45395.80","CR","1050101","4215",""
"1775","173151","1","1050101","000104420000010","1","1/23/2025","45395.80","CR","1050101","4215",""
"1776","173228","1","1050101","000104420000010","1","1/24/2025","45395.80","CR","1050101","4215",""
"1777","173305","1","1050101","000104420000010","1","1/25/2025","45395.80","CR","1050101","4215",""
"1778","173382","1","1050101","000104420000010","1","1/26/2025","45395.80","CR","1050101","4215",""
"1779","173459","1","1050101","000104420000010","1","1/27/2025","45395.80","CR","1050101","4215",""
"1780","173536","1","1050101","000104420000010","1","1/28/2025","45395.80","CR","1050101","4215",""
"1781","173613","1","1050101","000104420000010","1","1/29/2025","45395.80","CR","1050101","4215",""
"1782","173690","1","1050101","000104420000010","1","1/30/2025","45395.80","CR","1050101","4215",""
"1783","173767","1","1050101","000104420000010","1","1/31/2025","45395.80","CR","1050101","4215",""
"1784","173844","1","1050101","000104420000010","1","1/31/2025","-1407269.80","DR","1050101","4215","46"
"1785","173894","1","1050101","000104420000010","1","2/1/2025","46591.02","CR","1050101","4215",""
"1786","173973","1","1050101","000104420000010","1","2/2/2025","46591.02","CR","1050101","4215",""
"1787","174052","1","1050101","000104420000010","1","2/3/2025","46591.02","CR","1050101","4215",""
"1788","174131","1","1050101","000104420000010","1","2/4/2025","46591.02","CR","1050101","4215",""
"1789","174210","1","1050101","000104420000010","1","2/5/2025","46591.02","CR","1050101","4215",""
"1790","174289","1","1050101","000104420000010","1","2/6/2025","46591.02","CR","1050101","4215",""
"1791","174368","1","1050101","000104420000010","1","2/7/2025","46591.02","CR","1050101","4215",""
"1792","174447","1","1050101","000104420000010","1","2/8/2025","46591.02","CR","1050101","4215",""
"1793","174526","1","1050101","000104420000010","1","2/9/2025","46591.02","CR","1050101","4215",""
"1794","174605","1","1050101","000104420000010","1","2/10/2025","46591.02","CR","1050101","4215",""
"1795","174684","1","1050101","000104420000010","1","2/11/2025","46591.02","CR","1050101","4215",""
"1796","174763","1","1050101","000104420000010","1","2/12/2025","46591.02","CR","1050101","4215",""
"1797","174842","1","1050101","000104420000010","1","2/13/2025","46591.02","CR","1050101","4215",""
"1798","174921","1","1050101","000104420000010","1","2/14/2025","46591.02","CR","1050101","4215",""
"1799","175000","1","1050101","000104420000010","1","2/15/2025","46591.02","CR","1050101","4215",""
"1800","175079","1","1050101","000104420000010","1","2/16/2025","46591.02","CR","1050101","4215",""
"1801","175158","1","1050101","000104420000010","1","2/17/2025","46591.02","CR","1050101","4215",""
"1802","175237","1","1050101","000104420000010","1","2/18/2025","46591.02","CR","1050101","4215",""
"1803","175316","1","1050101","000104420000010","1","2/19/2025","46591.02","CR","1050101","4215",""
"1804","175395","1","1050101","000104420000010","1","2/20/2025","46591.02","CR","1050101","4215",""
"1805","175474","1","1050101","000104420000010","1","2/21/2025","46591.02","CR","1050101","4215",""
"1806","175553","1","1050101","000104420000010","1","2/22/2025","46591.02","CR","1050101","4215",""
"1807","175632","1","1050101","000104420000010","1","2/23/2025","46591.02","CR","1050101","4215",""
"1808","175711","1","1050101","000104420000010","1","2/24/2025","46591.02","CR","1050101","4215",""
"1809","175790","1","1050101","000104420000010","1","2/25/2025","46591.02","CR","1050101","4215",""
"1810","175869","1","1050101","000104420000010","1","2/26/2025","46591.02","CR","1050101","4215",""
"1811","175948","1","1050101","000104420000010","1","2/27/2025","46591.02","CR","1050101","4215",""
"1812","176027","1","1050101","000104420000010","1","2/28/2025","46591.02","CR","1050101","4215",""
"1813","176101","1","1050101","000104420000010","1","2/28/2025","-1304548.56","DR","1050101","4215","13"
"1814","176185","1","1050101","000104420000010","1","3/1/2025","47698.99","CR","1050101","4215",""
"1815","176264","1","1050101","000104420000010","1","3/2/2025","47698.99","CR","1050101","4215",""
"1816","176825","1","1050101","000104420000010","1","3/3/2025","47698.99","CR","1050101","4215",""
"1817","176837","1","1050101","000104420000010","1","3/4/2025","47698.99","CR","1050101","4215",""
"1818","176849","1","1050101","000104420000010","1","3/5/2025","47698.99","CR","1050101","4215",""
"1819","176861","1","1050101","000104420000010","1","3/6/2025","47698.99","CR","1050101","4215",""
"1820","176873","1","1050101","000104420000010","1","3/7/2025","47698.99","CR","1050101","4215",""
"1821","176885","1","1050101","000104420000010","1","3/8/2025","47698.99","CR","1050101","4215",""
"1822","176897","1","1050101","000104420000010","1","3/9/2025","47698.99","CR","1050101","4215",""
"1823","176909","1","1050101","000104420000010","1","3/10/2025","47698.99","CR","1050101","4215",""
"1824","176921","1","1050101","000104420000010","1","3/11/2025","47698.99","CR","1050101","4215",""
"1825","176933","1","1050101","000104420000010","1","3/12/2025","47698.99","CR","1050101","4215",""
"1826","176945","1","1050101","000104420000010","1","3/13/2025","47698.99","CR","1050101","4215",""
"1827","176957","1","1050101","000104420000010","1","3/14/2025","47698.99","CR","1050101","4215",""
"1828","176969","1","1050101","000104420000010","1","3/15/2025","47698.99","CR","1050101","4215",""
"1829","176981","1","1050101","000104420000010","1","3/16/2025","47698.99","CR","1050101","4215",""
"1830","176993","1","1050101","000104420000010","1","3/17/2025","47698.99","CR","1050101","4215",""
"1831","177005","1","1050101","000104420000010","1","3/18/2025","47698.99","CR","1050101","4215",""
"1832","177017","1","1050101","000104420000010","1","3/19/2025","47698.99","CR","1050101","4215",""
"1833","177029","1","1050101","000104420000010","1","3/20/2025","47698.99","CR","1050101","4215",""
"1834","177041","1","1050101","000104420000010","1","3/21/2025","47698.99","CR","1050101","4215",""
"1835","177053","1","1050101","000104420000010","1","3/22/2025","47698.99","CR","1050101","4215",""
"1836","177065","1","1050101","000104420000010","1","3/23/2025","47698.99","CR","1050101","4215",""
"1837","177077","1","1050101","000104420000010","1","3/24/2025","47698.99","CR","1050101","4215",""
"1838","177089","1","1050101","000104420000010","1","3/25/2025","47698.99","CR","1050101","4215",""
"1839","177101","1","1050101","000104420000010","1","3/26/2025","47698.99","CR","1050101","4215",""
"1840","177113","1","1050101","000104420000010","1","3/27/2025","47698.99","CR","1050101","4215",""
"1841","177125","1","1050101","000104420000010","1","3/28/2025","47698.99","CR","1050101","4215",""
"1842","177137","1","1050101","000104420000010","1","3/29/2025","47698.99","CR","1050101","4215",""
"1843","177149","1","1050101","000104420000010","1","3/30/2025","47698.99","CR","1050101","4215",""
"1844","177161","1","1050101","000104420000010","1","3/31/2025","47698.99","CR","1050101","4215",""
"1845","179129","1","1050101","000104420000010","1","3/31/2025","-1478668.69","DR","1050101","4215","36"
"1846","179212","1","1050101","000104420000010","1","4/1/2025","48954.85","CR","1050101","4215",""
"1847","179290","1","1050101","000104420000010","1","4/2/2025","48954.85","CR","1050101","4215",""
"1848","179368","1","1050101","000104420000010","1","4/3/2025","48954.85","CR","1050101","4215",""
"1849","179446","1","1050101","000104420000010","1","4/4/2025","48954.85","CR","1050101","4215",""
"1850","179524","1","1050101","000104420000010","1","4/5/2025","48954.85","CR","1050101","4215",""
"1851","179602","1","1050101","000104420000010","1","4/6/2025","48954.85","CR","1050101","4215",""
"1852","179680","1","1050101","000104420000010","1","4/7/2025","48954.85","CR","1050101","4215",""
"1853","179758","1","1050101","000104420000010","1","4/8/2025","48954.85","CR","1050101","4215",""
"1854","179836","1","1050101","000104420000010","1","4/9/2025","48954.85","CR","1050101","4215",""
"1855","179914","1","1050101","000104420000010","1","4/10/2025","48954.85","CR","1050101","4215",""
"1856","179992","1","1050101","000104420000010","1","4/11/2025","48954.85","CR","1050101","4215",""
"1857","180070","1","1050101","000104420000010","1","4/12/2025","48954.85","CR","1050101","4215",""
"1858","180148","1","1050101","000104420000010","1","4/13/2025","48954.85","CR","1050101","4215",""
"1859","180226","1","1050101","000104420000010","1","4/14/2025","48954.85","CR","1050101","4215",""
"1860","180304","1","1050101","000104420000010","1","4/15/2025","48954.85","CR","1050101","4215",""
"1861","180382","1","1050101","000104420000010","1","4/16/2025","48954.85","CR","1050101","4215",""
"1862","180460","1","1050101","000104420000010","1","4/17/2025","48954.85","CR","1050101","4215",""
"1863","180538","1","1050101","000104420000010","1","4/18/2025","48954.85","CR","1050101","4215",""
"1864","180616","1","1050101","000104420000010","1","4/19/2025","48954.85","CR","1050101","4215",""
"1865","180694","1","1050101","000104420000010","1","4/20/2025","48954.85","CR","1050101","4215",""
"1866","180772","1","1050101","000104420000010","1","4/21/2025","48954.85","CR","1050101","4215",""
"1867","180850","1","1050101","000104420000010","1","4/22/2025","48954.85","CR","1050101","4215",""
"1868","180928","1","1050101","000104420000010","1","4/23/2025","48954.85","CR","1050101","4215",""
"1869","181006","1","1050101","000104420000010","1","4/24/2025","48954.85","CR","1050101","4215",""
"1870","181084","1","1050101","000104420000010","1","4/25/2025","48954.85","CR","1050101","4215",""
"1871","181162","1","1050101","000104420000010","1","4/26/2025","48954.85","CR","1050101","4215",""
"1872","181240","1","1050101","000104420000010","1","4/27/2025","48954.85","CR","1050101","4215",""
"1873","181318","1","1050101","000104420000010","1","4/28/2025","48954.85","CR","1050101","4215",""
"1874","181396","1","1050101","000104420000010","1","4/29/2025","48954.85","CR","1050101","4215",""
"1875","181474","1","1050101","000104420000010","1","4/30/2025","48954.85","CR","1050101","4215",""
"1876","181545","1","1050101","000104420000010","1","4/30/2025","-1468645.50","DR","1050101","4215","28"
"1877","181632","1","1050101","000104420000010","1","5/1/2025","50202.19","CR","1050101","4215",""
"1878","181711","1","1050101","000104420000010","1","5/2/2025","50202.19","CR","1050101","4215",""
"1879","181791","1","1050101","000104420000010","1","5/3/2025","50202.19","CR","1050101","4215",""
"1880","181871","1","1050101","000104420000010","1","5/4/2025","50202.19","CR","1050101","4215",""
"1881","181951","1","1050101","000104420000010","1","5/5/2025","50202.19","CR","1050101","4215",""
"1882","182031","1","1050101","000104420000010","1","5/6/2025","50202.19","CR","1050101","4215",""
"1883","182111","1","1050101","000104420000010","1","5/7/2025","50526.08","CR","1050101","4215",""
"1884","182192","1","1050101","000104420000010","1","5/8/2025","50526.08","CR","1050101","4215",""
"1885","182273","1","1050101","000104420000010","1","5/9/2025","50526.08","CR","1050101","4215",""
"1886","182354","1","1050101","000104420000010","1","5/10/2025","50526.08","CR","1050101","4215",""
"1887","182435","1","1050101","000104420000010","1","5/11/2025","50526.08","CR","1050101","4215",""
"1888","182516","1","1050101","000104420000010","1","5/12/2025","50526.08","CR","1050101","4215",""
"1889","182598","1","1050101","000104420000010","1","5/13/2025","50526.08","CR","1050101","4215",""
"1890","182680","1","1050101","000104420000010","1","5/14/2025","50526.08","CR","1050101","4215",""
"1891","182762","1","1050101","000104420000010","1","5/15/2025","50526.08","CR","1050101","4215",""
"1892","182844","1","1050101","000104420000010","1","5/16/2025","50526.08","CR","1050101","4215",""
"1893","182928","1","1050101","000104420000010","1","5/17/2025","50526.08","CR","1050101","4215",""
"1894","183012","1","1050101","000104420000010","1","5/18/2025","50526.08","CR","1050101","4215",""
"1895","183096","1","1050101","000104420000010","1","5/19/2025","50526.08","CR","1050101","4215",""
"1896","183180","1","1050101","000104420000010","1","5/20/2025","50526.08","CR","1050101","4215",""
"1897","183264","1","1050101","000104420000010","1","5/21/2025","50526.08","CR","1050101","4215",""
"1898","183348","1","1050101","000104420000010","1","5/22/2025","50526.08","CR","1050101","4215",""
"1899","183432","1","1050101","000104420000010","1","5/23/2025","50526.08","CR","1050101","4215",""
"1900","183517","1","1050101","000104420000010","1","5/24/2025","50526.08","CR","1050101","4215",""
"1901","183602","1","1050101","000104420000010","1","5/25/2025","50526.08","CR","1050101","4215",""
"1902","183687","1","1050101","000104420000010","1","5/26/2025","50526.08","CR","1050101","4215",""
"1903","183772","1","1050101","000104420000010","1","5/27/2025","50526.08","CR","1050101","4215",""
"1904","183857","1","1050101","000104420000010","1","5/28/2025","50526.08","CR","1050101","4215",""
"1905","183942","1","1050101","000104420000010","1","5/29/2025","50526.08","CR","1050101","4215",""
"1906","184027","1","1050101","000104420000010","1","5/30/2025","50526.08","CR","1050101","4215",""
"1907","184112","1","1050101","000104420000010","1","5/31/2025","25299.13","CR","1050101","4215",""
"1908","184195","1","1050101","000104420000010","1","5/31/2025","-1539138.19","DR","1050101","4215","117"
"1909","184284","1","1050101","000104420000010","1","6/1/2025","26614.78","CR","1050101","4215",""
"1910","184370","1","1050101","000104420000010","1","6/2/2025","26614.78","CR","1050101","4215",""
"1911","184456","1","1050101","000104420000010","1","6/3/2025","26614.78","CR","1050101","4215",""
"1912","184542","1","1050101","000104420000010","1","6/4/2025","26614.78","CR","1050101","4215",""
"1913","184628","1","1050101","000104420000010","1","6/5/2025","26614.78","CR","1050101","4215",""
"1914","184714","1","1050101","000104420000010","1","6/6/2025","26614.78","CR","1050101","4215",""
"1915","184800","1","1050101","000104420000010","1","6/7/2025","26614.78","CR","1050101","4215",""
"1916","184886","1","1050101","000104420000010","1","6/8/2025","26614.78","CR","1050101","4215",""
"1917","184972","1","1050101","000104420000010","1","6/9/2025","26614.78","CR","1050101","4215",""
"1918","185058","1","1050101","000104420000010","1","6/10/2025","26614.78","CR","1050101","4215",""
"1919","185144","1","1050101","000104420000010","1","6/11/2025","26614.78","CR","1050101","4215",""
"1920","185230","1","1050101","000104420000010","1","6/12/2025","26614.78","CR","1050101","4215",""
"1921","185316","1","1050101","000104420000010","1","6/13/2025","26614.78","CR","1050101","4215",""
"1922","185402","1","1050101","000104420000010","1","6/14/2025","26614.78","CR","1050101","4215",""
"1923","185488","1","1050101","000104420000010","1","6/15/2025","26614.78","CR","1050101","4215",""
"1924","185574","1","1050101","000104420000010","1","6/16/2025","26614.78","CR","1050101","4215",""
"1925","185660","1","1050101","000104420000010","1","6/17/2025","26614.78","CR","1050101","4215",""
"1926","185746","1","1050101","000104420000010","1","6/18/2025","26614.78","CR","1050101","4215",""
"1927","185833","1","1050101","000104420000010","1","6/19/2025","26614.78","CR","1050101","4215",""
"1928","185921","1","1050101","000104420000010","1","6/20/2025","26614.78","CR","1050101","4215",""
"1929","186009","1","1050101","000104420000010","1","6/21/2025","26614.78","CR","1050101","4215",""
"1930","186097","1","1050101","000104420000010","1","6/22/2025","26614.78","CR","1050101","4215",""
"1931","186185","1","1050101","000104420000010","1","6/23/2025","26614.78","CR","1050101","4215",""
"1932","186273","1","1050101","000104420000010","1","6/24/2025","26614.78","CR","1050101","4215",""
"1933","186361","1","1050101","000104420000010","1","6/25/2025","26614.78","CR","1050101","4215",""
"1934","186449","1","1050101","000104420000010","1","6/26/2025","26614.78","CR","1050101","4215",""
"1935","186537","1","1050101","000104420000010","1","6/27/2025","26614.78","CR","1050101","4215",""
"1936","186625","1","1050101","000104420000010","1","6/28/2025","26614.78","CR","1050101","4215",""
"1937","186713","1","1050101","000104420000010","1","6/29/2025","26614.78","CR","1050101","4215",""
"1938","186801","1","1050101","000104420000010","1","6/30/2025","26614.78","CR","1050101","4215",""
"1939","186890","1","1050101","000104420000010","1","6/30/2025","-798443.40","DR","1050101","4215","35"
"1940","186978","1","1050101","000104420000010","1","7/1/2025","27297.28","CR","1050101","4215",""
"1941","187066","1","1050101","000104420000010","1","7/2/2025","27297.28","CR","1050101","4215",""
"1942","187154","1","1050101","000104420000010","1","7/3/2025","27297.28","CR","1050101","4215",""
"1943","187242","1","1050101","000104420000010","1","7/4/2025","27297.28","CR","1050101","4215",""
"1944","187330","1","1050101","000104420000010","1","7/5/2025","27297.28","CR","1050101","4215",""
"1945","187418","1","1050101","000104420000010","1","7/6/2025","27297.28","CR","1050101","4215",""
"1946","187506","1","1050101","000104420000010","1","7/7/2025","27297.28","CR","1050101","4215",""
"1947","187594","1","1050101","000104420000010","1","7/8/2025","27297.28","CR","1050101","4215",""
"1948","187682","1","1050101","000104420000010","1","7/9/2025","27297.28","CR","1050101","4215",""
"1949","187770","1","1050101","000104420000010","1","7/10/2025","27297.28","CR","1050101","4215",""
"1950","187859","1","1050101","000104420000010","1","7/11/2025","27297.28","CR","1050101","4215",""
"1951","187948","1","1050101","000104420000010","1","7/12/2025","27297.28","CR","1050101","4215",""
"1952","188037","1","1050101","000104420000010","1","7/13/2025","27297.28","CR","1050101","4215",""
"1953","188126","1","1050101","000104420000010","1","7/14/2025","27297.28","CR","1050101","4215",""
"1954","188215","1","1050101","000104420000010","1","7/15/2025","27297.28","CR","1050101","4215",""
"1955","188304","1","1050101","000104420000010","1","7/16/2025","27297.28","CR","1050101","4215",""
"1956","188393","1","1050101","000104420000010","1","7/17/2025","27297.28","CR","1050101","4215",""
"1957","188482","1","1050101","000104420000010","1","7/18/2025","27297.28","CR","1050101","4215",""
"1958","188571","1","1050101","000104420000010","1","7/19/2025","27297.28","CR","1050101","4215",""
"1959","188660","1","1050101","000104420000010","1","7/20/2025","27297.28","CR","1050101","4215",""
"1960","188749","1","1050101","000104420000010","1","7/21/2025","27297.28","CR","1050101","4215",""
"1961","188838","1","1050101","000104420000010","1","7/22/2025","27297.28","CR","1050101","4215",""
"1962","188927","1","1050101","000104420000010","1","7/23/2025","27297.28","CR","1050101","4215",""
"1963","189018","1","1050101","000104420000010","1","7/24/2025","27297.28","CR","1050101","4215",""
"1964","189109","1","1050101","000104420000010","1","7/25/2025","27297.28","CR","1050101","4215",""
"1965","189200","1","1050101","000104420000010","1","7/26/2025","27297.28","CR","1050101","4215",""
"1966","189291","1","1050101","000104420000010","1","7/27/2025","27297.28","CR","1050101","4215",""
"1967","189382","1","1050101","000104420000010","1","7/28/2025","27297.28","CR","1050101","4215",""
"1968","189473","1","1050101","000104420000010","1","7/29/2025","27297.28","CR","1050101","4215",""
"1969","189564","1","1050101","000104420000010","1","7/30/2025","27297.28","CR","1050101","4215",""
"1970","189655","1","1050101","000104420000010","1","7/31/2025","27297.28","CR","1050101","4215",""
"1971","189737","1","1050101","000104420000010","1","7/31/2025","-846215.68","DR","1050101","4215","52"
"1972","189808","1","1050101","000104420000010","1","8/1/2025","28020.62","CR","1050101","4215",""
"1973","189899","1","1050101","000104420000010","1","8/2/2025","28020.62","CR","1050101","4215",""
"1974","189990","1","1050101","000104420000010","1","8/3/2025","28020.62","CR","1050101","4215",""
"1975","190081","1","1050101","000104420000010","1","8/4/2025","28020.62","CR","1050101","4215",""
"1976","190172","1","1050101","000104420000010","1","8/5/2025","28110.43","CR","1050101","4215",""
"1977","190263","1","1050101","000104420000010","1","8/6/2025","28110.43","CR","1050101","4215",""
"1978","190354","1","1050101","000104420000010","1","8/7/2025","28110.43","CR","1050101","4215",""
"1979","190445","1","1050101","000104420000010","1","8/8/2025","28110.43","CR","1050101","4215",""
"1980","190538","1","1050101","000104420000010","1","8/9/2025","28110.43","CR","1050101","4215",""
"1981","190631","1","1050101","000104420000010","1","8/10/2025","28110.43","CR","1050101","4215",""
"1982","190724","1","1050101","000104420000010","1","8/11/2025","28110.43","CR","1050101","4215",""
"1983","190847","1","1050101","000104420000010","1","8/12/2025","28110.43","CR","1050101","4215",""
"1984","190940","1","1050101","000104420000010","1","8/13/2025","28110.43","CR","1050101","4215",""
"1985","191033","1","1050101","000104420000010","1","8/14/2025","28110.43","CR","1050101","4215",""
"1986","191126","1","1050101","000104420000010","1","8/15/2025","28110.43","CR","1050101","4215",""
"1987","191219","1","1050101","000104420000010","1","8/16/2025","28110.43","CR","1050101","4215",""
"1988","191312","1","1050101","000104420000010","1","8/17/2025","28110.43","CR","1050101","4215",""
"1989","191405","1","1050101","000104420000010","1","8/18/2025","28110.43","CR","1050101","4215",""
"1990","191498","1","1050101","000104420000010","1","8/19/2025","28110.43","CR","1050101","4215",""
"1991","191591","1","1050101","000104420000010","1","8/20/2025","28110.43","CR","1050101","4215",""
"1992","191684","1","1050101","000104420000010","1","8/21/2025","28110.43","CR","1050101","4215",""
"1993","191777","1","1050101","000104420000010","1","8/22/2025","28110.43","CR","1050101","4215",""
"1994","191870","1","1050101","000104420000010","1","8/23/2025","28110.43","CR","1050101","4215",""
"1995","191963","1","1050101","000104420000010","1","8/24/2025","28110.43","CR","1050101","4215",""
"1996","192056","1","1050101","000104420000010","1","8/25/2025","28110.43","CR","1050101","4215",""
"1997","192149","1","1050101","000104420000010","1","8/26/2025","28110.43","CR","1050101","4215",""
"1998","192242","1","1050101","000104420000010","1","8/27/2025","28110.43","CR","1050101","4215",""
"1999","192336","1","1050101","000104420000010","1","8/28/2025","28110.43","CR","1050101","4215",""
"2000","192430","1","1050101","000104420000010","1","8/29/2025","28110.43","CR","1050101","4215",""
"2001","192524","1","1050101","000104420000010","1","8/30/2025","395.61","CR","1050101","4215",""
"2002","192618","1","1050101","000104420000010","1","8/31/2025","395.61","CR","1050101","4215",""
"2003","192703","1","1050101","000104420000010","1","8/31/2025","-815634.45","DR","1050101","4215","16"
"2004","192806","1","1050101","000104420000010","1","9/1/2025","1095.04","CR","1050101","4215",""
"2005","192900","1","1050101","000104420000010","1","9/2/2025","1095.04","CR","1050101","4215",""
"2006","192994","1","1050101","000104420000010","1","9/3/2025","1095.04","CR","1050101","4215",""
"2007","193088","1","1050101","000104420000010","1","9/4/2025","1095.04","CR","1050101","4215",""
"2008","193182","1","1050101","000104420000010","1","9/5/2025","1095.04","CR","1050101","4215",""
"2009","193277","1","1050101","000104420000010","1","9/6/2025","1095.04","CR","1050101","4215",""
"2010","193372","1","1050101","000104420000010","1","9/7/2025","1095.04","CR","1050101","4215",""
"2011","193467","1","1050101","000104420000010","1","9/8/2025","1095.04","CR","1050101","4215",""
"2012","193562","1","1050101","000104420000010","1","9/9/2025","1095.04","CR","1050101","4215",""
"2013","193657","1","1050101","000104420000010","1","9/10/2025","1095.04","CR","1050101","4215",""
"2014","193752","1","1050101","000104420000010","1","9/11/2025","1095.04","CR","1050101","4215",""
"2015","193847","1","1050101","000104420000010","1","9/12/2025","1091.54","CR","1050101","4215",""
"2016","193942","1","1050101","000104420000010","1","9/13/2025","1091.54","CR","1050101","4215",""
"2017","194037","1","1050101","000104420000010","1","9/14/2025","1091.54","CR","1050101","4215",""
"2018","194132","1","1050101","000104420000010","1","9/15/2025","1091.54","CR","1050101","4215",""
"2019","194227","1","1050101","000104420000010","1","9/16/2025","1091.54","CR","1050101","4215",""
"2020","194322","1","1050101","000104420000010","1","9/17/2025","1091.54","CR","1050101","4215",""
"2021","194417","1","1050101","000104420000010","1","9/18/2025","1091.54","CR","1050101","4215",""
"2022","194512","1","1050101","000104420000010","1","9/19/2025","1091.54","CR","1050101","4215",""
"2023","194607","1","1050101","000104420000010","1","9/20/2025","1091.54","CR","1050101","4215",""
"2024","194702","1","1050101","000104420000010","1","9/21/2025","1091.54","CR","1050101","4215",""
"2025","194797","1","1050101","000104420000010","1","9/22/2025","1091.54","CR","1050101","4215",""
"2026","194892","1","1050101","000104420000010","1","9/23/2025","1091.54","CR","1050101","4215",""
"2027","194987","1","1050101","000104420000010","1","9/24/2025","1091.54","CR","1050101","4215",""
"2028","195082","1","1050101","000104420000010","1","9/25/2025","1091.54","CR","1050101","4215",""
"2029","195177","1","1050101","000104420000010","1","9/26/2025","1091.54","CR","1050101","4215",""
"2030","195272","1","1050101","000104420000010","1","9/27/2025","1091.54","CR","1050101","4215",""
"2031","195367","1","1050101","000104420000010","1","9/28/2025","1091.54","CR","1050101","4215",""
"2032","195462","1","1050101","000104420000010","1","9/29/2025","1091.54","CR","1050101","4215",""
"2033","195557","1","1050101","000104420000010","1","9/30/2025","1091.54","CR","1050101","4215",""
"2034","195647","1","1050101","000104420000010","1","9/30/2025","-32784.70","DR","1050101","4215","23"
"2035","195726","1","1050101","000104420000010","1","10/1/2025","1119.57","CR","1050101","4215",""
"2036","195822","1","1050101","000104420000010","1","10/2/2025","1119.57","CR","1050101","4215",""
"2037","195918","1","1050101","000104420000010","1","10/3/2025","1119.57","CR","1050101","4215",""
"2038","196014","1","1050101","000104420000010","1","10/4/2025","1119.57","CR","1050101","4215",""
"2039","196110","1","1050101","000104420000010","1","10/5/2025","1119.57","CR","1050101","4215",""
"2040","196206","1","1050101","000104420000010","1","10/6/2025","1119.57","CR","1050101","4215",""
"2041","196325","1","1050101","000104420000010","1","10/7/2025","1119.57","CR","1050101","4215",""
"2042","196421","1","1050101","000104420000010","1","10/8/2025","1119.57","CR","1050101","4215",""
"2043","196517","1","1050101","000104420000010","1","10/9/2025","1119.57","CR","1050101","4215",""
"2044","196613","1","1050101","000104420000010","1","10/10/2025","1119.57","CR","1050101","4215",""
"2045","196709","1","1050101","000104420000010","1","10/11/2025","1119.57","CR","1050101","4215",""
"2046","196805","1","1050101","000104420000010","1","10/12/2025","1119.57","CR","1050101","4215",""
"2047","196901","1","1050101","000104420000010","1","10/13/2025","1119.57","CR","1050101","4215",""
"2048","196997","1","1050101","000104420000010","1","10/14/2025","1119.57","CR","1050101","4215",""
"2049","197093","1","1050101","000104420000010","1","10/15/2025","1119.57","CR","1050101","4215",""
"2050","197189","1","1050101","000104420000010","1","10/16/2025","1119.57","CR","1050101","4215",""
"2051","197285","1","1050101","000104420000010","1","10/17/2025","1119.57","CR","1050101","4215",""
"2052","197381","1","1050101","000104420000010","1","10/18/2025","1119.57","CR","1050101","4215",""
"2053","197477","1","1050101","000104420000010","1","10/19/2025","1119.57","CR","1050101","4215",""
"2054","197573","1","1050101","000104420000010","1","10/20/2025","1119.57","CR","1050101","4215",""
"2055","197669","1","1050101","000104420000010","1","10/21/2025","1119.57","CR","1050101","4215",""
"2056","197765","1","1050101","000104420000010","1","10/22/2025","1119.57","CR","1050101","4215",""
"2057","197861","1","1050101","000104420000010","1","10/23/2025","1119.57","CR","1050101","4215",""
"2058","197957","1","1050101","000104420000010","1","10/24/2025","1119.57","CR","1050101","4215",""
"2059","198053","1","1050101","000104420000010","1","10/25/2025","1119.57","CR","1050101","4215",""
"2060","198149","1","1050101","000104420000010","1","10/26/2025","1119.57","CR","1050101","4215",""
"2061","198245","1","1050101","000104420000010","1","10/27/2025","1119.57","CR","1050101","4215",""
"2062","198341","1","1050101","000104420000010","1","10/28/2025","1119.57","CR","1050101","4215",""
"2063","198437","1","1050101","000104420000010","1","10/29/2025","1119.57","CR","1050101","4215",""
"2064","198533","1","1050101","000104420000010","1","10/30/2025","1119.57","CR","1050101","4215",""
"2065","198629","1","1050101","000104420000010","1","10/31/2025","1119.57","CR","1050101","4215",""
"2066","198719","1","1050101","000104420000010","1","10/31/2025","-34706.67","DR","1050101","4215","52"
"2067","198823","1","1050101","000104420000010","1","11/1/2025","1149.24","CR","1050101","4215",""
"2068","198920","1","1050101","000104420000010","1","11/2/2025","1149.24","CR","1050101","4215",""
"2069","199017","1","1050101","000104420000010","1","11/3/2025","1149.24","CR","1050101","4215",""
"2070","199114","1","1050101","000104420000010","1","11/4/2025","1149.24","CR","1050101","4215",""
"2071","199211","1","1050101","000104420000010","1","11/5/2025","1149.24","CR","1050101","4215",""
"2072","199308","1","1050101","000104420000010","1","11/6/2025","1149.24","CR","1050101","4215",""
"2073","199405","1","1050101","000104420000010","1","11/7/2025","1149.24","CR","1050101","4215",""
"2074","199502","1","1050101","000104420000010","1","11/8/2025","1149.24","CR","1050101","4215",""
"2075","199599","1","1050101","000104420000010","1","11/9/2025","1149.24","CR","1050101","4215",""
"2076","199696","1","1050101","000104420000010","1","11/10/2025","1149.24","CR","1050101","4215",""
"2077","199793","1","1050101","000104420000010","1","11/11/2025","1149.24","CR","1050101","4215",""
"2078","199890","1","1050101","000104420000010","1","11/12/2025","1149.24","CR","1050101","4215",""
"2079","199987","1","1050101","000104420000010","1","11/13/2025","1149.24","CR","1050101","4215",""
"2080","200084","1","1050101","000104420000010","1","11/14/2025","1149.24","CR","1050101","4215",""
"2081","200181","1","1050101","000104420000010","1","11/15/2025","1149.24","CR","1050101","4215",""
"2082","200278","1","1050101","000104420000010","1","11/16/2025","1149.24","CR","1050101","4215",""
"2083","200375","1","1050101","000104420000010","1","11/17/2025","1149.24","CR","1050101","4215",""
"2084","200472","1","1050101","000104420000010","1","11/18/2025","1149.24","CR","1050101","4215",""
"2085","200569","1","1050101","000104420000010","1","11/19/2025","1149.24","CR","1050101","4215",""
"2086","200666","1","1050101","000104420000010","1","11/20/2025","1149.24","CR","1050101","4215",""
"2087","200763","1","1050101","000104420000010","1","11/21/2025","1149.24","CR","1050101","4215",""
"2088","200860","1","1050101","000104420000010","1","11/22/2025","1149.24","CR","1050101","4215",""
"2089","200957","1","1050101","000104420000010","1","11/23/2025","1149.24","CR","1050101","4215",""
"2090","201054","1","1050101","000104420000010","1","11/24/2025","1149.24","CR","1050101","4215",""
"2091","201151","1","1050101","000104420000010","1","11/25/2025","1149.24","CR","1050101","4215",""
"2092","201248","1","1050101","000104420000010","1","11/26/2025","1149.24","CR","1050101","4215",""
"2093","201345","1","1050101","000104420000010","1","11/27/2025","1149.24","CR","1050101","4215",""
"2094","201440","1","1050101","000104420000010","1","11/28/2025","1149.24","CR","1050101","4215",""
"2095","201534","1","1050101","000104420000010","1","11/29/2025","1149.24","CR","1050101","4215",""
"2096","201629","1","1050101","000104420000010","1","11/30/2025","1149.24","CR","1050101","4215",""
"2097","201719","1","1050101","000104420000010","1","11/30/2025","-34477.20","DR","1050101","4215","28"
"2098","201820","1","1050101","000104420000010","1","12/1/2025","1178.71","CR","1050101","4215",""
"2099","201915","1","1050101","000104420000010","1","12/2/2025","1178.71","CR","1050101","4215",""
"2100","202010","1","1050101","000104420000010","1","12/3/2025","1178.71","CR","1050101","4215",""
"2101","202105","1","1050101","000104420000010","1","12/4/2025","1178.71","CR","1050101","4215",""
"2102","202200","1","1050101","000104420000010","1","12/5/2025","1178.71","CR","1050101","4215",""
"2103","202295","1","1050101","000104420000010","1","12/6/2025","1178.71","CR","1050101","4215",""
"2104","202390","1","1050101","000104420000010","1","12/7/2025","1178.71","CR","1050101","4215",""
"2105","202485","1","1050101","000104420000010","1","12/8/2025","1178.71","CR","1050101","4215",""
"2106","202578","1","1050101","000104420000010","1","12/9/2025","1178.71","CR","1050101","4215",""
"2107","202671","1","1050101","000104420000010","1","12/10/2025","1178.71","CR","1050101","4215",""
"2108","202761","1","1050101","000104420000010","1","12/11/2025","1178.71","CR","1050101","4215",""
"2109","202844","1","1050101","000104420000010","1","12/12/2025","1178.71","CR","1050101","4215",""
"2110","202927","1","1050101","000104420000010","1","12/13/2025","1178.71","CR","1050101","4215",""
"2111","203010","1","1050101","000104420000010","1","12/14/2025","1178.71","CR","1050101","4215",""
"2112","203093","1","1050101","000104420000010","1","12/15/2025","1178.71","CR","1050101","4215",""
"2113","203176","1","1050101","000104420000010","1","12/16/2025","1178.71","CR","1050101","4215",""
"2114","203246","1","1050101","000104420000010","1","12/17/2025","1178.71","CR","1050101","4215",""
"2115","203316","1","1050101","000104420000010","1","12/18/2025","1178.71","CR","1050101","4215",""
"2116","203389","1","1050101","000104420000010","1","12/19/2025","1178.71","CR","1050101","4215",""
"2117","203463","1","1050101","000104420000010","1","12/20/2025","1178.71","CR","1050101","4215",""
"2118","203537","1","1050101","000104420000010","1","12/21/2025","1178.71","CR","1050101","4215",""
"2119","203611","1","1050101","000104420000010","1","12/22/2025","1178.71","CR","1050101","4215",""
"2120","203679","1","1050101","000104420000010","1","12/23/2025","1178.71","CR","1050101","4215",""
"2121","203753","1","1050101","000104420000010","1","12/24/2025","1178.71","CR","1050101","4215",""
"2122","203827","1","1050101","000104420000010","1","12/25/2025","1178.71","CR","1050101","4215",""
"2123","203901","1","1050101","000104420000010","1","12/26/2025","1178.71","CR","1050101","4215",""
"2124","203975","1","1050101","000104420000010","1","12/27/2025","1178.71","CR","1050101","4215",""
"2125","204049","1","1050101","000104420000010","1","12/28/2025","1178.71","CR","1050101","4215",""
"2126","204123","1","1050101","000104420000010","1","12/29/2025","1182.48","CR","1050101","4215",""
"2127","204202","1","1050101","000104420000010","1","12/30/2025","1182.48","CR","1050101","4215",""
"2128","204465","1","1050101","000104420000010","1","12/31/2025","1182.48","CR","1050101","4215",""
"2129","204541","1","1050101","000104420000010","1","12/31/2025","-36551.32","DR","1050101","4215","30"
"2130","204614","1","1050101","000104420000010","1","1/1/2026","1286.81","CR","1050101","4215",""
"2131","204691","1","1050101","000104420000010","1","1/2/2026","1286.81","CR","1050101","4215",""
"2132","204768","1","1050101","000104420000010","1","1/3/2026","1286.81","CR","1050101","4215",""
"2133","204845","1","1050101","000104420000010","1","1/4/2026","1286.81","CR","1050101","4215",""
"2134","204922","1","1050101","000104420000010","1","1/5/2026","1286.81","CR","1050101","4215",""
"2135","204999","1","1050101","000104420000010","1","1/6/2026","1286.81","CR","1050101","4215",""
"2136","205076","1","1050101","000104420000010","1","1/7/2026","1286.81","CR","1050101","4215",""
"2137","205153","1","1050101","000104420000010","1","1/8/2026","1286.81","CR","1050101","4215",""
"2138","205230","1","1050101","000104420000010","1","1/9/2026","1286.81","CR","1050101","4215",""
"2139","205307","1","1050101","000104420000010","1","1/10/2026","1286.81","CR","1050101","4215",""
"2140","205384","1","1050101","000104420000010","1","1/11/2026","1286.81","CR","1050101","4215",""
"2141","205461","1","1050101","000104420000010","1","1/12/2026","1286.81","CR","1050101","4215",""
"2142","205537","1","1050101","000104420000010","1","1/13/2026","1286.81","CR","1050101","4215",""
"2143","205613","1","1050101","000104420000010","1","1/14/2026","1286.81","CR","1050101","4215",""
"2144","205689","1","1050101","000104420000010","1","1/15/2026","1286.81","CR","1050101","4215",""
"2145","205765","1","1050101","000104420000010","1","1/16/2026","1286.81","CR","1050101","4215",""
"2146","205841","1","1050101","000104420000010","1","1/17/2026","1286.81","CR","1050101","4215",""
"2147","205917","1","1050101","000104420000010","1","1/18/2026","1286.81","CR","1050101","4215",""
"2148","205993","1","1050101","000104420000010","1","1/19/2026","1286.81","CR","1050101","4215",""
"2149","206070","1","1050101","000104420000010","1","1/20/2026","1286.81","CR","1050101","4215",""
"2150","206147","1","1050101","000104420000010","1","1/21/2026","1286.81","CR","1050101","4215",""
"2151","206224","1","1050101","000104420000010","1","1/22/2026","1286.81","CR","1050101","4215",""
"2152","206301","1","1050101","000104420000010","1","1/23/2026","1286.81","CR","1050101","4215",""
"2153","206378","1","1050101","000104420000010","1","1/24/2026","1286.81","CR","1050101","4215",""
"2154","206455","1","1050101","000104420000010","1","1/25/2026","1286.81","CR","1050101","4215",""
"2155","206532","1","1050101","000104420000010","1","1/26/2026","1286.81","CR","1050101","4215",""
"2156","206609","1","1050101","000104420000010","1","1/27/2026","1286.81","CR","1050101","4215",""
"2157","206686","1","1050101","000104420000010","1","1/28/2026","1286.81","CR","1050101","4215",""
"2158","206763","1","1050101","000104420000010","1","1/29/2026","1286.81","CR","1050101","4215",""
"2159","206840","1","1050101","000104420000010","1","1/30/2026","1286.81","CR","1050101","4215",""
"2160","206917","1","1050101","000104420000010","1","1/31/2026","1286.81","CR","1050101","4215",""
"2161","206994","1","1050101","000104420000010","1","1/31/2026","-39891.11","DR","1050101","4215","27"
"2162","207067","1","1050101","000104420000010","1","2/1/2026","1321.02","CR","1050101","4215",""
"2163","207144","1","1050101","000104420000010","1","2/2/2026","1321.02","CR","1050101","4215",""
"2164","207221","1","1050101","000104420000010","1","2/3/2026","1321.02","CR","1050101","4215",""
"2165","207298","1","1050101","000104420000010","1","2/4/2026","1295.70","CR","1050101","4215",""
"2166","207375","1","1050101","000104420000010","1","2/5/2026","1295.70","CR","1050101","4215",""
"2167","207452","1","1050101","000104420000010","1","2/6/2026","1295.70","CR","1050101","4215",""
"2168","207529","1","1050101","000104420000010","1","2/7/2026","1295.70","CR","1050101","4215",""
"2169","207606","1","1050101","000104420000010","1","2/8/2026","1295.70","CR","1050101","4215",""
"2170","207683","1","1050101","000104420000010","1","2/9/2026","1295.70","CR","1050101","4215",""
"2171","207760","1","1050101","000104420000010","1","2/10/2026","1295.70","CR","1050101","4215",""
"2172","207838","1","1050101","000104420000010","1","2/11/2026","1295.70","CR","1050101","4215",""
"2173","207916","1","1050101","000104420000010","1","2/12/2026","1295.70","CR","1050101","4215",""
"2174","207994","1","1050101","000104420000010","1","2/13/2026","1295.70","CR","1050101","4215",""
"2175","208072","1","1050101","000104420000010","1","2/14/2026","1295.70","CR","1050101","4215",""
"2176","208150","1","1050101","000104420000010","1","2/15/2026","1295.70","CR","1050101","4215",""
"2177","208228","1","1050101","000104420000010","1","2/16/2026","1295.70","CR","1050101","4215",""
"2178","208306","1","1050101","000104420000010","1","2/17/2026","1295.70","CR","1050101","4215",""
"2179","208384","1","1050101","000104420000010","1","2/18/2026","1295.70","CR","1050101","4215",""
"2180","208462","1","1050101","000104420000010","1","2/19/2026","1295.70","CR","1050101","4215",""
"2181","208540","1","1050101","000104420000010","1","2/20/2026","1295.70","CR","1050101","4215",""
"2182","208618","1","1050101","000104420000010","1","2/21/2026","1295.70","CR","1050101","4215",""
"2183","208696","1","1050101","000104420000010","1","2/22/2026","1295.70","CR","1050101","4215",""
"2184","208774","1","1050101","000104420000010","1","2/23/2026","1295.70","CR","1050101","4215",""
"2185","208852","1","1050101","000104420000010","1","2/24/2026","1295.70","CR","1050101","4215",""
"2186","208930","1","1050101","000104420000010","1","2/25/2026","1295.70","CR","1050101","4215",""
"2187","209008","1","1050101","000104420000010","1","2/26/2026","1295.70","CR","1050101","4215",""
"2188","209086","1","1050101","000104420000010","1","2/27/2026","1295.70","CR","1050101","4215",""
"2189","209164","1","1050101","000104420000010","1","2/28/2026","1295.70","CR","1050101","4215",""
"2190","209243","1","1050101","000104420000010","1","2/28/2026","-36355.56","DR","1050101","4215","32"
"2191","209320","1","1050101","000104420000010","1","3/1/2026","1326.28","CR","1050101","4215",""
"2192","209398","1","1050101","000104420000010","1","3/2/2026","1326.28","CR","1050101","4215",""
"2193","209476","1","1050101","000104420000010","1","3/3/2026","1326.28","CR","1050101","4215",""
"2194","209554","1","1050101","000104420000010","1","3/4/2026","1326.28","CR","1050101","4215",""
"2195","209632","1","1050101","000104420000010","1","3/5/2026","1283.07","CR","1050101","4215",""
"2196","209710","1","1050101","000104420000010","1","3/6/2026","1283.07","CR","1050101","4215",""
"2197","209788","1","1050101","000104420000010","1","3/7/2026","1283.07","CR","1050101","4215",""
"2198","209866","1","1050101","000104420000010","1","3/8/2026","1283.07","CR","1050101","4215",""
"2199","209944","1","1050101","000104420000010","1","3/9/2026","1226.91","CR","1050101","4215",""
"2200","210022","1","1050101","000104420000010","1","3/10/2026","1226.91","CR","1050101","4215",""
"2201","210100","1","1050101","000104420000010","1","3/11/2026","1226.91","CR","1050101","4215",""
"2202","210178","1","1050101","000104420000010","1","3/12/2026","1226.91","CR","1050101","4215",""
"2203","210256","1","1050101","000104420000010","1","3/13/2026","1226.91","CR","1050101","4215",""
"2204","210334","1","1050101","000104420000010","1","3/14/2026","1226.91","CR","1050101","4215",""
"2205","210412","1","1050101","000104420000010","1","3/15/2026","1226.91","CR","1050101","4215",""
"2206","210490","1","1050101","000104420000010","1","3/16/2026","1226.91","CR","1050101","4215",""
"2207","210568","1","1050101","000104420000010","1","3/17/2026","1226.91","CR","1050101","4215",""
"2208","210646","1","1050101","000104420000010","1","3/18/2026","1226.91","CR","1050101","4215",""
"2209","210724","1","1050101","000104420000010","1","3/19/2026","1226.91","CR","1050101","4215",""
"2210","210802","1","1050101","000104420000010","1","3/20/2026","1226.91","CR","1050101","4215",""
"2211","210880","1","1050101","000104420000010","1","3/21/2026","1226.91","CR","1050101","4215",""
"2212","210958","1","1050101","000104420000010","1","3/22/2026","1226.91","CR","1050101","4215",""
"2213","211036","1","1050101","000104420000010","1","3/23/2026","1226.91","CR","1050101","4215",""
"2214","211114","1","1050101","000104420000010","1","3/24/2026","1226.91","CR","1050101","4215",""
"2215","211193","1","1050101","000104420000010","1","3/25/2026","1226.91","CR","1050101","4215",""
"2216","211273","1","1050101","000104420000010","1","3/26/2026","1226.91","CR","1050101","4215",""
"2217","211353","1","1050101","000104420000010","1","3/27/2026","1226.91","CR","1050101","4215",""
"2218","211433","1","1050101","000104420000010","1","3/28/2026","1226.91","CR","1050101","4215",""
"2219","211513","1","1050101","000104420000010","1","3/29/2026","1226.91","CR","1050101","4215",""
"2220","211593","1","1050101","000104420000010","1","3/30/2026","1226.91","CR","1050101","4215",""
"2221","211673","1","1050101","000104420000010","1","3/31/2026","1226.91","CR","1050101","4215",""
"2222","211757","1","1050101","000104420000010","1","3/31/2026","-38656.33","DR","1050101","4215","48"
"2223","211833","1","1050101","000104420000010","1","4/1/2026","1256.99","CR","1050101","4215",""
"2224","211913","1","1050101","000104420000010","1","4/2/2026","1256.99","CR","1050101","4215",""
"2225","211993","1","1050101","000104420000010","1","4/3/2026","1256.99","CR","1050101","4215",""
"2226","212073","1","1050101","000104420000010","1","4/4/2026","1256.99","CR","1050101","4215",""
"2227","212153","1","1050101","000104420000010","1","4/5/2026","1256.99","CR","1050101","4215",""
"2228","212233","1","1050101","000104420000010","1","4/6/2026","1256.99","CR","1050101","4215",""
"2229","212313","1","1050101","000104420000010","1","4/7/2026","1256.99","CR","1050101","4215",""
"2230","212393","1","1050101","000104420000010","1","4/8/2026","1256.99","CR","1050101","4215",""
"2231","212473","1","1050101","000104420000010","1","4/9/2026","1256.99","CR","1050101","4215",""
"2232","212553","1","1050101","000104420000010","1","4/10/2026","1256.99","CR","1050101","4215",""
"2233","212633","1","1050101","000104420000010","1","4/11/2026","1256.99","CR","1050101","4215",""
"2234","212713","1","1050101","000104420000010","1","4/12/2026","1256.99","CR","1050101","4215",""
"2235","212793","1","1050101","000104420000010","1","4/13/2026","1256.99","CR","1050101","4215",""
"2236","212873","1","1050101","000104420000010","1","4/14/2026","1256.99","CR","1050101","4215",""
"2237","212953","1","1050101","000104420000010","1","4/15/2026","1256.99","CR","1050101","4215",""
"2238","213033","1","1050101","000104420000010","1","4/16/2026","1256.99","CR","1050101","4215",""
"2239","213113","1","1050101","000104420000010","1","4/17/2026","1256.99","CR","1050101","4215",""
"2240","213193","1","1050101","000104420000010","1","4/18/2026","1256.99","CR","1050101","4215",""
"2241","213273","1","1050101","000104420000010","1","4/19/2026","1256.99","CR","1050101","4215",""
"2242","213353","1","1050101","000104420000010","1","4/20/2026","1186.17","CR","1050101","4215",""
"2243","213433","1","1050101","000104420000010","1","4/21/2026","1186.17","CR","1050101","4215",""
"2244","213513","1","1050101","000104420000010","1","4/22/2026","1186.17","CR","1050101","4215",""
"2245","213593","1","1050101","000104420000010","1","4/23/2026","1186.17","CR","1050101","4215",""
"2246","213674","1","1050101","000104420000010","1","4/24/2026","1186.17","CR","1050101","4215",""
"2247","213755","1","1050101","000104420000010","1","4/25/2026","1186.17","CR","1050101","4215",""
"2248","213836","1","1050101","000104420000010","1","4/26/2026","1186.17","CR","1050101","4215",""
"2249","213917","1","1050101","000104420000010","1","4/27/2026","1186.17","CR","1050101","4215",""
"2250","213998","1","1050101","000104420000010","1","4/28/2026","1186.17","CR","1050101","4215",""
"2251","214080","1","1050101","000104420000010","1","4/29/2026","1186.17","CR","1050101","4215",""
"2252","214162","1","1050101","000104420000010","1","4/30/2026","1186.17","CR","1050101","4215",""
"2253","214249","1","1050101","000104420000010","1","4/30/2026","-36930.68","DR","1050101","4215","26"
"2254","214324","1","1050101","000104420000010","1","5/1/2026","24938.67","CR","1050101","4215",""
"2255","214404","1","1050101","000104420000010","1","5/2/2026","24938.67","CR","1050101","4215",""
"2256","214484","1","1050101","000104420000010","1","5/3/2026","24938.67","CR","1050101","4215",""
"2257","214564","1","1050101","000104420000010","1","5/4/2026","24938.67","CR","1050101","4215",""
"2258","214644","1","1050101","000104420000010","1","5/5/2026","24938.67","CR","1050101","4215",""
"2259","214724","1","1050101","000104420000010","1","5/6/2026","24938.67","CR","1050101","4215",""
"2260","214804","1","1050101","000104420000010","1","5/7/2026","24938.67","CR","1050101","4215",""
"2261","214884","1","1050101","000104420000010","1","5/8/2026","24938.67","CR","1050101","4215",""
"2262","214964","1","1050101","000104420000010","1","5/9/2026","24938.67","CR","1050101","4215",""
"2263","215044","1","1050101","000104420000010","1","5/10/2026","24938.67","CR","1050101","4215",""
"2264","215124","1","1050101","000104420000010","1","5/11/2026","24938.67","CR","1050101","4215",""
"2265","215204","1","1050101","000104420000010","1","5/12/2026","24938.67","CR","1050101","4215",""
"2266","215284","1","1050101","000104420000010","1","5/13/2026","24938.67","CR","1050101","4215",""
"2267","215364","1","1050101","000104420000010","1","5/14/2026","24938.67","CR","1050101","4215",""
"2268","215444","1","1050101","000104420000010","1","5/15/2026","24938.67","CR","1050101","4215",""
"2269","215524","1","1050101","000104420000010","1","5/16/2026","24938.67","CR","1050101","4215",""
"2270","215604","1","1050101","000104420000010","1","5/17/2026","24938.67","CR","1050101","4215",""
"2271","215684","1","1050101","000104420000010","1","5/18/2026","24938.67","CR","1050101","4215",""
"2272","215764","1","1050101","000104420000010","1","5/19/2026","24938.67","CR","1050101","4215",""
"2273","215844","1","1050101","000104420000010","1","5/20/2026","3244.44","CR","1050101","4215",""
"2274","215924","1","1050101","000104420000010","1","5/21/2026","3244.44","CR","1050101","4215",""
"2275","216004","1","1050101","000104420000010","1","5/22/2026","3244.44","CR","1050101","4215",""
"2276","216084","1","1050101","000104420000010","1","5/23/2026","3244.44","CR","1050101","4215",""
"2277","216164","1","1050101","000104420000010","1","5/24/2026","3244.44","CR","1050101","4215",""
"2278","216244","1","1050101","000104420000010","1","5/25/2026","3244.44","CR","1050101","4215",""
"2279","216324","1","1050101","000104420000010","1","5/26/2026","3244.44","CR","1050101","4215",""
"2280","216404","1","1050101","000104420000010","1","5/27/2026","3244.44","CR","1050101","4215",""
"2281","216484","1","1050101","000104420000010","1","5/28/2026","3244.44","CR","1050101","4215",""
"2282","216564","1","1050101","000104420000010","1","5/29/2026","3244.44","CR","1050101","4215",""
"2283","216644","1","1050101","000104420000010","1","5/30/2026","3244.44","CR","1050101","4215",""
"2284","216724","1","1050101","000104420000010","1","5/31/2026","3244.44","CR","1050101","4215",""
"2285","216806","1","1050101","000104420000010","1","5/31/2026","-512768.01","DR","1050101","4215","34"
"2286","216885","1","1050101","000104420000010","1","6/1/2026","3620.94","CR","1050101","4215",""
"2287","216965","1","1050101","000104420000010","1","6/2/2026","3620.94","CR","1050101","4215",""
"2288","217047","1","1050101","000104420000010","1","6/3/2026","3620.94","CR","1050101","4215",""
"2289","217129","1","1050101","000104420000010","1","6/4/2026","3620.94","CR","1050101","4215",""
"2290","217211","1","1050101","000104420000010","1","6/5/2026","3620.94","CR","1050101","4215",""
"2291","217293","1","1050101","000104420000010","1","6/6/2026","3620.94","CR","1050101","4215",""
"2292","217375","1","1050101","000104420000010","1","6/7/2026","3620.94","CR","1050101","4215",""
"2293","217457","1","1050101","000104420000010","1","6/8/2026","3620.94","CR","1050101","4215",""
"2294","217539","1","1050101","000104420000010","1","6/9/2026","3620.94","CR","1050101","4215",""
"2295","217621","1","1050101","000104420000010","1","6/10/2026","3620.94","CR","1050101","4215",""
"2296","217703","1","1050101","000104420000010","1","6/11/2026","3620.94","CR","1050101","4215",""
"2297","217785","1","1050101","000104420000010","1","6/12/2026","3620.94","CR","1050101","4215",""
"2298","217867","1","1050101","000104420000010","1","6/13/2026","3620.94","CR","1050101","4215",""
"2299","217949","1","1050101","000104420000010","1","6/14/2026","3620.94","CR","1050101","4215",""
"2300","218031","1","1050101","000104420000010","1","6/15/2026","3620.94","CR","1050101","4215",""
"2301","218113","1","1050101","000104420000010","1","6/16/2026","3620.94","CR","1050101","4215",""
"2302","218195","1","1050101","000104420000010","1","6/17/2026","3620.94","CR","1050101","4215",""
"2303","218277","1","1050101","000104420000010","1","6/18/2026","3620.94","CR","1050101","4215",""
"2304","218359","1","1050101","000104420000010","1","6/19/2026","3620.94","CR","1050101","4215",""
"2305","218440","1","1050101","000104420000010","1","6/20/2026","3620.94","CR","1050101","4215",""
"2306","218521","1","1050101","000104420000010","1","6/21/2026","3620.94","CR","1050101","4215",""
"2307","218602","1","1050101","000104420000010","1","6/22/2026","3620.94","CR","1050101","4215",""
"2308","218683","1","1050101","000104420000010","1","6/23/2026","3620.94","CR","1050101","4215",""
"2309","218764","1","1050101","000104420000010","1","6/24/2026","3620.94","CR","1050101","4215",""
"2310","218845","1","1050101","000104420000010","1","6/25/2026","3620.94","CR","1050101","4215",""
"2311","218926","1","1050101","000104420000010","1","6/26/2026","3620.94","CR","1050101","4215",""
"2312","219006","1","1050101","000104420000010","1","6/27/2026","3620.94","CR","1050101","4215",""
"2313","219086","1","1050101","000104420000010","1","6/28/2026","3620.94","CR","1050101","4215",""
"2314","219166","1","1050101","000104420000010","1","6/29/2026","3620.94","CR","1050101","4215",""
"2315","219244","1","1050101","000104420000010","1","6/30/2026","3620.94","CR","1050101","4215",""
"2316","219322","1","1050101","000104420000010","1","6/30/2026","-108628.20","DR","1050101","4215","38"
"2317","219402","1","1050101","000104420000010","1","7/1/2026","3700.70","CR","1050101","4215",""
"2318","219481","1","1050101","000104420000010","1","7/2/2026","3700.70","CR","1050101","4215",""
"2319","219560","1","1050101","000104420000010","1","7/3/2026","3700.70","CR","1050101","4215",""
"2320","219639","1","1050101","000104420000010","1","7/4/2026","3700.70","CR","1050101","4215",""
"2321","219718","1","1050101","000104420000010","1","7/5/2026","3700.70","CR","1050101","4215",""
"2322","219797","1","1050101","000104420000010","1","7/6/2026","3700.70","CR","1050101","4215",""
"2323","219876","1","1050101","000104420000010","1","7/7/2026","3700.70","CR","1050101","4215",""
"2324","219955","1","1050101","000104420000010","1","7/8/2026","3700.70","CR","1050101","4215",""
"2325","220034","1","1050101","000104420000010","1","7/9/2026","3700.70","CR","1050101","4215",""
"2326","220113","1","1050101","000104420000010","1","7/10/2026","3700.70","CR","1050101","4215",""
"2327","220192","1","1050101","000104420000010","1","7/11/2026","3700.70","CR","1050101","4215",""
"2328","220271","1","1050101","000104420000010","1","7/12/2026","3700.70","CR","1050101","4215",""
"2329","220350","1","1050101","000104420000010","1","7/13/2026","3700.70","CR","1050101","4215",""
"2330","220429","1","1050101","000104420000010","1","7/14/2026","3700.70","CR","1050101","4215",""
"2331","220508","1","1050101","000104420000010","1","7/15/2026","3700.70","CR","1050101","4215",""
"2332","220587","1","1050101","000104420000010","1","7/16/2026","3700.70","CR","1050101","4215",""
"2333","220666","1","1050101","000104420000010","1","7/17/2026","3700.70","CR","1050101","4215",""
"2334","220745","1","1050101","000104420000010","1","7/18/2026","3700.70","CR","1050101","4215",""
"2335","220824","1","1050101","000104420000010","1","7/19/2026","3700.70","CR","1050101","4215",""
"2336","220903","1","1050101","000104420000010","1","7/20/2026","3700.70","CR","1050101","4215",""
"2337","220982","1","1050101","000104420000010","1","7/21/2026","3700.70","CR","1050101","4215",""
"2338","221061","1","1050101","000104420000010","1","7/22/2026","3700.70","CR","1050101","4215",""
"2339","221139","1","1050101","000104420000010","1","7/23/2026","3700.70","CR","1050101","4215",""
"2340","221217","1","1050101","000104420000010","1","7/24/2026","3700.70","CR","1050101","4215",""
"2341","221295","1","1050101","000104420000010","1","7/25/2026","3700.70","CR","1050101","4215",""
"2342","221373","1","1050101","000104420000010","1","7/26/2026","3700.70","CR","1050101","4215",""
"2343","221451","1","1050101","000104420000010","1","7/27/2026","3700.70","CR","1050101","4215",""
"2344","221529","1","1050101","000104420000010","1","7/28/2026","3700.70","CR","1050101","4215",""
"2345","221607","1","1050101","000104420000010","1","7/29/2026","3700.70","CR","1050101","4215",""
"2346","221685","1","1050101","000104420000010","1","7/30/2026","3700.70","CR","1050101","4215",""
"2347","221763","1","1050101","000104420000010","1","7/31/2026","3700.70","CR","1050101","4215",""
"2348","221844","1","1050101","000104420000010","1","7/31/2026","-114721.70","DR","1050101","4215","45"
"2349","221920","1","1050101","000104420000010","1","8/1/2026","3784.93","CR","1050101","4215",""
"2350","221999","1","1050101","000104420000010","1","8/2/2026","3784.93","CR","1050101","4215",""
"2351","222078","1","1050101","000104420000010","1","8/3/2026","3784.93","CR","1050101","4215",""
"2352","222157","1","1050101","000104420000010","1","8/4/2026","3784.93","CR","1050101","4215",""
"2353","222236","1","1050101","000104420000010","1","8/5/2026","3784.93","CR","1050101","4215",""
"2354","222315","1","1050101","000104420000010","1","8/6/2026","3784.93","CR","1050101","4215",""
"2355","222394","1","1050101","000104420000010","1","8/7/2026","3784.93","CR","1050101","4215",""
"2356","222473","1","1050101","000104420000010","1","8/8/2026","3784.93","CR","1050101","4215",""
"2357","222552","1","1050101","000104420000010","1","8/9/2026","3784.93","CR","1050101","4215",""
"2358","222631","1","1050101","000104420000010","1","8/10/2026","3784.93","CR","1050101","4215",""
"2359","222710","1","1050101","000104420000010","1","8/11/2026","3784.93","CR","1050101","4215",""
"2360","222789","1","1050101","000104420000010","1","8/12/2026","3784.93","CR","1050101","4215",""
"2361","222868","1","1050101","000104420000010","1","8/13/2026","3784.93","CR","1050101","4215",""
"2362","222947","1","1050101","000104420000010","1","8/14/2026","3784.93","CR","1050101","4215",""
"2363","223026","1","1050101","000104420000010","1","8/15/2026","3784.93","CR","1050101","4215",""
"2364","223105","1","1050101","000104420000010","1","8/16/2026","3784.93","CR","1050101","4215",""
"2365","223184","1","1050101","000104420000010","1","8/17/2026","3784.93","CR","1050101","4215",""
"2366","223264","1","1050101","000104420000010","1","8/18/2026","3784.93","CR","1050101","4215",""
"2367","223344","1","1050101","000104420000010","1","8/19/2026","3784.93","CR","1050101","4215",""
"2368","223424","1","1050101","000104420000010","1","8/20/2026","3784.93","CR","1050101","4215",""
"2369","223504","1","1050101","000104420000010","1","8/21/2026","3784.93","CR","1050101","4215",""
"2370","223584","1","1050101","000104420000010","1","8/22/2026","3784.93","CR","1050101","4215",""
"2371","223664","1","1050101","000104420000010","1","8/23/2026","3784.93","CR","1050101","4215",""
"2372","223744","1","1050101","000104420000010","1","8/24/2026","3784.93","CR","1050101","4215",""
"2373","223824","1","1050101","000104420000010","1","8/25/2026","3784.93","CR","1050101","4215",""
"2374","223905","1","1050101","000104420000010","1","8/26/2026","3784.93","CR","1050101","4215",""
"2375","223986","1","1050101","000104420000010","1","8/27/2026","3784.93","CR","1050101","4215",""
"2376","224067","1","1050101","000104420000010","1","8/28/2026","3784.93","CR","1050101","4215",""
"2377","224148","1","1050101","000104420000010","1","8/29/2026","3784.93","CR","1050101","4215",""
"2378","224229","1","1050101","000104420000010","1","8/30/2026","3784.93","CR","1050101","4215",""
"2379","224310","1","1050101","000104420000010","1","8/31/2026","3784.93","CR","1050101","4215",""
"2380","224394","1","1050101","000104420000010","1","8/31/2026","-117332.83","DR","1050101","4215","51"
"2381","224474","1","1050101","000104420000010","1","9/1/2026","3871.08","CR","1050101","4215",""
"2382","224556","1","1050101","000104420000010","1","9/2/2026","3871.08","CR","1050101","4215",""
"2383","224638","1","1050101","000104420000010","1","9/3/2026","3871.08","CR","1050101","4215",""
"2384","224720","1","1050101","000104420000010","1","9/4/2026","3871.08","CR","1050101","4215",""
"2385","224802","1","1050101","000104420000010","1","9/5/2026","3871.08","CR","1050101","4215",""
"2386","224884","1","1050101","000104420000010","1","9/6/2026","3871.08","CR","1050101","4215",""
"2387","224966","1","1050101","000104420000010","1","9/7/2026","3871.08","CR","1050101","4215",""
"2388","225048","1","1050101","000104420000010","1","9/8/2026","3871.08","CR","1050101","4215",""
"2389","225130","1","1050101","000104420000010","1","9/9/2026","3871.08","CR","1050101","4215",""
"2390","225212","1","1050101","000104420000010","1","9/10/2026","3871.08","CR","1050101","4215",""
"2391","225294","1","1050101","000104420000010","1","9/11/2026","3871.08","CR","1050101","4215",""
"2392","225376","1","1050101","000104420000010","1","9/12/2026","3871.08","CR","1050101","4215",""
"2393","225458","1","1050101","000104420000010","1","9/13/2026","3871.08","CR","1050101","4215",""
"2394","225540","1","1050101","000104420000010","1","9/14/2026","3871.08","CR","1050101","4215",""
"2395","225622","1","1050101","000104420000010","1","9/15/2026","3871.08","CR","1050101","4215",""
"2396","225704","1","1050101","000104420000010","1","9/16/2026","3871.08","CR","1050101","4215",""
"2397","225786","1","1050101","000104420000010","1","9/17/2026","3871.08","CR","1050101","4215",""
"2398","225868","1","1050101","000104420000010","1","9/18/2026","3871.08","CR","1050101","4215",""
"2399","225950","1","1050101","000104420000010","1","9/19/2026","3871.08","CR","1050101","4215",""
"2400","226032","1","1050101","000104420000010","1","9/20/2026","3871.08","CR","1050101","4215",""
"2401","226114","1","1050101","000104420000010","1","9/21/2026","3871.08","CR","1050101","4215",""
"2402","226196","1","1050101","000104420000010","1","9/22/2026","3871.08","CR","1050101","4215",""
"2403","226278","1","1050101","000104420000010","1","9/23/2026","3871.08","CR","1050101","4215",""
"2404","226360","1","1050101","000104420000010","1","9/24/2026","3871.08","CR","1050101","4215",""
"2405","226442","1","1050101","000104420000010","1","9/25/2026","3871.08","CR","1050101","4215",""
"2406","226524","1","1050101","000104420000010","1","9/26/2026","3871.08","CR","1050101","4215",""
"2407","226606","1","1050101","000104420000010","1","9/27/2026","3871.08","CR","1050101","4215",""
"2408","226688","1","1050101","000104420000010","1","9/28/2026","3871.08","CR","1050101","4215",""
"2409","226770","1","1050101","000104420000010","1","9/29/2026","3871.08","CR","1050101","4215",""
"2410","166572","1","1050101","000104420000011","1","11/1/2024","142102.39","CR","1050101","4215",""
"2411","166573","1","1050101","000104420000011","1","11/2/2024","142102.39","CR","1050101","4215",""
"2412","166574","1","1050101","000104420000011","1","11/3/2024","142102.39","CR","1050101","4215",""
"2413","166575","1","1050101","000104420000011","1","11/4/2024","142102.39","CR","1050101","4215",""
"2414","166576","1","1050101","000104420000011","1","11/5/2024","142102.39","CR","1050101","4215",""
"2415","166577","1","1050101","000104420000011","1","11/6/2024","142102.39","CR","1050101","4215",""
"2416","166578","1","1050101","000104420000011","1","11/7/2024","142102.39","CR","1050101","4215",""
"2417","166579","1","1050101","000104420000011","1","11/8/2024","142102.39","CR","1050101","4215",""
"2418","166580","1","1050101","000104420000011","1","11/9/2024","142102.39","CR","1050101","4215",""
"2419","166581","1","1050101","000104420000011","1","11/10/2024","142102.39","CR","1050101","4215",""
"2420","166582","1","1050101","000104420000011","1","11/11/2024","142102.39","CR","1050101","4215",""
"2421","166583","1","1050101","000104420000011","1","11/12/2024","142102.39","CR","1050101","4215",""
"2422","166584","1","1050101","000104420000011","1","11/13/2024","142102.39","CR","1050101","4215",""
"2423","167511","1","1050101","000104420000011","1","11/14/2024","142102.39","CR","1050101","4215",""
"2424","167512","1","1050101","000104420000011","1","11/15/2024","142102.39","CR","1050101","4215",""
"2425","167513","1","1050101","000104420000011","1","11/16/2024","142102.39","CR","1050101","4215",""
"2426","167514","1","1050101","000104420000011","1","11/17/2024","142102.39","CR","1050101","4215",""
"2427","167825","1","1050101","000104420000011","1","11/18/2024","142102.39","CR","1050101","4215",""
"2428","167901","1","1050101","000104420000011","1","11/19/2024","142102.39","CR","1050101","4215",""
"2429","167977","1","1050101","000104420000011","1","11/20/2024","142102.39","CR","1050101","4215",""
"2430","168053","1","1050101","000104420000011","1","11/21/2024","142102.39","CR","1050101","4215",""
"2431","168129","1","1050101","000104420000011","1","11/22/2024","142102.39","CR","1050101","4215",""
"2432","168205","1","1050101","000104420000011","1","11/23/2024","142102.39","CR","1050101","4215",""
"2433","168281","1","1050101","000104420000011","1","11/24/2024","142102.39","CR","1050101","4215",""
"2434","168357","1","1050101","000104420000011","1","11/25/2024","142102.39","CR","1050101","4215",""
"2435","168433","1","1050101","000104420000011","1","11/26/2024","142102.39","CR","1050101","4215",""
"2436","168509","1","1050101","000104420000011","1","11/27/2024","142102.39","CR","1050101","4215",""
"2437","168586","1","1050101","000104420000011","1","11/28/2024","142102.39","CR","1050101","4215",""
"2438","168663","1","1050101","000104420000011","1","11/29/2024","142102.39","CR","1050101","4215",""
"2439","168739","1","1050101","000104420000011","1","11/30/2024","142102.39","CR","1050101","4215",""
"2440","168817","1","1050101","000104420000011","1","11/30/2024","-4263071.70","DR","1050101","4215","80"
"2441","168892","1","1050101","000104420000011","1","12/1/2024","145839.88","CR","1050101","4215",""
"2442","168968","1","1050101","000104420000011","1","12/2/2024","145839.88","CR","1050101","4215",""
"2443","169044","1","1050101","000104420000011","1","12/3/2024","145839.88","CR","1050101","4215",""
"2444","169120","1","1050101","000104420000011","1","12/4/2024","145839.88","CR","1050101","4215",""
"2445","169196","1","1050101","000104420000011","1","12/5/2024","145839.88","CR","1050101","4215",""
"2446","169272","1","1050101","000104420000011","1","12/6/2024","145839.88","CR","1050101","4215",""
"2447","169348","1","1050101","000104420000011","1","12/7/2024","145839.88","CR","1050101","4215",""
"2448","169424","1","1050101","000104420000011","1","12/8/2024","145839.88","CR","1050101","4215",""
"2449","169500","1","1050101","000104420000011","1","12/9/2024","145839.88","CR","1050101","4215",""
"2450","169576","1","1050101","000104420000011","1","12/10/2024","145839.88","CR","1050101","4215",""
"2451","169652","1","1050101","000104420000011","1","12/11/2024","145839.88","CR","1050101","4215",""
"2452","169728","1","1050101","000104420000011","1","12/12/2024","145839.88","CR","1050101","4215",""
"2453","169804","1","1050101","000104420000011","1","12/13/2024","145839.88","CR","1050101","4215",""
"2454","169880","1","1050101","000104420000011","1","12/14/2024","145839.88","CR","1050101","4215",""
"2455","169956","1","1050101","000104420000011","1","12/15/2024","145839.88","CR","1050101","4215",""
"2456","170032","1","1050101","000104420000011","1","12/16/2024","145839.88","CR","1050101","4215",""
"2457","170108","1","1050101","000104420000011","1","12/17/2024","145839.88","CR","1050101","4215",""
"2458","170184","1","1050101","000104420000011","1","12/18/2024","145839.88","CR","1050101","4215",""
"2459","170260","1","1050101","000104420000011","1","12/19/2024","145839.88","CR","1050101","4215",""
"2460","170336","1","1050101","000104420000011","1","12/20/2024","145839.88","CR","1050101","4215",""
"2461","170412","1","1050101","000104420000011","1","12/21/2024","145839.88","CR","1050101","4215",""
"2462","170488","1","1050101","000104420000011","1","12/22/2024","145839.88","CR","1050101","4215",""
"2463","170564","1","1050101","000104420000011","1","12/23/2024","145839.88","CR","1050101","4215",""
"2464","170640","1","1050101","000104420000011","1","12/24/2024","145839.88","CR","1050101","4215",""
"2465","170716","1","1050101","000104420000011","1","12/25/2024","145839.88","CR","1050101","4215",""
"2466","170792","1","1050101","000104420000011","1","12/26/2024","145839.88","CR","1050101","4215",""
"2467","170868","1","1050101","000104420000011","1","12/27/2024","145839.88","CR","1050101","4215",""
"2468","170944","1","1050101","000104420000011","1","12/28/2024","145839.88","CR","1050101","4215",""
"2469","171020","1","1050101","000104420000011","1","12/29/2024","145839.88","CR","1050101","4215",""
"2470","171096","1","1050101","000104420000011","1","12/30/2024","145839.88","CR","1050101","4215",""
"2471","171172","1","1050101","000104420000011","1","12/31/2024","145839.88","CR","1050101","4215",""
"2472","171248","1","1050101","000104420000011","1","12/31/2024","-4521036.28","DR","1050101","4215","80"
"2473","171450","1","1050101","000104420000011","1","1/1/2025","149803.53","CR","1050101","4215",""
"2474","171527","1","1050101","000104420000011","1","1/2/2025","149803.53","CR","1050101","4215",""
"2475","171604","1","1050101","000104420000011","1","1/3/2025","149803.53","CR","1050101","4215",""
"2476","171681","1","1050101","000104420000011","1","1/4/2025","149803.53","CR","1050101","4215",""
"2477","171758","1","1050101","000104420000011","1","1/5/2025","149803.53","CR","1050101","4215",""
"2478","171835","1","1050101","000104420000011","1","1/6/2025","149803.53","CR","1050101","4215",""
"2479","171912","1","1050101","000104420000011","1","1/7/2025","149803.53","CR","1050101","4215",""
"2480","171989","1","1050101","000104420000011","1","1/8/2025","149803.53","CR","1050101","4215",""
"2481","172066","1","1050101","000104420000011","1","1/9/2025","149803.53","CR","1050101","4215",""
"2482","172143","1","1050101","000104420000011","1","1/10/2025","149803.53","CR","1050101","4215",""
"2483","172220","1","1050101","000104420000011","1","1/11/2025","149803.53","CR","1050101","4215",""
"2484","172297","1","1050101","000104420000011","1","1/12/2025","149803.53","CR","1050101","4215",""
"2485","172374","1","1050101","000104420000011","1","1/13/2025","149803.53","CR","1050101","4215",""
"2486","172451","1","1050101","000104420000011","1","1/14/2025","149803.53","CR","1050101","4215",""
"2487","172528","1","1050101","000104420000011","1","1/15/2025","149803.53","CR","1050101","4215",""
"2488","172605","1","1050101","000104420000011","1","1/16/2025","149803.53","CR","1050101","4215",""
"2489","172682","1","1050101","000104420000011","1","1/17/2025","149803.53","CR","1050101","4215",""
"2490","172759","1","1050101","000104420000011","1","1/18/2025","149803.53","CR","1050101","4215",""
"2491","172836","1","1050101","000104420000011","1","1/19/2025","149803.53","CR","1050101","4215",""
"2492","172913","1","1050101","000104420000011","1","1/20/2025","149803.53","CR","1050101","4215",""
"2493","172990","1","1050101","000104420000011","1","1/21/2025","149803.53","CR","1050101","4215",""
"2494","173067","1","1050101","000104420000011","1","1/22/2025","149803.53","CR","1050101","4215",""
"2495","173144","1","1050101","000104420000011","1","1/23/2025","149803.53","CR","1050101","4215",""
"2496","173221","1","1050101","000104420000011","1","1/24/2025","149803.53","CR","1050101","4215",""
"2497","173298","1","1050101","000104420000011","1","1/25/2025","149803.53","CR","1050101","4215",""
"2498","173375","1","1050101","000104420000011","1","1/26/2025","149803.53","CR","1050101","4215",""
"2499","173452","1","1050101","000104420000011","1","1/27/2025","149803.53","CR","1050101","4215",""
"2500","173529","1","1050101","000104420000011","1","1/28/2025","149803.53","CR","1050101","4215",""
"2501","173606","1","1050101","000104420000011","1","1/29/2025","149803.53","CR","1050101","4215",""
"2502","173683","1","1050101","000104420000011","1","1/30/2025","149803.53","CR","1050101","4215",""
"2503","173760","1","1050101","000104420000011","1","1/31/2025","149803.53","CR","1050101","4215",""
"2504","173845","1","1050101","000104420000011","1","1/31/2025","-4643909.43","DR","1050101","4215","46"
"2505","173887","1","1050101","000104420000011","1","2/1/2025","153874.90","CR","1050101","4215",""
"2506","173966","1","1050101","000104420000011","1","2/2/2025","153874.90","CR","1050101","4215",""
"2507","174045","1","1050101","000104420000011","1","2/3/2025","153874.90","CR","1050101","4215",""
"2508","174124","1","1050101","000104420000011","1","2/4/2025","153874.90","CR","1050101","4215",""
"2509","174203","1","1050101","000104420000011","1","2/5/2025","153874.90","CR","1050101","4215",""
"2510","174282","1","1050101","000104420000011","1","2/6/2025","153874.90","CR","1050101","4215",""
"2511","174361","1","1050101","000104420000011","1","2/7/2025","153874.90","CR","1050101","4215",""
"2512","174440","1","1050101","000104420000011","1","2/8/2025","153874.90","CR","1050101","4215",""
"2513","174519","1","1050101","000104420000011","1","2/9/2025","153874.90","CR","1050101","4215",""
"2514","174598","1","1050101","000104420000011","1","2/10/2025","153874.90","CR","1050101","4215",""
"2515","174677","1","1050101","000104420000011","1","2/11/2025","153874.90","CR","1050101","4215",""
"2516","174756","1","1050101","000104420000011","1","2/12/2025","153874.90","CR","1050101","4215",""
"2517","174835","1","1050101","000104420000011","1","2/13/2025","153874.90","CR","1050101","4215",""
"2518","174914","1","1050101","000104420000011","1","2/14/2025","153874.90","CR","1050101","4215",""
"2519","174993","1","1050101","000104420000011","1","2/15/2025","153874.90","CR","1050101","4215",""
"2520","175072","1","1050101","000104420000011","1","2/16/2025","153874.90","CR","1050101","4215",""
"2521","175151","1","1050101","000104420000011","1","2/17/2025","153874.90","CR","1050101","4215",""
"2522","175230","1","1050101","000104420000011","1","2/18/2025","153874.90","CR","1050101","4215",""
"2523","175309","1","1050101","000104420000011","1","2/19/2025","153874.90","CR","1050101","4215",""
"2524","175388","1","1050101","000104420000011","1","2/20/2025","153874.90","CR","1050101","4215",""
"2525","175467","1","1050101","000104420000011","1","2/21/2025","153874.90","CR","1050101","4215",""
"2526","175546","1","1050101","000104420000011","1","2/22/2025","153874.90","CR","1050101","4215",""
"2527","175625","1","1050101","000104420000011","1","2/23/2025","153874.90","CR","1050101","4215",""
"2528","175704","1","1050101","000104420000011","1","2/24/2025","153874.90","CR","1050101","4215",""
"2529","175783","1","1050101","000104420000011","1","2/25/2025","153874.90","CR","1050101","4215",""
"2530","175862","1","1050101","000104420000011","1","2/26/2025","153874.90","CR","1050101","4215",""
"2531","175941","1","1050101","000104420000011","1","2/27/2025","153874.90","CR","1050101","4215",""
"2532","176020","1","1050101","000104420000011","1","2/28/2025","153874.90","CR","1050101","4215",""
"2533","176103","1","1050101","000104420000011","1","2/28/2025","-4308497.20","DR","1050101","4215","13"
"2534","176178","1","1050101","000104420000011","1","3/1/2025","157652.22","CR","1050101","4215",""
"2535","176257","1","1050101","000104420000011","1","3/2/2025","157652.22","CR","1050101","4215",""
"2536","176818","1","1050101","000104420000011","1","3/3/2025","157652.22","CR","1050101","4215",""
"2537","176830","1","1050101","000104420000011","1","3/4/2025","157652.22","CR","1050101","4215",""
"2538","176842","1","1050101","000104420000011","1","3/5/2025","157652.22","CR","1050101","4215",""
"2539","176854","1","1050101","000104420000011","1","3/6/2025","157652.22","CR","1050101","4215",""
"2540","176866","1","1050101","000104420000011","1","3/7/2025","157652.22","CR","1050101","4215",""
"2541","176878","1","1050101","000104420000011","1","3/8/2025","157652.22","CR","1050101","4215",""
"2542","176890","1","1050101","000104420000011","1","3/9/2025","157652.22","CR","1050101","4215",""
"2543","176902","1","1050101","000104420000011","1","3/10/2025","157652.22","CR","1050101","4215",""
"2544","176914","1","1050101","000104420000011","1","3/11/2025","157652.22","CR","1050101","4215",""
"2545","176926","1","1050101","000104420000011","1","3/12/2025","157652.22","CR","1050101","4215",""
"2546","176938","1","1050101","000104420000011","1","3/13/2025","157652.22","CR","1050101","4215",""
"2547","176950","1","1050101","000104420000011","1","3/14/2025","157652.22","CR","1050101","4215",""
"2548","176962","1","1050101","000104420000011","1","3/15/2025","157652.22","CR","1050101","4215",""
"2549","176974","1","1050101","000104420000011","1","3/16/2025","157652.22","CR","1050101","4215",""
"2550","176986","1","1050101","000104420000011","1","3/17/2025","157652.22","CR","1050101","4215",""
"2551","176998","1","1050101","000104420000011","1","3/18/2025","157652.22","CR","1050101","4215",""
"2552","177010","1","1050101","000104420000011","1","3/19/2025","157652.22","CR","1050101","4215",""
"2553","177022","1","1050101","000104420000011","1","3/20/2025","157652.22","CR","1050101","4215",""
"2554","177034","1","1050101","000104420000011","1","3/21/2025","157652.22","CR","1050101","4215",""
"2555","177046","1","1050101","000104420000011","1","3/22/2025","157652.22","CR","1050101","4215",""
"2556","177058","1","1050101","000104420000011","1","3/23/2025","157652.22","CR","1050101","4215",""
"2557","177070","1","1050101","000104420000011","1","3/24/2025","157652.22","CR","1050101","4215",""
"2558","177082","1","1050101","000104420000011","1","3/25/2025","157652.22","CR","1050101","4215",""
"2559","177094","1","1050101","000104420000011","1","3/26/2025","157652.22","CR","1050101","4215",""
"2560","177106","1","1050101","000104420000011","1","3/27/2025","157652.22","CR","1050101","4215",""
"2561","177118","1","1050101","000104420000011","1","3/28/2025","157652.22","CR","1050101","4215",""
"2562","177130","1","1050101","000104420000011","1","3/29/2025","157652.22","CR","1050101","4215",""
"2563","177142","1","1050101","000104420000011","1","3/30/2025","157652.22","CR","1050101","4215",""
"2564","177154","1","1050101","000104420000011","1","3/31/2025","157652.22","CR","1050101","4215",""
"2565","179130","1","1050101","000104420000011","1","3/31/2025","-4887218.82","DR","1050101","4215","36"
"2566","179205","1","1050101","000104420000011","1","4/1/2025","161936.90","CR","1050101","4215",""
"2567","179283","1","1050101","000104420000011","1","4/2/2025","161936.90","CR","1050101","4215",""
"2568","179361","1","1050101","000104420000011","1","4/3/2025","161936.90","CR","1050101","4215",""
"2569","179439","1","1050101","000104420000011","1","4/4/2025","161936.90","CR","1050101","4215",""
"2570","179517","1","1050101","000104420000011","1","4/5/2025","161936.90","CR","1050101","4215",""
"2571","179595","1","1050101","000104420000011","1","4/6/2025","161936.90","CR","1050101","4215",""
"2572","179673","1","1050101","000104420000011","1","4/7/2025","161936.90","CR","1050101","4215",""
"2573","179751","1","1050101","000104420000011","1","4/8/2025","161936.90","CR","1050101","4215",""
"2574","179829","1","1050101","000104420000011","1","4/9/2025","161936.90","CR","1050101","4215",""
"2575","179907","1","1050101","000104420000011","1","4/10/2025","161936.90","CR","1050101","4215",""
"2576","179985","1","1050101","000104420000011","1","4/11/2025","161936.90","CR","1050101","4215",""
"2577","180063","1","1050101","000104420000011","1","4/12/2025","161936.90","CR","1050101","4215",""
"2578","180141","1","1050101","000104420000011","1","4/13/2025","161936.90","CR","1050101","4215",""
"2579","180219","1","1050101","000104420000011","1","4/14/2025","161936.90","CR","1050101","4215",""
"2580","180297","1","1050101","000104420000011","1","4/15/2025","161936.90","CR","1050101","4215",""
"2581","180375","1","1050101","000104420000011","1","4/16/2025","161936.90","CR","1050101","4215",""
"2582","180453","1","1050101","000104420000011","1","4/17/2025","161936.90","CR","1050101","4215",""
"2583","180531","1","1050101","000104420000011","1","4/18/2025","161936.90","CR","1050101","4215",""
"2584","180609","1","1050101","000104420000011","1","4/19/2025","161936.90","CR","1050101","4215",""
"2585","180687","1","1050101","000104420000011","1","4/20/2025","161936.90","CR","1050101","4215",""
"2586","180765","1","1050101","000104420000011","1","4/21/2025","161936.90","CR","1050101","4215",""
"2587","180843","1","1050101","000104420000011","1","4/22/2025","161936.90","CR","1050101","4215",""
"2588","180921","1","1050101","000104420000011","1","4/23/2025","161936.90","CR","1050101","4215",""
"2589","180999","1","1050101","000104420000011","1","4/24/2025","161936.90","CR","1050101","4215",""
"2590","181077","1","1050101","000104420000011","1","4/25/2025","161936.90","CR","1050101","4215",""
"2591","181155","1","1050101","000104420000011","1","4/26/2025","161936.90","CR","1050101","4215",""
"2592","181233","1","1050101","000104420000011","1","4/27/2025","161936.90","CR","1050101","4215",""
"2593","181311","1","1050101","000104420000011","1","4/28/2025","161936.90","CR","1050101","4215",""
"2594","181389","1","1050101","000104420000011","1","4/29/2025","161936.90","CR","1050101","4215",""
"2595","181467","1","1050101","000104420000011","1","4/30/2025","161936.90","CR","1050101","4215",""
"2596","181552","1","1050101","000104420000011","1","4/30/2025","-4858107.00","DR","1050101","4215","28"
"2597","181625","1","1050101","000104420000011","1","5/1/2025","166196.06","CR","1050101","4215",""
"2598","181704","1","1050101","000104420000011","1","5/2/2025","166196.06","CR","1050101","4215",""
"2599","181784","1","1050101","000104420000011","1","5/3/2025","166196.06","CR","1050101","4215",""
"2600","181864","1","1050101","000104420000011","1","5/4/2025","166196.06","CR","1050101","4215",""
"2601","181944","1","1050101","000104420000011","1","5/5/2025","166196.06","CR","1050101","4215",""
"2602","182024","1","1050101","000104420000011","1","5/6/2025","166196.06","CR","1050101","4215",""
"2603","182104","1","1050101","000104420000011","1","5/7/2025","167234.79","CR","1050101","4215",""
"2604","182185","1","1050101","000104420000011","1","5/8/2025","167234.79","CR","1050101","4215",""
"2605","182266","1","1050101","000104420000011","1","5/9/2025","167234.79","CR","1050101","4215",""
"2606","182347","1","1050101","000104420000011","1","5/10/2025","167234.79","CR","1050101","4215",""
"2607","182428","1","1050101","000104420000011","1","5/11/2025","167234.79","CR","1050101","4215",""
"2608","182509","1","1050101","000104420000011","1","5/12/2025","167234.79","CR","1050101","4215",""
"2609","182591","1","1050101","000104420000011","1","5/13/2025","167234.79","CR","1050101","4215",""
"2610","182673","1","1050101","000104420000011","1","5/14/2025","167234.79","CR","1050101","4215",""
"2611","182755","1","1050101","000104420000011","1","5/15/2025","167234.79","CR","1050101","4215",""
"2612","182837","1","1050101","000104420000011","1","5/16/2025","167234.79","CR","1050101","4215",""
"2613","182921","1","1050101","000104420000011","1","5/17/2025","167234.79","CR","1050101","4215",""
"2614","183005","1","1050101","000104420000011","1","5/18/2025","167234.79","CR","1050101","4215",""
"2615","183089","1","1050101","000104420000011","1","5/19/2025","167234.79","CR","1050101","4215",""
"2616","183173","1","1050101","000104420000011","1","5/20/2025","167234.79","CR","1050101","4215",""
"2617","183257","1","1050101","000104420000011","1","5/21/2025","167234.79","CR","1050101","4215",""
"2618","183341","1","1050101","000104420000011","1","5/22/2025","167234.79","CR","1050101","4215",""
"2619","183425","1","1050101","000104420000011","1","5/23/2025","167234.79","CR","1050101","4215",""
"2620","183510","1","1050101","000104420000011","1","5/24/2025","167234.79","CR","1050101","4215",""
"2621","183595","1","1050101","000104420000011","1","5/25/2025","167234.79","CR","1050101","4215",""
"2622","183680","1","1050101","000104420000011","1","5/26/2025","167234.79","CR","1050101","4215",""
"2623","183765","1","1050101","000104420000011","1","5/27/2025","167234.79","CR","1050101","4215",""
"2624","183850","1","1050101","000104420000011","1","5/28/2025","167234.79","CR","1050101","4215",""
"2625","183935","1","1050101","000104420000011","1","5/29/2025","167234.79","CR","1050101","4215",""
"2626","184020","1","1050101","000104420000011","1","5/30/2025","167234.79","CR","1050101","4215",""
"2627","184105","1","1050101","000104420000011","1","5/31/2025","167234.79","CR","1050101","4215",""
"2628","184196","1","1050101","000104420000011","1","5/31/2025","-5178046.11","DR","1050101","4215","117"
"2629","184277","1","1050101","000104420000011","1","6/1/2025","171802.82","CR","1050101","4215",""
"2630","184363","1","1050101","000104420000011","1","6/2/2025","171802.82","CR","1050101","4215",""
"2631","184449","1","1050101","000104420000011","1","6/3/2025","171802.82","CR","1050101","4215",""
"2632","184535","1","1050101","000104420000011","1","6/4/2025","171802.82","CR","1050101","4215",""
"2633","184621","1","1050101","000104420000011","1","6/5/2025","171802.82","CR","1050101","4215",""
"2634","184707","1","1050101","000104420000011","1","6/6/2025","171802.82","CR","1050101","4215",""
"2635","184793","1","1050101","000104420000011","1","6/7/2025","171802.82","CR","1050101","4215",""
"2636","184879","1","1050101","000104420000011","1","6/8/2025","171802.82","CR","1050101","4215",""
"2637","184965","1","1050101","000104420000011","1","6/9/2025","171802.82","CR","1050101","4215",""
"2638","185051","1","1050101","000104420000011","1","6/10/2025","171802.82","CR","1050101","4215",""
"2639","185137","1","1050101","000104420000011","1","6/11/2025","171802.82","CR","1050101","4215",""
"2640","185223","1","1050101","000104420000011","1","6/12/2025","171802.82","CR","1050101","4215",""
"2641","185309","1","1050101","000104420000011","1","6/13/2025","171802.82","CR","1050101","4215",""
"2642","185395","1","1050101","000104420000011","1","6/14/2025","171802.82","CR","1050101","4215",""
"2643","185481","1","1050101","000104420000011","1","6/15/2025","171802.82","CR","1050101","4215",""
"2644","185567","1","1050101","000104420000011","1","6/16/2025","171802.82","CR","1050101","4215",""
"2645","185653","1","1050101","000104420000011","1","6/17/2025","171802.82","CR","1050101","4215",""
"2646","185739","1","1050101","000104420000011","1","6/18/2025","171802.82","CR","1050101","4215",""
"2647","185826","1","1050101","000104420000011","1","6/19/2025","171802.82","CR","1050101","4215",""
"2648","185914","1","1050101","000104420000011","1","6/20/2025","171802.82","CR","1050101","4215",""
"2649","186002","1","1050101","000104420000011","1","6/21/2025","171802.82","CR","1050101","4215",""
"2650","186090","1","1050101","000104420000011","1","6/22/2025","171802.82","CR","1050101","4215",""
"2651","186178","1","1050101","000104420000011","1","6/23/2025","171802.82","CR","1050101","4215",""
"2652","186266","1","1050101","000104420000011","1","6/24/2025","171802.82","CR","1050101","4215",""
"2653","186354","1","1050101","000104420000011","1","6/25/2025","171802.82","CR","1050101","4215",""
"2654","186442","1","1050101","000104420000011","1","6/26/2025","171802.82","CR","1050101","4215",""
"2655","186530","1","1050101","000104420000011","1","6/27/2025","171802.82","CR","1050101","4215",""
"2656","186618","1","1050101","000104420000011","1","6/28/2025","171802.82","CR","1050101","4215",""
"2657","186706","1","1050101","000104420000011","1","6/29/2025","171802.82","CR","1050101","4215",""
"2658","186794","1","1050101","000104420000011","1","6/30/2025","171802.82","CR","1050101","4215",""
"2659","186886","1","1050101","000104420000011","1","6/30/2025","-5154084.60","DR","1050101","4215","35"
"2660","186971","1","1050101","000104420000011","1","7/1/2025","176349.71","CR","1050101","4215",""
"2661","187059","1","1050101","000104420000011","1","7/2/2025","176349.71","CR","1050101","4215",""
"2662","187147","1","1050101","000104420000011","1","7/3/2025","176349.71","CR","1050101","4215",""
"2663","187235","1","1050101","000104420000011","1","7/4/2025","176349.71","CR","1050101","4215",""
"2664","187323","1","1050101","000104420000011","1","7/5/2025","176349.71","CR","1050101","4215",""
"2665","187411","1","1050101","000104420000011","1","7/6/2025","176349.71","CR","1050101","4215",""
"2666","187499","1","1050101","000104420000011","1","7/7/2025","176349.71","CR","1050101","4215",""
"2667","187587","1","1050101","000104420000011","1","7/8/2025","176349.71","CR","1050101","4215",""
"2668","187675","1","1050101","000104420000011","1","7/9/2025","176349.71","CR","1050101","4215",""
"2669","187763","1","1050101","000104420000011","1","7/10/2025","176349.71","CR","1050101","4215",""
"2670","187852","1","1050101","000104420000011","1","7/11/2025","176349.71","CR","1050101","4215",""
"2671","187941","1","1050101","000104420000011","1","7/12/2025","176349.71","CR","1050101","4215",""
"2672","188030","1","1050101","000104420000011","1","7/13/2025","176349.71","CR","1050101","4215",""
"2673","188119","1","1050101","000104420000011","1","7/14/2025","176349.71","CR","1050101","4215",""
"2674","188208","1","1050101","000104420000011","1","7/15/2025","176349.71","CR","1050101","4215",""
"2675","188297","1","1050101","000104420000011","1","7/16/2025","176349.71","CR","1050101","4215",""
"2676","188386","1","1050101","000104420000011","1","7/17/2025","176349.71","CR","1050101","4215",""
"2677","188475","1","1050101","000104420000011","1","7/18/2025","176349.71","CR","1050101","4215",""
"2678","188564","1","1050101","000104420000011","1","7/19/2025","176349.71","CR","1050101","4215",""
"2679","188653","1","1050101","000104420000011","1","7/20/2025","176349.71","CR","1050101","4215",""
"2680","188742","1","1050101","000104420000011","1","7/21/2025","176349.71","CR","1050101","4215",""
"2681","188831","1","1050101","000104420000011","1","7/22/2025","176349.71","CR","1050101","4215",""
"2682","188920","1","1050101","000104420000011","1","7/23/2025","176349.71","CR","1050101","4215",""
"2683","189011","1","1050101","000104420000011","1","7/24/2025","176349.71","CR","1050101","4215",""
"2684","189102","1","1050101","000104420000011","1","7/25/2025","176349.71","CR","1050101","4215",""
"2685","189193","1","1050101","000104420000011","1","7/26/2025","176349.71","CR","1050101","4215",""
"2686","189284","1","1050101","000104420000011","1","7/27/2025","176349.71","CR","1050101","4215",""
"2687","189375","1","1050101","000104420000011","1","7/28/2025","176349.71","CR","1050101","4215",""
"2688","189466","1","1050101","000104420000011","1","7/29/2025","176349.71","CR","1050101","4215",""
"2689","189557","1","1050101","000104420000011","1","7/30/2025","176349.71","CR","1050101","4215",""
"2690","189648","1","1050101","000104420000011","1","7/31/2025","176349.71","CR","1050101","4215",""
"2691","189738","1","1050101","000104420000011","1","7/31/2025","-5466841.01","DR","1050101","4215","52"
"2692","189801","1","1050101","000104420000011","1","8/1/2025","181172.51","CR","1050101","4215",""
"2693","189892","1","1050101","000104420000011","1","8/2/2025","181172.51","CR","1050101","4215",""
"2694","189983","1","1050101","000104420000011","1","8/3/2025","181172.51","CR","1050101","4215",""
"2695","190074","1","1050101","000104420000011","1","8/4/2025","181172.51","CR","1050101","4215",""
"2696","190165","1","1050101","000104420000011","1","8/5/2025","181172.51","CR","1050101","4215",""
"2697","190256","1","1050101","000104420000011","1","8/6/2025","181172.51","CR","1050101","4215",""
"2698","190347","1","1050101","000104420000011","1","8/7/2025","181172.51","CR","1050101","4215",""
"2699","190438","1","1050101","000104420000011","1","8/8/2025","181172.51","CR","1050101","4215",""
"2700","190531","1","1050101","000104420000011","1","8/9/2025","181172.51","CR","1050101","4215",""
"2701","190624","1","1050101","000104420000011","1","8/10/2025","181172.51","CR","1050101","4215",""
"2702","190717","1","1050101","000104420000011","1","8/11/2025","181172.51","CR","1050101","4215",""
"2703","190840","1","1050101","000104420000011","1","8/12/2025","181172.51","CR","1050101","4215",""
"2704","190933","1","1050101","000104420000011","1","8/13/2025","181172.51","CR","1050101","4215",""
"2705","191026","1","1050101","000104420000011","1","8/14/2025","181172.51","CR","1050101","4215",""
"2706","191119","1","1050101","000104420000011","1","8/15/2025","181172.51","CR","1050101","4215",""
"2707","191212","1","1050101","000104420000011","1","8/16/2025","181172.51","CR","1050101","4215",""
"2708","191305","1","1050101","000104420000011","1","8/17/2025","181172.51","CR","1050101","4215",""
"2709","191398","1","1050101","000104420000011","1","8/18/2025","181172.51","CR","1050101","4215",""
"2710","191491","1","1050101","000104420000011","1","8/19/2025","181172.51","CR","1050101","4215",""
"2711","191584","1","1050101","000104420000011","1","8/20/2025","181172.51","CR","1050101","4215",""
"2712","191677","1","1050101","000104420000011","1","8/21/2025","181172.51","CR","1050101","4215",""
"2713","191770","1","1050101","000104420000011","1","8/22/2025","181172.51","CR","1050101","4215",""
"2714","191863","1","1050101","000104420000011","1","8/23/2025","181172.51","CR","1050101","4215",""
"2715","191956","1","1050101","000104420000011","1","8/24/2025","181172.51","CR","1050101","4215",""
"2716","192049","1","1050101","000104420000011","1","8/25/2025","181172.51","CR","1050101","4215",""
"2717","192142","1","1050101","000104420000011","1","8/26/2025","181172.51","CR","1050101","4215",""
"2718","192235","1","1050101","000104420000011","1","8/27/2025","181172.51","CR","1050101","4215",""
"2719","192329","1","1050101","000104420000011","1","8/28/2025","181172.51","CR","1050101","4215",""
"2720","192423","1","1050101","000104420000011","1","8/29/2025","181172.51","CR","1050101","4215",""
"2721","192517","1","1050101","000104420000011","1","8/30/2025","181172.51","CR","1050101","4215",""
"2722","192611","1","1050101","000104420000011","1","8/31/2025","181172.51","CR","1050101","4215",""
"2723","192709","1","1050101","000104420000011","1","8/31/2025","-5616347.81","DR","1050101","4215","16"
"2724","192799","1","1050101","000104420000011","1","9/1/2025","186127.21","CR","1050101","4215",""
"2725","192893","1","1050101","000104420000011","1","9/2/2025","186127.21","CR","1050101","4215",""
"2726","192987","1","1050101","000104420000011","1","9/3/2025","186127.21","CR","1050101","4215",""
"2727","193081","1","1050101","000104420000011","1","9/4/2025","186127.21","CR","1050101","4215",""
"2728","193175","1","1050101","000104420000011","1","9/5/2025","186127.21","CR","1050101","4215",""
"2729","193270","1","1050101","000104420000011","1","9/6/2025","186127.21","CR","1050101","4215",""
"2730","193365","1","1050101","000104420000011","1","9/7/2025","186127.21","CR","1050101","4215",""
"2731","193460","1","1050101","000104420000011","1","9/8/2025","186127.21","CR","1050101","4215",""
"2732","193555","1","1050101","000104420000011","1","9/9/2025","186127.21","CR","1050101","4215",""
"2733","193650","1","1050101","000104420000011","1","9/10/2025","186127.21","CR","1050101","4215",""
"2734","193745","1","1050101","000104420000011","1","9/11/2025","186127.21","CR","1050101","4215",""
"2735","193840","1","1050101","000104420000011","1","9/12/2025","186127.21","CR","1050101","4215",""
"2736","193935","1","1050101","000104420000011","1","9/13/2025","186127.21","CR","1050101","4215",""
"2737","194030","1","1050101","000104420000011","1","9/14/2025","186127.21","CR","1050101","4215",""
"2738","194125","1","1050101","000104420000011","1","9/15/2025","186127.21","CR","1050101","4215",""
"2739","194220","1","1050101","000104420000011","1","9/16/2025","186127.21","CR","1050101","4215",""
"2740","194315","1","1050101","000104420000011","1","9/17/2025","186127.21","CR","1050101","4215",""
"2741","194410","1","1050101","000104420000011","1","9/18/2025","186127.21","CR","1050101","4215",""
"2742","194505","1","1050101","000104420000011","1","9/19/2025","186127.21","CR","1050101","4215",""
"2743","194600","1","1050101","000104420000011","1","9/20/2025","186127.21","CR","1050101","4215",""
"2744","194695","1","1050101","000104420000011","1","9/21/2025","186127.21","CR","1050101","4215",""
"2745","194790","1","1050101","000104420000011","1","9/22/2025","186127.21","CR","1050101","4215",""
"2746","194885","1","1050101","000104420000011","1","9/23/2025","186127.21","CR","1050101","4215",""
"2747","194980","1","1050101","000104420000011","1","9/24/2025","186127.21","CR","1050101","4215",""
"2748","195075","1","1050101","000104420000011","1","9/25/2025","186127.21","CR","1050101","4215",""
"2749","195170","1","1050101","000104420000011","1","9/26/2025","186127.21","CR","1050101","4215",""
"2750","195265","1","1050101","000104420000011","1","9/27/2025","186127.21","CR","1050101","4215",""
"2751","195360","1","1050101","000104420000011","1","9/28/2025","186127.21","CR","1050101","4215",""
"2752","195455","1","1050101","000104420000011","1","9/29/2025","186127.21","CR","1050101","4215",""
"2753","195550","1","1050101","000104420000011","1","9/30/2025","186127.21","CR","1050101","4215",""
"2754","195651","1","1050101","000104420000011","1","9/30/2025","-5583816.30","DR","1050101","4215","23"
"2755","195719","1","1050101","000104420000011","1","10/1/2025","191053.20","CR","1050101","4215",""
"2756","195815","1","1050101","000104420000011","1","10/2/2025","191053.20","CR","1050101","4215",""
"2757","195911","1","1050101","000104420000011","1","10/3/2025","191053.20","CR","1050101","4215",""
"2758","196007","1","1050101","000104420000011","1","10/4/2025","191053.20","CR","1050101","4215",""
"2759","196103","1","1050101","000104420000011","1","10/5/2025","191053.20","CR","1050101","4215",""
"2760","196199","1","1050101","000104420000011","1","10/6/2025","191053.20","CR","1050101","4215",""
"2761","196318","1","1050101","000104420000011","1","10/7/2025","191053.20","CR","1050101","4215",""
"2762","196414","1","1050101","000104420000011","1","10/8/2025","191053.20","CR","1050101","4215",""
"2763","196510","1","1050101","000104420000011","1","10/9/2025","191053.20","CR","1050101","4215",""
"2764","196606","1","1050101","000104420000011","1","10/10/2025","191053.20","CR","1050101","4215",""
"2765","196702","1","1050101","000104420000011","1","10/11/2025","191053.20","CR","1050101","4215",""
"2766","196798","1","1050101","000104420000011","1","10/12/2025","191053.20","CR","1050101","4215",""
"2767","196894","1","1050101","000104420000011","1","10/13/2025","191053.20","CR","1050101","4215",""
"2768","196990","1","1050101","000104420000011","1","10/14/2025","191053.20","CR","1050101","4215",""
"2769","197086","1","1050101","000104420000011","1","10/15/2025","191053.20","CR","1050101","4215",""
"2770","197182","1","1050101","000104420000011","1","10/16/2025","191053.20","CR","1050101","4215",""
"2771","197278","1","1050101","000104420000011","1","10/17/2025","191053.20","CR","1050101","4215",""
"2772","197374","1","1050101","000104420000011","1","10/18/2025","191053.20","CR","1050101","4215",""
"2773","197470","1","1050101","000104420000011","1","10/19/2025","191053.20","CR","1050101","4215",""
"2774","197566","1","1050101","000104420000011","1","10/20/2025","191053.20","CR","1050101","4215",""
"2775","197662","1","1050101","000104420000011","1","10/21/2025","191053.20","CR","1050101","4215",""
"2776","197758","1","1050101","000104420000011","1","10/22/2025","191053.20","CR","1050101","4215",""
"2777","197854","1","1050101","000104420000011","1","10/23/2025","191053.20","CR","1050101","4215",""
"2778","197950","1","1050101","000104420000011","1","10/24/2025","191053.20","CR","1050101","4215",""
"2779","198046","1","1050101","000104420000011","1","10/25/2025","191053.20","CR","1050101","4215",""
"2780","198142","1","1050101","000104420000011","1","10/26/2025","191053.20","CR","1050101","4215",""
"2781","198238","1","1050101","000104420000011","1","10/27/2025","191053.20","CR","1050101","4215",""
"2782","198334","1","1050101","000104420000011","1","10/28/2025","191053.20","CR","1050101","4215",""
"2783","198430","1","1050101","000104420000011","1","10/29/2025","191053.20","CR","1050101","4215",""
"2784","198526","1","1050101","000104420000011","1","10/30/2025","191053.20","CR","1050101","4215",""
"2785","198622","1","1050101","000104420000011","1","10/31/2025","191053.20","CR","1050101","4215",""
"2786","198721","1","1050101","000104420000011","1","10/31/2025","-5922649.20","DR","1050101","4215","52"
"2787","198816","1","1050101","000104420000011","1","11/1/2025","196278.12","CR","1050101","4215",""
"2788","198913","1","1050101","000104420000011","1","11/2/2025","196278.12","CR","1050101","4215",""
"2789","199010","1","1050101","000104420000011","1","11/3/2025","196278.12","CR","1050101","4215",""
"2790","199107","1","1050101","000104420000011","1","11/4/2025","196278.12","CR","1050101","4215",""
"2791","199204","1","1050101","000104420000011","1","11/5/2025","196278.12","CR","1050101","4215",""
"2792","199301","1","1050101","000104420000011","1","11/6/2025","196278.12","CR","1050101","4215",""
"2793","199398","1","1050101","000104420000011","1","11/7/2025","196278.12","CR","1050101","4215",""
"2794","199495","1","1050101","000104420000011","1","11/8/2025","196278.12","CR","1050101","4215",""
"2795","199592","1","1050101","000104420000011","1","11/9/2025","196278.12","CR","1050101","4215",""
"2796","199689","1","1050101","000104420000011","1","11/10/2025","196278.12","CR","1050101","4215",""
"2797","199786","1","1050101","000104420000011","1","11/11/2025","196278.12","CR","1050101","4215",""
"2798","199883","1","1050101","000104420000011","1","11/12/2025","196278.12","CR","1050101","4215",""
"2799","199980","1","1050101","000104420000011","1","11/13/2025","196278.12","CR","1050101","4215",""
"2800","200077","1","1050101","000104420000011","1","11/14/2025","196278.12","CR","1050101","4215",""
"2801","200174","1","1050101","000104420000011","1","11/15/2025","196278.12","CR","1050101","4215",""
"2802","200271","1","1050101","000104420000011","1","11/16/2025","196278.12","CR","1050101","4215",""
"2803","200368","1","1050101","000104420000011","1","11/17/2025","196278.12","CR","1050101","4215",""
"2804","200465","1","1050101","000104420000011","1","11/18/2025","196278.12","CR","1050101","4215",""
"2805","200562","1","1050101","000104420000011","1","11/19/2025","196278.12","CR","1050101","4215",""
"2806","200659","1","1050101","000104420000011","1","11/20/2025","196278.12","CR","1050101","4215",""
"2807","200756","1","1050101","000104420000011","1","11/21/2025","196278.12","CR","1050101","4215",""
"2808","200853","1","1050101","000104420000011","1","11/22/2025","196278.12","CR","1050101","4215",""
"2809","200950","1","1050101","000104420000011","1","11/23/2025","196278.12","CR","1050101","4215",""
"2810","201047","1","1050101","000104420000011","1","11/24/2025","196278.12","CR","1050101","4215",""
"2811","201144","1","1050101","000104420000011","1","11/25/2025","196278.12","CR","1050101","4215",""
"2812","201241","1","1050101","000104420000011","1","11/26/2025","196278.12","CR","1050101","4215",""
"2813","201338","1","1050101","000104420000011","1","11/27/2025","196278.12","CR","1050101","4215",""
"2814","201434","1","1050101","000104420000011","1","11/28/2025","196278.12","CR","1050101","4215",""
"2815","201528","1","1050101","000104420000011","1","11/29/2025","196278.12","CR","1050101","4215",""
"2816","201622","1","1050101","000104420000011","1","11/30/2025","196278.12","CR","1050101","4215",""
"2817","201725","1","1050101","000104420000011","1","11/30/2025","-5888343.60","DR","1050101","4215","28"
"2818","201813","1","1050101","000104420000011","1","12/1/2025","201472.76","CR","1050101","4215",""
"2819","201908","1","1050101","000104420000011","1","12/2/2025","201472.76","CR","1050101","4215",""
"2820","202003","1","1050101","000104420000011","1","12/3/2025","201472.76","CR","1050101","4215",""
"2821","202098","1","1050101","000104420000011","1","12/4/2025","201472.76","CR","1050101","4215",""
"2822","202193","1","1050101","000104420000011","1","12/5/2025","201472.76","CR","1050101","4215",""
"2823","202288","1","1050101","000104420000011","1","12/6/2025","201472.76","CR","1050101","4215",""
"2824","202383","1","1050101","000104420000011","1","12/7/2025","201472.76","CR","1050101","4215",""
"2825","202478","1","1050101","000104420000011","1","12/8/2025","199595.69","CR","1050101","4215",""
"2826","202571","1","1050101","000104420000011","1","12/9/2025","199595.69","CR","1050101","4215",""
"2827","202664","1","1050101","000104420000011","1","12/10/2025","199595.69","CR","1050101","4215",""
"2828","202755","1","1050101","000104420000011","1","12/11/2025","199595.69","CR","1050101","4215",""
"2829","202838","1","1050101","000104420000011","1","12/12/2025","199595.69","CR","1050101","4215",""
"2830","202921","1","1050101","000104420000011","1","12/13/2025","199595.69","CR","1050101","4215",""
"2831","203004","1","1050101","000104420000011","1","12/14/2025","199595.69","CR","1050101","4215",""
"2832","203087","1","1050101","000104420000011","1","12/15/2025","199595.69","CR","1050101","4215",""
"2833","203170","1","1050101","000104420000011","1","12/16/2025","199595.69","CR","1050101","4215",""
"2834","203240","1","1050101","000104420000011","1","12/17/2025","199595.69","CR","1050101","4215",""
"2835","203310","1","1050101","000104420000011","1","12/18/2025","199595.69","CR","1050101","4215",""
"2836","203383","1","1050101","000104420000011","1","12/19/2025","199595.69","CR","1050101","4215",""
"2837","203457","1","1050101","000104420000011","1","12/20/2025","199595.69","CR","1050101","4215",""
"2838","203531","1","1050101","000104420000011","1","12/21/2025","199595.69","CR","1050101","4215",""
"2839","203605","1","1050101","000104420000011","1","12/22/2025","199595.69","CR","1050101","4215",""
"2840","203680","1","1050101","000104420000011","1","12/23/2025","199595.69","CR","1050101","4215",""
"2841","203754","1","1050101","000104420000011","1","12/24/2025","199595.69","CR","1050101","4215",""
"2842","203828","1","1050101","000104420000011","1","12/25/2025","199595.69","CR","1050101","4215",""
"2843","203902","1","1050101","000104420000011","1","12/26/2025","199595.69","CR","1050101","4215",""
"2844","203976","1","1050101","000104420000011","1","12/27/2025","199595.69","CR","1050101","4215",""
"2845","204050","1","1050101","000104420000011","1","12/28/2025","199595.69","CR","1050101","4215",""
"2846","204124","1","1050101","000104420000011","1","12/29/2025","202098.46","CR","1050101","4215",""
"2847","204203","1","1050101","000104420000011","1","12/30/2025","202098.46","CR","1050101","4215",""
"2848","204461","1","1050101","000104420000011","1","12/31/2025","202098.46","CR","1050101","4215",""
"2849","204539","1","1050101","000104420000011","1","12/31/2025","-6208114.19","DR","1050101","4215","30"
"2850","204615","1","1050101","000104420000011","1","1/1/2026","207592.21","CR","1050101","4215",""
"2851","204692","1","1050101","000104420000011","1","1/2/2026","207592.21","CR","1050101","4215",""
"2852","204769","1","1050101","000104420000011","1","1/3/2026","207592.21","CR","1050101","4215",""
"2853","204846","1","1050101","000104420000011","1","1/4/2026","207592.21","CR","1050101","4215",""
"2854","204923","1","1050101","000104420000011","1","1/5/2026","207592.21","CR","1050101","4215",""
"2855","205000","1","1050101","000104420000011","1","1/6/2026","207592.21","CR","1050101","4215",""
"2856","205077","1","1050101","000104420000011","1","1/7/2026","207592.21","CR","1050101","4215",""
"2857","205154","1","1050101","000104420000011","1","1/8/2026","207592.21","CR","1050101","4215",""
"2858","205231","1","1050101","000104420000011","1","1/9/2026","207592.21","CR","1050101","4215",""
"2859","205308","1","1050101","000104420000011","1","1/10/2026","207592.21","CR","1050101","4215",""
"2860","205385","1","1050101","000104420000011","1","1/11/2026","207592.21","CR","1050101","4215",""
"2861","205462","1","1050101","000104420000011","1","1/12/2026","207592.21","CR","1050101","4215",""
"2862","205538","1","1050101","000104420000011","1","1/13/2026","207592.21","CR","1050101","4215",""
"2863","205614","1","1050101","000104420000011","1","1/14/2026","207592.21","CR","1050101","4215",""
"2864","205690","1","1050101","000104420000011","1","1/15/2026","207592.21","CR","1050101","4215",""
"2865","205766","1","1050101","000104420000011","1","1/16/2026","207592.21","CR","1050101","4215",""
"2866","205842","1","1050101","000104420000011","1","1/17/2026","207592.21","CR","1050101","4215",""
"2867","205918","1","1050101","000104420000011","1","1/18/2026","207592.21","CR","1050101","4215",""
"2868","205994","1","1050101","000104420000011","1","1/19/2026","207592.21","CR","1050101","4215",""
"2869","206071","1","1050101","000104420000011","1","1/20/2026","207592.21","CR","1050101","4215",""
"2870","206148","1","1050101","000104420000011","1","1/21/2026","207592.21","CR","1050101","4215",""
"2871","206225","1","1050101","000104420000011","1","1/22/2026","207592.21","CR","1050101","4215",""
"2872","206302","1","1050101","000104420000011","1","1/23/2026","207592.21","CR","1050101","4215",""
"2873","206379","1","1050101","000104420000011","1","1/24/2026","207592.21","CR","1050101","4215",""
"2874","206456","1","1050101","000104420000011","1","1/25/2026","207592.21","CR","1050101","4215",""
"2875","206533","1","1050101","000104420000011","1","1/26/2026","207592.21","CR","1050101","4215",""
"2876","206610","1","1050101","000104420000011","1","1/27/2026","207592.21","CR","1050101","4215",""
"2877","206687","1","1050101","000104420000011","1","1/28/2026","207592.21","CR","1050101","4215",""
"2878","206764","1","1050101","000104420000011","1","1/29/2026","207592.21","CR","1050101","4215",""
"2879","206841","1","1050101","000104420000011","1","1/30/2026","207592.21","CR","1050101","4215",""
"2880","206918","1","1050101","000104420000011","1","1/31/2026","207592.21","CR","1050101","4215",""
"2881","206995","1","1050101","000104420000011","1","1/31/2026","-6435358.51","DR","1050101","4215","27"
"2882","207068","1","1050101","000104420000011","1","2/1/2026","213287.06","CR","1050101","4215",""
"2883","207145","1","1050101","000104420000011","1","2/2/2026","213287.06","CR","1050101","4215",""
"2884","207222","1","1050101","000104420000011","1","2/3/2026","213287.06","CR","1050101","4215",""
"2885","207299","1","1050101","000104420000011","1","2/4/2026","213287.06","CR","1050101","4215",""
"2886","207376","1","1050101","000104420000011","1","2/5/2026","213287.06","CR","1050101","4215",""
"2887","207453","1","1050101","000104420000011","1","2/6/2026","213287.06","CR","1050101","4215",""
"2888","207530","1","1050101","000104420000011","1","2/7/2026","213287.06","CR","1050101","4215",""
"2889","207607","1","1050101","000104420000011","1","2/8/2026","213287.06","CR","1050101","4215",""
"2890","207684","1","1050101","000104420000011","1","2/9/2026","213287.06","CR","1050101","4215",""
"2891","207761","1","1050101","000104420000011","1","2/10/2026","213287.06","CR","1050101","4215",""
"2892","207839","1","1050101","000104420000011","1","2/11/2026","213287.06","CR","1050101","4215",""
"2893","207917","1","1050101","000104420000011","1","2/12/2026","213287.06","CR","1050101","4215",""
"2894","207995","1","1050101","000104420000011","1","2/13/2026","213287.06","CR","1050101","4215",""
"2895","208073","1","1050101","000104420000011","1","2/14/2026","213287.06","CR","1050101","4215",""
"2896","208151","1","1050101","000104420000011","1","2/15/2026","213287.06","CR","1050101","4215",""
"2897","208229","1","1050101","000104420000011","1","2/16/2026","213287.06","CR","1050101","4215",""
"2898","208307","1","1050101","000104420000011","1","2/17/2026","213287.06","CR","1050101","4215",""
"2899","208385","1","1050101","000104420000011","1","2/18/2026","213287.06","CR","1050101","4215",""
"2900","208463","1","1050101","000104420000011","1","2/19/2026","213287.06","CR","1050101","4215",""
"2901","208541","1","1050101","000104420000011","1","2/20/2026","213287.06","CR","1050101","4215",""
"2902","208619","1","1050101","000104420000011","1","2/21/2026","213287.06","CR","1050101","4215",""
"2903","208697","1","1050101","000104420000011","1","2/22/2026","213287.06","CR","1050101","4215",""
"2904","208775","1","1050101","000104420000011","1","2/23/2026","213287.06","CR","1050101","4215",""
"2905","208853","1","1050101","000104420000011","1","2/24/2026","213287.06","CR","1050101","4215",""
"2906","208931","1","1050101","000104420000011","1","2/25/2026","213287.06","CR","1050101","4215",""
"2907","209009","1","1050101","000104420000011","1","2/26/2026","213287.06","CR","1050101","4215",""
"2908","209087","1","1050101","000104420000011","1","2/27/2026","213287.06","CR","1050101","4215",""
"2909","209165","1","1050101","000104420000011","1","2/28/2026","213287.06","CR","1050101","4215",""
"2910","209247","1","1050101","000104420000011","1","2/28/2026","-5972037.68","DR","1050101","4215","32"
"2911","209321","1","1050101","000104420000011","1","3/1/2026","218571.91","CR","1050101","4215",""
"2912","209399","1","1050101","000104420000011","1","3/2/2026","218571.91","CR","1050101","4215",""
"2913","209477","1","1050101","000104420000011","1","3/3/2026","218571.91","CR","1050101","4215",""
"2914","209555","1","1050101","000104420000011","1","3/4/2026","218571.91","CR","1050101","4215",""
"2915","209633","1","1050101","000104420000011","1","3/5/2026","218571.91","CR","1050101","4215",""
"2916","209711","1","1050101","000104420000011","1","3/6/2026","218571.91","CR","1050101","4215",""
"2917","209789","1","1050101","000104420000011","1","3/7/2026","218571.91","CR","1050101","4215",""
"2918","209867","1","1050101","000104420000011","1","3/8/2026","218571.91","CR","1050101","4215",""
"2919","209945","1","1050101","000104420000011","1","3/9/2026","218571.91","CR","1050101","4215",""
"2920","210023","1","1050101","000104420000011","1","3/10/2026","218571.91","CR","1050101","4215",""
"2921","210101","1","1050101","000104420000011","1","3/11/2026","218571.91","CR","1050101","4215",""
"2922","210179","1","1050101","000104420000011","1","3/12/2026","218571.91","CR","1050101","4215",""
"2923","210257","1","1050101","000104420000011","1","3/13/2026","218571.91","CR","1050101","4215",""
"2924","210335","1","1050101","000104420000011","1","3/14/2026","218571.91","CR","1050101","4215",""
"2925","210413","1","1050101","000104420000011","1","3/15/2026","218571.91","CR","1050101","4215",""
"2926","210491","1","1050101","000104420000011","1","3/16/2026","218571.91","CR","1050101","4215",""
"2927","210569","1","1050101","000104420000011","1","3/17/2026","218571.91","CR","1050101","4215",""
"2928","210647","1","1050101","000104420000011","1","3/18/2026","218571.91","CR","1050101","4215",""
"2929","210725","1","1050101","000104420000011","1","3/19/2026","218571.91","CR","1050101","4215",""
"2930","210803","1","1050101","000104420000011","1","3/20/2026","218571.91","CR","1050101","4215",""
"2931","210881","1","1050101","000104420000011","1","3/21/2026","218571.91","CR","1050101","4215",""
"2932","210959","1","1050101","000104420000011","1","3/22/2026","218571.91","CR","1050101","4215",""
"2933","211037","1","1050101","000104420000011","1","3/23/2026","218571.91","CR","1050101","4215",""
"2934","211115","1","1050101","000104420000011","1","3/24/2026","218571.91","CR","1050101","4215",""
"2935","211194","1","1050101","000104420000011","1","3/25/2026","218571.91","CR","1050101","4215",""
"2936","211274","1","1050101","000104420000011","1","3/26/2026","218571.91","CR","1050101","4215",""
"2937","211354","1","1050101","000104420000011","1","3/27/2026","218571.91","CR","1050101","4215",""
"2938","211434","1","1050101","000104420000011","1","3/28/2026","218571.91","CR","1050101","4215",""
"2939","211514","1","1050101","000104420000011","1","3/29/2026","218571.91","CR","1050101","4215",""
"2940","211594","1","1050101","000104420000011","1","3/30/2026","218571.91","CR","1050101","4215",""
"2941","211674","1","1050101","000104420000011","1","3/31/2026","218571.91","CR","1050101","4215",""
"2942","211753","1","1050101","000104420000011","1","3/31/2026","-6775729.21","DR","1050101","4215","48"
"2943","211834","1","1050101","000104420000011","1","4/1/2026","224567.96","CR","1050101","4215",""
"2944","211914","1","1050101","000104420000011","1","4/2/2026","224567.96","CR","1050101","4215",""
"2945","211994","1","1050101","000104420000011","1","4/3/2026","224567.96","CR","1050101","4215",""
"2946","212074","1","1050101","000104420000011","1","4/4/2026","224567.96","CR","1050101","4215",""
"2947","212154","1","1050101","000104420000011","1","4/5/2026","224567.96","CR","1050101","4215",""
"2948","212234","1","1050101","000104420000011","1","4/6/2026","224567.96","CR","1050101","4215",""
"2949","212314","1","1050101","000104420000011","1","4/7/2026","224567.96","CR","1050101","4215",""
"2950","212394","1","1050101","000104420000011","1","4/8/2026","224567.96","CR","1050101","4215",""
"2951","212474","1","1050101","000104420000011","1","4/9/2026","224567.96","CR","1050101","4215",""
"2952","212554","1","1050101","000104420000011","1","4/10/2026","224567.96","CR","1050101","4215",""
"2953","212634","1","1050101","000104420000011","1","4/11/2026","224567.96","CR","1050101","4215",""
"2954","212714","1","1050101","000104420000011","1","4/12/2026","224567.96","CR","1050101","4215",""
"2955","212794","1","1050101","000104420000011","1","4/13/2026","224567.96","CR","1050101","4215",""
"2956","212874","1","1050101","000104420000011","1","4/14/2026","224567.96","CR","1050101","4215",""
"2957","212954","1","1050101","000104420000011","1","4/15/2026","224567.96","CR","1050101","4215",""
"2958","213034","1","1050101","000104420000011","1","4/16/2026","224567.96","CR","1050101","4215",""
"2959","213114","1","1050101","000104420000011","1","4/17/2026","224567.96","CR","1050101","4215",""
"2960","213194","1","1050101","000104420000011","1","4/18/2026","224567.96","CR","1050101","4215",""
"2961","213274","1","1050101","000104420000011","1","4/19/2026","224567.96","CR","1050101","4215",""
"2962","213354","1","1050101","000104420000011","1","4/20/2026","224567.96","CR","1050101","4215",""
"2963","213434","1","1050101","000104420000011","1","4/21/2026","224567.96","CR","1050101","4215",""
"2964","213514","1","1050101","000104420000011","1","4/22/2026","224567.96","CR","1050101","4215",""
"2965","213594","1","1050101","000104420000011","1","4/23/2026","224567.96","CR","1050101","4215",""
"2966","213675","1","1050101","000104420000011","1","4/24/2026","224567.96","CR","1050101","4215",""
"2967","213756","1","1050101","000104420000011","1","4/25/2026","224567.96","CR","1050101","4215",""
"2968","213837","1","1050101","000104420000011","1","4/26/2026","224567.96","CR","1050101","4215",""
"2969","213918","1","1050101","000104420000011","1","4/27/2026","224567.96","CR","1050101","4215",""
"2970","213999","1","1050101","000104420000011","1","4/28/2026","224567.96","CR","1050101","4215",""
"2971","214081","1","1050101","000104420000011","1","4/29/2026","224567.96","CR","1050101","4215",""
"2972","214163","1","1050101","000104420000011","1","4/30/2026","224567.96","CR","1050101","4215",""
"2973","214243","1","1050101","000104420000011","1","4/30/2026","-6737038.80","DR","1050101","4215","26"
"2974","214325","1","1050101","000104420000011","1","5/1/2026","230529.78","CR","1050101","4215",""
"2975","214405","1","1050101","000104420000011","1","5/2/2026","230529.78","CR","1050101","4215",""
"2976","214485","1","1050101","000104420000011","1","5/3/2026","230529.78","CR","1050101","4215",""
"2977","214565","1","1050101","000104420000011","1","5/4/2026","230529.78","CR","1050101","4215",""
"2978","214645","1","1050101","000104420000011","1","5/5/2026","230529.78","CR","1050101","4215",""
"2979","214725","1","1050101","000104420000011","1","5/6/2026","230529.78","CR","1050101","4215",""
"2980","214805","1","1050101","000104420000011","1","5/7/2026","230529.78","CR","1050101","4215",""
"2981","214885","1","1050101","000104420000011","1","5/8/2026","230529.78","CR","1050101","4215",""
"2982","214965","1","1050101","000104420000011","1","5/9/2026","230529.78","CR","1050101","4215",""
"2983","215045","1","1050101","000104420000011","1","5/10/2026","230529.78","CR","1050101","4215",""
"2984","215125","1","1050101","000104420000011","1","5/11/2026","230529.78","CR","1050101","4215",""
"2985","215205","1","1050101","000104420000011","1","5/12/2026","230529.78","CR","1050101","4215",""
"2986","215285","1","1050101","000104420000011","1","5/13/2026","230529.78","CR","1050101","4215",""
"2987","215365","1","1050101","000104420000011","1","5/14/2026","230529.78","CR","1050101","4215",""
"2988","215445","1","1050101","000104420000011","1","5/15/2026","230529.78","CR","1050101","4215",""
"2989","215525","1","1050101","000104420000011","1","5/16/2026","230529.78","CR","1050101","4215",""
"2990","215605","1","1050101","000104420000011","1","5/17/2026","230529.78","CR","1050101","4215",""
"2991","215685","1","1050101","000104420000011","1","5/18/2026","230529.78","CR","1050101","4215",""
"2992","215765","1","1050101","000104420000011","1","5/19/2026","230529.78","CR","1050101","4215",""
"2993","215845","1","1050101","000104420000011","1","5/20/2026","230529.78","CR","1050101","4215",""
"2994","215925","1","1050101","000104420000011","1","5/21/2026","230529.78","CR","1050101","4215",""
"2995","216005","1","1050101","000104420000011","1","5/22/2026","230529.78","CR","1050101","4215",""
"2996","216085","1","1050101","000104420000011","1","5/23/2026","230529.78","CR","1050101","4215",""
"2997","216165","1","1050101","000104420000011","1","5/24/2026","230529.78","CR","1050101","4215",""
"2998","216245","1","1050101","000104420000011","1","5/25/2026","230529.78","CR","1050101","4215",""
"2999","216325","1","1050101","000104420000011","1","5/26/2026","230529.78","CR","1050101","4215",""
"3000","216405","1","1050101","000104420000011","1","5/27/2026","230529.78","CR","1050101","4215",""
"3001","216485","1","1050101","000104420000011","1","5/28/2026","230529.78","CR","1050101","4215",""
"3002","216565","1","1050101","000104420000011","1","5/29/2026","230529.78","CR","1050101","4215",""
"3003","216645","1","1050101","000104420000011","1","5/30/2026","230529.78","CR","1050101","4215",""
"3004","216725","1","1050101","000104420000011","1","5/31/2026","230529.78","CR","1050101","4215",""
"3005","216809","1","1050101","000104420000011","1","5/31/2026","-7146423.18","DR","1050101","4215","34"
"3006","216886","1","1050101","000104420000011","1","6/1/2026","236853.88","CR","1050101","4215",""
"3007","216966","1","1050101","000104420000011","1","6/2/2026","236853.88","CR","1050101","4215",""
"3008","217048","1","1050101","000104420000011","1","6/3/2026","236853.88","CR","1050101","4215",""
"3009","217130","1","1050101","000104420000011","1","6/4/2026","236853.88","CR","1050101","4215",""
"3010","217212","1","1050101","000104420000011","1","6/5/2026","236853.88","CR","1050101","4215",""
"3011","217294","1","1050101","000104420000011","1","6/6/2026","236853.88","CR","1050101","4215",""
"3012","217376","1","1050101","000104420000011","1","6/7/2026","236853.88","CR","1050101","4215",""
"3013","217458","1","1050101","000104420000011","1","6/8/2026","236853.88","CR","1050101","4215",""
"3014","217540","1","1050101","000104420000011","1","6/9/2026","236853.88","CR","1050101","4215",""
"3015","217622","1","1050101","000104420000011","1","6/10/2026","236853.88","CR","1050101","4215",""
"3016","217704","1","1050101","000104420000011","1","6/11/2026","236853.88","CR","1050101","4215",""
"3017","217786","1","1050101","000104420000011","1","6/12/2026","236853.88","CR","1050101","4215",""
"3018","217868","1","1050101","000104420000011","1","6/13/2026","236853.88","CR","1050101","4215",""
"3019","217950","1","1050101","000104420000011","1","6/14/2026","236853.88","CR","1050101","4215",""
"3020","218032","1","1050101","000104420000011","1","6/15/2026","236853.88","CR","1050101","4215",""
"3021","218114","1","1050101","000104420000011","1","6/16/2026","236853.88","CR","1050101","4215",""
"3022","218196","1","1050101","000104420000011","1","6/17/2026","236853.88","CR","1050101","4215",""
"3023","218278","1","1050101","000104420000011","1","6/18/2026","236853.88","CR","1050101","4215",""
"3024","218360","1","1050101","000104420000011","1","6/19/2026","236853.88","CR","1050101","4215",""
"3025","218441","1","1050101","000104420000011","1","6/20/2026","236853.88","CR","1050101","4215",""
"3026","218522","1","1050101","000104420000011","1","6/21/2026","236853.88","CR","1050101","4215",""
"3027","218603","1","1050101","000104420000011","1","6/22/2026","236853.88","CR","1050101","4215",""
"3028","218684","1","1050101","000104420000011","1","6/23/2026","236853.88","CR","1050101","4215",""
"3029","218765","1","1050101","000104420000011","1","6/24/2026","236853.88","CR","1050101","4215",""
"3030","218846","1","1050101","000104420000011","1","6/25/2026","236853.88","CR","1050101","4215",""
"3031","218927","1","1050101","000104420000011","1","6/26/2026","236853.88","CR","1050101","4215",""
"3032","219007","1","1050101","000104420000011","1","6/27/2026","236853.88","CR","1050101","4215",""
"3033","219087","1","1050101","000104420000011","1","6/28/2026","236853.88","CR","1050101","4215",""
"3034","219167","1","1050101","000104420000011","1","6/29/2026","236853.88","CR","1050101","4215",""
"3035","219245","1","1050101","000104420000011","1","6/30/2026","236853.88","CR","1050101","4215",""
"3036","219325","1","1050101","000104420000011","1","6/30/2026","-7105616.40","DR","1050101","4215","38"
"3037","219403","1","1050101","000104420000011","1","7/1/2026","243141.86","CR","1050101","4215",""
"3038","219482","1","1050101","000104420000011","1","7/2/2026","243141.86","CR","1050101","4215",""
"3039","219561","1","1050101","000104420000011","1","7/3/2026","243141.86","CR","1050101","4215",""
"3040","219640","1","1050101","000104420000011","1","7/4/2026","243141.86","CR","1050101","4215",""
"3041","219719","1","1050101","000104420000011","1","7/5/2026","243141.86","CR","1050101","4215",""
"3042","219798","1","1050101","000104420000011","1","7/6/2026","243141.86","CR","1050101","4215",""
"3043","219877","1","1050101","000104420000011","1","7/7/2026","243141.86","CR","1050101","4215",""
"3044","219956","1","1050101","000104420000011","1","7/8/2026","243141.86","CR","1050101","4215",""
"3045","220035","1","1050101","000104420000011","1","7/9/2026","243141.86","CR","1050101","4215",""
"3046","220114","1","1050101","000104420000011","1","7/10/2026","243141.86","CR","1050101","4215",""
"3047","220193","1","1050101","000104420000011","1","7/11/2026","243141.86","CR","1050101","4215",""
"3048","220272","1","1050101","000104420000011","1","7/12/2026","243141.86","CR","1050101","4215",""
"3049","220351","1","1050101","000104420000011","1","7/13/2026","243141.86","CR","1050101","4215",""
"3050","220430","1","1050101","000104420000011","1","7/14/2026","243141.86","CR","1050101","4215",""
"3051","220509","1","1050101","000104420000011","1","7/15/2026","243141.86","CR","1050101","4215",""
"3052","220588","1","1050101","000104420000011","1","7/16/2026","243141.86","CR","1050101","4215",""
"3053","220667","1","1050101","000104420000011","1","7/17/2026","243141.86","CR","1050101","4215",""
"3054","220746","1","1050101","000104420000011","1","7/18/2026","243141.86","CR","1050101","4215",""
"3055","220825","1","1050101","000104420000011","1","7/19/2026","243141.86","CR","1050101","4215",""
"3056","220904","1","1050101","000104420000011","1","7/20/2026","243141.86","CR","1050101","4215",""
"3057","220983","1","1050101","000104420000011","1","7/21/2026","243141.86","CR","1050101","4215",""
"3058","221062","1","1050101","000104420000011","1","7/22/2026","243141.86","CR","1050101","4215",""
"3059","221140","1","1050101","000104420000011","1","7/23/2026","243141.86","CR","1050101","4215",""
"3060","221218","1","1050101","000104420000011","1","7/24/2026","243141.86","CR","1050101","4215",""
"3061","221296","1","1050101","000104420000011","1","7/25/2026","243141.86","CR","1050101","4215",""
"3062","221374","1","1050101","000104420000011","1","7/26/2026","243141.86","CR","1050101","4215",""
"3063","221452","1","1050101","000104420000011","1","7/27/2026","243141.86","CR","1050101","4215",""
"3064","221530","1","1050101","000104420000011","1","7/28/2026","243141.86","CR","1050101","4215",""
"3065","221608","1","1050101","000104420000011","1","7/29/2026","243141.86","CR","1050101","4215",""
"3066","221686","1","1050101","000104420000011","1","7/30/2026","243141.86","CR","1050101","4215",""
"3067","221764","1","1050101","000104420000011","1","7/31/2026","243141.86","CR","1050101","4215",""
"3068","221847","1","1050101","000104420000011","1","7/31/2026","-7537397.66","DR","1050101","4215","45"
"3069","221921","1","1050101","000104420000011","1","8/1/2026","249811.94","CR","1050101","4215",""
"3070","222000","1","1050101","000104420000011","1","8/2/2026","249811.94","CR","1050101","4215",""
"3071","222079","1","1050101","000104420000011","1","8/3/2026","249811.94","CR","1050101","4215",""
"3072","222158","1","1050101","000104420000011","1","8/4/2026","249811.94","CR","1050101","4215",""
"3073","222237","1","1050101","000104420000011","1","8/5/2026","249811.94","CR","1050101","4215",""
"3074","222316","1","1050101","000104420000011","1","8/6/2026","249811.94","CR","1050101","4215",""
"3075","222395","1","1050101","000104420000011","1","8/7/2026","249811.94","CR","1050101","4215",""
"3076","222474","1","1050101","000104420000011","1","8/8/2026","249811.94","CR","1050101","4215",""
"3077","222553","1","1050101","000104420000011","1","8/9/2026","249811.94","CR","1050101","4215",""
"3078","222632","1","1050101","000104420000011","1","8/10/2026","249811.94","CR","1050101","4215",""
"3079","222711","1","1050101","000104420000011","1","8/11/2026","249811.94","CR","1050101","4215",""
"3080","222790","1","1050101","000104420000011","1","8/12/2026","249811.94","CR","1050101","4215",""
"3081","222869","1","1050101","000104420000011","1","8/13/2026","249811.94","CR","1050101","4215",""
"3082","222948","1","1050101","000104420000011","1","8/14/2026","249811.94","CR","1050101","4215",""
"3083","223027","1","1050101","000104420000011","1","8/15/2026","249811.94","CR","1050101","4215",""
"3084","223106","1","1050101","000104420000011","1","8/16/2026","249811.94","CR","1050101","4215",""
"3085","223185","1","1050101","000104420000011","1","8/17/2026","249811.94","CR","1050101","4215",""
"3086","223265","1","1050101","000104420000011","1","8/18/2026","249811.94","CR","1050101","4215",""
"3087","223345","1","1050101","000104420000011","1","8/19/2026","249811.94","CR","1050101","4215",""
"3088","223425","1","1050101","000104420000011","1","8/20/2026","249811.94","CR","1050101","4215",""
"3089","223505","1","1050101","000104420000011","1","8/21/2026","249811.94","CR","1050101","4215",""
"3090","223585","1","1050101","000104420000011","1","8/22/2026","249811.94","CR","1050101","4215",""
"3091","223665","1","1050101","000104420000011","1","8/23/2026","249811.94","CR","1050101","4215",""
"3092","223745","1","1050101","000104420000011","1","8/24/2026","249811.94","CR","1050101","4215",""
"3093","223825","1","1050101","000104420000011","1","8/25/2026","249811.94","CR","1050101","4215",""
"3094","223906","1","1050101","000104420000011","1","8/26/2026","249811.94","CR","1050101","4215",""
"3095","223987","1","1050101","000104420000011","1","8/27/2026","249811.94","CR","1050101","4215",""
"3096","224068","1","1050101","000104420000011","1","8/28/2026","249811.94","CR","1050101","4215",""
"3097","224149","1","1050101","000104420000011","1","8/29/2026","249811.94","CR","1050101","4215",""
"3098","224230","1","1050101","000104420000011","1","8/30/2026","249811.94","CR","1050101","4215",""
"3099","224311","1","1050101","000104420000011","1","8/31/2026","249811.94","CR","1050101","4215",""
"3100","224395","1","1050101","000104420000011","1","8/31/2026","-7744170.14","DR","1050101","4215","51"
"3101","224475","1","1050101","000104420000011","1","9/1/2026","256665.00","CR","1050101","4215",""
"3102","224557","1","1050101","000104420000011","1","9/2/2026","256665.00","CR","1050101","4215",""
"3103","224639","1","1050101","000104420000011","1","9/3/2026","256665.00","CR","1050101","4215",""
"3104","224721","1","1050101","000104420000011","1","9/4/2026","256665.00","CR","1050101","4215",""
"3105","224803","1","1050101","000104420000011","1","9/5/2026","256665.00","CR","1050101","4215",""
"3106","224885","1","1050101","000104420000011","1","9/6/2026","256665.00","CR","1050101","4215",""
"3107","224967","1","1050101","000104420000011","1","9/7/2026","256665.00","CR","1050101","4215",""
"3108","225049","1","1050101","000104420000011","1","9/8/2026","256665.00","CR","1050101","4215",""
"3109","225131","1","1050101","000104420000011","1","9/9/2026","256665.00","CR","1050101","4215",""
"3110","225213","1","1050101","000104420000011","1","9/10/2026","256665.00","CR","1050101","4215",""
"3111","225295","1","1050101","000104420000011","1","9/11/2026","256665.00","CR","1050101","4215",""
"3112","225377","1","1050101","000104420000011","1","9/12/2026","256665.00","CR","1050101","4215",""
"3113","225459","1","1050101","000104420000011","1","9/13/2026","256665.00","CR","1050101","4215",""
"3114","225541","1","1050101","000104420000011","1","9/14/2026","256665.00","CR","1050101","4215",""
"3115","225623","1","1050101","000104420000011","1","9/15/2026","256665.00","CR","1050101","4215",""
"3116","225705","1","1050101","000104420000011","1","9/16/2026","256665.00","CR","1050101","4215",""
"3117","225787","1","1050101","000104420000011","1","9/17/2026","256665.00","CR","1050101","4215",""
"3118","225869","1","1050101","000104420000011","1","9/18/2026","256665.00","CR","1050101","4215",""
"3119","225951","1","1050101","000104420000011","1","9/19/2026","256665.00","CR","1050101","4215",""
"3120","226033","1","1050101","000104420000011","1","9/20/2026","256665.00","CR","1050101","4215",""
"3121","226115","1","1050101","000104420000011","1","9/21/2026","256665.00","CR","1050101","4215",""
"3122","226197","1","1050101","000104420000011","1","9/22/2026","256665.00","CR","1050101","4215",""
"3123","226279","1","1050101","000104420000011","1","9/23/2026","256665.00","CR","1050101","4215",""
"3124","226361","1","1050101","000104420000011","1","9/24/2026","256665.00","CR","1050101","4215",""
"3125","226443","1","1050101","000104420000011","1","9/25/2026","256665.00","CR","1050101","4215",""
"3126","226525","1","1050101","000104420000011","1","9/26/2026","256665.00","CR","1050101","4215",""
"3127","226607","1","1050101","000104420000011","1","9/27/2026","256665.00","CR","1050101","4215",""
"3128","226689","1","1050101","000104420000011","1","9/28/2026","256665.00","CR","1050101","4215",""
"3129","226771","1","1050101","000104420000011","1","9/29/2026","256665.00","CR","1050101","4215",""
"3130","166585","1","1050101","000104420000012","1","11/1/2024","36301.72","CR","1050101","4215",""
"3131","166586","1","1050101","000104420000012","1","11/2/2024","36301.72","CR","1050101","4215",""
"3132","166587","1","1050101","000104420000012","1","11/3/2024","36301.72","CR","1050101","4215",""
"3133","166588","1","1050101","000104420000012","1","11/4/2024","36301.72","CR","1050101","4215",""
"3134","166589","1","1050101","000104420000012","1","11/5/2024","36301.72","CR","1050101","4215",""
"3135","166590","1","1050101","000104420000012","1","11/6/2024","36301.72","CR","1050101","4215",""
"3136","166591","1","1050101","000104420000012","1","11/7/2024","36301.72","CR","1050101","4215",""
"3137","166592","1","1050101","000104420000012","1","11/8/2024","36301.72","CR","1050101","4215",""
"3138","166593","1","1050101","000104420000012","1","11/9/2024","36301.72","CR","1050101","4215",""
"3139","166594","1","1050101","000104420000012","1","11/10/2024","36301.72","CR","1050101","4215",""
"3140","166595","1","1050101","000104420000012","1","11/11/2024","36301.72","CR","1050101","4215",""
"3141","166596","1","1050101","000104420000012","1","11/12/2024","36301.72","CR","1050101","4215",""
"3142","166597","1","1050101","000104420000012","1","11/13/2024","36301.72","CR","1050101","4215",""
"3143","167515","1","1050101","000104420000012","1","11/14/2024","36301.72","CR","1050101","4215",""
"3144","167516","1","1050101","000104420000012","1","11/15/2024","36301.72","CR","1050101","4215",""
"3145","167517","1","1050101","000104420000012","1","11/16/2024","36301.72","CR","1050101","4215",""
"3146","167518","1","1050101","000104420000012","1","11/17/2024","36301.72","CR","1050101","4215",""
"3147","167829","1","1050101","000104420000012","1","11/18/2024","36301.72","CR","1050101","4215",""
"3148","167905","1","1050101","000104420000012","1","11/19/2024","36301.72","CR","1050101","4215",""
"3149","167981","1","1050101","000104420000012","1","11/20/2024","36301.72","CR","1050101","4215",""
"3150","168057","1","1050101","000104420000012","1","11/21/2024","36301.72","CR","1050101","4215",""
"3151","168133","1","1050101","000104420000012","1","11/22/2024","36301.72","CR","1050101","4215",""
"3152","168209","1","1050101","000104420000012","1","11/23/2024","36301.72","CR","1050101","4215",""
"3153","168285","1","1050101","000104420000012","1","11/24/2024","36301.72","CR","1050101","4215",""
"3154","168361","1","1050101","000104420000012","1","11/25/2024","36301.72","CR","1050101","4215",""
"3155","168437","1","1050101","000104420000012","1","11/26/2024","36301.72","CR","1050101","4215",""
"3156","168513","1","1050101","000104420000012","1","11/27/2024","36301.72","CR","1050101","4215",""
"3157","168590","1","1050101","000104420000012","1","11/28/2024","36301.72","CR","1050101","4215",""
"3158","168667","1","1050101","000104420000012","1","11/29/2024","36301.72","CR","1050101","4215",""
"3159","168743","1","1050101","000104420000012","1","11/30/2024","36301.72","CR","1050101","4215",""
"3160","168818","1","1050101","000104420000012","1","11/30/2024","-1089051.60","DR","1050101","4215","80"
"3161","168896","1","1050101","000104420000012","1","12/1/2024","37226.67","CR","1050101","4215",""
"3162","168972","1","1050101","000104420000012","1","12/2/2024","37226.67","CR","1050101","4215",""
"3163","169048","1","1050101","000104420000012","1","12/3/2024","37226.67","CR","1050101","4215",""
"3164","169124","1","1050101","000104420000012","1","12/4/2024","37226.67","CR","1050101","4215",""
"3165","169200","1","1050101","000104420000012","1","12/5/2024","37226.67","CR","1050101","4215",""
"3166","169276","1","1050101","000104420000012","1","12/6/2024","37226.67","CR","1050101","4215",""
"3167","169352","1","1050101","000104420000012","1","12/7/2024","37226.67","CR","1050101","4215",""
"3168","169428","1","1050101","000104420000012","1","12/8/2024","37226.67","CR","1050101","4215",""
"3169","169504","1","1050101","000104420000012","1","12/9/2024","37226.67","CR","1050101","4215",""
"3170","169580","1","1050101","000104420000012","1","12/10/2024","37226.67","CR","1050101","4215",""
"3171","169656","1","1050101","000104420000012","1","12/11/2024","37226.67","CR","1050101","4215",""
"3172","169732","1","1050101","000104420000012","1","12/12/2024","37226.67","CR","1050101","4215",""
"3173","169808","1","1050101","000104420000012","1","12/13/2024","37226.67","CR","1050101","4215",""
"3174","169884","1","1050101","000104420000012","1","12/14/2024","37226.67","CR","1050101","4215",""
"3175","169960","1","1050101","000104420000012","1","12/15/2024","37226.67","CR","1050101","4215",""
"3176","170036","1","1050101","000104420000012","1","12/16/2024","37226.67","CR","1050101","4215",""
"3177","170112","1","1050101","000104420000012","1","12/17/2024","37226.67","CR","1050101","4215",""
"3178","170188","1","1050101","000104420000012","1","12/18/2024","37226.67","CR","1050101","4215",""
"3179","170264","1","1050101","000104420000012","1","12/19/2024","37226.67","CR","1050101","4215",""
"3180","170340","1","1050101","000104420000012","1","12/20/2024","37226.67","CR","1050101","4215",""
"3181","170416","1","1050101","000104420000012","1","12/21/2024","37226.67","CR","1050101","4215",""
"3182","170492","1","1050101","000104420000012","1","12/22/2024","37226.67","CR","1050101","4215",""
"3183","170568","1","1050101","000104420000012","1","12/23/2024","37226.67","CR","1050101","4215",""
"3184","170644","1","1050101","000104420000012","1","12/24/2024","37226.67","CR","1050101","4215",""
"3185","170720","1","1050101","000104420000012","1","12/25/2024","37226.67","CR","1050101","4215",""
"3186","170796","1","1050101","000104420000012","1","12/26/2024","37226.67","CR","1050101","4215",""
"3187","170872","1","1050101","000104420000012","1","12/27/2024","37226.67","CR","1050101","4215",""
"3188","170948","1","1050101","000104420000012","1","12/28/2024","37226.67","CR","1050101","4215",""
"3189","171024","1","1050101","000104420000012","1","12/29/2024","37226.67","CR","1050101","4215",""
"3190","171100","1","1050101","000104420000012","1","12/30/2024","37226.67","CR","1050101","4215",""
"3191","171176","1","1050101","000104420000012","1","12/31/2024","37226.67","CR","1050101","4215",""
"3192","171254","1","1050101","000104420000012","1","12/31/2024","-1154026.77","DR","1050101","4215","80"
"3193","171454","1","1050101","000104420000012","1","1/1/2025","38206.80","CR","1050101","4215",""
"3194","171531","1","1050101","000104420000012","1","1/2/2025","38206.80","CR","1050101","4215",""
"3195","171608","1","1050101","000104420000012","1","1/3/2025","38206.80","CR","1050101","4215",""
"3196","171685","1","1050101","000104420000012","1","1/4/2025","38206.80","CR","1050101","4215",""
"3197","171762","1","1050101","000104420000012","1","1/5/2025","38206.80","CR","1050101","4215",""
"3198","171839","1","1050101","000104420000012","1","1/6/2025","38206.80","CR","1050101","4215",""
"3199","171916","1","1050101","000104420000012","1","1/7/2025","38206.80","CR","1050101","4215",""
"3200","171993","1","1050101","000104420000012","1","1/8/2025","38206.80","CR","1050101","4215",""
"3201","172070","1","1050101","000104420000012","1","1/9/2025","38206.80","CR","1050101","4215",""
"3202","172147","1","1050101","000104420000012","1","1/10/2025","38206.80","CR","1050101","4215",""
"3203","172224","1","1050101","000104420000012","1","1/11/2025","38206.80","CR","1050101","4215",""
"3204","172301","1","1050101","000104420000012","1","1/12/2025","38206.80","CR","1050101","4215",""
"3205","172378","1","1050101","000104420000012","1","1/13/2025","38206.80","CR","1050101","4215",""
"3206","172455","1","1050101","000104420000012","1","1/14/2025","38206.80","CR","1050101","4215",""
"3207","172532","1","1050101","000104420000012","1","1/15/2025","38206.80","CR","1050101","4215",""
"3208","172609","1","1050101","000104420000012","1","1/16/2025","38206.80","CR","1050101","4215",""
"3209","172686","1","1050101","000104420000012","1","1/17/2025","38206.80","CR","1050101","4215",""
"3210","172763","1","1050101","000104420000012","1","1/18/2025","38206.80","CR","1050101","4215",""
"3211","172840","1","1050101","000104420000012","1","1/19/2025","38206.80","CR","1050101","4215",""
"3212","172917","1","1050101","000104420000012","1","1/20/2025","38206.80","CR","1050101","4215",""
"3213","172994","1","1050101","000104420000012","1","1/21/2025","38206.80","CR","1050101","4215",""
"3214","173071","1","1050101","000104420000012","1","1/22/2025","38206.80","CR","1050101","4215",""
"3215","173148","1","1050101","000104420000012","1","1/23/2025","38206.80","CR","1050101","4215",""
"3216","173225","1","1050101","000104420000012","1","1/24/2025","38206.80","CR","1050101","4215",""
"3217","173302","1","1050101","000104420000012","1","1/25/2025","38206.80","CR","1050101","4215",""
"3218","173379","1","1050101","000104420000012","1","1/26/2025","38206.80","CR","1050101","4215",""
"3219","173456","1","1050101","000104420000012","1","1/27/2025","38206.80","CR","1050101","4215",""
"3220","173533","1","1050101","000104420000012","1","1/28/2025","38206.80","CR","1050101","4215",""
"3221","173610","1","1050101","000104420000012","1","1/29/2025","38206.80","CR","1050101","4215",""
"3222","173687","1","1050101","000104420000012","1","1/30/2025","38206.80","CR","1050101","4215",""
"3223","173764","1","1050101","000104420000012","1","1/31/2025","38206.80","CR","1050101","4215",""
"3224","173846","1","1050101","000104420000012","1","1/31/2025","-1184410.80","DR","1050101","4215","46"
"3225","173891","1","1050101","000104420000012","1","2/1/2025","39212.74","CR","1050101","4215",""
"3226","173970","1","1050101","000104420000012","1","2/2/2025","39212.74","CR","1050101","4215",""
"3227","174049","1","1050101","000104420000012","1","2/3/2025","39212.74","CR","1050101","4215",""
"3228","174128","1","1050101","000104420000012","1","2/4/2025","39212.74","CR","1050101","4215",""
"3229","174207","1","1050101","000104420000012","1","2/5/2025","39212.74","CR","1050101","4215",""
"3230","174286","1","1050101","000104420000012","1","2/6/2025","39212.74","CR","1050101","4215",""
"3231","174365","1","1050101","000104420000012","1","2/7/2025","39212.74","CR","1050101","4215",""
"3232","174444","1","1050101","000104420000012","1","2/8/2025","39212.74","CR","1050101","4215",""
"3233","174523","1","1050101","000104420000012","1","2/9/2025","39212.74","CR","1050101","4215",""
"3234","174602","1","1050101","000104420000012","1","2/10/2025","39212.74","CR","1050101","4215",""
"3235","174681","1","1050101","000104420000012","1","2/11/2025","39212.74","CR","1050101","4215",""
"3236","174760","1","1050101","000104420000012","1","2/12/2025","39212.74","CR","1050101","4215",""
"3237","174839","1","1050101","000104420000012","1","2/13/2025","39212.74","CR","1050101","4215",""
"3238","174918","1","1050101","000104420000012","1","2/14/2025","39212.74","CR","1050101","4215",""
"3239","174997","1","1050101","000104420000012","1","2/15/2025","39212.74","CR","1050101","4215",""
"3240","175076","1","1050101","000104420000012","1","2/16/2025","39212.74","CR","1050101","4215",""
"3241","175155","1","1050101","000104420000012","1","2/17/2025","39212.74","CR","1050101","4215",""
"3242","175234","1","1050101","000104420000012","1","2/18/2025","39212.74","CR","1050101","4215",""
"3243","175313","1","1050101","000104420000012","1","2/19/2025","39212.74","CR","1050101","4215",""
"3244","175392","1","1050101","000104420000012","1","2/20/2025","39212.74","CR","1050101","4215",""
"3245","175471","1","1050101","000104420000012","1","2/21/2025","39212.74","CR","1050101","4215",""
"3246","175550","1","1050101","000104420000012","1","2/22/2025","39212.74","CR","1050101","4215",""
"3247","175629","1","1050101","000104420000012","1","2/23/2025","39212.74","CR","1050101","4215",""
"3248","175708","1","1050101","000104420000012","1","2/24/2025","39212.74","CR","1050101","4215",""
"3249","175787","1","1050101","000104420000012","1","2/25/2025","39212.74","CR","1050101","4215",""
"3250","175866","1","1050101","000104420000012","1","2/26/2025","39212.74","CR","1050101","4215",""
"3251","175945","1","1050101","000104420000012","1","2/27/2025","39212.74","CR","1050101","4215",""
"3252","176024","1","1050101","000104420000012","1","2/28/2025","39212.74","CR","1050101","4215",""
"3253","176096","1","1050101","000104420000012","1","2/28/2025","-1097956.72","DR","1050101","4215","13"
"3254","176182","1","1050101","000104420000012","1","3/1/2025","40145.25","CR","1050101","4215",""
"3255","176261","1","1050101","000104420000012","1","3/2/2025","40145.25","CR","1050101","4215",""
"3256","176822","1","1050101","000104420000012","1","3/3/2025","40145.25","CR","1050101","4215",""
"3257","176834","1","1050101","000104420000012","1","3/4/2025","40145.25","CR","1050101","4215",""
"3258","176846","1","1050101","000104420000012","1","3/5/2025","40145.25","CR","1050101","4215",""
"3259","176858","1","1050101","000104420000012","1","3/6/2025","40145.25","CR","1050101","4215",""
"3260","176870","1","1050101","000104420000012","1","3/7/2025","40145.25","CR","1050101","4215",""
"3261","176882","1","1050101","000104420000012","1","3/8/2025","40145.25","CR","1050101","4215",""
"3262","176894","1","1050101","000104420000012","1","3/9/2025","40145.25","CR","1050101","4215",""
"3263","176906","1","1050101","000104420000012","1","3/10/2025","40145.25","CR","1050101","4215",""
"3264","176918","1","1050101","000104420000012","1","3/11/2025","40145.25","CR","1050101","4215",""
"3265","176930","1","1050101","000104420000012","1","3/12/2025","40145.25","CR","1050101","4215",""
"3266","176942","1","1050101","000104420000012","1","3/13/2025","40145.25","CR","1050101","4215",""
"3267","176954","1","1050101","000104420000012","1","3/14/2025","40145.25","CR","1050101","4215",""
"3268","176966","1","1050101","000104420000012","1","3/15/2025","40145.25","CR","1050101","4215",""
"3269","176978","1","1050101","000104420000012","1","3/16/2025","40145.25","CR","1050101","4215",""
"3270","176990","1","1050101","000104420000012","1","3/17/2025","40145.25","CR","1050101","4215",""
"3271","177002","1","1050101","000104420000012","1","3/18/2025","40145.25","CR","1050101","4215",""
"3272","177014","1","1050101","000104420000012","1","3/19/2025","40145.25","CR","1050101","4215",""
"3273","177026","1","1050101","000104420000012","1","3/20/2025","40145.25","CR","1050101","4215",""
"3274","177038","1","1050101","000104420000012","1","3/21/2025","40145.25","CR","1050101","4215",""
"3275","177050","1","1050101","000104420000012","1","3/22/2025","40145.25","CR","1050101","4215",""
"3276","177062","1","1050101","000104420000012","1","3/23/2025","40145.25","CR","1050101","4215",""
"3277","177074","1","1050101","000104420000012","1","3/24/2025","40145.25","CR","1050101","4215",""
"3278","177086","1","1050101","000104420000012","1","3/25/2025","40145.25","CR","1050101","4215",""
"3279","177098","1","1050101","000104420000012","1","3/26/2025","40145.25","CR","1050101","4215",""
"3280","177110","1","1050101","000104420000012","1","3/27/2025","40145.25","CR","1050101","4215",""
"3281","177122","1","1050101","000104420000012","1","3/28/2025","40145.25","CR","1050101","4215",""
"3282","177134","1","1050101","000104420000012","1","3/29/2025","40145.25","CR","1050101","4215",""
"3283","177146","1","1050101","000104420000012","1","3/30/2025","40145.25","CR","1050101","4215",""
"3284","177158","1","1050101","000104420000012","1","3/31/2025","40145.25","CR","1050101","4215",""
"3285","179126","1","1050101","000104420000012","1","3/31/2025","-1244502.75","DR","1050101","4215","36"
"3286","179209","1","1050101","000104420000012","1","4/1/2025","41202.23","CR","1050101","4215",""
"3287","179287","1","1050101","000104420000012","1","4/2/2025","41202.23","CR","1050101","4215",""
"3288","179365","1","1050101","000104420000012","1","4/3/2025","41202.23","CR","1050101","4215",""
"3289","179443","1","1050101","000104420000012","1","4/4/2025","41202.23","CR","1050101","4215",""
"3290","179521","1","1050101","000104420000012","1","4/5/2025","41202.23","CR","1050101","4215",""
"3291","179599","1","1050101","000104420000012","1","4/6/2025","41202.23","CR","1050101","4215",""
"3292","179677","1","1050101","000104420000012","1","4/7/2025","41202.23","CR","1050101","4215",""
"3293","179755","1","1050101","000104420000012","1","4/8/2025","41202.23","CR","1050101","4215",""
"3294","179833","1","1050101","000104420000012","1","4/9/2025","41202.23","CR","1050101","4215",""
"3295","179911","1","1050101","000104420000012","1","4/10/2025","41202.23","CR","1050101","4215",""
"3296","179989","1","1050101","000104420000012","1","4/11/2025","41202.23","CR","1050101","4215",""
"3297","180067","1","1050101","000104420000012","1","4/12/2025","41202.23","CR","1050101","4215",""
"3298","180145","1","1050101","000104420000012","1","4/13/2025","41202.23","CR","1050101","4215",""
"3299","180223","1","1050101","000104420000012","1","4/14/2025","41202.23","CR","1050101","4215",""
"3300","180301","1","1050101","000104420000012","1","4/15/2025","41202.23","CR","1050101","4215",""
"3301","180379","1","1050101","000104420000012","1","4/16/2025","41202.23","CR","1050101","4215",""
"3302","180457","1","1050101","000104420000012","1","4/17/2025","41202.23","CR","1050101","4215",""
"3303","180535","1","1050101","000104420000012","1","4/18/2025","41202.23","CR","1050101","4215",""
"3304","180613","1","1050101","000104420000012","1","4/19/2025","41202.23","CR","1050101","4215",""
"3305","180691","1","1050101","000104420000012","1","4/20/2025","41202.23","CR","1050101","4215",""
"3306","180769","1","1050101","000104420000012","1","4/21/2025","41202.23","CR","1050101","4215",""
"3307","180847","1","1050101","000104420000012","1","4/22/2025","41202.23","CR","1050101","4215",""
"3308","180925","1","1050101","000104420000012","1","4/23/2025","41202.23","CR","1050101","4215",""
"3309","181003","1","1050101","000104420000012","1","4/24/2025","41202.23","CR","1050101","4215",""
"3310","181081","1","1050101","000104420000012","1","4/25/2025","41202.23","CR","1050101","4215",""
"3311","181159","1","1050101","000104420000012","1","4/26/2025","41202.23","CR","1050101","4215",""
"3312","181237","1","1050101","000104420000012","1","4/27/2025","41202.23","CR","1050101","4215",""
"3313","181315","1","1050101","000104420000012","1","4/28/2025","41202.23","CR","1050101","4215",""
"3314","181393","1","1050101","000104420000012","1","4/29/2025","41202.23","CR","1050101","4215",""
"3315","181471","1","1050101","000104420000012","1","4/30/2025","41202.23","CR","1050101","4215",""
"3316","181544","1","1050101","000104420000012","1","4/30/2025","-1236066.90","DR","1050101","4215","28"
"3317","181629","1","1050101","000104420000012","1","5/1/2025","42252.04","CR","1050101","4215",""
"3318","181708","1","1050101","000104420000012","1","5/2/2025","42252.04","CR","1050101","4215",""
"3319","181788","1","1050101","000104420000012","1","5/3/2025","42252.04","CR","1050101","4215",""
"3320","181868","1","1050101","000104420000012","1","5/4/2025","42252.04","CR","1050101","4215",""
"3321","181948","1","1050101","000104420000012","1","5/5/2025","42252.04","CR","1050101","4215",""
"3322","182028","1","1050101","000104420000012","1","5/6/2025","42252.04","CR","1050101","4215",""
"3323","182108","1","1050101","000104420000012","1","5/7/2025","42524.63","CR","1050101","4215",""
"3324","182189","1","1050101","000104420000012","1","5/8/2025","42524.63","CR","1050101","4215",""
"3325","182270","1","1050101","000104420000012","1","5/9/2025","42524.63","CR","1050101","4215",""
"3326","182351","1","1050101","000104420000012","1","5/10/2025","42524.63","CR","1050101","4215",""
"3327","182432","1","1050101","000104420000012","1","5/11/2025","42524.63","CR","1050101","4215",""
"3328","182513","1","1050101","000104420000012","1","5/12/2025","42524.63","CR","1050101","4215",""
"3329","182595","1","1050101","000104420000012","1","5/13/2025","42524.63","CR","1050101","4215",""
"3330","182677","1","1050101","000104420000012","1","5/14/2025","42524.63","CR","1050101","4215",""
"3331","182759","1","1050101","000104420000012","1","5/15/2025","42524.63","CR","1050101","4215",""
"3332","182841","1","1050101","000104420000012","1","5/16/2025","42524.63","CR","1050101","4215",""
"3333","182925","1","1050101","000104420000012","1","5/17/2025","42524.63","CR","1050101","4215",""
"3334","183009","1","1050101","000104420000012","1","5/18/2025","42524.63","CR","1050101","4215",""
"3335","183093","1","1050101","000104420000012","1","5/19/2025","42524.63","CR","1050101","4215",""
"3336","183177","1","1050101","000104420000012","1","5/20/2025","42524.63","CR","1050101","4215",""
"3337","183261","1","1050101","000104420000012","1","5/21/2025","42524.63","CR","1050101","4215",""
"3338","183345","1","1050101","000104420000012","1","5/22/2025","42524.63","CR","1050101","4215",""
"3339","183429","1","1050101","000104420000012","1","5/23/2025","42524.63","CR","1050101","4215",""
"3340","183514","1","1050101","000104420000012","1","5/24/2025","42524.63","CR","1050101","4215",""
"3341","183599","1","1050101","000104420000012","1","5/25/2025","42524.63","CR","1050101","4215",""
"3342","183684","1","1050101","000104420000012","1","5/26/2025","42524.63","CR","1050101","4215",""
"3343","183769","1","1050101","000104420000012","1","5/27/2025","42524.63","CR","1050101","4215",""
"3344","183854","1","1050101","000104420000012","1","5/28/2025","42524.63","CR","1050101","4215",""
"3345","183939","1","1050101","000104420000012","1","5/29/2025","42524.63","CR","1050101","4215",""
"3346","184024","1","1050101","000104420000012","1","5/30/2025","42524.63","CR","1050101","4215",""
"3347","184109","1","1050101","000104420000012","1","5/31/2025","42524.63","CR","1050101","4215",""
"3348","184188","1","1050101","000104420000012","1","5/31/2025","-1316627.99","DR","1050101","4215","117"
"3349","184281","1","1050101","000104420000012","1","6/1/2025","43650.08","CR","1050101","4215",""
"3350","184367","1","1050101","000104420000012","1","6/2/2025","43650.08","CR","1050101","4215",""
"3351","184453","1","1050101","000104420000012","1","6/3/2025","43650.08","CR","1050101","4215",""
"3352","184539","1","1050101","000104420000012","1","6/4/2025","43650.08","CR","1050101","4215",""
"3353","184625","1","1050101","000104420000012","1","6/5/2025","43650.08","CR","1050101","4215",""
"3354","184711","1","1050101","000104420000012","1","6/6/2025","43650.08","CR","1050101","4215",""
"3355","184797","1","1050101","000104420000012","1","6/7/2025","43650.08","CR","1050101","4215",""
"3356","184883","1","1050101","000104420000012","1","6/8/2025","43650.08","CR","1050101","4215",""
"3357","184969","1","1050101","000104420000012","1","6/9/2025","43650.08","CR","1050101","4215",""
"3358","185055","1","1050101","000104420000012","1","6/10/2025","43650.08","CR","1050101","4215",""
"3359","185141","1","1050101","000104420000012","1","6/11/2025","43650.08","CR","1050101","4215",""
"3360","185227","1","1050101","000104420000012","1","6/12/2025","43650.08","CR","1050101","4215",""
"3361","185313","1","1050101","000104420000012","1","6/13/2025","43650.08","CR","1050101","4215",""
"3362","185399","1","1050101","000104420000012","1","6/14/2025","43650.08","CR","1050101","4215",""
"3363","185485","1","1050101","000104420000012","1","6/15/2025","43650.08","CR","1050101","4215",""
"3364","185571","1","1050101","000104420000012","1","6/16/2025","43650.08","CR","1050101","4215",""
"3365","185657","1","1050101","000104420000012","1","6/17/2025","43650.08","CR","1050101","4215",""
"3366","185743","1","1050101","000104420000012","1","6/18/2025","43650.08","CR","1050101","4215",""
"3367","185830","1","1050101","000104420000012","1","6/19/2025","43650.08","CR","1050101","4215",""
"3368","185918","1","1050101","000104420000012","1","6/20/2025","43650.08","CR","1050101","4215",""
"3369","186006","1","1050101","000104420000012","1","6/21/2025","43650.08","CR","1050101","4215",""
"3370","186094","1","1050101","000104420000012","1","6/22/2025","43650.08","CR","1050101","4215",""
"3371","186182","1","1050101","000104420000012","1","6/23/2025","43650.08","CR","1050101","4215",""
"3372","186270","1","1050101","000104420000012","1","6/24/2025","43650.08","CR","1050101","4215",""
"3373","186358","1","1050101","000104420000012","1","6/25/2025","43650.08","CR","1050101","4215",""
"3374","186446","1","1050101","000104420000012","1","6/26/2025","43650.08","CR","1050101","4215",""
"3375","186534","1","1050101","000104420000012","1","6/27/2025","43650.08","CR","1050101","4215",""
"3376","186622","1","1050101","000104420000012","1","6/28/2025","43650.08","CR","1050101","4215",""
"3377","186710","1","1050101","000104420000012","1","6/29/2025","43650.08","CR","1050101","4215",""
"3378","186798","1","1050101","000104420000012","1","6/30/2025","43650.08","CR","1050101","4215",""
"3379","186887","1","1050101","000104420000012","1","6/30/2025","-1309502.40","DR","1050101","4215","35"
"3380","186975","1","1050101","000104420000012","1","7/1/2025","44769.43","CR","1050101","4215",""
"3381","187063","1","1050101","000104420000012","1","7/2/2025","44769.43","CR","1050101","4215",""
"3382","187151","1","1050101","000104420000012","1","7/3/2025","44769.43","CR","1050101","4215",""
"3383","187239","1","1050101","000104420000012","1","7/4/2025","44769.43","CR","1050101","4215",""
"3384","187327","1","1050101","000104420000012","1","7/5/2025","44769.43","CR","1050101","4215",""
"3385","187415","1","1050101","000104420000012","1","7/6/2025","44769.43","CR","1050101","4215",""
"3386","187503","1","1050101","000104420000012","1","7/7/2025","44769.43","CR","1050101","4215",""
"3387","187591","1","1050101","000104420000012","1","7/8/2025","44769.43","CR","1050101","4215",""
"3388","187679","1","1050101","000104420000012","1","7/9/2025","44769.43","CR","1050101","4215",""
"3389","187767","1","1050101","000104420000012","1","7/10/2025","44769.43","CR","1050101","4215",""
"3390","187856","1","1050101","000104420000012","1","7/11/2025","44769.43","CR","1050101","4215",""
"3391","187945","1","1050101","000104420000012","1","7/12/2025","44769.43","CR","1050101","4215",""
"3392","188034","1","1050101","000104420000012","1","7/13/2025","44769.43","CR","1050101","4215",""
"3393","188123","1","1050101","000104420000012","1","7/14/2025","44769.43","CR","1050101","4215",""
"3394","188212","1","1050101","000104420000012","1","7/15/2025","44769.43","CR","1050101","4215",""
"3395","188301","1","1050101","000104420000012","1","7/16/2025","44769.43","CR","1050101","4215",""
"3396","188390","1","1050101","000104420000012","1","7/17/2025","44769.43","CR","1050101","4215",""
"3397","188479","1","1050101","000104420000012","1","7/18/2025","44769.43","CR","1050101","4215",""
"3398","188568","1","1050101","000104420000012","1","7/19/2025","44769.43","CR","1050101","4215",""
"3399","188657","1","1050101","000104420000012","1","7/20/2025","44769.43","CR","1050101","4215",""
"3400","188746","1","1050101","000104420000012","1","7/21/2025","44769.43","CR","1050101","4215",""
"3401","188835","1","1050101","000104420000012","1","7/22/2025","44769.43","CR","1050101","4215",""
"3402","188924","1","1050101","000104420000012","1","7/23/2025","44769.43","CR","1050101","4215",""
"3403","189015","1","1050101","000104420000012","1","7/24/2025","44769.43","CR","1050101","4215",""
"3404","189106","1","1050101","000104420000012","1","7/25/2025","44769.43","CR","1050101","4215",""
"3405","189197","1","1050101","000104420000012","1","7/26/2025","44769.43","CR","1050101","4215",""
"3406","189288","1","1050101","000104420000012","1","7/27/2025","44769.43","CR","1050101","4215",""
"3407","189379","1","1050101","000104420000012","1","7/28/2025","44769.43","CR","1050101","4215",""
"3408","189470","1","1050101","000104420000012","1","7/29/2025","44769.43","CR","1050101","4215",""
"3409","189561","1","1050101","000104420000012","1","7/30/2025","44769.43","CR","1050101","4215",""
"3410","189652","1","1050101","000104420000012","1","7/31/2025","44769.43","CR","1050101","4215",""
"3411","189743","1","1050101","000104420000012","1","7/31/2025","-1387852.33","DR","1050101","4215","52"
"3412","189805","1","1050101","000104420000012","1","8/1/2025","45955.76","CR","1050101","4215",""
"3413","189896","1","1050101","000104420000012","1","8/2/2025","45955.76","CR","1050101","4215",""
"3414","189987","1","1050101","000104420000012","1","8/3/2025","45955.76","CR","1050101","4215",""
"3415","190078","1","1050101","000104420000012","1","8/4/2025","45955.76","CR","1050101","4215",""
"3416","190169","1","1050101","000104420000012","1","8/5/2025","46103.06","CR","1050101","4215",""
"3417","190260","1","1050101","000104420000012","1","8/6/2025","46103.06","CR","1050101","4215",""
"3418","190351","1","1050101","000104420000012","1","8/7/2025","46103.06","CR","1050101","4215",""
"3419","190442","1","1050101","000104420000012","1","8/8/2025","46103.06","CR","1050101","4215",""
"3420","190535","1","1050101","000104420000012","1","8/9/2025","46103.06","CR","1050101","4215",""
"3421","190628","1","1050101","000104420000012","1","8/10/2025","46103.06","CR","1050101","4215",""
"3422","190721","1","1050101","000104420000012","1","8/11/2025","46103.06","CR","1050101","4215",""
"3423","190844","1","1050101","000104420000012","1","8/12/2025","46103.06","CR","1050101","4215",""
"3424","190937","1","1050101","000104420000012","1","8/13/2025","46103.06","CR","1050101","4215",""
"3425","191030","1","1050101","000104420000012","1","8/14/2025","46103.06","CR","1050101","4215",""
"3426","191123","1","1050101","000104420000012","1","8/15/2025","46103.06","CR","1050101","4215",""
"3427","191216","1","1050101","000104420000012","1","8/16/2025","46103.06","CR","1050101","4215",""
"3428","191309","1","1050101","000104420000012","1","8/17/2025","46103.06","CR","1050101","4215",""
"3429","191402","1","1050101","000104420000012","1","8/18/2025","46103.06","CR","1050101","4215",""
"3430","191495","1","1050101","000104420000012","1","8/19/2025","46103.06","CR","1050101","4215",""
"3431","191588","1","1050101","000104420000012","1","8/20/2025","46103.06","CR","1050101","4215",""
"3432","191681","1","1050101","000104420000012","1","8/21/2025","46103.06","CR","1050101","4215",""
"3433","191774","1","1050101","000104420000012","1","8/22/2025","46103.06","CR","1050101","4215",""
"3434","191867","1","1050101","000104420000012","1","8/23/2025","46103.06","CR","1050101","4215",""
"3435","191960","1","1050101","000104420000012","1","8/24/2025","46103.06","CR","1050101","4215",""
"3436","192053","1","1050101","000104420000012","1","8/25/2025","46103.06","CR","1050101","4215",""
"3437","192146","1","1050101","000104420000012","1","8/26/2025","46103.06","CR","1050101","4215",""
"3438","192239","1","1050101","000104420000012","1","8/27/2025","46103.06","CR","1050101","4215",""
"3439","192333","1","1050101","000104420000012","1","8/28/2025","46103.06","CR","1050101","4215",""
"3440","192427","1","1050101","000104420000012","1","8/29/2025","46103.06","CR","1050101","4215",""
"3441","192521","1","1050101","000104420000012","1","8/30/2025","46103.06","CR","1050101","4215",""
"3442","192615","1","1050101","000104420000012","1","8/31/2025","46103.06","CR","1050101","4215",""
"3443","192710","1","1050101","000104420000012","1","8/31/2025","-1428605.66","DR","1050101","4215","16"
"3444","192803","1","1050101","000104420000012","1","9/1/2025","47328.14","CR","1050101","4215",""
"3445","192897","1","1050101","000104420000012","1","9/2/2025","47328.14","CR","1050101","4215",""
"3446","192991","1","1050101","000104420000012","1","9/3/2025","47328.14","CR","1050101","4215",""
"3447","193085","1","1050101","000104420000012","1","9/4/2025","47328.14","CR","1050101","4215",""
"3448","193179","1","1050101","000104420000012","1","9/5/2025","47328.14","CR","1050101","4215",""
"3449","193274","1","1050101","000104420000012","1","9/6/2025","47328.14","CR","1050101","4215",""
"3450","193369","1","1050101","000104420000012","1","9/7/2025","47328.14","CR","1050101","4215",""
"3451","193464","1","1050101","000104420000012","1","9/8/2025","47328.14","CR","1050101","4215",""
"3452","193559","1","1050101","000104420000012","1","9/9/2025","47328.14","CR","1050101","4215",""
"3453","193654","1","1050101","000104420000012","1","9/10/2025","47328.14","CR","1050101","4215",""
"3454","193749","1","1050101","000104420000012","1","9/11/2025","47328.14","CR","1050101","4215",""
"3455","193844","1","1050101","000104420000012","1","9/12/2025","47176.93","CR","1050101","4215",""
"3456","193939","1","1050101","000104420000012","1","9/13/2025","47176.93","CR","1050101","4215",""
"3457","194034","1","1050101","000104420000012","1","9/14/2025","47176.93","CR","1050101","4215",""
"3458","194129","1","1050101","000104420000012","1","9/15/2025","47176.93","CR","1050101","4215",""
"3459","194224","1","1050101","000104420000012","1","9/16/2025","47176.93","CR","1050101","4215",""
"3460","194319","1","1050101","000104420000012","1","9/17/2025","47176.93","CR","1050101","4215",""
"3461","194414","1","1050101","000104420000012","1","9/18/2025","47176.93","CR","1050101","4215",""
"3462","194509","1","1050101","000104420000012","1","9/19/2025","47176.93","CR","1050101","4215",""
"3463","194604","1","1050101","000104420000012","1","9/20/2025","47176.93","CR","1050101","4215",""
"3464","194699","1","1050101","000104420000012","1","9/21/2025","47176.93","CR","1050101","4215",""
"3465","194794","1","1050101","000104420000012","1","9/22/2025","47176.93","CR","1050101","4215",""
"3466","194889","1","1050101","000104420000012","1","9/23/2025","47176.93","CR","1050101","4215",""
"3467","194984","1","1050101","000104420000012","1","9/24/2025","47176.93","CR","1050101","4215",""
"3468","195079","1","1050101","000104420000012","1","9/25/2025","47176.93","CR","1050101","4215",""
"3469","195174","1","1050101","000104420000012","1","9/26/2025","47176.93","CR","1050101","4215",""
"3470","195269","1","1050101","000104420000012","1","9/27/2025","47176.93","CR","1050101","4215",""
"3471","195364","1","1050101","000104420000012","1","9/28/2025","47176.93","CR","1050101","4215",""
"3472","195459","1","1050101","000104420000012","1","9/29/2025","47176.93","CR","1050101","4215",""
"3473","195554","1","1050101","000104420000012","1","9/30/2025","47176.93","CR","1050101","4215",""
"3474","195644","1","1050101","000104420000012","1","9/30/2025","-1416971.21","DR","1050101","4215","23"
"3475","195723","1","1050101","000104420000012","1","10/1/2025","48388.15","CR","1050101","4215",""
"3476","195819","1","1050101","000104420000012","1","10/2/2025","48388.15","CR","1050101","4215",""
"3477","195915","1","1050101","000104420000012","1","10/3/2025","48388.15","CR","1050101","4215",""
"3478","196011","1","1050101","000104420000012","1","10/4/2025","48388.15","CR","1050101","4215",""
"3479","196107","1","1050101","000104420000012","1","10/5/2025","48388.15","CR","1050101","4215",""
"3480","196203","1","1050101","000104420000012","1","10/6/2025","48388.15","CR","1050101","4215",""
"3481","196322","1","1050101","000104420000012","1","10/7/2025","48388.15","CR","1050101","4215",""
"3482","196418","1","1050101","000104420000012","1","10/8/2025","48388.15","CR","1050101","4215",""
"3483","196514","1","1050101","000104420000012","1","10/9/2025","48388.15","CR","1050101","4215",""
"3484","196610","1","1050101","000104420000012","1","10/10/2025","48388.15","CR","1050101","4215",""
"3485","196706","1","1050101","000104420000012","1","10/11/2025","48388.15","CR","1050101","4215",""
"3486","196802","1","1050101","000104420000012","1","10/12/2025","48388.15","CR","1050101","4215",""
"3487","196898","1","1050101","000104420000012","1","10/13/2025","48388.15","CR","1050101","4215",""
"3488","196994","1","1050101","000104420000012","1","10/14/2025","48388.15","CR","1050101","4215",""
"3489","197090","1","1050101","000104420000012","1","10/15/2025","48388.15","CR","1050101","4215",""
"3490","197186","1","1050101","000104420000012","1","10/16/2025","48388.15","CR","1050101","4215",""
"3491","197282","1","1050101","000104420000012","1","10/17/2025","48388.15","CR","1050101","4215",""
"3492","197378","1","1050101","000104420000012","1","10/18/2025","48388.15","CR","1050101","4215",""
"3493","197474","1","1050101","000104420000012","1","10/19/2025","48388.15","CR","1050101","4215",""
"3494","197570","1","1050101","000104420000012","1","10/20/2025","48388.15","CR","1050101","4215",""
"3495","197666","1","1050101","000104420000012","1","10/21/2025","48388.15","CR","1050101","4215",""
"3496","197762","1","1050101","000104420000012","1","10/22/2025","48388.15","CR","1050101","4215",""
"3497","197858","1","1050101","000104420000012","1","10/23/2025","48388.15","CR","1050101","4215",""
"3498","197954","1","1050101","000104420000012","1","10/24/2025","48388.15","CR","1050101","4215",""
"3499","198050","1","1050101","000104420000012","1","10/25/2025","48388.15","CR","1050101","4215",""
"3500","198146","1","1050101","000104420000012","1","10/26/2025","48388.15","CR","1050101","4215",""
"3501","198242","1","1050101","000104420000012","1","10/27/2025","48388.15","CR","1050101","4215",""
"3502","198338","1","1050101","000104420000012","1","10/28/2025","48388.15","CR","1050101","4215",""
"3503","198434","1","1050101","000104420000012","1","10/29/2025","48388.15","CR","1050101","4215",""
"3504","198530","1","1050101","000104420000012","1","10/30/2025","48388.15","CR","1050101","4215",""
"3505","198626","1","1050101","000104420000012","1","10/31/2025","48388.15","CR","1050101","4215",""
"3506","198725","1","1050101","000104420000012","1","10/31/2025","-1500032.65","DR","1050101","4215","52"
"3507","198820","1","1050101","000104420000012","1","11/1/2025","49670.37","CR","1050101","4215",""
"3508","198917","1","1050101","000104420000012","1","11/2/2025","49670.37","CR","1050101","4215",""
"3509","199014","1","1050101","000104420000012","1","11/3/2025","49670.37","CR","1050101","4215",""
"3510","199111","1","1050101","000104420000012","1","11/4/2025","49670.37","CR","1050101","4215",""
"3511","199208","1","1050101","000104420000012","1","11/5/2025","49670.37","CR","1050101","4215",""
"3512","199305","1","1050101","000104420000012","1","11/6/2025","49670.37","CR","1050101","4215",""
"3513","199402","1","1050101","000104420000012","1","11/7/2025","49670.37","CR","1050101","4215",""
"3514","199499","1","1050101","000104420000012","1","11/8/2025","49670.37","CR","1050101","4215",""
"3515","199596","1","1050101","000104420000012","1","11/9/2025","49670.37","CR","1050101","4215",""
"3516","199693","1","1050101","000104420000012","1","11/10/2025","49670.37","CR","1050101","4215",""
"3517","199790","1","1050101","000104420000012","1","11/11/2025","49670.37","CR","1050101","4215",""
"3518","199887","1","1050101","000104420000012","1","11/12/2025","49670.37","CR","1050101","4215",""
"3519","199984","1","1050101","000104420000012","1","11/13/2025","49670.37","CR","1050101","4215",""
"3520","200081","1","1050101","000104420000012","1","11/14/2025","49670.37","CR","1050101","4215",""
"3521","200178","1","1050101","000104420000012","1","11/15/2025","49670.37","CR","1050101","4215",""
"3522","200275","1","1050101","000104420000012","1","11/16/2025","49670.37","CR","1050101","4215",""
"3523","200372","1","1050101","000104420000012","1","11/17/2025","49670.37","CR","1050101","4215",""
"3524","200469","1","1050101","000104420000012","1","11/18/2025","49670.37","CR","1050101","4215",""
"3525","200566","1","1050101","000104420000012","1","11/19/2025","49670.37","CR","1050101","4215",""
"3526","200663","1","1050101","000104420000012","1","11/20/2025","49670.37","CR","1050101","4215",""
"3527","200760","1","1050101","000104420000012","1","11/21/2025","49670.37","CR","1050101","4215",""
"3528","200857","1","1050101","000104420000012","1","11/22/2025","49670.37","CR","1050101","4215",""
"3529","200954","1","1050101","000104420000012","1","11/23/2025","49670.37","CR","1050101","4215",""
"3530","201051","1","1050101","000104420000012","1","11/24/2025","49670.37","CR","1050101","4215",""
"3531","201148","1","1050101","000104420000012","1","11/25/2025","49670.37","CR","1050101","4215",""
"3532","201245","1","1050101","000104420000012","1","11/26/2025","49670.37","CR","1050101","4215",""
"3533","201342","1","1050101","000104420000012","1","11/27/2025","49670.37","CR","1050101","4215",""
"3534","201437","1","1050101","000104420000012","1","11/28/2025","49670.37","CR","1050101","4215",""
"3535","201531","1","1050101","000104420000012","1","11/29/2025","49670.37","CR","1050101","4215",""
"3536","201626","1","1050101","000104420000012","1","11/30/2025","49670.37","CR","1050101","4215",""
"3537","201720","1","1050101","000104420000012","1","11/30/2025","-1490111.10","DR","1050101","4215","28"
"3538","201817","1","1050101","000104420000012","1","12/1/2025","50944.10","CR","1050101","4215",""
"3539","201912","1","1050101","000104420000012","1","12/2/2025","50944.10","CR","1050101","4215",""
"3540","202007","1","1050101","000104420000012","1","12/3/2025","50944.10","CR","1050101","4215",""
"3541","202102","1","1050101","000104420000012","1","12/4/2025","50944.10","CR","1050101","4215",""
"3542","202197","1","1050101","000104420000012","1","12/5/2025","50944.10","CR","1050101","4215",""
"3543","202292","1","1050101","000104420000012","1","12/6/2025","50944.10","CR","1050101","4215",""
"3544","202387","1","1050101","000104420000012","1","12/7/2025","50944.10","CR","1050101","4215",""
"3545","202482","1","1050101","000104420000012","1","12/8/2025","50944.10","CR","1050101","4215",""
"3546","202575","1","1050101","000104420000012","1","12/9/2025","50944.10","CR","1050101","4215",""
"3547","202668","1","1050101","000104420000012","1","12/10/2025","50944.10","CR","1050101","4215",""
"3548","202758","1","1050101","000104420000012","1","12/11/2025","50944.10","CR","1050101","4215",""
"3549","202841","1","1050101","000104420000012","1","12/12/2025","50944.10","CR","1050101","4215",""
"3550","202924","1","1050101","000104420000012","1","12/13/2025","50944.10","CR","1050101","4215",""
"3551","203007","1","1050101","000104420000012","1","12/14/2025","50944.10","CR","1050101","4215",""
"3552","203090","1","1050101","000104420000012","1","12/15/2025","50944.10","CR","1050101","4215",""
"3553","203173","1","1050101","000104420000012","1","12/16/2025","50944.10","CR","1050101","4215",""
"3554","203243","1","1050101","000104420000012","1","12/17/2025","50944.10","CR","1050101","4215",""
"3555","203313","1","1050101","000104420000012","1","12/18/2025","50944.10","CR","1050101","4215",""
"3556","203386","1","1050101","000104420000012","1","12/19/2025","50944.10","CR","1050101","4215",""
"3557","203460","1","1050101","000104420000012","1","12/20/2025","50944.10","CR","1050101","4215",""
"3558","203534","1","1050101","000104420000012","1","12/21/2025","50944.10","CR","1050101","4215",""
"3559","203608","1","1050101","000104420000012","1","12/22/2025","50944.10","CR","1050101","4215",""
"3560","203681","1","1050101","000104420000012","1","12/23/2025","50944.10","CR","1050101","4215",""
"3561","203755","1","1050101","000104420000012","1","12/24/2025","50944.10","CR","1050101","4215",""
"3562","203829","1","1050101","000104420000012","1","12/25/2025","50944.10","CR","1050101","4215",""
"3563","203903","1","1050101","000104420000012","1","12/26/2025","50944.10","CR","1050101","4215",""
"3564","203977","1","1050101","000104420000012","1","12/27/2025","50944.10","CR","1050101","4215",""
"3565","204051","1","1050101","000104420000012","1","12/28/2025","50944.10","CR","1050101","4215",""
"3566","204125","1","1050101","000104420000012","1","12/29/2025","51107.39","CR","1050101","4215",""
"3567","204204","1","1050101","000104420000012","1","12/30/2025","51107.39","CR","1050101","4215",""
"3568","204463","1","1050101","000104420000012","1","12/31/2025","51107.39","CR","1050101","4215",""
"3569","204545","1","1050101","000104420000012","1","12/31/2025","-1579756.97","DR","1050101","4215","30"
"3570","204616","1","1050101","000104420000012","1","1/1/2026","52542.85","CR","1050101","4215",""
"3571","204693","1","1050101","000104420000012","1","1/2/2026","52542.85","CR","1050101","4215",""
"3572","204770","1","1050101","000104420000012","1","1/3/2026","52542.85","CR","1050101","4215",""
"3573","204847","1","1050101","000104420000012","1","1/4/2026","52542.85","CR","1050101","4215",""
"3574","204924","1","1050101","000104420000012","1","1/5/2026","52542.85","CR","1050101","4215",""
"3575","205001","1","1050101","000104420000012","1","1/6/2026","52542.85","CR","1050101","4215",""
"3576","205078","1","1050101","000104420000012","1","1/7/2026","52542.85","CR","1050101","4215",""
"3577","205155","1","1050101","000104420000012","1","1/8/2026","52542.85","CR","1050101","4215",""
"3578","205232","1","1050101","000104420000012","1","1/9/2026","52542.85","CR","1050101","4215",""
"3579","205309","1","1050101","000104420000012","1","1/10/2026","52542.85","CR","1050101","4215",""
"3580","205386","1","1050101","000104420000012","1","1/11/2026","52542.85","CR","1050101","4215",""
"3581","205463","1","1050101","000104420000012","1","1/12/2026","52542.85","CR","1050101","4215",""
"3582","205539","1","1050101","000104420000012","1","1/13/2026","52542.85","CR","1050101","4215",""
"3583","205615","1","1050101","000104420000012","1","1/14/2026","52542.85","CR","1050101","4215",""
"3584","205691","1","1050101","000104420000012","1","1/15/2026","52542.85","CR","1050101","4215",""
"3585","205767","1","1050101","000104420000012","1","1/16/2026","52542.85","CR","1050101","4215",""
"3586","205843","1","1050101","000104420000012","1","1/17/2026","52542.85","CR","1050101","4215",""
"3587","205919","1","1050101","000104420000012","1","1/18/2026","52542.85","CR","1050101","4215",""
"3588","205995","1","1050101","000104420000012","1","1/19/2026","52542.85","CR","1050101","4215",""
"3589","206072","1","1050101","000104420000012","1","1/20/2026","52542.85","CR","1050101","4215",""
"3590","206149","1","1050101","000104420000012","1","1/21/2026","52542.85","CR","1050101","4215",""
"3591","206226","1","1050101","000104420000012","1","1/22/2026","52542.85","CR","1050101","4215",""
"3592","206303","1","1050101","000104420000012","1","1/23/2026","52542.85","CR","1050101","4215",""
"3593","206380","1","1050101","000104420000012","1","1/24/2026","52542.85","CR","1050101","4215",""
"3594","206457","1","1050101","000104420000012","1","1/25/2026","52542.85","CR","1050101","4215",""
"3595","206534","1","1050101","000104420000012","1","1/26/2026","52542.85","CR","1050101","4215",""
"3596","206611","1","1050101","000104420000012","1","1/27/2026","52542.85","CR","1050101","4215",""
"3597","206688","1","1050101","000104420000012","1","1/28/2026","52542.85","CR","1050101","4215",""
"3598","206765","1","1050101","000104420000012","1","1/29/2026","52542.85","CR","1050101","4215",""
"3599","206842","1","1050101","000104420000012","1","1/30/2026","52542.85","CR","1050101","4215",""
"3600","206919","1","1050101","000104420000012","1","1/31/2026","52542.85","CR","1050101","4215",""
"3601","206998","1","1050101","000104420000012","1","1/31/2026","-1628828.35","DR","1050101","4215","27"
"3602","207069","1","1050101","000104420000012","1","2/1/2026","53939.62","CR","1050101","4215",""
"3603","207146","1","1050101","000104420000012","1","2/2/2026","53939.62","CR","1050101","4215",""
"3604","207223","1","1050101","000104420000012","1","2/3/2026","53939.62","CR","1050101","4215",""
"3605","207300","1","1050101","000104420000012","1","2/4/2026","52905.64","CR","1050101","4215",""
"3606","207377","1","1050101","000104420000012","1","2/5/2026","52905.64","CR","1050101","4215",""
"3607","207454","1","1050101","000104420000012","1","2/6/2026","52905.64","CR","1050101","4215",""
"3608","207531","1","1050101","000104420000012","1","2/7/2026","52905.64","CR","1050101","4215",""
"3609","207608","1","1050101","000104420000012","1","2/8/2026","52905.64","CR","1050101","4215",""
"3610","207685","1","1050101","000104420000012","1","2/9/2026","52905.64","CR","1050101","4215",""
"3611","207762","1","1050101","000104420000012","1","2/10/2026","52905.64","CR","1050101","4215",""
"3612","207840","1","1050101","000104420000012","1","2/11/2026","52905.64","CR","1050101","4215",""
"3613","207918","1","1050101","000104420000012","1","2/12/2026","52905.64","CR","1050101","4215",""
"3614","207996","1","1050101","000104420000012","1","2/13/2026","52905.64","CR","1050101","4215",""
"3615","208074","1","1050101","000104420000012","1","2/14/2026","52905.64","CR","1050101","4215",""
"3616","208152","1","1050101","000104420000012","1","2/15/2026","52905.64","CR","1050101","4215",""
"3617","208230","1","1050101","000104420000012","1","2/16/2026","52905.64","CR","1050101","4215",""
"3618","208308","1","1050101","000104420000012","1","2/17/2026","52905.64","CR","1050101","4215",""
"3619","208386","1","1050101","000104420000012","1","2/18/2026","52905.64","CR","1050101","4215",""
"3620","208464","1","1050101","000104420000012","1","2/19/2026","52905.64","CR","1050101","4215",""
"3621","208542","1","1050101","000104420000012","1","2/20/2026","52905.64","CR","1050101","4215",""
"3622","208620","1","1050101","000104420000012","1","2/21/2026","52905.64","CR","1050101","4215",""
"3623","208698","1","1050101","000104420000012","1","2/22/2026","52905.64","CR","1050101","4215",""
"3624","208776","1","1050101","000104420000012","1","2/23/2026","52905.64","CR","1050101","4215",""
"3625","208854","1","1050101","000104420000012","1","2/24/2026","52905.64","CR","1050101","4215",""
"3626","208932","1","1050101","000104420000012","1","2/25/2026","52905.64","CR","1050101","4215",""
"3627","209010","1","1050101","000104420000012","1","2/26/2026","52905.64","CR","1050101","4215",""
"3628","209088","1","1050101","000104420000012","1","2/27/2026","52905.64","CR","1050101","4215",""
"3629","209166","1","1050101","000104420000012","1","2/28/2026","52905.64","CR","1050101","4215",""
"3630","209248","1","1050101","000104420000012","1","2/28/2026","-1484459.86","DR","1050101","4215","32"
"3631","209322","1","1050101","000104420000012","1","3/1/2026","54154.21","CR","1050101","4215",""
"3632","209400","1","1050101","000104420000012","1","3/2/2026","54154.21","CR","1050101","4215",""
"3633","209478","1","1050101","000104420000012","1","3/3/2026","54154.21","CR","1050101","4215",""
"3634","209556","1","1050101","000104420000012","1","3/4/2026","54154.21","CR","1050101","4215",""
"3635","209634","1","1050101","000104420000012","1","3/5/2026","52390.23","CR","1050101","4215",""
"3636","209712","1","1050101","000104420000012","1","3/6/2026","52390.23","CR","1050101","4215",""
"3637","209790","1","1050101","000104420000012","1","3/7/2026","52390.23","CR","1050101","4215",""
"3638","209868","1","1050101","000104420000012","1","3/8/2026","52390.23","CR","1050101","4215",""
"3639","209946","1","1050101","000104420000012","1","3/9/2026","50097.05","CR","1050101","4215",""
"3640","210024","1","1050101","000104420000012","1","3/10/2026","50097.05","CR","1050101","4215",""
"3641","210102","1","1050101","000104420000012","1","3/11/2026","50097.05","CR","1050101","4215",""
"3642","210180","1","1050101","000104420000012","1","3/12/2026","50097.05","CR","1050101","4215",""
"3643","210258","1","1050101","000104420000012","1","3/13/2026","50097.05","CR","1050101","4215",""
"3644","210336","1","1050101","000104420000012","1","3/14/2026","50097.05","CR","1050101","4215",""
"3645","210414","1","1050101","000104420000012","1","3/15/2026","50097.05","CR","1050101","4215",""
"3646","210492","1","1050101","000104420000012","1","3/16/2026","50097.05","CR","1050101","4215",""
"3647","210570","1","1050101","000104420000012","1","3/17/2026","50097.05","CR","1050101","4215",""
"3648","210648","1","1050101","000104420000012","1","3/18/2026","50097.05","CR","1050101","4215",""
"3649","210726","1","1050101","000104420000012","1","3/19/2026","50097.05","CR","1050101","4215",""
"3650","210804","1","1050101","000104420000012","1","3/20/2026","50097.05","CR","1050101","4215",""
"3651","210882","1","1050101","000104420000012","1","3/21/2026","50097.05","CR","1050101","4215",""
"3652","210960","1","1050101","000104420000012","1","3/22/2026","50097.05","CR","1050101","4215",""
"3653","211038","1","1050101","000104420000012","1","3/23/2026","50097.05","CR","1050101","4215",""
"3654","211116","1","1050101","000104420000012","1","3/24/2026","50097.05","CR","1050101","4215",""
"3655","211195","1","1050101","000104420000012","1","3/25/2026","50097.05","CR","1050101","4215",""
"3656","211275","1","1050101","000104420000012","1","3/26/2026","50097.05","CR","1050101","4215",""
"3657","211355","1","1050101","000104420000012","1","3/27/2026","50097.05","CR","1050101","4215",""
"3658","211435","1","1050101","000104420000012","1","3/28/2026","50097.05","CR","1050101","4215",""
"3659","211515","1","1050101","000104420000012","1","3/29/2026","50097.05","CR","1050101","4215",""
"3660","211595","1","1050101","000104420000012","1","3/30/2026","50097.05","CR","1050101","4215",""
"3661","211675","1","1050101","000104420000012","1","3/31/2026","50097.05","CR","1050101","4215",""
"3662","211755","1","1050101","000104420000012","1","3/31/2026","-1578409.91","DR","1050101","4215","48"
"3663","211835","1","1050101","000104420000012","1","4/1/2026","51325.19","CR","1050101","4215",""
"3664","211915","1","1050101","000104420000012","1","4/2/2026","51325.19","CR","1050101","4215",""
"3665","211995","1","1050101","000104420000012","1","4/3/2026","51325.19","CR","1050101","4215",""
"3666","212075","1","1050101","000104420000012","1","4/4/2026","51325.19","CR","1050101","4215",""
"3667","212155","1","1050101","000104420000012","1","4/5/2026","51325.19","CR","1050101","4215",""
"3668","212235","1","1050101","000104420000012","1","4/6/2026","51325.19","CR","1050101","4215",""
"3669","212315","1","1050101","000104420000012","1","4/7/2026","51325.19","CR","1050101","4215",""
"3670","212395","1","1050101","000104420000012","1","4/8/2026","51325.19","CR","1050101","4215",""
"3671","212475","1","1050101","000104420000012","1","4/9/2026","51325.19","CR","1050101","4215",""
"3672","212555","1","1050101","000104420000012","1","4/10/2026","51325.19","CR","1050101","4215",""
"3673","212635","1","1050101","000104420000012","1","4/11/2026","51325.19","CR","1050101","4215",""
"3674","212715","1","1050101","000104420000012","1","4/12/2026","51325.19","CR","1050101","4215",""
"3675","212795","1","1050101","000104420000012","1","4/13/2026","51325.19","CR","1050101","4215",""
"3676","212875","1","1050101","000104420000012","1","4/14/2026","51325.19","CR","1050101","4215",""
"3677","212955","1","1050101","000104420000012","1","4/15/2026","51325.19","CR","1050101","4215",""
"3678","213035","1","1050101","000104420000012","1","4/16/2026","51325.19","CR","1050101","4215",""
"3679","213115","1","1050101","000104420000012","1","4/17/2026","51325.19","CR","1050101","4215",""
"3680","213195","1","1050101","000104420000012","1","4/18/2026","51325.19","CR","1050101","4215",""
"3681","213275","1","1050101","000104420000012","1","4/19/2026","51325.19","CR","1050101","4215",""
"3682","213355","1","1050101","000104420000012","1","4/20/2026","48433.63","CR","1050101","4215",""
"3683","213435","1","1050101","000104420000012","1","4/21/2026","48433.63","CR","1050101","4215",""
"3684","213515","1","1050101","000104420000012","1","4/22/2026","48433.63","CR","1050101","4215",""
"3685","213595","1","1050101","000104420000012","1","4/23/2026","48433.63","CR","1050101","4215",""
"3686","213676","1","1050101","000104420000012","1","4/24/2026","48433.63","CR","1050101","4215",""
"3687","213757","1","1050101","000104420000012","1","4/25/2026","48433.63","CR","1050101","4215",""
"3688","213838","1","1050101","000104420000012","1","4/26/2026","48433.63","CR","1050101","4215",""
"3689","213919","1","1050101","000104420000012","1","4/27/2026","48433.63","CR","1050101","4215",""
"3690","214000","1","1050101","000104420000012","1","4/28/2026","48433.63","CR","1050101","4215",""
"3691","214082","1","1050101","000104420000012","1","4/29/2026","48433.63","CR","1050101","4215",""
"3692","214164","1","1050101","000104420000012","1","4/30/2026","48433.63","CR","1050101","4215",""
"3693","214245","1","1050101","000104420000012","1","4/30/2026","-1507948.54","DR","1050101","4215","26"
"3694","214326","1","1050101","000104420000012","1","5/1/2026","25815.45","CR","1050101","4215",""
"3695","214406","1","1050101","000104420000012","1","5/2/2026","25815.45","CR","1050101","4215",""
"3696","214486","1","1050101","000104420000012","1","5/3/2026","25815.45","CR","1050101","4215",""
"3697","214566","1","1050101","000104420000012","1","5/4/2026","25815.45","CR","1050101","4215",""
"3698","214646","1","1050101","000104420000012","1","5/5/2026","25815.45","CR","1050101","4215",""
"3699","214726","1","1050101","000104420000012","1","5/6/2026","25622.80","CR","1050101","4215",""
"3700","214806","1","1050101","000104420000012","1","5/7/2026","25622.80","CR","1050101","4215",""
"3701","214886","1","1050101","000104420000012","1","5/8/2026","25622.80","CR","1050101","4215",""
"3702","214966","1","1050101","000104420000012","1","5/9/2026","25622.80","CR","1050101","4215",""
"3703","215046","1","1050101","000104420000012","1","5/10/2026","25622.80","CR","1050101","4215",""
"3704","215126","1","1050101","000104420000012","1","5/11/2026","25622.80","CR","1050101","4215",""
"3705","215206","1","1050101","000104420000012","1","5/12/2026","25622.80","CR","1050101","4215",""
"3706","215286","1","1050101","000104420000012","1","5/13/2026","25622.80","CR","1050101","4215",""
"3707","215366","1","1050101","000104420000012","1","5/14/2026","25622.80","CR","1050101","4215",""
"3708","215446","1","1050101","000104420000012","1","5/15/2026","25622.80","CR","1050101","4215",""
"3709","215526","1","1050101","000104420000012","1","5/16/2026","25622.80","CR","1050101","4215",""
"3710","215606","1","1050101","000104420000012","1","5/17/2026","25622.80","CR","1050101","4215",""
"3711","215686","1","1050101","000104420000012","1","5/18/2026","25622.80","CR","1050101","4215",""
"3712","215766","1","1050101","000104420000012","1","5/19/2026","25622.80","CR","1050101","4215",""
"3713","215846","1","1050101","000104420000012","1","5/20/2026","9908.77","CR","1050101","4215",""
"3714","215926","1","1050101","000104420000012","1","5/21/2026","9908.77","CR","1050101","4215",""
"3715","216006","1","1050101","000104420000012","1","5/22/2026","9908.77","CR","1050101","4215",""
"3716","216086","1","1050101","000104420000012","1","5/23/2026","9908.77","CR","1050101","4215",""
"3717","216166","1","1050101","000104420000012","1","5/24/2026","9908.77","CR","1050101","4215",""
"3718","216246","1","1050101","000104420000012","1","5/25/2026","9908.77","CR","1050101","4215",""
"3719","216326","1","1050101","000104420000012","1","5/26/2026","9908.77","CR","1050101","4215",""
"3720","216406","1","1050101","000104420000012","1","5/27/2026","9908.77","CR","1050101","4215",""
"3721","216486","1","1050101","000104420000012","1","5/28/2026","9908.77","CR","1050101","4215",""
"3722","216566","1","1050101","000104420000012","1","5/29/2026","9908.77","CR","1050101","4215",""
"3723","216646","1","1050101","000104420000012","1","5/30/2026","9908.77","CR","1050101","4215",""
"3724","216726","1","1050101","000104420000012","1","5/31/2026","9908.77","CR","1050101","4215",""
"3725","216804","1","1050101","000104420000012","1","5/31/2026","-606701.69","DR","1050101","4215","34"
"3726","216887","1","1050101","000104420000012","1","6/1/2026","10350.92","CR","1050101","4215",""
"3727","216967","1","1050101","000104420000012","1","6/2/2026","10350.92","CR","1050101","4215",""
"3728","217049","1","1050101","000104420000012","1","6/3/2026","10273.09","CR","1050101","4215",""
"3729","217131","1","1050101","000104420000012","1","6/4/2026","10273.09","CR","1050101","4215",""
"3730","217213","1","1050101","000104420000012","1","6/5/2026","10273.09","CR","1050101","4215",""
"3731","217295","1","1050101","000104420000012","1","6/6/2026","10273.09","CR","1050101","4215",""
"3732","217377","1","1050101","000104420000012","1","6/7/2026","10273.09","CR","1050101","4215",""
"3733","217459","1","1050101","000104420000012","1","6/8/2026","10273.09","CR","1050101","4215",""
"3734","217541","1","1050101","000104420000012","1","6/9/2026","10273.09","CR","1050101","4215",""
"3735","217623","1","1050101","000104420000012","1","6/10/2026","10273.09","CR","1050101","4215",""
"3736","217705","1","1050101","000104420000012","1","6/11/2026","10273.09","CR","1050101","4215",""
"3737","217787","1","1050101","000104420000012","1","6/12/2026","10273.09","CR","1050101","4215",""
"3738","217869","1","1050101","000104420000012","1","6/13/2026","10273.09","CR","1050101","4215",""
"3739","217951","1","1050101","000104420000012","1","6/14/2026","10273.09","CR","1050101","4215",""
"3740","218033","1","1050101","000104420000012","1","6/15/2026","10273.09","CR","1050101","4215",""
"3741","218115","1","1050101","000104420000012","1","6/16/2026","10273.09","CR","1050101","4215",""
"3742","218197","1","1050101","000104420000012","1","6/17/2026","10273.09","CR","1050101","4215",""
"3743","218279","1","1050101","000104420000012","1","6/18/2026","10273.09","CR","1050101","4215",""
"3744","218361","1","1050101","000104420000012","1","6/19/2026","10273.09","CR","1050101","4215",""
"3745","218442","1","1050101","000104420000012","1","6/20/2026","10273.09","CR","1050101","4215",""
"3746","218523","1","1050101","000104420000012","1","6/21/2026","10273.09","CR","1050101","4215",""
"3747","218604","1","1050101","000104420000012","1","6/22/2026","10273.09","CR","1050101","4215",""
"3748","218685","1","1050101","000104420000012","1","6/23/2026","10273.09","CR","1050101","4215",""
"3749","218766","1","1050101","000104420000012","1","6/24/2026","10273.09","CR","1050101","4215",""
"3750","218847","1","1050101","000104420000012","1","6/25/2026","10273.09","CR","1050101","4215",""
"3751","218928","1","1050101","000104420000012","1","6/26/2026","10273.09","CR","1050101","4215",""
"3752","219008","1","1050101","000104420000012","1","6/27/2026","10273.09","CR","1050101","4215",""
"3753","219088","1","1050101","000104420000012","1","6/28/2026","10273.09","CR","1050101","4215",""
"3754","219168","1","1050101","000104420000012","1","6/29/2026","10273.09","CR","1050101","4215",""
"3755","219246","1","1050101","000104420000012","1","6/30/2026","10273.09","CR","1050101","4215",""
"3756","219324","1","1050101","000104420000012","1","6/30/2026","-308348.36","DR","1050101","4215","38"
"3757","219404","1","1050101","000104420000012","1","7/1/2026","10496.12","CR","1050101","4215",""
"3758","219483","1","1050101","000104420000012","1","7/2/2026","10496.12","CR","1050101","4215",""
"3759","219562","1","1050101","000104420000012","1","7/3/2026","10535.87","CR","1050101","4215",""
"3760","219641","1","1050101","000104420000012","1","7/4/2026","10535.87","CR","1050101","4215",""
"3761","219720","1","1050101","000104420000012","1","7/5/2026","10535.87","CR","1050101","4215",""
"3762","219799","1","1050101","000104420000012","1","7/6/2026","10535.87","CR","1050101","4215",""
"3763","219878","1","1050101","000104420000012","1","7/7/2026","10535.87","CR","1050101","4215",""
"3764","219957","1","1050101","000104420000012","1","7/8/2026","10535.87","CR","1050101","4215",""
"3765","220036","1","1050101","000104420000012","1","7/9/2026","10535.87","CR","1050101","4215",""
"3766","220115","1","1050101","000104420000012","1","7/10/2026","10535.87","CR","1050101","4215",""
"3767","220194","1","1050101","000104420000012","1","7/11/2026","10535.87","CR","1050101","4215",""
"3768","220273","1","1050101","000104420000012","1","7/12/2026","10535.87","CR","1050101","4215",""
"3769","220352","1","1050101","000104420000012","1","7/13/2026","10535.87","CR","1050101","4215",""
"3770","220431","1","1050101","000104420000012","1","7/14/2026","10535.87","CR","1050101","4215",""
"3771","220510","1","1050101","000104420000012","1","7/15/2026","10535.87","CR","1050101","4215",""
"3772","220589","1","1050101","000104420000012","1","7/16/2026","10535.87","CR","1050101","4215",""
"3773","220668","1","1050101","000104420000012","1","7/17/2026","10535.87","CR","1050101","4215",""
"3774","220747","1","1050101","000104420000012","1","7/18/2026","10535.87","CR","1050101","4215",""
"3775","220826","1","1050101","000104420000012","1","7/19/2026","10535.87","CR","1050101","4215",""
"3776","220905","1","1050101","000104420000012","1","7/20/2026","10535.87","CR","1050101","4215",""
"3777","220984","1","1050101","000104420000012","1","7/21/2026","10535.87","CR","1050101","4215",""
"3778","221063","1","1050101","000104420000012","1","7/22/2026","10535.87","CR","1050101","4215",""
"3779","221141","1","1050101","000104420000012","1","7/23/2026","10535.87","CR","1050101","4215",""
"3780","221219","1","1050101","000104420000012","1","7/24/2026","10535.87","CR","1050101","4215",""
"3781","221297","1","1050101","000104420000012","1","7/25/2026","10535.87","CR","1050101","4215",""
"3782","221375","1","1050101","000104420000012","1","7/26/2026","10535.87","CR","1050101","4215",""
"3783","221453","1","1050101","000104420000012","1","7/27/2026","10535.87","CR","1050101","4215",""
"3784","221531","1","1050101","000104420000012","1","7/28/2026","10535.87","CR","1050101","4215",""
"3785","221609","1","1050101","000104420000012","1","7/29/2026","10535.87","CR","1050101","4215",""
"3786","221687","1","1050101","000104420000012","1","7/30/2026","10535.87","CR","1050101","4215",""
"3787","221765","1","1050101","000104420000012","1","7/31/2026","10535.87","CR","1050101","4215",""
"3788","221841","1","1050101","000104420000012","1","7/31/2026","-326532.47","DR","1050101","4215","45"
"3789","221922","1","1050101","000104420000012","1","8/1/2026","10772.95","CR","1050101","4215",""
"3790","222001","1","1050101","000104420000012","1","8/2/2026","10772.95","CR","1050101","4215",""
"3791","222080","1","1050101","000104420000012","1","8/3/2026","10772.95","CR","1050101","4215",""
"3792","222159","1","1050101","000104420000012","1","8/4/2026","10772.95","CR","1050101","4215",""
"3793","222238","1","1050101","000104420000012","1","8/5/2026","10772.95","CR","1050101","4215",""
"3794","222317","1","1050101","000104420000012","1","8/6/2026","10772.95","CR","1050101","4215",""
"3795","222396","1","1050101","000104420000012","1","8/7/2026","10772.95","CR","1050101","4215",""
"3796","222475","1","1050101","000104420000012","1","8/8/2026","10772.95","CR","1050101","4215",""
"3797","222554","1","1050101","000104420000012","1","8/9/2026","10772.95","CR","1050101","4215",""
"3798","222633","1","1050101","000104420000012","1","8/10/2026","10772.95","CR","1050101","4215",""
"3799","222712","1","1050101","000104420000012","1","8/11/2026","10772.95","CR","1050101","4215",""
"3800","222791","1","1050101","000104420000012","1","8/12/2026","10772.95","CR","1050101","4215",""
"3801","222870","1","1050101","000104420000012","1","8/13/2026","10772.95","CR","1050101","4215",""
"3802","222949","1","1050101","000104420000012","1","8/14/2026","10772.95","CR","1050101","4215",""
"3803","223028","1","1050101","000104420000012","1","8/15/2026","10772.95","CR","1050101","4215",""
"3804","223107","1","1050101","000104420000012","1","8/16/2026","10772.95","CR","1050101","4215",""
"3805","223186","1","1050101","000104420000012","1","8/17/2026","10772.95","CR","1050101","4215",""
"3806","223266","1","1050101","000104420000012","1","8/18/2026","10772.95","CR","1050101","4215",""
"3807","223346","1","1050101","000104420000012","1","8/19/2026","10772.95","CR","1050101","4215",""
"3808","223426","1","1050101","000104420000012","1","8/20/2026","10772.95","CR","1050101","4215",""
"3809","223506","1","1050101","000104420000012","1","8/21/2026","10772.95","CR","1050101","4215",""
"3810","223586","1","1050101","000104420000012","1","8/22/2026","10772.95","CR","1050101","4215",""
"3811","223666","1","1050101","000104420000012","1","8/23/2026","10772.95","CR","1050101","4215",""
"3812","223746","1","1050101","000104420000012","1","8/24/2026","10772.95","CR","1050101","4215",""
"3813","223826","1","1050101","000104420000012","1","8/25/2026","10772.95","CR","1050101","4215",""
"3814","223907","1","1050101","000104420000012","1","8/26/2026","10772.95","CR","1050101","4215",""
"3815","223988","1","1050101","000104420000012","1","8/27/2026","10772.95","CR","1050101","4215",""
"3816","224069","1","1050101","000104420000012","1","8/28/2026","10772.95","CR","1050101","4215",""
"3817","224150","1","1050101","000104420000012","1","8/29/2026","10772.95","CR","1050101","4215",""
"3818","224231","1","1050101","000104420000012","1","8/30/2026","10772.95","CR","1050101","4215",""
"3819","224312","1","1050101","000104420000012","1","8/31/2026","10772.95","CR","1050101","4215",""
"3820","224396","1","1050101","000104420000012","1","8/31/2026","-333961.45","DR","1050101","4215","51"
"3821","224476","1","1050101","000104420000012","1","9/1/2026","11015.41","CR","1050101","4215",""
"3822","224558","1","1050101","000104420000012","1","9/2/2026","11015.41","CR","1050101","4215",""
"3823","224640","1","1050101","000104420000012","1","9/3/2026","11015.41","CR","1050101","4215",""
"3824","224722","1","1050101","000104420000012","1","9/4/2026","11015.41","CR","1050101","4215",""
"3825","224804","1","1050101","000104420000012","1","9/5/2026","11015.41","CR","1050101","4215",""
"3826","224886","1","1050101","000104420000012","1","9/6/2026","11015.41","CR","1050101","4215",""
"3827","224968","1","1050101","000104420000012","1","9/7/2026","11015.41","CR","1050101","4215",""
"3828","225050","1","1050101","000104420000012","1","9/8/2026","11015.41","CR","1050101","4215",""
"3829","225132","1","1050101","000104420000012","1","9/9/2026","11015.41","CR","1050101","4215",""
"3830","225214","1","1050101","000104420000012","1","9/10/2026","11015.41","CR","1050101","4215",""
"3831","225296","1","1050101","000104420000012","1","9/11/2026","11015.41","CR","1050101","4215",""
"3832","225378","1","1050101","000104420000012","1","9/12/2026","11015.41","CR","1050101","4215",""
"3833","225460","1","1050101","000104420000012","1","9/13/2026","11015.41","CR","1050101","4215",""
"3834","225542","1","1050101","000104420000012","1","9/14/2026","11015.41","CR","1050101","4215",""
"3835","225624","1","1050101","000104420000012","1","9/15/2026","11015.41","CR","1050101","4215",""
"3836","225706","1","1050101","000104420000012","1","9/16/2026","11015.41","CR","1050101","4215",""
"3837","225788","1","1050101","000104420000012","1","9/17/2026","11015.41","CR","1050101","4215",""
"3838","225870","1","1050101","000104420000012","1","9/18/2026","11015.41","CR","1050101","4215",""
"3839","225952","1","1050101","000104420000012","1","9/19/2026","11015.41","CR","1050101","4215",""
"3840","226034","1","1050101","000104420000012","1","9/20/2026","11015.41","CR","1050101","4215",""
"3841","226116","1","1050101","000104420000012","1","9/21/2026","11015.41","CR","1050101","4215",""
"3842","226198","1","1050101","000104420000012","1","9/22/2026","11015.41","CR","1050101","4215",""
"3843","226280","1","1050101","000104420000012","1","9/23/2026","11015.41","CR","1050101","4215",""
"3844","226362","1","1050101","000104420000012","1","9/24/2026","11015.41","CR","1050101","4215",""
"3845","226444","1","1050101","000104420000012","1","9/25/2026","11015.41","CR","1050101","4215",""
"3846","226526","1","1050101","000104420000012","1","9/26/2026","11015.41","CR","1050101","4215",""
"3847","226608","1","1050101","000104420000012","1","9/27/2026","11015.41","CR","1050101","4215",""
"3848","226690","1","1050101","000104420000012","1","9/28/2026","11015.41","CR","1050101","4215",""
"3849","226772","1","1050101","000104420000012","1","9/29/2026","11015.41","CR","1050101","4215",""
"3850","166598","1","1050101","000104420000032","1","11/1/2024","98610.68","CR","1050101","4215",""
"3851","166599","1","1050101","000104420000032","1","11/2/2024","98610.68","CR","1050101","4215",""
"3852","166600","1","1050101","000104420000032","1","11/3/2024","98610.68","CR","1050101","4215",""
"3853","166601","1","1050101","000104420000032","1","11/4/2024","98610.68","CR","1050101","4215",""
"3854","166602","1","1050101","000104420000032","1","11/5/2024","98610.68","CR","1050101","4215",""
"3855","166603","1","1050101","000104420000032","1","11/6/2024","98610.68","CR","1050101","4215",""
"3856","166604","1","1050101","000104420000032","1","11/7/2024","98610.68","CR","1050101","4215",""
"3857","166605","1","1050101","000104420000032","1","11/8/2024","98610.68","CR","1050101","4215",""
"3858","166606","1","1050101","000104420000032","1","11/9/2024","98610.68","CR","1050101","4215",""
"3859","166607","1","1050101","000104420000032","1","11/10/2024","98610.68","CR","1050101","4215",""
"3860","166608","1","1050101","000104420000032","1","11/11/2024","98610.68","CR","1050101","4215",""
"3861","166609","1","1050101","000104420000032","1","11/12/2024","95879.44","CR","1050101","4215",""
"3862","166610","1","1050101","000104420000032","1","11/13/2024","95879.44","CR","1050101","4215",""
"3863","167519","1","1050101","000104420000032","1","11/14/2024","95879.44","CR","1050101","4215",""
"3864","167520","1","1050101","000104420000032","1","11/15/2024","95879.44","CR","1050101","4215",""
"3865","167521","1","1050101","000104420000032","1","11/16/2024","95879.44","CR","1050101","4215",""
"3866","167522","1","1050101","000104420000032","1","11/17/2024","95879.44","CR","1050101","4215",""
"3867","167826","1","1050101","000104420000032","1","11/18/2024","95879.44","CR","1050101","4215",""
"3868","167902","1","1050101","000104420000032","1","11/19/2024","95879.44","CR","1050101","4215",""
"3869","167978","1","1050101","000104420000032","1","11/20/2024","95879.44","CR","1050101","4215",""
"3870","168054","1","1050101","000104420000032","1","11/21/2024","95879.44","CR","1050101","4215",""
"3871","168130","1","1050101","000104420000032","1","11/22/2024","95879.44","CR","1050101","4215",""
"3872","168206","1","1050101","000104420000032","1","11/23/2024","95879.44","CR","1050101","4215",""
"3873","168282","1","1050101","000104420000032","1","11/24/2024","95879.44","CR","1050101","4215",""
"3874","168358","1","1050101","000104420000032","1","11/25/2024","95879.44","CR","1050101","4215",""
"3875","168434","1","1050101","000104420000032","1","11/26/2024","95879.44","CR","1050101","4215",""
"3876","168510","1","1050101","000104420000032","1","11/27/2024","95879.44","CR","1050101","4215",""
"3877","168587","1","1050101","000104420000032","1","11/28/2024","95879.44","CR","1050101","4215",""
"3878","168664","1","1050101","000104420000032","1","11/29/2024","93148.21","CR","1050101","4215",""
"3879","168740","1","1050101","000104420000032","1","11/30/2024","93148.21","CR","1050101","4215",""
"3880","168812","1","1050101","000104420000032","1","11/30/2024","-2900964.38","DR","1050101","4215","80"
"3881","168893","1","1050101","000104420000032","1","12/1/2024","95789.28","CR","1050101","4215",""
"3882","168969","1","1050101","000104420000032","1","12/2/2024","95789.28","CR","1050101","4215",""
"3883","169045","1","1050101","000104420000032","1","12/3/2024","95789.28","CR","1050101","4215",""
"3884","169121","1","1050101","000104420000032","1","12/4/2024","95789.28","CR","1050101","4215",""
"3885","169197","1","1050101","000104420000032","1","12/5/2024","95789.28","CR","1050101","4215",""
"3886","169273","1","1050101","000104420000032","1","12/6/2024","95789.28","CR","1050101","4215",""
"3887","169349","1","1050101","000104420000032","1","12/7/2024","95789.28","CR","1050101","4215",""
"3888","169425","1","1050101","000104420000032","1","12/8/2024","95789.28","CR","1050101","4215",""
"3889","169501","1","1050101","000104420000032","1","12/9/2024","95789.28","CR","1050101","4215",""
"3890","169577","1","1050101","000104420000032","1","12/10/2024","95789.28","CR","1050101","4215",""
"3891","169653","1","1050101","000104420000032","1","12/11/2024","95789.28","CR","1050101","4215",""
"3892","169729","1","1050101","000104420000032","1","12/12/2024","95789.28","CR","1050101","4215",""
"3893","169805","1","1050101","000104420000032","1","12/13/2024","95789.28","CR","1050101","4215",""
"3894","169881","1","1050101","000104420000032","1","12/14/2024","95789.28","CR","1050101","4215",""
"3895","169957","1","1050101","000104420000032","1","12/15/2024","95789.28","CR","1050101","4215",""
"3896","170033","1","1050101","000104420000032","1","12/16/2024","95789.28","CR","1050101","4215",""
"3897","170109","1","1050101","000104420000032","1","12/17/2024","95789.28","CR","1050101","4215",""
"3898","170185","1","1050101","000104420000032","1","12/18/2024","95789.28","CR","1050101","4215",""
"3899","170261","1","1050101","000104420000032","1","12/19/2024","95789.28","CR","1050101","4215",""
"3900","170337","1","1050101","000104420000032","1","12/20/2024","95789.28","CR","1050101","4215",""
"3901","170413","1","1050101","000104420000032","1","12/21/2024","95789.28","CR","1050101","4215",""
"3902","170489","1","1050101","000104420000032","1","12/22/2024","95789.28","CR","1050101","4215",""
"3903","170565","1","1050101","000104420000032","1","12/23/2024","95789.28","CR","1050101","4215",""
"3904","170641","1","1050101","000104420000032","1","12/24/2024","95789.28","CR","1050101","4215",""
"3905","170717","1","1050101","000104420000032","1","12/25/2024","95789.28","CR","1050101","4215",""
"3906","170793","1","1050101","000104420000032","1","12/26/2024","95789.28","CR","1050101","4215",""
"3907","170869","1","1050101","000104420000032","1","12/27/2024","95789.28","CR","1050101","4215",""
"3908","170945","1","1050101","000104420000032","1","12/28/2024","95789.28","CR","1050101","4215",""
"3909","171021","1","1050101","000104420000032","1","12/29/2024","95789.28","CR","1050101","4215",""
"3910","171097","1","1050101","000104420000032","1","12/30/2024","95789.28","CR","1050101","4215",""
"3911","171173","1","1050101","000104420000032","1","12/31/2024","95789.28","CR","1050101","4215",""
"3912","171256","1","1050101","000104420000032","1","12/31/2024","-2969467.68","DR","1050101","4215","80"
"3913","171451","1","1050101","000104420000032","1","1/1/2025","98492.72","CR","1050101","4215",""
"3914","171528","1","1050101","000104420000032","1","1/2/2025","98492.72","CR","1050101","4215",""
"3915","171605","1","1050101","000104420000032","1","1/3/2025","98492.72","CR","1050101","4215",""
"3916","171682","1","1050101","000104420000032","1","1/4/2025","98492.72","CR","1050101","4215",""
"3917","171759","1","1050101","000104420000032","1","1/5/2025","98492.72","CR","1050101","4215",""
"3918","171836","1","1050101","000104420000032","1","1/6/2025","98492.72","CR","1050101","4215",""
"3919","171913","1","1050101","000104420000032","1","1/7/2025","98492.72","CR","1050101","4215",""
"3920","171990","1","1050101","000104420000032","1","1/8/2025","98492.72","CR","1050101","4215",""
"3921","172067","1","1050101","000104420000032","1","1/9/2025","98492.72","CR","1050101","4215",""
"3922","172144","1","1050101","000104420000032","1","1/10/2025","98492.72","CR","1050101","4215",""
"3923","172221","1","1050101","000104420000032","1","1/11/2025","98492.72","CR","1050101","4215",""
"3924","172298","1","1050101","000104420000032","1","1/12/2025","98492.72","CR","1050101","4215",""
"3925","172375","1","1050101","000104420000032","1","1/13/2025","98492.72","CR","1050101","4215",""
"3926","172452","1","1050101","000104420000032","1","1/14/2025","98492.72","CR","1050101","4215",""
"3927","172529","1","1050101","000104420000032","1","1/15/2025","98492.72","CR","1050101","4215",""
"3928","172606","1","1050101","000104420000032","1","1/16/2025","98492.72","CR","1050101","4215",""
"3929","172683","1","1050101","000104420000032","1","1/17/2025","98492.72","CR","1050101","4215",""
"3930","172760","1","1050101","000104420000032","1","1/18/2025","98492.72","CR","1050101","4215",""
"3931","172837","1","1050101","000104420000032","1","1/19/2025","98492.72","CR","1050101","4215",""
"3932","172914","1","1050101","000104420000032","1","1/20/2025","98492.72","CR","1050101","4215",""
"3933","172991","1","1050101","000104420000032","1","1/21/2025","98492.72","CR","1050101","4215",""
"3934","173068","1","1050101","000104420000032","1","1/22/2025","98492.72","CR","1050101","4215",""
"3935","173145","1","1050101","000104420000032","1","1/23/2025","98492.72","CR","1050101","4215",""
"3936","173222","1","1050101","000104420000032","1","1/24/2025","98492.72","CR","1050101","4215",""
"3937","173299","1","1050101","000104420000032","1","1/25/2025","98492.72","CR","1050101","4215",""
"3938","173376","1","1050101","000104420000032","1","1/26/2025","98492.72","CR","1050101","4215",""
"3939","173453","1","1050101","000104420000032","1","1/27/2025","98492.72","CR","1050101","4215",""
"3940","173530","1","1050101","000104420000032","1","1/28/2025","98492.72","CR","1050101","4215",""
"3941","173607","1","1050101","000104420000032","1","1/29/2025","98492.72","CR","1050101","4215",""
"3942","173684","1","1050101","000104420000032","1","1/30/2025","98492.72","CR","1050101","4215",""
"3943","173761","1","1050101","000104420000032","1","1/31/2025","95761.48","CR","1050101","4215",""
"3944","173840","1","1050101","000104420000032","1","1/31/2025","-3050543.08","DR","1050101","4215","46"
"3945","173888","1","1050101","000104420000032","1","2/1/2025","98538.73","CR","1050101","4215",""
"3946","173967","1","1050101","000104420000032","1","2/2/2025","98538.73","CR","1050101","4215",""
"3947","174046","1","1050101","000104420000032","1","2/3/2025","98538.73","CR","1050101","4215",""
"3948","174125","1","1050101","000104420000032","1","2/4/2025","98538.73","CR","1050101","4215",""
"3949","174204","1","1050101","000104420000032","1","2/5/2025","98538.73","CR","1050101","4215",""
"3950","174283","1","1050101","000104420000032","1","2/6/2025","98538.73","CR","1050101","4215",""
"3951","174362","1","1050101","000104420000032","1","2/7/2025","98538.73","CR","1050101","4215",""
"3952","174441","1","1050101","000104420000032","1","2/8/2025","98538.73","CR","1050101","4215",""
"3953","174520","1","1050101","000104420000032","1","2/9/2025","98538.73","CR","1050101","4215",""
"3954","174599","1","1050101","000104420000032","1","2/10/2025","98538.73","CR","1050101","4215",""
"3955","174678","1","1050101","000104420000032","1","2/11/2025","98538.73","CR","1050101","4215",""
"3956","174757","1","1050101","000104420000032","1","2/12/2025","98538.73","CR","1050101","4215",""
"3957","174836","1","1050101","000104420000032","1","2/13/2025","98538.73","CR","1050101","4215",""
"3958","174915","1","1050101","000104420000032","1","2/14/2025","98538.73","CR","1050101","4215",""
"3959","174994","1","1050101","000104420000032","1","2/15/2025","98538.73","CR","1050101","4215",""
"3960","175073","1","1050101","000104420000032","1","2/16/2025","98538.73","CR","1050101","4215",""
"3961","175152","1","1050101","000104420000032","1","2/17/2025","98538.73","CR","1050101","4215",""
"3962","175231","1","1050101","000104420000032","1","2/18/2025","93076.27","CR","1050101","4215",""
"3963","175310","1","1050101","000104420000032","1","2/19/2025","93076.27","CR","1050101","4215",""
"3964","175389","1","1050101","000104420000032","1","2/20/2025","93076.27","CR","1050101","4215",""
"3965","175468","1","1050101","000104420000032","1","2/21/2025","93076.27","CR","1050101","4215",""
"3966","175547","1","1050101","000104420000032","1","2/22/2025","93076.27","CR","1050101","4215",""
"3967","175626","1","1050101","000104420000032","1","2/23/2025","93076.27","CR","1050101","4215",""
"3968","175705","1","1050101","000104420000032","1","2/24/2025","93076.27","CR","1050101","4215",""
"3969","175784","1","1050101","000104420000032","1","2/25/2025","93076.27","CR","1050101","4215",""
"3970","175863","1","1050101","000104420000032","1","2/26/2025","93076.27","CR","1050101","4215",""
"3971","175942","1","1050101","000104420000032","1","2/27/2025","93076.27","CR","1050101","4215",""
"3972","176021","1","1050101","000104420000032","1","2/28/2025","93076.27","CR","1050101","4215",""
"3973","176104","1","1050101","000104420000032","1","2/28/2025","-2698997.38","DR","1050101","4215","13"
"3974","176179","1","1050101","000104420000032","1","3/1/2025","95533.46","CR","1050101","4215",""
"3975","176258","1","1050101","000104420000032","1","3/2/2025","95533.46","CR","1050101","4215",""
"3976","176819","1","1050101","000104420000032","1","3/3/2025","95533.46","CR","1050101","4215",""
"3977","176831","1","1050101","000104420000032","1","3/4/2025","95533.46","CR","1050101","4215",""
"3978","176843","1","1050101","000104420000032","1","3/5/2025","95533.46","CR","1050101","4215",""
"3979","176855","1","1050101","000104420000032","1","3/6/2025","95533.46","CR","1050101","4215",""
"3980","176867","1","1050101","000104420000032","1","3/7/2025","95533.46","CR","1050101","4215",""
"3981","176879","1","1050101","000104420000032","1","3/8/2025","95533.46","CR","1050101","4215",""
"3982","176891","1","1050101","000104420000032","1","3/9/2025","95533.46","CR","1050101","4215",""
"3983","176903","1","1050101","000104420000032","1","3/10/2025","95533.46","CR","1050101","4215",""
"3984","176915","1","1050101","000104420000032","1","3/11/2025","95533.46","CR","1050101","4215",""
"3985","176927","1","1050101","000104420000032","1","3/12/2025","95533.46","CR","1050101","4215",""
"3986","176939","1","1050101","000104420000032","1","3/13/2025","95533.46","CR","1050101","4215",""
"3987","176951","1","1050101","000104420000032","1","3/14/2025","95533.46","CR","1050101","4215",""
"3988","176963","1","1050101","000104420000032","1","3/15/2025","95533.46","CR","1050101","4215",""
"3989","176975","1","1050101","000104420000032","1","3/16/2025","95533.46","CR","1050101","4215",""
"3990","176987","1","1050101","000104420000032","1","3/17/2025","95533.46","CR","1050101","4215",""
"3991","176999","1","1050101","000104420000032","1","3/18/2025","95533.46","CR","1050101","4215",""
"3992","177011","1","1050101","000104420000032","1","3/19/2025","95533.46","CR","1050101","4215",""
"3993","177023","1","1050101","000104420000032","1","3/20/2025","95533.46","CR","1050101","4215",""
"3994","177035","1","1050101","000104420000032","1","3/21/2025","95533.46","CR","1050101","4215",""
"3995","177047","1","1050101","000104420000032","1","3/22/2025","95533.46","CR","1050101","4215",""
"3996","177059","1","1050101","000104420000032","1","3/23/2025","95533.46","CR","1050101","4215",""
"3997","177071","1","1050101","000104420000032","1","3/24/2025","95533.46","CR","1050101","4215",""
"3998","177083","1","1050101","000104420000032","1","3/25/2025","95533.46","CR","1050101","4215",""
"3999","177095","1","1050101","000104420000032","1","3/26/2025","95533.46","CR","1050101","4215",""
"4000","177107","1","1050101","000104420000032","1","3/27/2025","95533.46","CR","1050101","4215",""
"4001","177119","1","1050101","000104420000032","1","3/28/2025","95533.46","CR","1050101","4215",""
"4002","177131","1","1050101","000104420000032","1","3/29/2025","95533.46","CR","1050101","4215",""
"4003","177143","1","1050101","000104420000032","1","3/30/2025","95533.46","CR","1050101","4215",""
"4004","177155","1","1050101","000104420000032","1","3/31/2025","95533.46","CR","1050101","4215",""
"4005","179127","1","1050101","000104420000032","1","3/31/2025","-2961537.26","DR","1050101","4215","36"
"4006","179206","1","1050101","000104420000032","1","4/1/2025","98229.68","CR","1050101","4215",""
"4007","179284","1","1050101","000104420000032","1","4/2/2025","98229.68","CR","1050101","4215",""
"4008","179362","1","1050101","000104420000032","1","4/3/2025","98229.68","CR","1050101","4215",""
"4009","179440","1","1050101","000104420000032","1","4/4/2025","98229.68","CR","1050101","4215",""
"4010","179518","1","1050101","000104420000032","1","4/5/2025","98229.68","CR","1050101","4215",""
"4011","179596","1","1050101","000104420000032","1","4/6/2025","98229.68","CR","1050101","4215",""
"4012","179674","1","1050101","000104420000032","1","4/7/2025","98229.68","CR","1050101","4215",""
"4013","179752","1","1050101","000104420000032","1","4/8/2025","98229.68","CR","1050101","4215",""
"4014","179830","1","1050101","000104420000032","1","4/9/2025","98229.68","CR","1050101","4215",""
"4015","179908","1","1050101","000104420000032","1","4/10/2025","98229.68","CR","1050101","4215",""
"4016","179986","1","1050101","000104420000032","1","4/11/2025","98229.68","CR","1050101","4215",""
"4017","180064","1","1050101","000104420000032","1","4/12/2025","98229.68","CR","1050101","4215",""
"4018","180142","1","1050101","000104420000032","1","4/13/2025","98229.68","CR","1050101","4215",""
"4019","180220","1","1050101","000104420000032","1","4/14/2025","98229.68","CR","1050101","4215",""
"4020","180298","1","1050101","000104420000032","1","4/15/2025","98229.68","CR","1050101","4215",""
"4021","180376","1","1050101","000104420000032","1","4/16/2025","98229.68","CR","1050101","4215",""
"4022","180454","1","1050101","000104420000032","1","4/17/2025","98229.68","CR","1050101","4215",""
"4023","180532","1","1050101","000104420000032","1","4/18/2025","98229.68","CR","1050101","4215",""
"4024","180610","1","1050101","000104420000032","1","4/19/2025","98229.68","CR","1050101","4215",""
"4025","180688","1","1050101","000104420000032","1","4/20/2025","98229.68","CR","1050101","4215",""
"4026","180766","1","1050101","000104420000032","1","4/21/2025","98229.68","CR","1050101","4215",""
"4027","180844","1","1050101","000104420000032","1","4/22/2025","98229.68","CR","1050101","4215",""
"4028","180922","1","1050101","000104420000032","1","4/23/2025","98229.68","CR","1050101","4215",""
"4029","181000","1","1050101","000104420000032","1","4/24/2025","98229.68","CR","1050101","4215",""
"4030","181078","1","1050101","000104420000032","1","4/25/2025","98229.68","CR","1050101","4215",""
"4031","181156","1","1050101","000104420000032","1","4/26/2025","98229.68","CR","1050101","4215",""
"4032","181234","1","1050101","000104420000032","1","4/27/2025","98229.68","CR","1050101","4215",""
"4033","181312","1","1050101","000104420000032","1","4/28/2025","98229.68","CR","1050101","4215",""
"4034","181390","1","1050101","000104420000032","1","4/29/2025","98229.68","CR","1050101","4215",""
"4035","181468","1","1050101","000104420000032","1","4/30/2025","87304.75","CR","1050101","4215",""
"4036","181551","1","1050101","000104420000032","1","4/30/2025","-2935965.47","DR","1050101","4215","28"
"4037","181626","1","1050101","000104420000032","1","5/1/2025","89977.68","CR","1050101","4215",""
"4038","181705","1","1050101","000104420000032","1","5/2/2025","89977.68","CR","1050101","4215",""
"4039","181785","1","1050101","000104420000032","1","5/3/2025","89977.68","CR","1050101","4215",""
"4040","181865","1","1050101","000104420000032","1","5/4/2025","89977.68","CR","1050101","4215",""
"4041","181945","1","1050101","000104420000032","1","5/5/2025","89977.68","CR","1050101","4215",""
"4042","182025","1","1050101","000104420000032","1","5/6/2025","99400.44","CR","1050101","4215",""
"4043","182105","1","1050101","000104420000032","1","5/7/2025","95419.24","CR","1050101","4215",""
"4044","182186","1","1050101","000104420000032","1","5/8/2025","95419.24","CR","1050101","4215",""
"4045","182267","1","1050101","000104420000032","1","5/9/2025","95419.24","CR","1050101","4215",""
"4046","182348","1","1050101","000104420000032","1","5/10/2025","95419.24","CR","1050101","4215",""
"4047","182429","1","1050101","000104420000032","1","5/11/2025","95419.24","CR","1050101","4215",""
"4048","182510","1","1050101","000104420000032","1","5/12/2025","85939.78","CR","1050101","4215",""
"4049","182592","1","1050101","000104420000032","1","5/13/2025","85939.78","CR","1050101","4215",""
"4050","182674","1","1050101","000104420000032","1","5/14/2025","85939.78","CR","1050101","4215",""
"4051","182756","1","1050101","000104420000032","1","5/15/2025","85939.78","CR","1050101","4215",""
"4052","182838","1","1050101","000104420000032","1","5/16/2025","85939.78","CR","1050101","4215",""
"4053","182922","1","1050101","000104420000032","1","5/17/2025","85939.78","CR","1050101","4215",""
"4054","183006","1","1050101","000104420000032","1","5/18/2025","85939.78","CR","1050101","4215",""
"4055","183090","1","1050101","000104420000032","1","5/19/2025","85939.78","CR","1050101","4215",""
"4056","183174","1","1050101","000104420000032","1","5/20/2025","85939.78","CR","1050101","4215",""
"4057","183258","1","1050101","000104420000032","1","5/21/2025","85939.78","CR","1050101","4215",""
"4058","183342","1","1050101","000104420000032","1","5/22/2025","85939.78","CR","1050101","4215",""
"4059","183426","1","1050101","000104420000032","1","5/23/2025","85939.78","CR","1050101","4215",""
"4060","183511","1","1050101","000104420000032","1","5/24/2025","85939.78","CR","1050101","4215",""
"4061","183596","1","1050101","000104420000032","1","5/25/2025","85939.78","CR","1050101","4215",""
"4062","183681","1","1050101","000104420000032","1","5/26/2025","85939.78","CR","1050101","4215",""
"4063","183766","1","1050101","000104420000032","1","5/27/2025","85939.78","CR","1050101","4215",""
"4064","183851","1","1050101","000104420000032","1","5/28/2025","85939.78","CR","1050101","4215",""
"4065","183936","1","1050101","000104420000032","1","5/29/2025","85939.78","CR","1050101","4215",""
"4066","184021","1","1050101","000104420000032","1","5/30/2025","85939.78","CR","1050101","4215",""
"4067","184106","1","1050101","000104420000032","1","5/31/2025","73712.64","CR","1050101","4215",""
"4068","184191","1","1050101","000104420000032","1","5/31/2025","-2732953.50","DR","1050101","4215","117"
"4069","184278","1","1050101","000104420000032","1","6/1/2025","76215.72","CR","1050101","4215",""
"4070","184364","1","1050101","000104420000032","1","6/2/2025","76215.72","CR","1050101","4215",""
"4071","184450","1","1050101","000104420000032","1","6/3/2025","76215.72","CR","1050101","4215",""
"4072","184536","1","1050101","000104420000032","1","6/4/2025","76215.72","CR","1050101","4215",""
"4073","184622","1","1050101","000104420000032","1","6/5/2025","76215.72","CR","1050101","4215",""
"4074","184708","1","1050101","000104420000032","1","6/6/2025","76215.72","CR","1050101","4215",""
"4075","184794","1","1050101","000104420000032","1","6/7/2025","76215.72","CR","1050101","4215",""
"4076","184880","1","1050101","000104420000032","1","6/8/2025","76215.72","CR","1050101","4215",""
"4077","184966","1","1050101","000104420000032","1","6/9/2025","76215.72","CR","1050101","4215",""
"4078","185052","1","1050101","000104420000032","1","6/10/2025","76215.72","CR","1050101","4215",""
"4079","185138","1","1050101","000104420000032","1","6/11/2025","76215.72","CR","1050101","4215",""
"4080","185224","1","1050101","000104420000032","1","6/12/2025","76215.72","CR","1050101","4215",""
"4081","185310","1","1050101","000104420000032","1","6/13/2025","76215.72","CR","1050101","4215",""
"4082","185396","1","1050101","000104420000032","1","6/14/2025","76215.72","CR","1050101","4215",""
"4083","185482","1","1050101","000104420000032","1","6/15/2025","76215.72","CR","1050101","4215",""
"4084","185568","1","1050101","000104420000032","1","6/16/2025","76215.72","CR","1050101","4215",""
"4085","185654","1","1050101","000104420000032","1","6/17/2025","76215.72","CR","1050101","4215",""
"4086","185740","1","1050101","000104420000032","1","6/18/2025","76215.72","CR","1050101","4215",""
"4087","185827","1","1050101","000104420000032","1","6/19/2025","76215.72","CR","1050101","4215",""
"4088","185915","1","1050101","000104420000032","1","6/20/2025","76215.72","CR","1050101","4215",""
"4089","186003","1","1050101","000104420000032","1","6/21/2025","76215.72","CR","1050101","4215",""
"4090","186091","1","1050101","000104420000032","1","6/22/2025","76215.72","CR","1050101","4215",""
"4091","186179","1","1050101","000104420000032","1","6/23/2025","76215.72","CR","1050101","4215",""
"4092","186267","1","1050101","000104420000032","1","6/24/2025","76215.72","CR","1050101","4215",""
"4093","186355","1","1050101","000104420000032","1","6/25/2025","76215.72","CR","1050101","4215",""
"4094","186443","1","1050101","000104420000032","1","6/26/2025","76215.72","CR","1050101","4215",""
"4095","186531","1","1050101","000104420000032","1","6/27/2025","76215.72","CR","1050101","4215",""
"4096","186619","1","1050101","000104420000032","1","6/28/2025","76215.72","CR","1050101","4215",""
"4097","186707","1","1050101","000104420000032","1","6/29/2025","76215.72","CR","1050101","4215",""
"4098","186795","1","1050101","000104420000032","1","6/30/2025","76215.72","CR","1050101","4215",""
"4099","186889","1","1050101","000104420000032","1","6/30/2025","-2286471.60","DR","1050101","4215","35"
"4100","186972","1","1050101","000104420000032","1","7/1/2025","78309.88","CR","1050101","4215",""
"4101","187060","1","1050101","000104420000032","1","7/2/2025","78309.88","CR","1050101","4215",""
"4102","187148","1","1050101","000104420000032","1","7/3/2025","78309.88","CR","1050101","4215",""
"4103","187236","1","1050101","000104420000032","1","7/4/2025","78309.88","CR","1050101","4215",""
"4104","187324","1","1050101","000104420000032","1","7/5/2025","78309.88","CR","1050101","4215",""
"4105","187412","1","1050101","000104420000032","1","7/6/2025","78309.88","CR","1050101","4215",""
"4106","187500","1","1050101","000104420000032","1","7/7/2025","78309.88","CR","1050101","4215",""
"4107","187588","1","1050101","000104420000032","1","7/8/2025","78309.88","CR","1050101","4215",""
"4108","187676","1","1050101","000104420000032","1","7/9/2025","78309.88","CR","1050101","4215",""
"4109","187764","1","1050101","000104420000032","1","7/10/2025","78309.88","CR","1050101","4215",""
"4110","187853","1","1050101","000104420000032","1","7/11/2025","78309.88","CR","1050101","4215",""
"4111","187942","1","1050101","000104420000032","1","7/12/2025","78309.88","CR","1050101","4215",""
"4112","188031","1","1050101","000104420000032","1","7/13/2025","78309.88","CR","1050101","4215",""
"4113","188120","1","1050101","000104420000032","1","7/14/2025","78309.88","CR","1050101","4215",""
"4114","188209","1","1050101","000104420000032","1","7/15/2025","78309.88","CR","1050101","4215",""
"4115","188298","1","1050101","000104420000032","1","7/16/2025","78309.88","CR","1050101","4215",""
"4116","188387","1","1050101","000104420000032","1","7/17/2025","78309.88","CR","1050101","4215",""
"4117","188476","1","1050101","000104420000032","1","7/18/2025","78309.88","CR","1050101","4215",""
"4118","188565","1","1050101","000104420000032","1","7/19/2025","78309.88","CR","1050101","4215",""
"4119","188654","1","1050101","000104420000032","1","7/20/2025","78309.88","CR","1050101","4215",""
"4120","188743","1","1050101","000104420000032","1","7/21/2025","78309.88","CR","1050101","4215",""
"4121","188832","1","1050101","000104420000032","1","7/22/2025","78309.88","CR","1050101","4215",""
"4122","188921","1","1050101","000104420000032","1","7/23/2025","78309.88","CR","1050101","4215",""
"4123","189012","1","1050101","000104420000032","1","7/24/2025","78309.88","CR","1050101","4215",""
"4124","189103","1","1050101","000104420000032","1","7/25/2025","78309.88","CR","1050101","4215",""
"4125","189194","1","1050101","000104420000032","1","7/26/2025","78309.88","CR","1050101","4215",""
"4126","189285","1","1050101","000104420000032","1","7/27/2025","78309.88","CR","1050101","4215",""
"4127","189376","1","1050101","000104420000032","1","7/28/2025","78309.88","CR","1050101","4215",""
"4128","189467","1","1050101","000104420000032","1","7/29/2025","73730.43","CR","1050101","4215",""
"4129","189558","1","1050101","000104420000032","1","7/30/2025","73730.43","CR","1050101","4215",""
"4130","189649","1","1050101","000104420000032","1","7/31/2025","73730.43","CR","1050101","4215",""
"4131","189747","1","1050101","000104420000032","1","7/31/2025","-2413867.93","DR","1050101","4215","52"
"4132","189802","1","1050101","000104420000032","1","8/1/2025","75941.27","CR","1050101","4215",""
"4133","189893","1","1050101","000104420000032","1","8/2/2025","75941.27","CR","1050101","4215",""
"4134","189984","1","1050101","000104420000032","1","8/3/2025","75941.27","CR","1050101","4215",""
"4135","190075","1","1050101","000104420000032","1","8/4/2025","75941.27","CR","1050101","4215",""
"4136","190166","1","1050101","000104420000032","1","8/5/2025","76168.43","CR","1050101","4215",""
"4137","190257","1","1050101","000104420000032","1","8/6/2025","76168.43","CR","1050101","4215",""
"4138","190348","1","1050101","000104420000032","1","8/7/2025","76168.43","CR","1050101","4215",""
"4139","190439","1","1050101","000104420000032","1","8/8/2025","76168.43","CR","1050101","4215",""
"4140","190532","1","1050101","000104420000032","1","8/9/2025","76168.43","CR","1050101","4215",""
"4141","190625","1","1050101","000104420000032","1","8/10/2025","76168.43","CR","1050101","4215",""
"4142","190718","1","1050101","000104420000032","1","8/11/2025","76168.43","CR","1050101","4215",""
"4143","190841","1","1050101","000104420000032","1","8/12/2025","76168.43","CR","1050101","4215",""
"4144","190934","1","1050101","000104420000032","1","8/13/2025","76168.43","CR","1050101","4215",""
"4145","191027","1","1050101","000104420000032","1","8/14/2025","76168.43","CR","1050101","4215",""
"4146","191120","1","1050101","000104420000032","1","8/15/2025","76168.43","CR","1050101","4215",""
"4147","191213","1","1050101","000104420000032","1","8/16/2025","76168.43","CR","1050101","4215",""
"4148","191306","1","1050101","000104420000032","1","8/17/2025","76168.43","CR","1050101","4215",""
"4149","191399","1","1050101","000104420000032","1","8/18/2025","76168.43","CR","1050101","4215",""
"4150","191492","1","1050101","000104420000032","1","8/19/2025","76168.43","CR","1050101","4215",""
"4151","191585","1","1050101","000104420000032","1","8/20/2025","76168.43","CR","1050101","4215",""
"4152","191678","1","1050101","000104420000032","1","8/21/2025","76168.43","CR","1050101","4215",""
"4153","191771","1","1050101","000104420000032","1","8/22/2025","76168.43","CR","1050101","4215",""
"4154","191864","1","1050101","000104420000032","1","8/23/2025","76168.43","CR","1050101","4215",""
"4155","191957","1","1050101","000104420000032","1","8/24/2025","76168.43","CR","1050101","4215",""
"4156","192050","1","1050101","000104420000032","1","8/25/2025","76168.43","CR","1050101","4215",""
"4157","192143","1","1050101","000104420000032","1","8/26/2025","76168.43","CR","1050101","4215",""
"4158","192236","1","1050101","000104420000032","1","8/27/2025","76168.43","CR","1050101","4215",""
"4159","192330","1","1050101","000104420000032","1","8/28/2025","76168.43","CR","1050101","4215",""
"4160","192424","1","1050101","000104420000032","1","8/29/2025","76168.43","CR","1050101","4215",""
"4161","192518","1","1050101","000104420000032","1","8/30/2025","70656.65","CR","1050101","4215",""
"4162","192612","1","1050101","000104420000032","1","8/31/2025","70656.65","CR","1050101","4215",""
"4163","192711","1","1050101","000104420000032","1","8/31/2025","-2349289.13","DR","1050101","4215","16"
"4164","192800","1","1050101","000104420000032","1","9/1/2025","72814.78","CR","1050101","4215",""
"4165","192894","1","1050101","000104420000032","1","9/2/2025","72814.78","CR","1050101","4215",""
"4166","192988","1","1050101","000104420000032","1","9/3/2025","72814.78","CR","1050101","4215",""
"4167","193082","1","1050101","000104420000032","1","9/4/2025","72814.78","CR","1050101","4215",""
"4168","193176","1","1050101","000104420000032","1","9/5/2025","72814.78","CR","1050101","4215",""
"4169","193271","1","1050101","000104420000032","1","9/6/2025","72814.78","CR","1050101","4215",""
"4170","193366","1","1050101","000104420000032","1","9/7/2025","72814.78","CR","1050101","4215",""
"4171","193461","1","1050101","000104420000032","1","9/8/2025","72814.78","CR","1050101","4215",""
"4172","193556","1","1050101","000104420000032","1","9/9/2025","72814.78","CR","1050101","4215",""
"4173","193651","1","1050101","000104420000032","1","9/10/2025","72814.78","CR","1050101","4215",""
"4174","193746","1","1050101","000104420000032","1","9/11/2025","72814.78","CR","1050101","4215",""
"4175","193841","1","1050101","000104420000032","1","9/12/2025","68476.11","CR","1050101","4215",""
"4176","193936","1","1050101","000104420000032","1","9/13/2025","68476.11","CR","1050101","4215",""
"4177","194031","1","1050101","000104420000032","1","9/14/2025","68476.11","CR","1050101","4215",""
"4178","194126","1","1050101","000104420000032","1","9/15/2025","68476.11","CR","1050101","4215",""
"4179","194221","1","1050101","000104420000032","1","9/16/2025","68476.11","CR","1050101","4215",""
"4180","194316","1","1050101","000104420000032","1","9/17/2025","68476.11","CR","1050101","4215",""
"4181","194411","1","1050101","000104420000032","1","9/18/2025","68476.11","CR","1050101","4215",""
"4182","194506","1","1050101","000104420000032","1","9/19/2025","68476.11","CR","1050101","4215",""
"4183","194601","1","1050101","000104420000032","1","9/20/2025","68476.11","CR","1050101","4215",""
"4184","194696","1","1050101","000104420000032","1","9/21/2025","68476.11","CR","1050101","4215",""
"4185","194791","1","1050101","000104420000032","1","9/22/2025","68476.11","CR","1050101","4215",""
"4186","194886","1","1050101","000104420000032","1","9/23/2025","68476.11","CR","1050101","4215",""
"4187","194981","1","1050101","000104420000032","1","9/24/2025","68476.11","CR","1050101","4215",""
"4188","195076","1","1050101","000104420000032","1","9/25/2025","68476.11","CR","1050101","4215",""
"4189","195171","1","1050101","000104420000032","1","9/26/2025","68476.11","CR","1050101","4215",""
"4190","195266","1","1050101","000104420000032","1","9/27/2025","68476.11","CR","1050101","4215",""
"4191","195361","1","1050101","000104420000032","1","9/28/2025","68476.11","CR","1050101","4215",""
"4192","195456","1","1050101","000104420000032","1","9/29/2025","68476.11","CR","1050101","4215",""
"4193","195551","1","1050101","000104420000032","1","9/30/2025","68476.11","CR","1050101","4215",""
"4194","195655","1","1050101","000104420000032","1","9/30/2025","-2102008.67","DR","1050101","4215","23"
"4195","195720","1","1050101","000104420000032","1","10/1/2025","70401.32","CR","1050101","4215",""
"4196","195816","1","1050101","000104420000032","1","10/2/2025","70401.32","CR","1050101","4215",""
"4197","195912","1","1050101","000104420000032","1","10/3/2025","70401.32","CR","1050101","4215",""
"4198","196008","1","1050101","000104420000032","1","10/4/2025","70401.32","CR","1050101","4215",""
"4199","196104","1","1050101","000104420000032","1","10/5/2025","70401.32","CR","1050101","4215",""
"4200","196200","1","1050101","000104420000032","1","10/6/2025","70401.32","CR","1050101","4215",""
"4201","196319","1","1050101","000104420000032","1","10/7/2025","70401.32","CR","1050101","4215",""
"4202","196415","1","1050101","000104420000032","1","10/8/2025","70401.32","CR","1050101","4215",""
"4203","196511","1","1050101","000104420000032","1","10/9/2025","70401.32","CR","1050101","4215",""
"4204","196607","1","1050101","000104420000032","1","10/10/2025","70401.32","CR","1050101","4215",""
"4205","196703","1","1050101","000104420000032","1","10/11/2025","70401.32","CR","1050101","4215",""
"4206","196799","1","1050101","000104420000032","1","10/12/2025","70401.32","CR","1050101","4215",""
"4207","196895","1","1050101","000104420000032","1","10/13/2025","70401.32","CR","1050101","4215",""
"4208","196991","1","1050101","000104420000032","1","10/14/2025","70401.32","CR","1050101","4215",""
"4209","197087","1","1050101","000104420000032","1","10/15/2025","70401.32","CR","1050101","4215",""
"4210","197183","1","1050101","000104420000032","1","10/16/2025","70401.32","CR","1050101","4215",""
"4211","197279","1","1050101","000104420000032","1","10/17/2025","70401.32","CR","1050101","4215",""
"4212","197375","1","1050101","000104420000032","1","10/18/2025","70401.32","CR","1050101","4215",""
"4213","197471","1","1050101","000104420000032","1","10/19/2025","70401.32","CR","1050101","4215",""
"4214","197567","1","1050101","000104420000032","1","10/20/2025","70401.32","CR","1050101","4215",""
"4215","197663","1","1050101","000104420000032","1","10/21/2025","70401.32","CR","1050101","4215",""
"4216","197759","1","1050101","000104420000032","1","10/22/2025","70401.32","CR","1050101","4215",""
"4217","197855","1","1050101","000104420000032","1","10/23/2025","70401.32","CR","1050101","4215",""
"4218","197951","1","1050101","000104420000032","1","10/24/2025","70401.32","CR","1050101","4215",""
"4219","198047","1","1050101","000104420000032","1","10/25/2025","70401.32","CR","1050101","4215",""
"4220","198143","1","1050101","000104420000032","1","10/26/2025","70401.32","CR","1050101","4215",""
"4221","198239","1","1050101","000104420000032","1","10/27/2025","70401.32","CR","1050101","4215",""
"4222","198335","1","1050101","000104420000032","1","10/28/2025","70401.32","CR","1050101","4215",""
"4223","198431","1","1050101","000104420000032","1","10/29/2025","65821.87","CR","1050101","4215",""
"4224","198527","1","1050101","000104420000032","1","10/30/2025","65821.87","CR","1050101","4215",""
"4225","198623","1","1050101","000104420000032","1","10/31/2025","65821.87","CR","1050101","4215",""
"4226","198716","1","1050101","000104420000032","1","10/31/2025","-2168702.57","DR","1050101","4215","52"
"4227","198817","1","1050101","000104420000032","1","11/1/2025","67808.16","CR","1050101","4215",""
"4228","198914","1","1050101","000104420000032","1","11/2/2025","67808.16","CR","1050101","4215",""
"4229","199011","1","1050101","000104420000032","1","11/3/2025","67808.16","CR","1050101","4215",""
"4230","199108","1","1050101","000104420000032","1","11/4/2025","67808.16","CR","1050101","4215",""
"4231","199205","1","1050101","000104420000032","1","11/5/2025","67808.16","CR","1050101","4215",""
"4232","199302","1","1050101","000104420000032","1","11/6/2025","67808.16","CR","1050101","4215",""
"4233","199399","1","1050101","000104420000032","1","11/7/2025","67808.16","CR","1050101","4215",""
"4234","199496","1","1050101","000104420000032","1","11/8/2025","67808.16","CR","1050101","4215",""
"4235","199593","1","1050101","000104420000032","1","11/9/2025","67808.16","CR","1050101","4215",""
"4236","199690","1","1050101","000104420000032","1","11/10/2025","67808.16","CR","1050101","4215",""
"4237","199787","1","1050101","000104420000032","1","11/11/2025","67808.16","CR","1050101","4215",""
"4238","199884","1","1050101","000104420000032","1","11/12/2025","67808.16","CR","1050101","4215",""
"4239","199981","1","1050101","000104420000032","1","11/13/2025","67808.16","CR","1050101","4215",""
"4240","200078","1","1050101","000104420000032","1","11/14/2025","67808.16","CR","1050101","4215",""
"4241","200175","1","1050101","000104420000032","1","11/15/2025","67808.16","CR","1050101","4215",""
"4242","200272","1","1050101","000104420000032","1","11/16/2025","67808.16","CR","1050101","4215",""
"4243","200369","1","1050101","000104420000032","1","11/17/2025","67808.16","CR","1050101","4215",""
"4244","200466","1","1050101","000104420000032","1","11/18/2025","67808.16","CR","1050101","4215",""
"4245","200563","1","1050101","000104420000032","1","11/19/2025","67808.16","CR","1050101","4215",""
"4246","200660","1","1050101","000104420000032","1","11/20/2025","67808.16","CR","1050101","4215",""
"4247","200757","1","1050101","000104420000032","1","11/21/2025","67808.16","CR","1050101","4215",""
"4248","200854","1","1050101","000104420000032","1","11/22/2025","67808.16","CR","1050101","4215",""
"4249","200951","1","1050101","000104420000032","1","11/23/2025","67808.16","CR","1050101","4215",""
"4250","201048","1","1050101","000104420000032","1","11/24/2025","67808.16","CR","1050101","4215",""
"4251","201145","1","1050101","000104420000032","1","11/25/2025","67808.16","CR","1050101","4215",""
"4252","201242","1","1050101","000104420000032","1","11/26/2025","67808.16","CR","1050101","4215",""
"4253","201339","1","1050101","000104420000032","1","11/27/2025","67808.16","CR","1050101","4215",""
"4254","201435","1","1050101","000104420000032","1","11/28/2025","67808.16","CR","1050101","4215",""
"4255","201529","1","1050101","000104420000032","1","11/29/2025","67808.16","CR","1050101","4215",""
"4256","201623","1","1050101","000104420000032","1","11/30/2025","67808.16","CR","1050101","4215",""
"4257","201714","1","1050101","000104420000032","1","11/30/2025","-2034244.80","DR","1050101","4215","28"
"4258","201814","1","1050101","000104420000032","1","12/1/2025","69671.31","CR","1050101","4215",""
"4259","201909","1","1050101","000104420000032","1","12/2/2025","69671.31","CR","1050101","4215",""
"4260","202004","1","1050101","000104420000032","1","12/3/2025","69671.31","CR","1050101","4215",""
"4261","202099","1","1050101","000104420000032","1","12/4/2025","69671.31","CR","1050101","4215",""
"4262","202194","1","1050101","000104420000032","1","12/5/2025","69671.31","CR","1050101","4215",""
"4263","202289","1","1050101","000104420000032","1","12/6/2025","69671.31","CR","1050101","4215",""
"4264","202384","1","1050101","000104420000032","1","12/7/2025","69671.31","CR","1050101","4215",""
"4265","202479","1","1050101","000104420000032","1","12/8/2025","69671.31","CR","1050101","4215",""
"4266","202572","1","1050101","000104420000032","1","12/9/2025","69671.31","CR","1050101","4215",""
"4267","202665","1","1050101","000104420000032","1","12/10/2025","69671.31","CR","1050101","4215",""
"4268","202756","1","1050101","000104420000032","1","12/11/2025","69671.31","CR","1050101","4215",""
"4269","202839","1","1050101","000104420000032","1","12/12/2025","69671.31","CR","1050101","4215",""
"4270","202922","1","1050101","000104420000032","1","12/13/2025","69671.31","CR","1050101","4215",""
"4271","203005","1","1050101","000104420000032","1","12/14/2025","69671.31","CR","1050101","4215",""
"4272","203088","1","1050101","000104420000032","1","12/15/2025","69671.31","CR","1050101","4215",""
"4273","203171","1","1050101","000104420000032","1","12/16/2025","69671.31","CR","1050101","4215",""
"4274","203241","1","1050101","000104420000032","1","12/17/2025","69671.31","CR","1050101","4215",""
"4275","203311","1","1050101","000104420000032","1","12/18/2025","69671.31","CR","1050101","4215",""
"4276","203384","1","1050101","000104420000032","1","12/19/2025","69671.31","CR","1050101","4215",""
"4277","203458","1","1050101","000104420000032","1","12/20/2025","69671.31","CR","1050101","4215",""
"4278","203532","1","1050101","000104420000032","1","12/21/2025","69671.31","CR","1050101","4215",""
"4279","203606","1","1050101","000104420000032","1","12/22/2025","69671.31","CR","1050101","4215",""
"4280","203682","1","1050101","000104420000032","1","12/23/2025","69671.31","CR","1050101","4215",""
"4281","203756","1","1050101","000104420000032","1","12/24/2025","69671.31","CR","1050101","4215",""
"4282","203830","1","1050101","000104420000032","1","12/25/2025","69671.31","CR","1050101","4215",""
"4283","203904","1","1050101","000104420000032","1","12/26/2025","69671.31","CR","1050101","4215",""
"4284","203978","1","1050101","000104420000032","1","12/27/2025","69671.31","CR","1050101","4215",""
"4285","204052","1","1050101","000104420000032","1","12/28/2025","69671.31","CR","1050101","4215",""
"4286","204126","1","1050101","000104420000032","1","12/29/2025","69400.37","CR","1050101","4215",""
"4287","204205","1","1050101","000104420000032","1","12/30/2025","69400.37","CR","1050101","4215",""
"4288","204462","1","1050101","000104420000032","1","12/31/2025","69400.37","CR","1050101","4215",""
"4289","204540","1","1050101","000104420000032","1","12/31/2025","-2158997.79","DR","1050101","4215","30"
"4290","204617","1","1050101","000104420000032","1","1/1/2026","71323.23","CR","1050101","4215",""
"4291","204694","1","1050101","000104420000032","1","1/2/2026","71323.23","CR","1050101","4215",""
"4292","204771","1","1050101","000104420000032","1","1/3/2026","71323.23","CR","1050101","4215",""
"4293","204848","1","1050101","000104420000032","1","1/4/2026","71323.23","CR","1050101","4215",""
"4294","204925","1","1050101","000104420000032","1","1/5/2026","71323.23","CR","1050101","4215",""
"4295","205002","1","1050101","000104420000032","1","1/6/2026","71323.23","CR","1050101","4215",""
"4296","205079","1","1050101","000104420000032","1","1/7/2026","71323.23","CR","1050101","4215",""
"4297","205156","1","1050101","000104420000032","1","1/8/2026","71323.23","CR","1050101","4215",""
"4298","205233","1","1050101","000104420000032","1","1/9/2026","71323.23","CR","1050101","4215",""
"4299","205310","1","1050101","000104420000032","1","1/10/2026","71323.23","CR","1050101","4215",""
"4300","205387","1","1050101","000104420000032","1","1/11/2026","71323.23","CR","1050101","4215",""
"4301","205464","1","1050101","000104420000032","1","1/12/2026","71323.23","CR","1050101","4215",""
"4302","205540","1","1050101","000104420000032","1","1/13/2026","71323.23","CR","1050101","4215",""
"4303","205616","1","1050101","000104420000032","1","1/14/2026","71323.23","CR","1050101","4215",""
"4304","205692","1","1050101","000104420000032","1","1/15/2026","71323.23","CR","1050101","4215",""
"4305","205768","1","1050101","000104420000032","1","1/16/2026","71323.23","CR","1050101","4215",""
"4306","205844","1","1050101","000104420000032","1","1/17/2026","71323.23","CR","1050101","4215",""
"4307","205920","1","1050101","000104420000032","1","1/18/2026","71323.23","CR","1050101","4215",""
"4308","205996","1","1050101","000104420000032","1","1/19/2026","71323.23","CR","1050101","4215",""
"4309","206073","1","1050101","000104420000032","1","1/20/2026","71323.23","CR","1050101","4215",""
"4310","206150","1","1050101","000104420000032","1","1/21/2026","71323.23","CR","1050101","4215",""
"4311","206227","1","1050101","000104420000032","1","1/22/2026","71323.23","CR","1050101","4215",""
"4312","206304","1","1050101","000104420000032","1","1/23/2026","71323.23","CR","1050101","4215",""
"4313","206381","1","1050101","000104420000032","1","1/24/2026","71323.23","CR","1050101","4215",""
"4314","206458","1","1050101","000104420000032","1","1/25/2026","71323.23","CR","1050101","4215",""
"4315","206535","1","1050101","000104420000032","1","1/26/2026","71323.23","CR","1050101","4215",""
"4316","206612","1","1050101","000104420000032","1","1/27/2026","71323.23","CR","1050101","4215",""
"4317","206689","1","1050101","000104420000032","1","1/28/2026","71323.23","CR","1050101","4215",""
"4318","206766","1","1050101","000104420000032","1","1/29/2026","71323.23","CR","1050101","4215",""
"4319","206843","1","1050101","000104420000032","1","1/30/2026","71323.23","CR","1050101","4215",""
"4320","206920","1","1050101","000104420000032","1","1/31/2026","71323.23","CR","1050101","4215",""
"4321","206997","1","1050101","000104420000032","1","1/31/2026","-2211020.13","DR","1050101","4215","27"
"4322","207070","1","1050101","000104420000032","1","2/1/2026","73340.41","CR","1050101","4215",""
"4323","207147","1","1050101","000104420000032","1","2/2/2026","73340.41","CR","1050101","4215",""
"4324","207224","1","1050101","000104420000032","1","2/3/2026","73340.41","CR","1050101","4215",""
"4325","207301","1","1050101","000104420000032","1","2/4/2026","72018.96","CR","1050101","4215",""
"4326","207378","1","1050101","000104420000032","1","2/5/2026","72018.96","CR","1050101","4215",""
"4327","207455","1","1050101","000104420000032","1","2/6/2026","72018.96","CR","1050101","4215",""
"4328","207532","1","1050101","000104420000032","1","2/7/2026","72018.96","CR","1050101","4215",""
"4329","207609","1","1050101","000104420000032","1","2/8/2026","72018.96","CR","1050101","4215",""
"4330","207686","1","1050101","000104420000032","1","2/9/2026","72018.96","CR","1050101","4215",""
"4331","207763","1","1050101","000104420000032","1","2/10/2026","72018.96","CR","1050101","4215",""
"4332","207841","1","1050101","000104420000032","1","2/11/2026","72018.96","CR","1050101","4215",""
"4333","207919","1","1050101","000104420000032","1","2/12/2026","72018.96","CR","1050101","4215",""
"4334","207997","1","1050101","000104420000032","1","2/13/2026","72018.96","CR","1050101","4215",""
"4335","208075","1","1050101","000104420000032","1","2/14/2026","72018.96","CR","1050101","4215",""
"4336","208153","1","1050101","000104420000032","1","2/15/2026","72018.96","CR","1050101","4215",""
"4337","208231","1","1050101","000104420000032","1","2/16/2026","72018.96","CR","1050101","4215",""
"4338","208309","1","1050101","000104420000032","1","2/17/2026","72018.96","CR","1050101","4215",""
"4339","208387","1","1050101","000104420000032","1","2/18/2026","72018.96","CR","1050101","4215",""
"4340","208465","1","1050101","000104420000032","1","2/19/2026","72018.96","CR","1050101","4215",""
"4341","208543","1","1050101","000104420000032","1","2/20/2026","72018.96","CR","1050101","4215",""
"4342","208621","1","1050101","000104420000032","1","2/21/2026","72018.96","CR","1050101","4215",""
"4343","208699","1","1050101","000104420000032","1","2/22/2026","72018.96","CR","1050101","4215",""
"4344","208777","1","1050101","000104420000032","1","2/23/2026","72018.96","CR","1050101","4215",""
"4345","208855","1","1050101","000104420000032","1","2/24/2026","72018.96","CR","1050101","4215",""
"4346","208933","1","1050101","000104420000032","1","2/25/2026","72018.96","CR","1050101","4215",""
"4347","209011","1","1050101","000104420000032","1","2/26/2026","72018.96","CR","1050101","4215",""
"4348","209089","1","1050101","000104420000032","1","2/27/2026","72018.96","CR","1050101","4215",""
"4349","209167","1","1050101","000104420000032","1","2/28/2026","72018.96","CR","1050101","4215",""
"4350","209242","1","1050101","000104420000032","1","2/28/2026","-2020495.23","DR","1050101","4215","32"
"4351","209323","1","1050101","000104420000032","1","3/1/2026","73829.10","CR","1050101","4215",""
"4352","209401","1","1050101","000104420000032","1","3/2/2026","73829.10","CR","1050101","4215",""
"4353","209479","1","1050101","000104420000032","1","3/3/2026","73829.10","CR","1050101","4215",""
"4354","209557","1","1050101","000104420000032","1","3/4/2026","73829.10","CR","1050101","4215",""
"4355","209635","1","1050101","000104420000032","1","3/5/2026","71571.33","CR","1050101","4215",""
"4356","209713","1","1050101","000104420000032","1","3/6/2026","71571.33","CR","1050101","4215",""
"4357","209791","1","1050101","000104420000032","1","3/7/2026","71571.33","CR","1050101","4215",""
"4358","209869","1","1050101","000104420000032","1","3/8/2026","71571.33","CR","1050101","4215",""
"4359","209947","1","1050101","000104420000032","1","3/9/2026","68636.23","CR","1050101","4215",""
"4360","210025","1","1050101","000104420000032","1","3/10/2026","68636.23","CR","1050101","4215",""
"4361","210103","1","1050101","000104420000032","1","3/11/2026","68636.23","CR","1050101","4215",""
"4362","210181","1","1050101","000104420000032","1","3/12/2026","68636.23","CR","1050101","4215",""
"4363","210259","1","1050101","000104420000032","1","3/13/2026","68636.23","CR","1050101","4215",""
"4364","210337","1","1050101","000104420000032","1","3/14/2026","68636.23","CR","1050101","4215",""
"4365","210415","1","1050101","000104420000032","1","3/15/2026","68636.23","CR","1050101","4215",""
"4366","210493","1","1050101","000104420000032","1","3/16/2026","68636.23","CR","1050101","4215",""
"4367","210571","1","1050101","000104420000032","1","3/17/2026","68636.23","CR","1050101","4215",""
"4368","210649","1","1050101","000104420000032","1","3/18/2026","68636.23","CR","1050101","4215",""
"4369","210727","1","1050101","000104420000032","1","3/19/2026","68636.23","CR","1050101","4215",""
"4370","210805","1","1050101","000104420000032","1","3/20/2026","68636.23","CR","1050101","4215",""
"4371","210883","1","1050101","000104420000032","1","3/21/2026","68636.23","CR","1050101","4215",""
"4372","210961","1","1050101","000104420000032","1","3/22/2026","68636.23","CR","1050101","4215",""
"4373","211039","1","1050101","000104420000032","1","3/23/2026","68636.23","CR","1050101","4215",""
"4374","211117","1","1050101","000104420000032","1","3/24/2026","68636.23","CR","1050101","4215",""
"4375","211196","1","1050101","000104420000032","1","3/25/2026","68636.23","CR","1050101","4215",""
"4376","211276","1","1050101","000104420000032","1","3/26/2026","68636.23","CR","1050101","4215",""
"4377","211356","1","1050101","000104420000032","1","3/27/2026","68636.23","CR","1050101","4215",""
"4378","211436","1","1050101","000104420000032","1","3/28/2026","68636.23","CR","1050101","4215",""
"4379","211516","1","1050101","000104420000032","1","3/29/2026","68636.23","CR","1050101","4215",""
"4380","211596","1","1050101","000104420000032","1","3/30/2026","68636.23","CR","1050101","4215",""
"4381","211676","1","1050101","000104420000032","1","3/31/2026","68636.23","CR","1050101","4215",""
"4382","211754","1","1050101","000104420000032","1","3/31/2026","-2160235.01","DR","1050101","4215","48"
"4383","211836","1","1050101","000104420000032","1","4/1/2026","70435.44","CR","1050101","4215",""
"4384","211916","1","1050101","000104420000032","1","4/2/2026","70435.44","CR","1050101","4215",""
"4385","211996","1","1050101","000104420000032","1","4/3/2026","70435.44","CR","1050101","4215",""
"4386","212076","1","1050101","000104420000032","1","4/4/2026","70435.44","CR","1050101","4215",""
"4387","212156","1","1050101","000104420000032","1","4/5/2026","70435.44","CR","1050101","4215",""
"4388","212236","1","1050101","000104420000032","1","4/6/2026","70435.44","CR","1050101","4215",""
"4389","212316","1","1050101","000104420000032","1","4/7/2026","70435.44","CR","1050101","4215",""
"4390","212396","1","1050101","000104420000032","1","4/8/2026","70435.44","CR","1050101","4215",""
"4391","212476","1","1050101","000104420000032","1","4/9/2026","70435.44","CR","1050101","4215",""
"4392","212556","1","1050101","000104420000032","1","4/10/2026","70435.44","CR","1050101","4215",""
"4393","212636","1","1050101","000104420000032","1","4/11/2026","70435.44","CR","1050101","4215",""
"4394","212716","1","1050101","000104420000032","1","4/12/2026","70435.44","CR","1050101","4215",""
"4395","212796","1","1050101","000104420000032","1","4/13/2026","70435.44","CR","1050101","4215",""
"4396","212876","1","1050101","000104420000032","1","4/14/2026","70435.44","CR","1050101","4215",""
"4397","212956","1","1050101","000104420000032","1","4/15/2026","70435.44","CR","1050101","4215",""
"4398","213036","1","1050101","000104420000032","1","4/16/2026","70435.44","CR","1050101","4215",""
"4399","213116","1","1050101","000104420000032","1","4/17/2026","70435.44","CR","1050101","4215",""
"4400","213196","1","1050101","000104420000032","1","4/18/2026","70435.44","CR","1050101","4215",""
"4401","213276","1","1050101","000104420000032","1","4/19/2026","70435.44","CR","1050101","4215",""
"4402","213356","1","1050101","000104420000032","1","4/20/2026","66728.31","CR","1050101","4215",""
"4403","213436","1","1050101","000104420000032","1","4/21/2026","66728.31","CR","1050101","4215",""
"4404","213516","1","1050101","000104420000032","1","4/22/2026","66728.31","CR","1050101","4215",""
"4405","213596","1","1050101","000104420000032","1","4/23/2026","66728.31","CR","1050101","4215",""
"4406","213677","1","1050101","000104420000032","1","4/24/2026","66728.31","CR","1050101","4215",""
"4407","213758","1","1050101","000104420000032","1","4/25/2026","66728.31","CR","1050101","4215",""
"4408","213839","1","1050101","000104420000032","1","4/26/2026","66728.31","CR","1050101","4215",""
"4409","213920","1","1050101","000104420000032","1","4/27/2026","66728.31","CR","1050101","4215",""
"4410","214001","1","1050101","000104420000032","1","4/28/2026","66728.31","CR","1050101","4215",""
"4411","214083","1","1050101","000104420000032","1","4/29/2026","66728.31","CR","1050101","4215",""
"4412","214165","1","1050101","000104420000032","1","4/30/2026","66728.31","CR","1050101","4215",""
"4413","214244","1","1050101","000104420000032","1","4/30/2026","-2072284.77","DR","1050101","4215","26"
"4414","214327","1","1050101","000104420000032","1","5/1/2026","68363.43","CR","1050101","4215",""
"4415","214407","1","1050101","000104420000032","1","5/2/2026","68363.43","CR","1050101","4215",""
"4416","214487","1","1050101","000104420000032","1","5/3/2026","68363.43","CR","1050101","4215",""
"4417","214567","1","1050101","000104420000032","1","5/4/2026","68363.43","CR","1050101","4215",""
"4418","214647","1","1050101","000104420000032","1","5/5/2026","68363.43","CR","1050101","4215",""
"4419","214727","1","1050101","000104420000032","1","5/6/2026","67888.68","CR","1050101","4215",""
"4420","214807","1","1050101","000104420000032","1","5/7/2026","67888.68","CR","1050101","4215",""
"4421","214887","1","1050101","000104420000032","1","5/8/2026","67888.68","CR","1050101","4215",""
"4422","214967","1","1050101","000104420000032","1","5/9/2026","67888.68","CR","1050101","4215",""
"4423","215047","1","1050101","000104420000032","1","5/10/2026","67888.68","CR","1050101","4215",""
"4424","215127","1","1050101","000104420000032","1","5/11/2026","67888.68","CR","1050101","4215",""
"4425","215207","1","1050101","000104420000032","1","5/12/2026","67888.68","CR","1050101","4215",""
"4426","215287","1","1050101","000104420000032","1","5/13/2026","67888.68","CR","1050101","4215",""
"4427","215367","1","1050101","000104420000032","1","5/14/2026","67888.68","CR","1050101","4215",""
"4428","215447","1","1050101","000104420000032","1","5/15/2026","67888.68","CR","1050101","4215",""
"4429","215527","1","1050101","000104420000032","1","5/16/2026","67888.68","CR","1050101","4215",""
"4430","215607","1","1050101","000104420000032","1","5/17/2026","67888.68","CR","1050101","4215",""
"4431","215687","1","1050101","000104420000032","1","5/18/2026","67888.68","CR","1050101","4215",""
"4432","215767","1","1050101","000104420000032","1","5/19/2026","67888.68","CR","1050101","4215",""
"4433","215847","1","1050101","000104420000032","1","5/20/2026","67888.68","CR","1050101","4215",""
"4434","215927","1","1050101","000104420000032","1","5/21/2026","67888.68","CR","1050101","4215",""
"4435","216007","1","1050101","000104420000032","1","5/22/2026","67888.68","CR","1050101","4215",""
"4436","216087","1","1050101","000104420000032","1","5/23/2026","67888.68","CR","1050101","4215",""
"4437","216167","1","1050101","000104420000032","1","5/24/2026","67888.68","CR","1050101","4215",""
"4438","216247","1","1050101","000104420000032","1","5/25/2026","67888.68","CR","1050101","4215",""
"4439","216327","1","1050101","000104420000032","1","5/26/2026","67888.68","CR","1050101","4215",""
"4440","216407","1","1050101","000104420000032","1","5/27/2026","67888.68","CR","1050101","4215",""
"4441","216487","1","1050101","000104420000032","1","5/28/2026","67888.68","CR","1050101","4215",""
"4442","216567","1","1050101","000104420000032","1","5/29/2026","67888.68","CR","1050101","4215",""
"4443","216647","1","1050101","000104420000032","1","5/30/2026","67888.68","CR","1050101","4215",""
"4444","216727","1","1050101","000104420000032","1","5/31/2026","67888.68","CR","1050101","4215",""
"4445","216807","1","1050101","000104420000032","1","5/31/2026","-2106922.83","DR","1050101","4215","34"
"4446","216888","1","1050101","000104420000032","1","6/1/2026","69539.59","CR","1050101","4215",""
"4447","216968","1","1050101","000104420000032","1","6/2/2026","69539.59","CR","1050101","4215",""
"4448","217050","1","1050101","000104420000032","1","6/3/2026","69053.30","CR","1050101","4215",""
"4449","217132","1","1050101","000104420000032","1","6/4/2026","69053.30","CR","1050101","4215",""
"4450","217214","1","1050101","000104420000032","1","6/5/2026","69053.30","CR","1050101","4215",""
"4451","217296","1","1050101","000104420000032","1","6/6/2026","69053.30","CR","1050101","4215",""
"4452","217378","1","1050101","000104420000032","1","6/7/2026","69053.30","CR","1050101","4215",""
"4453","217460","1","1050101","000104420000032","1","6/8/2026","69053.30","CR","1050101","4215",""
"4454","217542","1","1050101","000104420000032","1","6/9/2026","69053.30","CR","1050101","4215",""
"4455","217624","1","1050101","000104420000032","1","6/10/2026","69053.30","CR","1050101","4215",""
"4456","217706","1","1050101","000104420000032","1","6/11/2026","69053.30","CR","1050101","4215",""
"4457","217788","1","1050101","000104420000032","1","6/12/2026","69053.30","CR","1050101","4215",""
"4458","217870","1","1050101","000104420000032","1","6/13/2026","69053.30","CR","1050101","4215",""
"4459","217952","1","1050101","000104420000032","1","6/14/2026","69053.30","CR","1050101","4215",""
"4460","218034","1","1050101","000104420000032","1","6/15/2026","69053.30","CR","1050101","4215",""
"4461","218116","1","1050101","000104420000032","1","6/16/2026","69053.30","CR","1050101","4215",""
"4462","218198","1","1050101","000104420000032","1","6/17/2026","69053.30","CR","1050101","4215",""
"4463","218280","1","1050101","000104420000032","1","6/18/2026","69053.30","CR","1050101","4215",""
"4464","218362","1","1050101","000104420000032","1","6/19/2026","69053.30","CR","1050101","4215",""
"4465","218443","1","1050101","000104420000032","1","6/20/2026","69053.30","CR","1050101","4215",""
"4466","218524","1","1050101","000104420000032","1","6/21/2026","69053.30","CR","1050101","4215",""
"4467","218605","1","1050101","000104420000032","1","6/22/2026","69053.30","CR","1050101","4215",""
"4468","218686","1","1050101","000104420000032","1","6/23/2026","69053.30","CR","1050101","4215",""
"4469","218767","1","1050101","000104420000032","1","6/24/2026","69053.30","CR","1050101","4215",""
"4470","218848","1","1050101","000104420000032","1","6/25/2026","69053.30","CR","1050101","4215",""
"4471","218929","1","1050101","000104420000032","1","6/26/2026","69053.30","CR","1050101","4215",""
"4472","219009","1","1050101","000104420000032","1","6/27/2026","69053.30","CR","1050101","4215",""
"4473","219089","1","1050101","000104420000032","1","6/28/2026","69053.30","CR","1050101","4215",""
"4474","219169","1","1050101","000104420000032","1","6/29/2026","69053.30","CR","1050101","4215",""
"4475","219247","1","1050101","000104420000032","1","6/30/2026","69053.30","CR","1050101","4215",""
"4476","219327","1","1050101","000104420000032","1","6/30/2026","-2072571.58","DR","1050101","4215","38"
"4477","219405","1","1050101","000104420000032","1","7/1/2026","70665.93","CR","1050101","4215",""
"4478","219484","1","1050101","000104420000032","1","7/2/2026","70665.93","CR","1050101","4215",""
"4479","219563","1","1050101","000104420000032","1","7/3/2026","70914.75","CR","1050101","4215",""
"4480","219642","1","1050101","000104420000032","1","7/4/2026","70914.75","CR","1050101","4215",""
"4481","219721","1","1050101","000104420000032","1","7/5/2026","70914.75","CR","1050101","4215",""
"4482","219800","1","1050101","000104420000032","1","7/6/2026","70914.75","CR","1050101","4215",""
"4483","219879","1","1050101","000104420000032","1","7/7/2026","70914.75","CR","1050101","4215",""
"4484","219958","1","1050101","000104420000032","1","7/8/2026","70914.75","CR","1050101","4215",""
"4485","220037","1","1050101","000104420000032","1","7/9/2026","70914.75","CR","1050101","4215",""
"4486","220116","1","1050101","000104420000032","1","7/10/2026","70914.75","CR","1050101","4215",""
"4487","220195","1","1050101","000104420000032","1","7/11/2026","70914.75","CR","1050101","4215",""
"4488","220274","1","1050101","000104420000032","1","7/12/2026","70914.75","CR","1050101","4215",""
"4489","220353","1","1050101","000104420000032","1","7/13/2026","70914.75","CR","1050101","4215",""
"4490","220432","1","1050101","000104420000032","1","7/14/2026","70914.75","CR","1050101","4215",""
"4491","220511","1","1050101","000104420000032","1","7/15/2026","70914.75","CR","1050101","4215",""
"4492","220590","1","1050101","000104420000032","1","7/16/2026","70914.75","CR","1050101","4215",""
"4493","220669","1","1050101","000104420000032","1","7/17/2026","70914.75","CR","1050101","4215",""
"4494","220748","1","1050101","000104420000032","1","7/18/2026","70914.75","CR","1050101","4215",""
"4495","220827","1","1050101","000104420000032","1","7/19/2026","70914.75","CR","1050101","4215",""
"4496","220906","1","1050101","000104420000032","1","7/20/2026","70914.75","CR","1050101","4215",""
"4497","220985","1","1050101","000104420000032","1","7/21/2026","70914.75","CR","1050101","4215",""
"4498","221064","1","1050101","000104420000032","1","7/22/2026","70914.75","CR","1050101","4215",""
"4499","221142","1","1050101","000104420000032","1","7/23/2026","70914.75","CR","1050101","4215",""
"4500","221220","1","1050101","000104420000032","1","7/24/2026","70914.75","CR","1050101","4215",""
"4501","221298","1","1050101","000104420000032","1","7/25/2026","70914.75","CR","1050101","4215",""
"4502","221376","1","1050101","000104420000032","1","7/26/2026","70914.75","CR","1050101","4215",""
"4503","221454","1","1050101","000104420000032","1","7/27/2026","70914.75","CR","1050101","4215",""
"4504","221532","1","1050101","000104420000032","1","7/28/2026","70914.75","CR","1050101","4215",""
"4505","221610","1","1050101","000104420000032","1","7/29/2026","70914.75","CR","1050101","4215",""
"4506","221688","1","1050101","000104420000032","1","7/30/2026","70914.75","CR","1050101","4215",""
"4507","221766","1","1050101","000104420000032","1","7/31/2026","70914.75","CR","1050101","4215",""
"4508","221843","1","1050101","000104420000032","1","7/31/2026","-2197859.61","DR","1050101","4215","45"
"4509","221923","1","1050101","000104420000032","1","8/1/2026","72630.89","CR","1050101","4215",""
"4510","222002","1","1050101","000104420000032","1","8/2/2026","72630.89","CR","1050101","4215",""
"4511","222081","1","1050101","000104420000032","1","8/3/2026","72630.89","CR","1050101","4215",""
"4512","222160","1","1050101","000104420000032","1","8/4/2026","72630.89","CR","1050101","4215",""
"4513","222239","1","1050101","000104420000032","1","8/5/2026","73395.42","CR","1050101","4215",""
"4514","222318","1","1050101","000104420000032","1","8/6/2026","73395.42","CR","1050101","4215",""
"4515","222397","1","1050101","000104420000032","1","8/7/2026","73395.42","CR","1050101","4215",""
"4516","222476","1","1050101","000104420000032","1","8/8/2026","73395.42","CR","1050101","4215",""
"4517","222555","1","1050101","000104420000032","1","8/9/2026","73395.42","CR","1050101","4215",""
"4518","222634","1","1050101","000104420000032","1","8/10/2026","73395.42","CR","1050101","4215",""
"4519","222713","1","1050101","000104420000032","1","8/11/2026","73395.42","CR","1050101","4215",""
"4520","222792","1","1050101","000104420000032","1","8/12/2026","73395.42","CR","1050101","4215",""
"4521","222871","1","1050101","000104420000032","1","8/13/2026","73395.42","CR","1050101","4215",""
"4522","222950","1","1050101","000104420000032","1","8/14/2026","73395.42","CR","1050101","4215",""
"4523","223029","1","1050101","000104420000032","1","8/15/2026","73395.42","CR","1050101","4215",""
"4524","223108","1","1050101","000104420000032","1","8/16/2026","73395.42","CR","1050101","4215",""
"4525","223187","1","1050101","000104420000032","1","8/17/2026","73395.42","CR","1050101","4215",""
"4526","223267","1","1050101","000104420000032","1","8/18/2026","73395.42","CR","1050101","4215",""
"4527","223347","1","1050101","000104420000032","1","8/19/2026","73395.42","CR","1050101","4215",""
"4528","223427","1","1050101","000104420000032","1","8/20/2026","73395.42","CR","1050101","4215",""
"4529","223507","1","1050101","000104420000032","1","8/21/2026","73395.42","CR","1050101","4215",""
"4530","223587","1","1050101","000104420000032","1","8/22/2026","73395.42","CR","1050101","4215",""
"4531","223667","1","1050101","000104420000032","1","8/23/2026","73395.42","CR","1050101","4215",""
"4532","223747","1","1050101","000104420000032","1","8/24/2026","73395.42","CR","1050101","4215",""
"4533","223827","1","1050101","000104420000032","1","8/25/2026","73395.42","CR","1050101","4215",""
"4534","223908","1","1050101","000104420000032","1","8/26/2026","73395.42","CR","1050101","4215",""
"4535","223989","1","1050101","000104420000032","1","8/27/2026","73395.42","CR","1050101","4215",""
"4536","224070","1","1050101","000104420000032","1","8/28/2026","73395.42","CR","1050101","4215",""
"4537","224151","1","1050101","000104420000032","1","8/29/2026","73395.42","CR","1050101","4215",""
"4538","224232","1","1050101","000104420000032","1","8/30/2026","73395.42","CR","1050101","4215",""
"4539","224313","1","1050101","000104420000032","1","8/31/2026","73395.42","CR","1050101","4215",""
"4540","224392","1","1050101","000104420000032","1","8/31/2026","-2272199.90","DR","1050101","4215","51"
"4541","224477","1","1050101","000104420000032","1","9/1/2026","75188.28","CR","1050101","4215",""
"4542","224559","1","1050101","000104420000032","1","9/2/2026","75188.28","CR","1050101","4215",""
"4543","224641","1","1050101","000104420000032","1","9/3/2026","76232.56","CR","1050101","4215",""
"4544","224723","1","1050101","000104420000032","1","9/4/2026","76232.56","CR","1050101","4215",""
"4545","224805","1","1050101","000104420000032","1","9/5/2026","76232.56","CR","1050101","4215",""
"4546","224887","1","1050101","000104420000032","1","9/6/2026","76232.56","CR","1050101","4215",""
"4547","224969","1","1050101","000104420000032","1","9/7/2026","76232.56","CR","1050101","4215",""
"4548","225051","1","1050101","000104420000032","1","9/8/2026","76232.56","CR","1050101","4215",""
"4549","225133","1","1050101","000104420000032","1","9/9/2026","76232.56","CR","1050101","4215",""
"4550","225215","1","1050101","000104420000032","1","9/10/2026","76232.56","CR","1050101","4215",""
"4551","225297","1","1050101","000104420000032","1","9/11/2026","76232.56","CR","1050101","4215",""
"4552","225379","1","1050101","000104420000032","1","9/12/2026","76232.56","CR","1050101","4215",""
"4553","225461","1","1050101","000104420000032","1","9/13/2026","76232.56","CR","1050101","4215",""
"4554","225543","1","1050101","000104420000032","1","9/14/2026","76232.56","CR","1050101","4215",""
"4555","225625","1","1050101","000104420000032","1","9/15/2026","76232.56","CR","1050101","4215",""
"4556","225707","1","1050101","000104420000032","1","9/16/2026","76232.56","CR","1050101","4215",""
"4557","225789","1","1050101","000104420000032","1","9/17/2026","76232.56","CR","1050101","4215",""
"4558","225871","1","1050101","000104420000032","1","9/18/2026","76232.56","CR","1050101","4215",""
"4559","225953","1","1050101","000104420000032","1","9/19/2026","76232.56","CR","1050101","4215",""
"4560","226035","1","1050101","000104420000032","1","9/20/2026","76232.56","CR","1050101","4215",""
"4561","226117","1","1050101","000104420000032","1","9/21/2026","76232.56","CR","1050101","4215",""
"4562","226199","1","1050101","000104420000032","1","9/22/2026","76232.56","CR","1050101","4215",""
"4563","226281","1","1050101","000104420000032","1","9/23/2026","76232.56","CR","1050101","4215",""
"4564","226363","1","1050101","000104420000032","1","9/24/2026","76232.56","CR","1050101","4215",""
"4565","226445","1","1050101","000104420000032","1","9/25/2026","76232.56","CR","1050101","4215",""
"4566","226527","1","1050101","000104420000032","1","9/26/2026","76232.56","CR","1050101","4215",""
"4567","226609","1","1050101","000104420000032","1","9/27/2026","76232.56","CR","1050101","4215",""
"4568","226691","1","1050101","000104420000032","1","9/28/2026","76232.56","CR","1050101","4215",""
"4569","226773","1","1050101","000104420000032","1","9/29/2026","76232.56","CR","1050101","4215",""
"4570","166611","1","1050101","000104420000043","1","11/1/2024","94202.84","CR","1050101","4215",""
"4571","166612","1","1050101","000104420000043","1","11/2/2024","94202.84","CR","1050101","4215",""
"4572","166613","1","1050101","000104420000043","1","11/3/2024","94202.84","CR","1050101","4215",""
"4573","166614","1","1050101","000104420000043","1","11/4/2024","94202.84","CR","1050101","4215",""
"4574","166615","1","1050101","000104420000043","1","11/5/2024","94202.84","CR","1050101","4215",""
"4575","166616","1","1050101","000104420000043","1","11/6/2024","94202.84","CR","1050101","4215",""
"4576","166617","1","1050101","000104420000043","1","11/7/2024","94202.84","CR","1050101","4215",""
"4577","166618","1","1050101","000104420000043","1","11/8/2024","94202.84","CR","1050101","4215",""
"4578","166619","1","1050101","000104420000043","1","11/9/2024","94202.84","CR","1050101","4215",""
"4579","166620","1","1050101","000104420000043","1","11/10/2024","94202.84","CR","1050101","4215",""
"4580","166621","1","1050101","000104420000043","1","11/11/2024","94202.84","CR","1050101","4215",""
"4581","166622","1","1050101","000104420000043","1","11/12/2024","94202.84","CR","1050101","4215",""
"4582","166623","1","1050101","000104420000043","1","11/13/2024","94202.84","CR","1050101","4215",""
"4583","167523","1","1050101","000104420000043","1","11/14/2024","94202.84","CR","1050101","4215",""
"4584","167524","1","1050101","000104420000043","1","11/15/2024","94202.84","CR","1050101","4215",""
"4585","167525","1","1050101","000104420000043","1","11/16/2024","94202.84","CR","1050101","4215",""
"4586","167526","1","1050101","000104420000043","1","11/17/2024","94202.84","CR","1050101","4215",""
"4587","167827","1","1050101","000104420000043","1","11/18/2024","94202.84","CR","1050101","4215",""
"4588","167903","1","1050101","000104420000043","1","11/19/2024","94202.84","CR","1050101","4215",""
"4589","167979","1","1050101","000104420000043","1","11/20/2024","94202.84","CR","1050101","4215",""
"4590","168055","1","1050101","000104420000043","1","11/21/2024","94202.84","CR","1050101","4215",""
"4591","168131","1","1050101","000104420000043","1","11/22/2024","94202.84","CR","1050101","4215",""
"4592","168207","1","1050101","000104420000043","1","11/23/2024","94202.84","CR","1050101","4215",""
"4593","168283","1","1050101","000104420000043","1","11/24/2024","94202.84","CR","1050101","4215",""
"4594","168359","1","1050101","000104420000043","1","11/25/2024","94202.84","CR","1050101","4215",""
"4595","168435","1","1050101","000104420000043","1","11/26/2024","94202.84","CR","1050101","4215",""
"4596","168511","1","1050101","000104420000043","1","11/27/2024","94202.84","CR","1050101","4215",""
"4597","168588","1","1050101","000104420000043","1","11/28/2024","94202.84","CR","1050101","4215",""
"4598","168665","1","1050101","000104420000043","1","11/29/2024","94202.84","CR","1050101","4215",""
"4599","168741","1","1050101","000104420000043","1","11/30/2024","94202.84","CR","1050101","4215",""
"4600","168814","1","1050101","000104420000043","1","11/30/2024","-2826085.20","DR","1050101","4215","80"
"4601","168894","1","1050101","000104420000043","1","12/1/2024","96827.62","CR","1050101","4215",""
"4602","168970","1","1050101","000104420000043","1","12/2/2024","96827.62","CR","1050101","4215",""
"4603","169046","1","1050101","000104420000043","1","12/3/2024","91034.56","CR","1050101","4215",""
"4604","169122","1","1050101","000104420000043","1","12/4/2024","91034.56","CR","1050101","4215",""
"4605","169198","1","1050101","000104420000043","1","12/5/2024","91034.56","CR","1050101","4215",""
"4606","169274","1","1050101","000104420000043","1","12/6/2024","91034.56","CR","1050101","4215",""
"4607","169350","1","1050101","000104420000043","1","12/7/2024","91034.56","CR","1050101","4215",""
"4608","169426","1","1050101","000104420000043","1","12/8/2024","91034.56","CR","1050101","4215",""
"4609","169502","1","1050101","000104420000043","1","12/9/2024","91034.56","CR","1050101","4215",""
"4610","169578","1","1050101","000104420000043","1","12/10/2024","91034.56","CR","1050101","4215",""
"4611","169654","1","1050101","000104420000043","1","12/11/2024","91034.56","CR","1050101","4215",""
"4612","169730","1","1050101","000104420000043","1","12/12/2024","91034.56","CR","1050101","4215",""
"4613","169806","1","1050101","000104420000043","1","12/13/2024","91034.56","CR","1050101","4215",""
"4614","169882","1","1050101","000104420000043","1","12/14/2024","91034.56","CR","1050101","4215",""
"4615","169958","1","1050101","000104420000043","1","12/15/2024","91034.56","CR","1050101","4215",""
"4616","170034","1","1050101","000104420000043","1","12/16/2024","91034.56","CR","1050101","4215",""
"4617","170110","1","1050101","000104420000043","1","12/17/2024","91034.56","CR","1050101","4215",""
"4618","170186","1","1050101","000104420000043","1","12/18/2024","91034.56","CR","1050101","4215",""
"4619","170262","1","1050101","000104420000043","1","12/19/2024","91034.56","CR","1050101","4215",""
"4620","170338","1","1050101","000104420000043","1","12/20/2024","91034.56","CR","1050101","4215",""
"4621","170414","1","1050101","000104420000043","1","12/21/2024","91034.56","CR","1050101","4215",""
"4622","170490","1","1050101","000104420000043","1","12/22/2024","91034.56","CR","1050101","4215",""
"4623","170566","1","1050101","000104420000043","1","12/23/2024","91034.56","CR","1050101","4215",""
"4624","170642","1","1050101","000104420000043","1","12/24/2024","91034.56","CR","1050101","4215",""
"4625","170718","1","1050101","000104420000043","1","12/25/2024","91034.56","CR","1050101","4215",""
"4626","170794","1","1050101","000104420000043","1","12/26/2024","91034.56","CR","1050101","4215",""
"4627","170870","1","1050101","000104420000043","1","12/27/2024","91034.56","CR","1050101","4215",""
"4628","170946","1","1050101","000104420000043","1","12/28/2024","91034.56","CR","1050101","4215",""
"4629","171022","1","1050101","000104420000043","1","12/29/2024","91034.56","CR","1050101","4215",""
"4630","171098","1","1050101","000104420000043","1","12/30/2024","91034.56","CR","1050101","4215",""
"4631","171174","1","1050101","000104420000043","1","12/31/2024","91034.56","CR","1050101","4215",""
"4632","171257","1","1050101","000104420000043","1","12/31/2024","-2833657.48","DR","1050101","4215","80"
"4633","171452","1","1050101","000104420000043","1","1/1/2025","93666.36","CR","1050101","4215",""
"4634","171529","1","1050101","000104420000043","1","1/2/2025","93666.36","CR","1050101","4215",""
"4635","171606","1","1050101","000104420000043","1","1/3/2025","93666.36","CR","1050101","4215",""
"4636","171683","1","1050101","000104420000043","1","1/4/2025","93666.36","CR","1050101","4215",""
"4637","171760","1","1050101","000104420000043","1","1/5/2025","93666.36","CR","1050101","4215",""
"4638","171837","1","1050101","000104420000043","1","1/6/2025","93666.36","CR","1050101","4215",""
"4639","171914","1","1050101","000104420000043","1","1/7/2025","93666.36","CR","1050101","4215",""
"4640","171991","1","1050101","000104420000043","1","1/8/2025","93666.36","CR","1050101","4215",""
"4641","172068","1","1050101","000104420000043","1","1/9/2025","93666.36","CR","1050101","4215",""
"4642","172145","1","1050101","000104420000043","1","1/10/2025","93666.36","CR","1050101","4215",""
"4643","172222","1","1050101","000104420000043","1","1/11/2025","93666.36","CR","1050101","4215",""
"4644","172299","1","1050101","000104420000043","1","1/12/2025","93666.36","CR","1050101","4215",""
"4645","172376","1","1050101","000104420000043","1","1/13/2025","93666.36","CR","1050101","4215",""
"4646","172453","1","1050101","000104420000043","1","1/14/2025","93666.36","CR","1050101","4215",""
"4647","172530","1","1050101","000104420000043","1","1/15/2025","93666.36","CR","1050101","4215",""
"4648","172607","1","1050101","000104420000043","1","1/16/2025","93666.36","CR","1050101","4215",""
"4649","172684","1","1050101","000104420000043","1","1/17/2025","93666.36","CR","1050101","4215",""
"4650","172761","1","1050101","000104420000043","1","1/18/2025","93666.36","CR","1050101","4215",""
"4651","172838","1","1050101","000104420000043","1","1/19/2025","93666.36","CR","1050101","4215",""
"4652","172915","1","1050101","000104420000043","1","1/20/2025","93666.36","CR","1050101","4215",""
"4653","172992","1","1050101","000104420000043","1","1/21/2025","93666.36","CR","1050101","4215",""
"4654","173069","1","1050101","000104420000043","1","1/22/2025","93666.36","CR","1050101","4215",""
"4655","173146","1","1050101","000104420000043","1","1/23/2025","93666.36","CR","1050101","4215",""
"4656","173223","1","1050101","000104420000043","1","1/24/2025","93666.36","CR","1050101","4215",""
"4657","173300","1","1050101","000104420000043","1","1/25/2025","93666.36","CR","1050101","4215",""
"4658","173377","1","1050101","000104420000043","1","1/26/2025","93666.36","CR","1050101","4215",""
"4659","173454","1","1050101","000104420000043","1","1/27/2025","93666.36","CR","1050101","4215",""
"4660","173531","1","1050101","000104420000043","1","1/28/2025","93666.36","CR","1050101","4215",""
"4661","173608","1","1050101","000104420000043","1","1/29/2025","93666.36","CR","1050101","4215",""
"4662","173685","1","1050101","000104420000043","1","1/30/2025","93666.36","CR","1050101","4215",""
"4663","173762","1","1050101","000104420000043","1","1/31/2025","93666.36","CR","1050101","4215",""
"4664","173841","1","1050101","000104420000043","1","1/31/2025","-2903657.16","DR","1050101","4215","46"
"4665","173889","1","1050101","000104420000043","1","2/1/2025","96363.19","CR","1050101","4215",""
"4666","173968","1","1050101","000104420000043","1","2/2/2025","96363.19","CR","1050101","4215",""
"4667","174047","1","1050101","000104420000043","1","2/3/2025","96363.19","CR","1050101","4215",""
"4668","174126","1","1050101","000104420000043","1","2/4/2025","96363.19","CR","1050101","4215",""
"4669","174205","1","1050101","000104420000043","1","2/5/2025","96363.19","CR","1050101","4215",""
"4670","174284","1","1050101","000104420000043","1","2/6/2025","96363.19","CR","1050101","4215",""
"4671","174363","1","1050101","000104420000043","1","2/7/2025","96363.19","CR","1050101","4215",""
"4672","174442","1","1050101","000104420000043","1","2/8/2025","96363.19","CR","1050101","4215",""
"4673","174521","1","1050101","000104420000043","1","2/9/2025","96363.19","CR","1050101","4215",""
"4674","174600","1","1050101","000104420000043","1","2/10/2025","96363.19","CR","1050101","4215",""
"4675","174679","1","1050101","000104420000043","1","2/11/2025","96363.19","CR","1050101","4215",""
"4676","174758","1","1050101","000104420000043","1","2/12/2025","96363.19","CR","1050101","4215",""
"4677","174837","1","1050101","000104420000043","1","2/13/2025","96363.19","CR","1050101","4215",""
"4678","174916","1","1050101","000104420000043","1","2/14/2025","96363.19","CR","1050101","4215",""
"4679","174995","1","1050101","000104420000043","1","2/15/2025","96363.19","CR","1050101","4215",""
"4680","175074","1","1050101","000104420000043","1","2/16/2025","96363.19","CR","1050101","4215",""
"4681","175153","1","1050101","000104420000043","1","2/17/2025","96363.19","CR","1050101","4215",""
"4682","175232","1","1050101","000104420000043","1","2/18/2025","90570.12","CR","1050101","4215",""
"4683","175311","1","1050101","000104420000043","1","2/19/2025","90570.12","CR","1050101","4215",""
"4684","175390","1","1050101","000104420000043","1","2/20/2025","90570.12","CR","1050101","4215",""
"4685","175469","1","1050101","000104420000043","1","2/21/2025","90570.12","CR","1050101","4215",""
"4686","175548","1","1050101","000104420000043","1","2/22/2025","90570.12","CR","1050101","4215",""
"4687","175627","1","1050101","000104420000043","1","2/23/2025","90570.12","CR","1050101","4215",""
"4688","175706","1","1050101","000104420000043","1","2/24/2025","90570.12","CR","1050101","4215",""
"4689","175785","1","1050101","000104420000043","1","2/25/2025","90570.12","CR","1050101","4215",""
"4690","175864","1","1050101","000104420000043","1","2/26/2025","90570.12","CR","1050101","4215",""
"4691","175943","1","1050101","000104420000043","1","2/27/2025","90570.12","CR","1050101","4215",""
"4692","176022","1","1050101","000104420000043","1","2/28/2025","90570.12","CR","1050101","4215",""
"4693","176102","1","1050101","000104420000043","1","2/28/2025","-2634445.55","DR","1050101","4215","13"
"4694","176180","1","1050101","000104420000043","1","3/1/2025","93016.91","CR","1050101","4215",""
"4695","176259","1","1050101","000104420000043","1","3/2/2025","93016.91","CR","1050101","4215",""
"4696","176820","1","1050101","000104420000043","1","3/3/2025","93016.91","CR","1050101","4215",""
"4697","176832","1","1050101","000104420000043","1","3/4/2025","93016.91","CR","1050101","4215",""
"4698","176844","1","1050101","000104420000043","1","3/5/2025","93016.91","CR","1050101","4215",""
"4699","176856","1","1050101","000104420000043","1","3/6/2025","93016.91","CR","1050101","4215",""
"4700","176868","1","1050101","000104420000043","1","3/7/2025","93016.91","CR","1050101","4215",""
"4701","176880","1","1050101","000104420000043","1","3/8/2025","93016.91","CR","1050101","4215",""
"4702","176892","1","1050101","000104420000043","1","3/9/2025","93016.91","CR","1050101","4215",""
"4703","176904","1","1050101","000104420000043","1","3/10/2025","93016.91","CR","1050101","4215",""
"4704","176916","1","1050101","000104420000043","1","3/11/2025","93016.91","CR","1050101","4215",""
"4705","176928","1","1050101","000104420000043","1","3/12/2025","93016.91","CR","1050101","4215",""
"4706","176940","1","1050101","000104420000043","1","3/13/2025","93016.91","CR","1050101","4215",""
"4707","176952","1","1050101","000104420000043","1","3/14/2025","93016.91","CR","1050101","4215",""
"4708","176964","1","1050101","000104420000043","1","3/15/2025","93016.91","CR","1050101","4215",""
"4709","176976","1","1050101","000104420000043","1","3/16/2025","93016.91","CR","1050101","4215",""
"4710","176988","1","1050101","000104420000043","1","3/17/2025","93016.91","CR","1050101","4215",""
"4711","177000","1","1050101","000104420000043","1","3/18/2025","93016.91","CR","1050101","4215",""
"4712","177012","1","1050101","000104420000043","1","3/19/2025","93016.91","CR","1050101","4215",""
"4713","177024","1","1050101","000104420000043","1","3/20/2025","93016.91","CR","1050101","4215",""
"4714","177036","1","1050101","000104420000043","1","3/21/2025","93016.91","CR","1050101","4215",""
"4715","177048","1","1050101","000104420000043","1","3/22/2025","93016.91","CR","1050101","4215",""
"4716","177060","1","1050101","000104420000043","1","3/23/2025","93016.91","CR","1050101","4215",""
"4717","177072","1","1050101","000104420000043","1","3/24/2025","93016.91","CR","1050101","4215",""
"4718","177084","1","1050101","000104420000043","1","3/25/2025","93016.91","CR","1050101","4215",""
"4719","177096","1","1050101","000104420000043","1","3/26/2025","93016.91","CR","1050101","4215",""
"4720","177108","1","1050101","000104420000043","1","3/27/2025","93016.91","CR","1050101","4215",""
"4721","177120","1","1050101","000104420000043","1","3/28/2025","93016.91","CR","1050101","4215",""
"4722","177132","1","1050101","000104420000043","1","3/29/2025","93016.91","CR","1050101","4215",""
"4723","177144","1","1050101","000104420000043","1","3/30/2025","93016.91","CR","1050101","4215",""
"4724","177156","1","1050101","000104420000043","1","3/31/2025","93016.91","CR","1050101","4215",""
"4725","179134","1","1050101","000104420000043","1","3/31/2025","-2883524.21","DR","1050101","4215","36"
"4726","179207","1","1050101","000104420000043","1","4/1/2025","95695.03","CR","1050101","4215",""
"4727","179285","1","1050101","000104420000043","1","4/2/2025","95695.03","CR","1050101","4215",""
"4728","179363","1","1050101","000104420000043","1","4/3/2025","95695.03","CR","1050101","4215",""
"4729","179441","1","1050101","000104420000043","1","4/4/2025","95695.03","CR","1050101","4215",""
"4730","179519","1","1050101","000104420000043","1","4/5/2025","95695.03","CR","1050101","4215",""
"4731","179597","1","1050101","000104420000043","1","4/6/2025","95695.03","CR","1050101","4215",""
"4732","179675","1","1050101","000104420000043","1","4/7/2025","95695.03","CR","1050101","4215",""
"4733","179753","1","1050101","000104420000043","1","4/8/2025","95695.03","CR","1050101","4215",""
"4734","179831","1","1050101","000104420000043","1","4/9/2025","95695.03","CR","1050101","4215",""
"4735","179909","1","1050101","000104420000043","1","4/10/2025","95695.03","CR","1050101","4215",""
"4736","179987","1","1050101","000104420000043","1","4/11/2025","89901.98","CR","1050101","4215",""
"4737","180065","1","1050101","000104420000043","1","4/12/2025","89901.98","CR","1050101","4215",""
"4738","180143","1","1050101","000104420000043","1","4/13/2025","89901.98","CR","1050101","4215",""
"4739","180221","1","1050101","000104420000043","1","4/14/2025","89901.98","CR","1050101","4215",""
"4740","180299","1","1050101","000104420000043","1","4/15/2025","89901.98","CR","1050101","4215",""
"4741","180377","1","1050101","000104420000043","1","4/16/2025","89901.98","CR","1050101","4215",""
"4742","180455","1","1050101","000104420000043","1","4/17/2025","89901.98","CR","1050101","4215",""
"4743","180533","1","1050101","000104420000043","1","4/18/2025","89901.98","CR","1050101","4215",""
"4744","180611","1","1050101","000104420000043","1","4/19/2025","89901.98","CR","1050101","4215",""
"4745","180689","1","1050101","000104420000043","1","4/20/2025","89901.98","CR","1050101","4215",""
"4746","180767","1","1050101","000104420000043","1","4/21/2025","89901.98","CR","1050101","4215",""
"4747","180845","1","1050101","000104420000043","1","4/22/2025","89901.98","CR","1050101","4215",""
"4748","180923","1","1050101","000104420000043","1","4/23/2025","89901.98","CR","1050101","4215",""
"4749","181001","1","1050101","000104420000043","1","4/24/2025","89901.98","CR","1050101","4215",""
"4750","181079","1","1050101","000104420000043","1","4/25/2025","89901.98","CR","1050101","4215",""
"4751","181157","1","1050101","000104420000043","1","4/26/2025","89901.98","CR","1050101","4215",""
"4752","181235","1","1050101","000104420000043","1","4/27/2025","89901.98","CR","1050101","4215",""
"4753","181313","1","1050101","000104420000043","1","4/28/2025","89901.98","CR","1050101","4215",""
"4754","181391","1","1050101","000104420000043","1","4/29/2025","89901.98","CR","1050101","4215",""
"4755","181469","1","1050101","000104420000043","1","4/30/2025","89901.98","CR","1050101","4215",""
"4756","181553","1","1050101","000104420000043","1","4/30/2025","-2754989.90","DR","1050101","4215","28"
"4757","181627","1","1050101","000104420000043","1","5/1/2025","92460.72","CR","1050101","4215",""
"4758","181706","1","1050101","000104420000043","1","5/2/2025","92460.72","CR","1050101","4215",""
"4759","181786","1","1050101","000104420000043","1","5/3/2025","92460.72","CR","1050101","4215",""
"4760","181866","1","1050101","000104420000043","1","5/4/2025","92460.72","CR","1050101","4215",""
"4761","181946","1","1050101","000104420000043","1","5/5/2025","92460.72","CR","1050101","4215",""
"4762","182026","1","1050101","000104420000043","1","5/6/2025","92460.72","CR","1050101","4215",""
"4763","182106","1","1050101","000104420000043","1","5/7/2025","93006.21","CR","1050101","4215",""
"4764","182187","1","1050101","000104420000043","1","5/8/2025","93006.21","CR","1050101","4215",""
"4765","182268","1","1050101","000104420000043","1","5/9/2025","93006.21","CR","1050101","4215",""
"4766","182349","1","1050101","000104420000043","1","5/10/2025","93006.21","CR","1050101","4215",""
"4767","182430","1","1050101","000104420000043","1","5/11/2025","93006.21","CR","1050101","4215",""
"4768","182511","1","1050101","000104420000043","1","5/12/2025","93006.21","CR","1050101","4215",""
"4769","182593","1","1050101","000104420000043","1","5/13/2025","93006.21","CR","1050101","4215",""
"4770","182675","1","1050101","000104420000043","1","5/14/2025","93006.21","CR","1050101","4215",""
"4771","182757","1","1050101","000104420000043","1","5/15/2025","93006.21","CR","1050101","4215",""
"4772","182839","1","1050101","000104420000043","1","5/16/2025","93006.21","CR","1050101","4215",""
"4773","182923","1","1050101","000104420000043","1","5/17/2025","93006.21","CR","1050101","4215",""
"4774","183007","1","1050101","000104420000043","1","5/18/2025","93006.21","CR","1050101","4215",""
"4775","183091","1","1050101","000104420000043","1","5/19/2025","93006.21","CR","1050101","4215",""
"4776","183175","1","1050101","000104420000043","1","5/20/2025","93006.21","CR","1050101","4215",""
"4777","183259","1","1050101","000104420000043","1","5/21/2025","93006.21","CR","1050101","4215",""
"4778","183343","1","1050101","000104420000043","1","5/22/2025","93006.21","CR","1050101","4215",""
"4779","183427","1","1050101","000104420000043","1","5/23/2025","93006.21","CR","1050101","4215",""
"4780","183512","1","1050101","000104420000043","1","5/24/2025","93006.21","CR","1050101","4215",""
"4781","183597","1","1050101","000104420000043","1","5/25/2025","93006.21","CR","1050101","4215",""
"4782","183682","1","1050101","000104420000043","1","5/26/2025","93006.21","CR","1050101","4215",""
"4783","183767","1","1050101","000104420000043","1","5/27/2025","93006.21","CR","1050101","4215",""
"4784","183852","1","1050101","000104420000043","1","5/28/2025","93006.21","CR","1050101","4215",""
"4785","183937","1","1050101","000104420000043","1","5/29/2025","93006.21","CR","1050101","4215",""
"4786","184022","1","1050101","000104420000043","1","5/30/2025","93006.21","CR","1050101","4215",""
"4787","184107","1","1050101","000104420000043","1","5/31/2025","93006.21","CR","1050101","4215",""
"4788","184194","1","1050101","000104420000043","1","5/31/2025","-2879919.57","DR","1050101","4215","117"
"4789","184279","1","1050101","000104420000043","1","6/1/2025","95696.77","CR","1050101","4215",""
"4790","184365","1","1050101","000104420000043","1","6/2/2025","95696.77","CR","1050101","4215",""
"4791","184451","1","1050101","000104420000043","1","6/3/2025","95696.77","CR","1050101","4215",""
"4792","184537","1","1050101","000104420000043","1","6/4/2025","95696.77","CR","1050101","4215",""
"4793","184623","1","1050101","000104420000043","1","6/5/2025","95696.77","CR","1050101","4215",""
"4794","184709","1","1050101","000104420000043","1","6/6/2025","95696.77","CR","1050101","4215",""
"4795","184795","1","1050101","000104420000043","1","6/7/2025","95696.77","CR","1050101","4215",""
"4796","184881","1","1050101","000104420000043","1","6/8/2025","95696.77","CR","1050101","4215",""
"4797","184967","1","1050101","000104420000043","1","6/9/2025","95696.77","CR","1050101","4215",""
"4798","185053","1","1050101","000104420000043","1","6/10/2025","95696.77","CR","1050101","4215",""
"4799","185139","1","1050101","000104420000043","1","6/11/2025","95696.77","CR","1050101","4215",""
"4800","185225","1","1050101","000104420000043","1","6/12/2025","95696.77","CR","1050101","4215",""
"4801","185311","1","1050101","000104420000043","1","6/13/2025","95696.77","CR","1050101","4215",""
"4802","185397","1","1050101","000104420000043","1","6/14/2025","95696.77","CR","1050101","4215",""
"4803","185483","1","1050101","000104420000043","1","6/15/2025","95696.77","CR","1050101","4215",""
"4804","185569","1","1050101","000104420000043","1","6/16/2025","95696.77","CR","1050101","4215",""
"4805","185655","1","1050101","000104420000043","1","6/17/2025","95696.77","CR","1050101","4215",""
"4806","185741","1","1050101","000104420000043","1","6/18/2025","95696.77","CR","1050101","4215",""
"4807","185828","1","1050101","000104420000043","1","6/19/2025","95696.77","CR","1050101","4215",""
"4808","185916","1","1050101","000104420000043","1","6/20/2025","95696.77","CR","1050101","4215",""
"4809","186004","1","1050101","000104420000043","1","6/21/2025","95696.77","CR","1050101","4215",""
"4810","186092","1","1050101","000104420000043","1","6/22/2025","95696.77","CR","1050101","4215",""
"4811","186180","1","1050101","000104420000043","1","6/23/2025","95696.77","CR","1050101","4215",""
"4812","186268","1","1050101","000104420000043","1","6/24/2025","95696.77","CR","1050101","4215",""
"4813","186356","1","1050101","000104420000043","1","6/25/2025","95696.77","CR","1050101","4215",""
"4814","186444","1","1050101","000104420000043","1","6/26/2025","95696.77","CR","1050101","4215",""
"4815","186532","1","1050101","000104420000043","1","6/27/2025","89256.00","CR","1050101","4215",""
"4816","186620","1","1050101","000104420000043","1","6/28/2025","89256.00","CR","1050101","4215",""
"4817","186708","1","1050101","000104420000043","1","6/29/2025","89256.00","CR","1050101","4215",""
"4818","186796","1","1050101","000104420000043","1","6/30/2025","89256.00","CR","1050101","4215",""
"4819","186888","1","1050101","000104420000043","1","6/30/2025","-2845140.02","DR","1050101","4215","35"
"4820","186973","1","1050101","000104420000043","1","7/1/2025","91914.06","CR","1050101","4215",""
"4821","187061","1","1050101","000104420000043","1","7/2/2025","91914.06","CR","1050101","4215",""
"4822","187149","1","1050101","000104420000043","1","7/3/2025","91914.06","CR","1050101","4215",""
"4823","187237","1","1050101","000104420000043","1","7/4/2025","91914.06","CR","1050101","4215",""
"4824","187325","1","1050101","000104420000043","1","7/5/2025","91914.06","CR","1050101","4215",""
"4825","187413","1","1050101","000104420000043","1","7/6/2025","91914.06","CR","1050101","4215",""
"4826","187501","1","1050101","000104420000043","1","7/7/2025","91914.06","CR","1050101","4215",""
"4827","187589","1","1050101","000104420000043","1","7/8/2025","91914.06","CR","1050101","4215",""
"4828","187677","1","1050101","000104420000043","1","7/9/2025","91914.06","CR","1050101","4215",""
"4829","187765","1","1050101","000104420000043","1","7/10/2025","91914.06","CR","1050101","4215",""
"4830","187854","1","1050101","000104420000043","1","7/11/2025","91914.06","CR","1050101","4215",""
"4831","187943","1","1050101","000104420000043","1","7/12/2025","91914.06","CR","1050101","4215",""
"4832","188032","1","1050101","000104420000043","1","7/13/2025","91914.06","CR","1050101","4215",""
"4833","188121","1","1050101","000104420000043","1","7/14/2025","91914.06","CR","1050101","4215",""
"4834","188210","1","1050101","000104420000043","1","7/15/2025","91914.06","CR","1050101","4215",""
"4835","188299","1","1050101","000104420000043","1","7/16/2025","91914.06","CR","1050101","4215",""
"4836","188388","1","1050101","000104420000043","1","7/17/2025","91914.06","CR","1050101","4215",""
"4837","188477","1","1050101","000104420000043","1","7/18/2025","91914.06","CR","1050101","4215",""
"4838","188566","1","1050101","000104420000043","1","7/19/2025","91914.06","CR","1050101","4215",""
"4839","188655","1","1050101","000104420000043","1","7/20/2025","91914.06","CR","1050101","4215",""
"4840","188744","1","1050101","000104420000043","1","7/21/2025","91914.06","CR","1050101","4215",""
"4841","188833","1","1050101","000104420000043","1","7/22/2025","91914.06","CR","1050101","4215",""
"4842","188922","1","1050101","000104420000043","1","7/23/2025","91914.06","CR","1050101","4215",""
"4843","189013","1","1050101","000104420000043","1","7/24/2025","91914.06","CR","1050101","4215",""
"4844","189104","1","1050101","000104420000043","1","7/25/2025","91914.06","CR","1050101","4215",""
"4845","189195","1","1050101","000104420000043","1","7/26/2025","91914.06","CR","1050101","4215",""
"4846","189286","1","1050101","000104420000043","1","7/27/2025","91914.06","CR","1050101","4215",""
"4847","189377","1","1050101","000104420000043","1","7/28/2025","91914.06","CR","1050101","4215",""
"4848","189468","1","1050101","000104420000043","1","7/29/2025","91914.06","CR","1050101","4215",""
"4849","189559","1","1050101","000104420000043","1","7/30/2025","91914.06","CR","1050101","4215",""
"4850","189650","1","1050101","000104420000043","1","7/31/2025","91914.06","CR","1050101","4215",""
"4851","189746","1","1050101","000104420000043","1","7/31/2025","-2849335.86","DR","1050101","4215","52"
"4852","189803","1","1050101","000104420000043","1","8/1/2025","94576.04","CR","1050101","4215",""
"4853","189894","1","1050101","000104420000043","1","8/2/2025","94576.04","CR","1050101","4215",""
"4854","189985","1","1050101","000104420000043","1","8/3/2025","94576.04","CR","1050101","4215",""
"4855","190076","1","1050101","000104420000043","1","8/4/2025","94576.04","CR","1050101","4215",""
"4856","190167","1","1050101","000104420000043","1","8/5/2025","94853.39","CR","1050101","4215",""
"4857","190258","1","1050101","000104420000043","1","8/6/2025","94853.39","CR","1050101","4215",""
"4858","190349","1","1050101","000104420000043","1","8/7/2025","94853.39","CR","1050101","4215",""
"4859","190440","1","1050101","000104420000043","1","8/8/2025","94853.39","CR","1050101","4215",""
"4860","190533","1","1050101","000104420000043","1","8/9/2025","94853.39","CR","1050101","4215",""
"4861","190626","1","1050101","000104420000043","1","8/10/2025","94853.39","CR","1050101","4215",""
"4862","190719","1","1050101","000104420000043","1","8/11/2025","94853.39","CR","1050101","4215",""
"4863","190842","1","1050101","000104420000043","1","8/12/2025","94853.39","CR","1050101","4215",""
"4864","190935","1","1050101","000104420000043","1","8/13/2025","94853.39","CR","1050101","4215",""
"4865","191028","1","1050101","000104420000043","1","8/14/2025","94853.39","CR","1050101","4215",""
"4866","191121","1","1050101","000104420000043","1","8/15/2025","94853.39","CR","1050101","4215",""
"4867","191214","1","1050101","000104420000043","1","8/16/2025","94853.39","CR","1050101","4215",""
"4868","191307","1","1050101","000104420000043","1","8/17/2025","94853.39","CR","1050101","4215",""
"4869","191400","1","1050101","000104420000043","1","8/18/2025","94853.39","CR","1050101","4215",""
"4870","191493","1","1050101","000104420000043","1","8/19/2025","94853.39","CR","1050101","4215",""
"4871","191586","1","1050101","000104420000043","1","8/20/2025","94853.39","CR","1050101","4215",""
"4872","191679","1","1050101","000104420000043","1","8/21/2025","94853.39","CR","1050101","4215",""
"4873","191772","1","1050101","000104420000043","1","8/22/2025","94853.39","CR","1050101","4215",""
"4874","191865","1","1050101","000104420000043","1","8/23/2025","94853.39","CR","1050101","4215",""
"4875","191958","1","1050101","000104420000043","1","8/24/2025","94853.39","CR","1050101","4215",""
"4876","192051","1","1050101","000104420000043","1","8/25/2025","94853.39","CR","1050101","4215",""
"4877","192144","1","1050101","000104420000043","1","8/26/2025","94853.39","CR","1050101","4215",""
"4878","192237","1","1050101","000104420000043","1","8/27/2025","94853.39","CR","1050101","4215",""
"4879","192331","1","1050101","000104420000043","1","8/28/2025","94853.39","CR","1050101","4215",""
"4880","192425","1","1050101","000104420000043","1","8/29/2025","94853.39","CR","1050101","4215",""
"4881","192519","1","1050101","000104420000043","1","8/30/2025","94853.39","CR","1050101","4215",""
"4882","192613","1","1050101","000104420000043","1","8/31/2025","94853.39","CR","1050101","4215",""
"4883","192705","1","1050101","000104420000043","1","8/31/2025","-2939345.69","DR","1050101","4215","16"
"4884","192801","1","1050101","000104420000043","1","9/1/2025","97607.52","CR","1050101","4215",""
"4885","192895","1","1050101","000104420000043","1","9/2/2025","97607.52","CR","1050101","4215",""
"4886","192989","1","1050101","000104420000043","1","9/3/2025","97607.52","CR","1050101","4215",""
"4887","193083","1","1050101","000104420000043","1","9/4/2025","97607.52","CR","1050101","4215",""
"4888","193177","1","1050101","000104420000043","1","9/5/2025","97607.52","CR","1050101","4215",""
"4889","193272","1","1050101","000104420000043","1","9/6/2025","97607.52","CR","1050101","4215",""
"4890","193367","1","1050101","000104420000043","1","9/7/2025","97607.52","CR","1050101","4215",""
"4891","193462","1","1050101","000104420000043","1","9/8/2025","97607.52","CR","1050101","4215",""
"4892","193557","1","1050101","000104420000043","1","9/9/2025","97607.52","CR","1050101","4215",""
"4893","193652","1","1050101","000104420000043","1","9/10/2025","97607.52","CR","1050101","4215",""
"4894","193747","1","1050101","000104420000043","1","9/11/2025","97607.52","CR","1050101","4215",""
"4895","193842","1","1050101","000104420000043","1","9/12/2025","97322.12","CR","1050101","4215",""
"4896","193937","1","1050101","000104420000043","1","9/13/2025","97322.12","CR","1050101","4215",""
"4897","194032","1","1050101","000104420000043","1","9/14/2025","97322.12","CR","1050101","4215",""
"4898","194127","1","1050101","000104420000043","1","9/15/2025","97322.12","CR","1050101","4215",""
"4899","194222","1","1050101","000104420000043","1","9/16/2025","97322.12","CR","1050101","4215",""
"4900","194317","1","1050101","000104420000043","1","9/17/2025","97322.12","CR","1050101","4215",""
"4901","194412","1","1050101","000104420000043","1","9/18/2025","97322.12","CR","1050101","4215",""
"4902","194507","1","1050101","000104420000043","1","9/19/2025","97322.12","CR","1050101","4215",""
"4903","194602","1","1050101","000104420000043","1","9/20/2025","97322.12","CR","1050101","4215",""
"4904","194697","1","1050101","000104420000043","1","9/21/2025","97322.12","CR","1050101","4215",""
"4905","194792","1","1050101","000104420000043","1","9/22/2025","97322.12","CR","1050101","4215",""
"4906","194887","1","1050101","000104420000043","1","9/23/2025","97322.12","CR","1050101","4215",""
"4907","194982","1","1050101","000104420000043","1","9/24/2025","97322.12","CR","1050101","4215",""
"4908","195077","1","1050101","000104420000043","1","9/25/2025","97322.12","CR","1050101","4215",""
"4909","195172","1","1050101","000104420000043","1","9/26/2025","97322.12","CR","1050101","4215",""
"4910","195267","1","1050101","000104420000043","1","9/27/2025","97322.12","CR","1050101","4215",""
"4911","195362","1","1050101","000104420000043","1","9/28/2025","97322.12","CR","1050101","4215",""
"4912","195457","1","1050101","000104420000043","1","9/29/2025","97322.12","CR","1050101","4215",""
"4913","195552","1","1050101","000104420000043","1","9/30/2025","97322.12","CR","1050101","4215",""
"4914","195648","1","1050101","000104420000043","1","9/30/2025","-2922803.00","DR","1050101","4215","23"
"4915","195721","1","1050101","000104420000043","1","10/1/2025","100052.74","CR","1050101","4215",""
"4916","195817","1","1050101","000104420000043","1","10/2/2025","100052.74","CR","1050101","4215",""
"4917","195913","1","1050101","000104420000043","1","10/3/2025","100052.74","CR","1050101","4215",""
"4918","196009","1","1050101","000104420000043","1","10/4/2025","100052.74","CR","1050101","4215",""
"4919","196105","1","1050101","000104420000043","1","10/5/2025","100052.74","CR","1050101","4215",""
"4920","196201","1","1050101","000104420000043","1","10/6/2025","100052.74","CR","1050101","4215",""
"4921","196320","1","1050101","000104420000043","1","10/7/2025","100052.74","CR","1050101","4215",""
"4922","196416","1","1050101","000104420000043","1","10/8/2025","100052.74","CR","1050101","4215",""
"4923","196512","1","1050101","000104420000043","1","10/9/2025","100052.74","CR","1050101","4215",""
"4924","196608","1","1050101","000104420000043","1","10/10/2025","100052.74","CR","1050101","4215",""
"4925","196704","1","1050101","000104420000043","1","10/11/2025","100052.74","CR","1050101","4215",""
"4926","196800","1","1050101","000104420000043","1","10/12/2025","100052.74","CR","1050101","4215",""
"4927","196896","1","1050101","000104420000043","1","10/13/2025","100052.74","CR","1050101","4215",""
"4928","196992","1","1050101","000104420000043","1","10/14/2025","100052.74","CR","1050101","4215",""
"4929","197088","1","1050101","000104420000043","1","10/15/2025","100052.74","CR","1050101","4215",""
"4930","197184","1","1050101","000104420000043","1","10/16/2025","100052.74","CR","1050101","4215",""
"4931","197280","1","1050101","000104420000043","1","10/17/2025","100052.74","CR","1050101","4215",""
"4932","197376","1","1050101","000104420000043","1","10/18/2025","100052.74","CR","1050101","4215",""
"4933","197472","1","1050101","000104420000043","1","10/19/2025","100052.74","CR","1050101","4215",""
"4934","197568","1","1050101","000104420000043","1","10/20/2025","100052.74","CR","1050101","4215",""
"4935","197664","1","1050101","000104420000043","1","10/21/2025","100052.74","CR","1050101","4215",""
"4936","197760","1","1050101","000104420000043","1","10/22/2025","100052.74","CR","1050101","4215",""
"4937","197856","1","1050101","000104420000043","1","10/23/2025","100052.74","CR","1050101","4215",""
"4938","197952","1","1050101","000104420000043","1","10/24/2025","100052.74","CR","1050101","4215",""
"4939","198048","1","1050101","000104420000043","1","10/25/2025","100052.74","CR","1050101","4215",""
"4940","198144","1","1050101","000104420000043","1","10/26/2025","100052.74","CR","1050101","4215",""
"4941","198240","1","1050101","000104420000043","1","10/27/2025","100052.74","CR","1050101","4215",""
"4942","198336","1","1050101","000104420000043","1","10/28/2025","100052.74","CR","1050101","4215",""
"4943","198432","1","1050101","000104420000043","1","10/29/2025","100052.74","CR","1050101","4215",""
"4944","198528","1","1050101","000104420000043","1","10/30/2025","100052.74","CR","1050101","4215",""
"4945","198624","1","1050101","000104420000043","1","10/31/2025","100052.74","CR","1050101","4215",""
"4946","198722","1","1050101","000104420000043","1","10/31/2025","-3101634.94","DR","1050101","4215","52"
"4947","198818","1","1050101","000104420000043","1","11/1/2025","102950.43","CR","1050101","4215",""
"4948","198915","1","1050101","000104420000043","1","11/2/2025","102950.43","CR","1050101","4215",""
"4949","199012","1","1050101","000104420000043","1","11/3/2025","102950.43","CR","1050101","4215",""
"4950","199109","1","1050101","000104420000043","1","11/4/2025","102950.43","CR","1050101","4215",""
"4951","199206","1","1050101","000104420000043","1","11/5/2025","102950.43","CR","1050101","4215",""
"4952","199303","1","1050101","000104420000043","1","11/6/2025","102950.43","CR","1050101","4215",""
"4953","199400","1","1050101","000104420000043","1","11/7/2025","102950.43","CR","1050101","4215",""
"4954","199497","1","1050101","000104420000043","1","11/8/2025","102950.43","CR","1050101","4215",""
"4955","199594","1","1050101","000104420000043","1","11/9/2025","102950.43","CR","1050101","4215",""
"4956","199691","1","1050101","000104420000043","1","11/10/2025","102950.43","CR","1050101","4215",""
"4957","199788","1","1050101","000104420000043","1","11/11/2025","102950.43","CR","1050101","4215",""
"4958","199885","1","1050101","000104420000043","1","11/12/2025","102950.43","CR","1050101","4215",""
"4959","199982","1","1050101","000104420000043","1","11/13/2025","102950.43","CR","1050101","4215",""
"4960","200079","1","1050101","000104420000043","1","11/14/2025","102950.43","CR","1050101","4215",""
"4961","200176","1","1050101","000104420000043","1","11/15/2025","102950.43","CR","1050101","4215",""
"4962","200273","1","1050101","000104420000043","1","11/16/2025","102950.43","CR","1050101","4215",""
"4963","200370","1","1050101","000104420000043","1","11/17/2025","102950.43","CR","1050101","4215",""
"4964","200467","1","1050101","000104420000043","1","11/18/2025","102950.43","CR","1050101","4215",""
"4965","200564","1","1050101","000104420000043","1","11/19/2025","102950.43","CR","1050101","4215",""
"4966","200661","1","1050101","000104420000043","1","11/20/2025","102950.43","CR","1050101","4215",""
"4967","200758","1","1050101","000104420000043","1","11/21/2025","102950.43","CR","1050101","4215",""
"4968","200855","1","1050101","000104420000043","1","11/22/2025","102950.43","CR","1050101","4215",""
"4969","200952","1","1050101","000104420000043","1","11/23/2025","102950.43","CR","1050101","4215",""
"4970","201049","1","1050101","000104420000043","1","11/24/2025","102950.43","CR","1050101","4215",""
"4971","201146","1","1050101","000104420000043","1","11/25/2025","102950.43","CR","1050101","4215",""
"4972","201243","1","1050101","000104420000043","1","11/26/2025","102950.43","CR","1050101","4215",""
"4973","201340","1","1050101","000104420000043","1","11/27/2025","102950.43","CR","1050101","4215",""
"4974","201436","1","1050101","000104420000043","1","11/28/2025","102950.43","CR","1050101","4215",""
"4975","201530","1","1050101","000104420000043","1","11/29/2025","102950.43","CR","1050101","4215",""
"4976","201624","1","1050101","000104420000043","1","11/30/2025","102950.43","CR","1050101","4215",""
"4977","201715","1","1050101","000104420000043","1","11/30/2025","-3088512.90","DR","1050101","4215","28"
"4978","201815","1","1050101","000104420000043","1","12/1/2025","105835.86","CR","1050101","4215",""
"4979","201910","1","1050101","000104420000043","1","12/2/2025","105835.86","CR","1050101","4215",""
"4980","202005","1","1050101","000104420000043","1","12/3/2025","105835.86","CR","1050101","4215",""
"4981","202100","1","1050101","000104420000043","1","12/4/2025","105835.86","CR","1050101","4215",""
"4982","202195","1","1050101","000104420000043","1","12/5/2025","105835.86","CR","1050101","4215",""
"4983","202290","1","1050101","000104420000043","1","12/6/2025","105835.86","CR","1050101","4215",""
"4984","202385","1","1050101","000104420000043","1","12/7/2025","105835.86","CR","1050101","4215",""
"4985","202480","1","1050101","000104420000043","1","12/8/2025","105835.86","CR","1050101","4215",""
"4986","202573","1","1050101","000104420000043","1","12/9/2025","105835.86","CR","1050101","4215",""
"4987","202666","1","1050101","000104420000043","1","12/10/2025","105835.86","CR","1050101","4215",""
"4988","202757","1","1050101","000104420000043","1","12/11/2025","105835.86","CR","1050101","4215",""
"4989","202840","1","1050101","000104420000043","1","12/12/2025","105835.86","CR","1050101","4215",""
"4990","202923","1","1050101","000104420000043","1","12/13/2025","105835.86","CR","1050101","4215",""
"4991","203006","1","1050101","000104420000043","1","12/14/2025","105835.86","CR","1050101","4215",""
"4992","203089","1","1050101","000104420000043","1","12/15/2025","105835.86","CR","1050101","4215",""
"4993","203172","1","1050101","000104420000043","1","12/16/2025","105835.86","CR","1050101","4215",""
"4994","203242","1","1050101","000104420000043","1","12/17/2025","105835.86","CR","1050101","4215",""
"4995","203312","1","1050101","000104420000043","1","12/18/2025","105835.86","CR","1050101","4215",""
"4996","203385","1","1050101","000104420000043","1","12/19/2025","105835.86","CR","1050101","4215",""
"4997","203459","1","1050101","000104420000043","1","12/20/2025","105835.86","CR","1050101","4215",""
"4998","203533","1","1050101","000104420000043","1","12/21/2025","105835.86","CR","1050101","4215",""
"4999","203607","1","1050101","000104420000043","1","12/22/2025","105835.86","CR","1050101","4215",""
"5000","203683","1","1050101","000104420000043","1","12/23/2025","105835.86","CR","1050101","4215",""
"5001","203757","1","1050101","000104420000043","1","12/24/2025","105835.86","CR","1050101","4215",""
"5002","203831","1","1050101","000104420000043","1","12/25/2025","105835.86","CR","1050101","4215",""
"5003","203905","1","1050101","000104420000043","1","12/26/2025","105835.86","CR","1050101","4215",""
"5004","203979","1","1050101","000104420000043","1","12/27/2025","105835.86","CR","1050101","4215",""
"5005","204053","1","1050101","000104420000043","1","12/28/2025","105835.86","CR","1050101","4215",""
"5006","204127","1","1050101","000104420000043","1","12/29/2025","103352.91","CR","1050101","4215",""
"5007","204206","1","1050101","000104420000043","1","12/30/2025","7720.38","CR","1050101","4215",""
"5008","204542","1","1050101","000104420000043","1","12/31/2025","-3074477.37","DR","1050101","4215","30"
"5009","166624","1","1050101","000104420000052","1","11/1/2024","159340.70","CR","1050101","4215",""
"5010","166625","1","1050101","000104420000052","1","11/2/2024","159340.70","CR","1050101","4215",""
"5011","166626","1","1050101","000104420000052","1","11/3/2024","159340.70","CR","1050101","4215",""
"5012","166627","1","1050101","000104420000052","1","11/4/2024","159340.70","CR","1050101","4215",""
"5013","166628","1","1050101","000104420000052","1","11/5/2024","159340.70","CR","1050101","4215",""
"5014","166629","1","1050101","000104420000052","1","11/6/2024","159340.70","CR","1050101","4215",""
"5015","166630","1","1050101","000104420000052","1","11/7/2024","159340.70","CR","1050101","4215",""
"5016","166631","1","1050101","000104420000052","1","11/8/2024","159340.70","CR","1050101","4215",""
"5017","166632","1","1050101","000104420000052","1","11/9/2024","159340.70","CR","1050101","4215",""
"5018","166633","1","1050101","000104420000052","1","11/10/2024","159340.70","CR","1050101","4215",""
"5019","166634","1","1050101","000104420000052","1","11/11/2024","159340.70","CR","1050101","4215",""
"5020","166635","1","1050101","000104420000052","1","11/12/2024","159340.70","CR","1050101","4215",""
"5021","166636","1","1050101","000104420000052","1","11/13/2024","159340.70","CR","1050101","4215",""
"5022","167527","1","1050101","000104420000052","1","11/14/2024","159340.70","CR","1050101","4215",""
"5023","167528","1","1050101","000104420000052","1","11/15/2024","159340.70","CR","1050101","4215",""
"5024","167529","1","1050101","000104420000052","1","11/16/2024","159340.70","CR","1050101","4215",""
"5025","167530","1","1050101","000104420000052","1","11/17/2024","159340.70","CR","1050101","4215",""
"5026","167830","1","1050101","000104420000052","1","11/18/2024","159340.70","CR","1050101","4215",""
"5027","167906","1","1050101","000104420000052","1","11/19/2024","159340.70","CR","1050101","4215",""
"5028","167982","1","1050101","000104420000052","1","11/20/2024","159340.70","CR","1050101","4215",""
"5029","168058","1","1050101","000104420000052","1","11/21/2024","159340.70","CR","1050101","4215",""
"5030","168134","1","1050101","000104420000052","1","11/22/2024","159340.70","CR","1050101","4215",""
"5031","168210","1","1050101","000104420000052","1","11/23/2024","159340.70","CR","1050101","4215",""
"5032","168286","1","1050101","000104420000052","1","11/24/2024","159340.70","CR","1050101","4215",""
"5033","168362","1","1050101","000104420000052","1","11/25/2024","159340.70","CR","1050101","4215",""
"5034","168438","1","1050101","000104420000052","1","11/26/2024","159340.70","CR","1050101","4215",""
"5035","168514","1","1050101","000104420000052","1","11/27/2024","159340.70","CR","1050101","4215",""
"5036","168591","1","1050101","000104420000052","1","11/28/2024","159340.70","CR","1050101","4215",""
"5037","168668","1","1050101","000104420000052","1","11/29/2024","159340.70","CR","1050101","4215",""
"5038","168744","1","1050101","000104420000052","1","11/30/2024","159340.70","CR","1050101","4215",""
"5039","168823","1","1050101","000104420000052","1","11/30/2024","-4780221.00","DR","1050101","4215","80"
"5040","168897","1","1050101","000104420000052","1","12/1/2024","163767.31","CR","1050101","4215",""
"5041","168973","1","1050101","000104420000052","1","12/2/2024","163767.31","CR","1050101","4215",""
"5042","169049","1","1050101","000104420000052","1","12/3/2024","163767.31","CR","1050101","4215",""
"5043","169125","1","1050101","000104420000052","1","12/4/2024","163767.31","CR","1050101","4215",""
"5044","169201","1","1050101","000104420000052","1","12/5/2024","163767.31","CR","1050101","4215",""
"5045","169277","1","1050101","000104420000052","1","12/6/2024","163767.31","CR","1050101","4215",""
"5046","169353","1","1050101","000104420000052","1","12/7/2024","163767.31","CR","1050101","4215",""
"5047","169429","1","1050101","000104420000052","1","12/8/2024","163767.31","CR","1050101","4215",""
"5048","169505","1","1050101","000104420000052","1","12/9/2024","163767.31","CR","1050101","4215",""
"5049","169581","1","1050101","000104420000052","1","12/10/2024","163767.31","CR","1050101","4215",""
"5050","169657","1","1050101","000104420000052","1","12/11/2024","163767.31","CR","1050101","4215",""
"5051","169733","1","1050101","000104420000052","1","12/12/2024","163767.31","CR","1050101","4215",""
"5052","169809","1","1050101","000104420000052","1","12/13/2024","163767.31","CR","1050101","4215",""
"5053","169885","1","1050101","000104420000052","1","12/14/2024","163767.31","CR","1050101","4215",""
"5054","169961","1","1050101","000104420000052","1","12/15/2024","163767.31","CR","1050101","4215",""
"5055","170037","1","1050101","000104420000052","1","12/16/2024","163767.31","CR","1050101","4215",""
"5056","170113","1","1050101","000104420000052","1","12/17/2024","163767.31","CR","1050101","4215",""
"5057","170189","1","1050101","000104420000052","1","12/18/2024","163767.31","CR","1050101","4215",""
"5058","170265","1","1050101","000104420000052","1","12/19/2024","163767.31","CR","1050101","4215",""
"5059","170341","1","1050101","000104420000052","1","12/20/2024","163767.31","CR","1050101","4215",""
"5060","170417","1","1050101","000104420000052","1","12/21/2024","163767.31","CR","1050101","4215",""
"5061","170493","1","1050101","000104420000052","1","12/22/2024","163767.31","CR","1050101","4215",""
"5062","170569","1","1050101","000104420000052","1","12/23/2024","163767.31","CR","1050101","4215",""
"5063","170645","1","1050101","000104420000052","1","12/24/2024","163767.31","CR","1050101","4215",""
"5064","170721","1","1050101","000104420000052","1","12/25/2024","163767.31","CR","1050101","4215",""
"5065","170797","1","1050101","000104420000052","1","12/26/2024","163767.31","CR","1050101","4215",""
"5066","170873","1","1050101","000104420000052","1","12/27/2024","163767.31","CR","1050101","4215",""
"5067","170949","1","1050101","000104420000052","1","12/28/2024","163767.31","CR","1050101","4215",""
"5068","171025","1","1050101","000104420000052","1","12/29/2024","163767.31","CR","1050101","4215",""
"5069","171101","1","1050101","000104420000052","1","12/30/2024","163767.31","CR","1050101","4215",""
"5070","171177","1","1050101","000104420000052","1","12/31/2024","163767.31","CR","1050101","4215",""
"5071","171253","1","1050101","000104420000052","1","12/31/2024","-5076786.61","DR","1050101","4215","80"
"5072","171455","1","1050101","000104420000052","1","1/1/2025","168468.56","CR","1050101","4215",""
"5073","171532","1","1050101","000104420000052","1","1/2/2025","168468.56","CR","1050101","4215",""
"5074","171609","1","1050101","000104420000052","1","1/3/2025","168468.56","CR","1050101","4215",""
"5075","171686","1","1050101","000104420000052","1","1/4/2025","168468.56","CR","1050101","4215",""
"5076","171763","1","1050101","000104420000052","1","1/5/2025","168468.56","CR","1050101","4215",""
"5077","171840","1","1050101","000104420000052","1","1/6/2025","168468.56","CR","1050101","4215",""
"5078","171917","1","1050101","000104420000052","1","1/7/2025","168468.56","CR","1050101","4215",""
"5079","171994","1","1050101","000104420000052","1","1/8/2025","168468.56","CR","1050101","4215",""
"5080","172071","1","1050101","000104420000052","1","1/9/2025","168468.56","CR","1050101","4215",""
"5081","172148","1","1050101","000104420000052","1","1/10/2025","168468.56","CR","1050101","4215",""
"5082","172225","1","1050101","000104420000052","1","1/11/2025","168468.56","CR","1050101","4215",""
"5083","172302","1","1050101","000104420000052","1","1/12/2025","168468.56","CR","1050101","4215",""
"5084","172379","1","1050101","000104420000052","1","1/13/2025","168468.56","CR","1050101","4215",""
"5085","172456","1","1050101","000104420000052","1","1/14/2025","168468.56","CR","1050101","4215",""
"5086","172533","1","1050101","000104420000052","1","1/15/2025","168468.56","CR","1050101","4215",""
"5087","172610","1","1050101","000104420000052","1","1/16/2025","168468.56","CR","1050101","4215",""
"5088","172687","1","1050101","000104420000052","1","1/17/2025","168468.56","CR","1050101","4215",""
"5089","172764","1","1050101","000104420000052","1","1/18/2025","168468.56","CR","1050101","4215",""
"5090","172841","1","1050101","000104420000052","1","1/19/2025","168468.56","CR","1050101","4215",""
"5091","172918","1","1050101","000104420000052","1","1/20/2025","168468.56","CR","1050101","4215",""
"5092","172995","1","1050101","000104420000052","1","1/21/2025","168468.56","CR","1050101","4215",""
"5093","173072","1","1050101","000104420000052","1","1/22/2025","168468.56","CR","1050101","4215",""
"5094","173149","1","1050101","000104420000052","1","1/23/2025","168468.56","CR","1050101","4215",""
"5095","173226","1","1050101","000104420000052","1","1/24/2025","168468.56","CR","1050101","4215",""
"5096","173303","1","1050101","000104420000052","1","1/25/2025","168468.56","CR","1050101","4215",""
"5097","173380","1","1050101","000104420000052","1","1/26/2025","168468.56","CR","1050101","4215",""
"5098","173457","1","1050101","000104420000052","1","1/27/2025","168468.56","CR","1050101","4215",""
"5099","173534","1","1050101","000104420000052","1","1/28/2025","168468.56","CR","1050101","4215",""
"5100","173611","1","1050101","000104420000052","1","1/29/2025","168468.56","CR","1050101","4215",""
"5101","173688","1","1050101","000104420000052","1","1/30/2025","168468.56","CR","1050101","4215",""
"5102","173765","1","1050101","000104420000052","1","1/31/2025","91299.91","CR","1050101","4215",""
"5103","173842","1","1050101","000104420000052","1","1/31/2025","-5145356.71","DR","1050101","4215","46"
"5104","173892","1","1050101","000104420000052","1","2/1/2025","96064.66","CR","1050101","4215",""
"5105","173971","1","1050101","000104420000052","1","2/2/2025","96064.66","CR","1050101","4215",""
"5106","174050","1","1050101","000104420000052","1","2/3/2025","96064.66","CR","1050101","4215",""
"5107","174129","1","1050101","000104420000052","1","2/4/2025","96064.66","CR","1050101","4215",""
"5108","174208","1","1050101","000104420000052","1","2/5/2025","96064.66","CR","1050101","4215",""
"5109","174287","1","1050101","000104420000052","1","2/6/2025","96064.66","CR","1050101","4215",""
"5110","174366","1","1050101","000104420000052","1","2/7/2025","96064.66","CR","1050101","4215",""
"5111","174445","1","1050101","000104420000052","1","2/8/2025","96064.66","CR","1050101","4215",""
"5112","174524","1","1050101","000104420000052","1","2/9/2025","96064.66","CR","1050101","4215",""
"5113","174603","1","1050101","000104420000052","1","2/10/2025","96064.66","CR","1050101","4215",""
"5114","174682","1","1050101","000104420000052","1","2/11/2025","96064.66","CR","1050101","4215",""
"5115","174761","1","1050101","000104420000052","1","2/12/2025","96064.66","CR","1050101","4215",""
"5116","174840","1","1050101","000104420000052","1","2/13/2025","96064.66","CR","1050101","4215",""
"5117","174919","1","1050101","000104420000052","1","2/14/2025","96064.66","CR","1050101","4215",""
"5118","174998","1","1050101","000104420000052","1","2/15/2025","96064.66","CR","1050101","4215",""
"5119","175077","1","1050101","000104420000052","1","2/16/2025","96064.66","CR","1050101","4215",""
"5120","175156","1","1050101","000104420000052","1","2/17/2025","96064.66","CR","1050101","4215",""
"5121","175235","1","1050101","000104420000052","1","2/18/2025","96064.66","CR","1050101","4215",""
"5122","175314","1","1050101","000104420000052","1","2/19/2025","96064.66","CR","1050101","4215",""
"5123","175393","1","1050101","000104420000052","1","2/20/2025","96064.66","CR","1050101","4215",""
"5124","175472","1","1050101","000104420000052","1","2/21/2025","96064.66","CR","1050101","4215",""
"5125","175551","1","1050101","000104420000052","1","2/22/2025","96064.66","CR","1050101","4215",""
"5126","175630","1","1050101","000104420000052","1","2/23/2025","96064.66","CR","1050101","4215",""
"5127","175709","1","1050101","000104420000052","1","2/24/2025","96064.66","CR","1050101","4215",""
"5128","175788","1","1050101","000104420000052","1","2/25/2025","96064.66","CR","1050101","4215",""
"5129","175867","1","1050101","000104420000052","1","2/26/2025","96064.66","CR","1050101","4215",""
"5130","175946","1","1050101","000104420000052","1","2/27/2025","96064.66","CR","1050101","4215",""
"5131","176025","1","1050101","000104420000052","1","2/28/2025","96064.66","CR","1050101","4215",""
"5132","176105","1","1050101","000104420000052","1","2/28/2025","-2689810.48","DR","1050101","4215","13"
"5133","176183","1","1050101","000104420000052","1","3/1/2025","98555.49","CR","1050101","4215",""
"5134","176262","1","1050101","000104420000052","1","3/2/2025","98555.49","CR","1050101","4215",""
"5135","176823","1","1050101","000104420000052","1","3/3/2025","98555.49","CR","1050101","4215",""
"5136","176835","1","1050101","000104420000052","1","3/4/2025","98555.49","CR","1050101","4215",""
"5137","176847","1","1050101","000104420000052","1","3/5/2025","98555.49","CR","1050101","4215",""
"5138","176859","1","1050101","000104420000052","1","3/6/2025","98555.49","CR","1050101","4215",""
"5139","176871","1","1050101","000104420000052","1","3/7/2025","98555.49","CR","1050101","4215",""
"5140","176883","1","1050101","000104420000052","1","3/8/2025","98555.49","CR","1050101","4215",""
"5141","176895","1","1050101","000104420000052","1","3/9/2025","98555.49","CR","1050101","4215",""
"5142","176907","1","1050101","000104420000052","1","3/10/2025","98555.49","CR","1050101","4215",""
"5143","176919","1","1050101","000104420000052","1","3/11/2025","98555.49","CR","1050101","4215",""
"5144","176931","1","1050101","000104420000052","1","3/12/2025","98555.49","CR","1050101","4215",""
"5145","176943","1","1050101","000104420000052","1","3/13/2025","98555.49","CR","1050101","4215",""
"5146","176955","1","1050101","000104420000052","1","3/14/2025","98555.49","CR","1050101","4215",""
"5147","176967","1","1050101","000104420000052","1","3/15/2025","98555.49","CR","1050101","4215",""
"5148","176979","1","1050101","000104420000052","1","3/16/2025","98555.49","CR","1050101","4215",""
"5149","176991","1","1050101","000104420000052","1","3/17/2025","98555.49","CR","1050101","4215",""
"5150","177003","1","1050101","000104420000052","1","3/18/2025","98555.49","CR","1050101","4215",""
"5151","177015","1","1050101","000104420000052","1","3/19/2025","98555.49","CR","1050101","4215",""
"5152","177027","1","1050101","000104420000052","1","3/20/2025","98555.49","CR","1050101","4215",""
"5153","177039","1","1050101","000104420000052","1","3/21/2025","98555.49","CR","1050101","4215",""
"5154","177051","1","1050101","000104420000052","1","3/22/2025","98555.49","CR","1050101","4215",""
"5155","177063","1","1050101","000104420000052","1","3/23/2025","98555.49","CR","1050101","4215",""
"5156","177075","1","1050101","000104420000052","1","3/24/2025","98555.49","CR","1050101","4215",""
"5157","177087","1","1050101","000104420000052","1","3/25/2025","98555.49","CR","1050101","4215",""
"5158","177099","1","1050101","000104420000052","1","3/26/2025","98555.49","CR","1050101","4215",""
"5159","177111","1","1050101","000104420000052","1","3/27/2025","98555.49","CR","1050101","4215",""
"5160","177123","1","1050101","000104420000052","1","3/28/2025","98555.49","CR","1050101","4215",""
"5161","177135","1","1050101","000104420000052","1","3/29/2025","98555.49","CR","1050101","4215",""
"5162","177147","1","1050101","000104420000052","1","3/30/2025","98555.49","CR","1050101","4215",""
"5163","177159","1","1050101","000104420000052","1","3/31/2025","98555.49","CR","1050101","4215",""
"5164","179131","1","1050101","000104420000052","1","3/31/2025","-3055220.19","DR","1050101","4215","36"
"5165","179210","1","1050101","000104420000052","1","4/1/2025","101384.71","CR","1050101","4215",""
"5166","179288","1","1050101","000104420000052","1","4/2/2025","101384.71","CR","1050101","4215",""
"5167","179366","1","1050101","000104420000052","1","4/3/2025","101384.71","CR","1050101","4215",""
"5168","179444","1","1050101","000104420000052","1","4/4/2025","101384.71","CR","1050101","4215",""
"5169","179522","1","1050101","000104420000052","1","4/5/2025","101384.71","CR","1050101","4215",""
"5170","179600","1","1050101","000104420000052","1","4/6/2025","101384.71","CR","1050101","4215",""
"5171","179678","1","1050101","000104420000052","1","4/7/2025","101384.71","CR","1050101","4215",""
"5172","179756","1","1050101","000104420000052","1","4/8/2025","101384.71","CR","1050101","4215",""
"5173","179834","1","1050101","000104420000052","1","4/9/2025","101384.71","CR","1050101","4215",""
"5174","179912","1","1050101","000104420000052","1","4/10/2025","101384.71","CR","1050101","4215",""
"5175","179990","1","1050101","000104420000052","1","4/11/2025","101384.71","CR","1050101","4215",""
"5176","180068","1","1050101","000104420000052","1","4/12/2025","101384.71","CR","1050101","4215",""
"5177","180146","1","1050101","000104420000052","1","4/13/2025","101384.71","CR","1050101","4215",""
"5178","180224","1","1050101","000104420000052","1","4/14/2025","101384.71","CR","1050101","4215",""
"5179","180302","1","1050101","000104420000052","1","4/15/2025","101384.71","CR","1050101","4215",""
"5180","180380","1","1050101","000104420000052","1","4/16/2025","101384.71","CR","1050101","4215",""
"5181","180458","1","1050101","000104420000052","1","4/17/2025","101384.71","CR","1050101","4215",""
"5182","180536","1","1050101","000104420000052","1","4/18/2025","101384.71","CR","1050101","4215",""
"5183","180614","1","1050101","000104420000052","1","4/19/2025","101384.71","CR","1050101","4215",""
"5184","180692","1","1050101","000104420000052","1","4/20/2025","101384.71","CR","1050101","4215",""
"5185","180770","1","1050101","000104420000052","1","4/21/2025","101384.71","CR","1050101","4215",""
"5186","180848","1","1050101","000104420000052","1","4/22/2025","101384.71","CR","1050101","4215",""
"5187","180926","1","1050101","000104420000052","1","4/23/2025","101384.71","CR","1050101","4215",""
"5188","181004","1","1050101","000104420000052","1","4/24/2025","101384.71","CR","1050101","4215",""
"5189","181082","1","1050101","000104420000052","1","4/25/2025","101384.71","CR","1050101","4215",""
"5190","181160","1","1050101","000104420000052","1","4/26/2025","101384.71","CR","1050101","4215",""
"5191","181238","1","1050101","000104420000052","1","4/27/2025","101384.71","CR","1050101","4215",""
"5192","181316","1","1050101","000104420000052","1","4/28/2025","101384.71","CR","1050101","4215",""
"5193","181394","1","1050101","000104420000052","1","4/29/2025","101384.71","CR","1050101","4215",""
"5194","181472","1","1050101","000104420000052","1","4/30/2025","101384.71","CR","1050101","4215",""
"5195","181547","1","1050101","000104420000052","1","4/30/2025","-3041541.30","DR","1050101","4215","28"
"5196","181630","1","1050101","000104420000052","1","5/1/2025","104201.26","CR","1050101","4215",""
"5197","181709","1","1050101","000104420000052","1","5/2/2025","104201.26","CR","1050101","4215",""
"5198","181789","1","1050101","000104420000052","1","5/3/2025","104201.26","CR","1050101","4215",""
"5199","181869","1","1050101","000104420000052","1","5/4/2025","104201.26","CR","1050101","4215",""
"5200","181949","1","1050101","000104420000052","1","5/5/2025","104201.26","CR","1050101","4215",""
"5201","182029","1","1050101","000104420000052","1","5/6/2025","104201.26","CR","1050101","4215",""
"5202","182109","1","1050101","000104420000052","1","5/7/2025","104817.84","CR","1050101","4215",""
"5203","182190","1","1050101","000104420000052","1","5/8/2025","104817.84","CR","1050101","4215",""
"5204","182271","1","1050101","000104420000052","1","5/9/2025","104817.84","CR","1050101","4215",""
"5205","182352","1","1050101","000104420000052","1","5/10/2025","104817.84","CR","1050101","4215",""
"5206","182433","1","1050101","000104420000052","1","5/11/2025","104817.84","CR","1050101","4215",""
"5207","182514","1","1050101","000104420000052","1","5/12/2025","104817.84","CR","1050101","4215",""
"5208","182596","1","1050101","000104420000052","1","5/13/2025","104817.84","CR","1050101","4215",""
"5209","182678","1","1050101","000104420000052","1","5/14/2025","104817.84","CR","1050101","4215",""
"5210","182760","1","1050101","000104420000052","1","5/15/2025","104817.84","CR","1050101","4215",""
"5211","182842","1","1050101","000104420000052","1","5/16/2025","104817.84","CR","1050101","4215",""
"5212","182926","1","1050101","000104420000052","1","5/17/2025","104817.84","CR","1050101","4215",""
"5213","183010","1","1050101","000104420000052","1","5/18/2025","104817.84","CR","1050101","4215",""
"5214","183094","1","1050101","000104420000052","1","5/19/2025","104817.84","CR","1050101","4215",""
"5215","183178","1","1050101","000104420000052","1","5/20/2025","104817.84","CR","1050101","4215",""
"5216","183262","1","1050101","000104420000052","1","5/21/2025","104817.84","CR","1050101","4215",""
"5217","183346","1","1050101","000104420000052","1","5/22/2025","104817.84","CR","1050101","4215",""
"5218","183430","1","1050101","000104420000052","1","5/23/2025","104817.84","CR","1050101","4215",""
"5219","183515","1","1050101","000104420000052","1","5/24/2025","104817.84","CR","1050101","4215",""
"5220","183600","1","1050101","000104420000052","1","5/25/2025","104817.84","CR","1050101","4215",""
"5221","183685","1","1050101","000104420000052","1","5/26/2025","104817.84","CR","1050101","4215",""
"5222","183770","1","1050101","000104420000052","1","5/27/2025","104817.84","CR","1050101","4215",""
"5223","183855","1","1050101","000104420000052","1","5/28/2025","104817.84","CR","1050101","4215",""
"5224","183940","1","1050101","000104420000052","1","5/29/2025","104817.84","CR","1050101","4215",""
"5225","184025","1","1050101","000104420000052","1","5/30/2025","104817.84","CR","1050101","4215",""
"5226","184110","1","1050101","000104420000052","1","5/31/2025","104817.84","CR","1050101","4215",""
"5227","184192","1","1050101","000104420000052","1","5/31/2025","-3245653.56","DR","1050101","4215","117"
"5228","184282","1","1050101","000104420000052","1","6/1/2025","107841.19","CR","1050101","4215",""
"5229","184368","1","1050101","000104420000052","1","6/2/2025","107841.19","CR","1050101","4215",""
"5230","184454","1","1050101","000104420000052","1","6/3/2025","107841.19","CR","1050101","4215",""
"5231","184540","1","1050101","000104420000052","1","6/4/2025","107841.19","CR","1050101","4215",""
"5232","184626","1","1050101","000104420000052","1","6/5/2025","107841.19","CR","1050101","4215",""
"5233","184712","1","1050101","000104420000052","1","6/6/2025","107841.19","CR","1050101","4215",""
"5234","184798","1","1050101","000104420000052","1","6/7/2025","107841.19","CR","1050101","4215",""
"5235","184884","1","1050101","000104420000052","1","6/8/2025","107841.19","CR","1050101","4215",""
"5236","184970","1","1050101","000104420000052","1","6/9/2025","107841.19","CR","1050101","4215",""
"5237","185056","1","1050101","000104420000052","1","6/10/2025","107841.19","CR","1050101","4215",""
"5238","185142","1","1050101","000104420000052","1","6/11/2025","107841.19","CR","1050101","4215",""
"5239","185228","1","1050101","000104420000052","1","6/12/2025","107841.19","CR","1050101","4215",""
"5240","185314","1","1050101","000104420000052","1","6/13/2025","107841.19","CR","1050101","4215",""
"5241","185400","1","1050101","000104420000052","1","6/14/2025","107841.19","CR","1050101","4215",""
"5242","185486","1","1050101","000104420000052","1","6/15/2025","107841.19","CR","1050101","4215",""
"5243","185572","1","1050101","000104420000052","1","6/16/2025","107841.19","CR","1050101","4215",""
"5244","185658","1","1050101","000104420000052","1","6/17/2025","107841.19","CR","1050101","4215",""
"5245","185744","1","1050101","000104420000052","1","6/18/2025","107841.19","CR","1050101","4215",""
"5246","185831","1","1050101","000104420000052","1","6/19/2025","107841.19","CR","1050101","4215",""
"5247","185919","1","1050101","000104420000052","1","6/20/2025","107841.19","CR","1050101","4215",""
"5248","186007","1","1050101","000104420000052","1","6/21/2025","107841.19","CR","1050101","4215",""
"5249","186095","1","1050101","000104420000052","1","6/22/2025","107841.19","CR","1050101","4215",""
"5250","186183","1","1050101","000104420000052","1","6/23/2025","107841.19","CR","1050101","4215",""
"5251","186271","1","1050101","000104420000052","1","6/24/2025","107841.19","CR","1050101","4215",""
"5252","186359","1","1050101","000104420000052","1","6/25/2025","107841.19","CR","1050101","4215",""
"5253","186447","1","1050101","000104420000052","1","6/26/2025","107841.19","CR","1050101","4215",""
"5254","186535","1","1050101","000104420000052","1","6/27/2025","107841.19","CR","1050101","4215",""
"5255","186623","1","1050101","000104420000052","1","6/28/2025","107841.19","CR","1050101","4215",""
"5256","186711","1","1050101","000104420000052","1","6/29/2025","107841.19","CR","1050101","4215",""
"5257","186799","1","1050101","000104420000052","1","6/30/2025","107841.19","CR","1050101","4215",""
"5258","186881","1","1050101","000104420000052","1","6/30/2025","-3235235.70","DR","1050101","4215","35"
"5259","186976","1","1050101","000104420000052","1","7/1/2025","110854.83","CR","1050101","4215",""
"5260","187064","1","1050101","000104420000052","1","7/2/2025","110854.83","CR","1050101","4215",""
"5261","187152","1","1050101","000104420000052","1","7/3/2025","110854.83","CR","1050101","4215",""
"5262","187240","1","1050101","000104420000052","1","7/4/2025","110854.83","CR","1050101","4215",""
"5263","187328","1","1050101","000104420000052","1","7/5/2025","110854.83","CR","1050101","4215",""
"5264","187416","1","1050101","000104420000052","1","7/6/2025","110854.83","CR","1050101","4215",""
"5265","187504","1","1050101","000104420000052","1","7/7/2025","110854.83","CR","1050101","4215",""
"5266","187592","1","1050101","000104420000052","1","7/8/2025","110854.83","CR","1050101","4215",""
"5267","187680","1","1050101","000104420000052","1","7/9/2025","110854.83","CR","1050101","4215",""
"5268","187768","1","1050101","000104420000052","1","7/10/2025","110854.83","CR","1050101","4215",""
"5269","187857","1","1050101","000104420000052","1","7/11/2025","110854.83","CR","1050101","4215",""
"5270","187946","1","1050101","000104420000052","1","7/12/2025","110854.83","CR","1050101","4215",""
"5271","188035","1","1050101","000104420000052","1","7/13/2025","110854.83","CR","1050101","4215",""
"5272","188124","1","1050101","000104420000052","1","7/14/2025","110854.83","CR","1050101","4215",""
"5273","188213","1","1050101","000104420000052","1","7/15/2025","110854.83","CR","1050101","4215",""
"5274","188302","1","1050101","000104420000052","1","7/16/2025","110854.83","CR","1050101","4215",""
"5275","188391","1","1050101","000104420000052","1","7/17/2025","110854.83","CR","1050101","4215",""
"5276","188480","1","1050101","000104420000052","1","7/18/2025","110854.83","CR","1050101","4215",""
"5277","188569","1","1050101","000104420000052","1","7/19/2025","110854.83","CR","1050101","4215",""
"5278","188658","1","1050101","000104420000052","1","7/20/2025","110854.83","CR","1050101","4215",""
"5279","188747","1","1050101","000104420000052","1","7/21/2025","110854.83","CR","1050101","4215",""
"5280","188836","1","1050101","000104420000052","1","7/22/2025","110854.83","CR","1050101","4215",""
"5281","188925","1","1050101","000104420000052","1","7/23/2025","110854.83","CR","1050101","4215",""
"5282","189016","1","1050101","000104420000052","1","7/24/2025","110854.83","CR","1050101","4215",""
"5283","189107","1","1050101","000104420000052","1","7/25/2025","110854.83","CR","1050101","4215",""
"5284","189198","1","1050101","000104420000052","1","7/26/2025","110854.83","CR","1050101","4215",""
"5285","189289","1","1050101","000104420000052","1","7/27/2025","110854.83","CR","1050101","4215",""
"5286","189380","1","1050101","000104420000052","1","7/28/2025","110854.83","CR","1050101","4215",""
"5287","189471","1","1050101","000104420000052","1","7/29/2025","110854.83","CR","1050101","4215",""
"5288","189562","1","1050101","000104420000052","1","7/30/2025","110854.83","CR","1050101","4215",""
"5289","189653","1","1050101","000104420000052","1","7/31/2025","110854.83","CR","1050101","4215",""
"5290","189742","1","1050101","000104420000052","1","7/31/2025","-3436499.73","DR","1050101","4215","52"
"5291","189806","1","1050101","000104420000052","1","8/1/2025","114055.95","CR","1050101","4215",""
"5292","189897","1","1050101","000104420000052","1","8/2/2025","114055.95","CR","1050101","4215",""
"5293","189988","1","1050101","000104420000052","1","8/3/2025","114055.95","CR","1050101","4215",""
"5294","190079","1","1050101","000104420000052","1","8/4/2025","114055.95","CR","1050101","4215",""
"5295","190170","1","1050101","000104420000052","1","8/5/2025","114391.41","CR","1050101","4215",""
"5296","190261","1","1050101","000104420000052","1","8/6/2025","114391.41","CR","1050101","4215",""
"5297","190352","1","1050101","000104420000052","1","8/7/2025","114391.41","CR","1050101","4215",""
"5298","190443","1","1050101","000104420000052","1","8/8/2025","114391.41","CR","1050101","4215",""
"5299","190536","1","1050101","000104420000052","1","8/9/2025","114391.41","CR","1050101","4215",""
"5300","190629","1","1050101","000104420000052","1","8/10/2025","114391.41","CR","1050101","4215",""
"5301","190722","1","1050101","000104420000052","1","8/11/2025","114391.41","CR","1050101","4215",""
"5302","190845","1","1050101","000104420000052","1","8/12/2025","114391.41","CR","1050101","4215",""
"5303","190938","1","1050101","000104420000052","1","8/13/2025","114391.41","CR","1050101","4215",""
"5304","191031","1","1050101","000104420000052","1","8/14/2025","114391.41","CR","1050101","4215",""
"5305","191124","1","1050101","000104420000052","1","8/15/2025","114391.41","CR","1050101","4215",""
"5306","191217","1","1050101","000104420000052","1","8/16/2025","114391.41","CR","1050101","4215",""
"5307","191310","1","1050101","000104420000052","1","8/17/2025","114391.41","CR","1050101","4215",""
"5308","191403","1","1050101","000104420000052","1","8/18/2025","114391.41","CR","1050101","4215",""
"5309","191496","1","1050101","000104420000052","1","8/19/2025","114391.41","CR","1050101","4215",""
"5310","191589","1","1050101","000104420000052","1","8/20/2025","114391.41","CR","1050101","4215",""
"5311","191682","1","1050101","000104420000052","1","8/21/2025","114391.41","CR","1050101","4215",""
"5312","191775","1","1050101","000104420000052","1","8/22/2025","114391.41","CR","1050101","4215",""
"5313","191868","1","1050101","000104420000052","1","8/23/2025","114391.41","CR","1050101","4215",""
"5314","191961","1","1050101","000104420000052","1","8/24/2025","114391.41","CR","1050101","4215",""
"5315","192054","1","1050101","000104420000052","1","8/25/2025","114391.41","CR","1050101","4215",""
"5316","192147","1","1050101","000104420000052","1","8/26/2025","114391.41","CR","1050101","4215",""
"5317","192240","1","1050101","000104420000052","1","8/27/2025","114391.41","CR","1050101","4215",""
"5318","192334","1","1050101","000104420000052","1","8/28/2025","114391.41","CR","1050101","4215",""
"5319","192428","1","1050101","000104420000052","1","8/29/2025","114391.41","CR","1050101","4215",""
"5320","192522","1","1050101","000104420000052","1","8/30/2025","114391.41","CR","1050101","4215",""
"5321","192616","1","1050101","000104420000052","1","8/31/2025","114391.41","CR","1050101","4215",""
"5322","192704","1","1050101","000104420000052","1","8/31/2025","-3544791.87","DR","1050101","4215","16"
"5323","192804","1","1050101","000104420000052","1","9/1/2025","117703.12","CR","1050101","4215",""
"5324","192898","1","1050101","000104420000052","1","9/2/2025","117703.12","CR","1050101","4215",""
"5325","192992","1","1050101","000104420000052","1","9/3/2025","117703.12","CR","1050101","4215",""
"5326","193086","1","1050101","000104420000052","1","9/4/2025","117703.12","CR","1050101","4215",""
"5327","193180","1","1050101","000104420000052","1","9/5/2025","117703.12","CR","1050101","4215",""
"5328","193275","1","1050101","000104420000052","1","9/6/2025","117703.12","CR","1050101","4215",""
"5329","193370","1","1050101","000104420000052","1","9/7/2025","117703.12","CR","1050101","4215",""
"5330","193465","1","1050101","000104420000052","1","9/8/2025","117703.12","CR","1050101","4215",""
"5331","193560","1","1050101","000104420000052","1","9/9/2025","117703.12","CR","1050101","4215",""
"5332","193655","1","1050101","000104420000052","1","9/10/2025","117703.12","CR","1050101","4215",""
"5333","193750","1","1050101","000104420000052","1","9/11/2025","117703.12","CR","1050101","4215",""
"5334","193845","1","1050101","000104420000052","1","9/12/2025","117357.95","CR","1050101","4215",""
"5335","193940","1","1050101","000104420000052","1","9/13/2025","117357.95","CR","1050101","4215",""
"5336","194035","1","1050101","000104420000052","1","9/14/2025","117357.95","CR","1050101","4215",""
"5337","194130","1","1050101","000104420000052","1","9/15/2025","117357.95","CR","1050101","4215",""
"5338","194225","1","1050101","000104420000052","1","9/16/2025","117357.95","CR","1050101","4215",""
"5339","194320","1","1050101","000104420000052","1","9/17/2025","117357.95","CR","1050101","4215",""
"5340","194415","1","1050101","000104420000052","1","9/18/2025","117357.95","CR","1050101","4215",""
"5341","194510","1","1050101","000104420000052","1","9/19/2025","117357.95","CR","1050101","4215",""
"5342","194605","1","1050101","000104420000052","1","9/20/2025","117357.95","CR","1050101","4215",""
"5343","194700","1","1050101","000104420000052","1","9/21/2025","117357.95","CR","1050101","4215",""
"5344","194795","1","1050101","000104420000052","1","9/22/2025","117357.95","CR","1050101","4215",""
"5345","194890","1","1050101","000104420000052","1","9/23/2025","117357.95","CR","1050101","4215",""
"5346","194985","1","1050101","000104420000052","1","9/24/2025","117357.95","CR","1050101","4215",""
"5347","195080","1","1050101","000104420000052","1","9/25/2025","117357.95","CR","1050101","4215",""
"5348","195175","1","1050101","000104420000052","1","9/26/2025","117357.95","CR","1050101","4215",""
"5349","195270","1","1050101","000104420000052","1","9/27/2025","117357.95","CR","1050101","4215",""
"5350","195365","1","1050101","000104420000052","1","9/28/2025","117357.95","CR","1050101","4215",""
"5351","195460","1","1050101","000104420000052","1","9/29/2025","117357.95","CR","1050101","4215",""
"5352","195555","1","1050101","000104420000052","1","9/30/2025","117357.95","CR","1050101","4215",""
"5353","195649","1","1050101","000104420000052","1","9/30/2025","-3524535.37","DR","1050101","4215","23"
"5354","195724","1","1050101","000104420000052","1","10/1/2025","120641.08","CR","1050101","4215",""
"5355","195820","1","1050101","000104420000052","1","10/2/2025","120641.08","CR","1050101","4215",""
"5356","195916","1","1050101","000104420000052","1","10/3/2025","120641.08","CR","1050101","4215",""
"5357","196012","1","1050101","000104420000052","1","10/4/2025","120641.08","CR","1050101","4215",""
"5358","196108","1","1050101","000104420000052","1","10/5/2025","120641.08","CR","1050101","4215",""
"5359","196204","1","1050101","000104420000052","1","10/6/2025","120641.08","CR","1050101","4215",""
"5360","196323","1","1050101","000104420000052","1","10/7/2025","120641.08","CR","1050101","4215",""
"5361","196419","1","1050101","000104420000052","1","10/8/2025","120641.08","CR","1050101","4215",""
"5362","196515","1","1050101","000104420000052","1","10/9/2025","120641.08","CR","1050101","4215",""
"5363","196611","1","1050101","000104420000052","1","10/10/2025","120641.08","CR","1050101","4215",""
"5364","196707","1","1050101","000104420000052","1","10/11/2025","120641.08","CR","1050101","4215",""
"5365","196803","1","1050101","000104420000052","1","10/12/2025","120641.08","CR","1050101","4215",""
"5366","196899","1","1050101","000104420000052","1","10/13/2025","120641.08","CR","1050101","4215",""
"5367","196995","1","1050101","000104420000052","1","10/14/2025","120641.08","CR","1050101","4215",""
"5368","197091","1","1050101","000104420000052","1","10/15/2025","120641.08","CR","1050101","4215",""
"5369","197187","1","1050101","000104420000052","1","10/16/2025","120641.08","CR","1050101","4215",""
"5370","197283","1","1050101","000104420000052","1","10/17/2025","120641.08","CR","1050101","4215",""
"5371","197379","1","1050101","000104420000052","1","10/18/2025","120641.08","CR","1050101","4215",""
"5372","197475","1","1050101","000104420000052","1","10/19/2025","120641.08","CR","1050101","4215",""
"5373","197571","1","1050101","000104420000052","1","10/20/2025","120641.08","CR","1050101","4215",""
"5374","197667","1","1050101","000104420000052","1","10/21/2025","120641.08","CR","1050101","4215",""
"5375","197763","1","1050101","000104420000052","1","10/22/2025","120641.08","CR","1050101","4215",""
"5376","197859","1","1050101","000104420000052","1","10/23/2025","120641.08","CR","1050101","4215",""
"5377","197955","1","1050101","000104420000052","1","10/24/2025","120641.08","CR","1050101","4215",""
"5378","198051","1","1050101","000104420000052","1","10/25/2025","120641.08","CR","1050101","4215",""
"5379","198147","1","1050101","000104420000052","1","10/26/2025","120641.08","CR","1050101","4215",""
"5380","198243","1","1050101","000104420000052","1","10/27/2025","120641.08","CR","1050101","4215",""
"5381","198339","1","1050101","000104420000052","1","10/28/2025","120641.08","CR","1050101","4215",""
"5382","198435","1","1050101","000104420000052","1","10/29/2025","120641.08","CR","1050101","4215",""
"5383","198531","1","1050101","000104420000052","1","10/30/2025","120641.08","CR","1050101","4215",""
"5384","198627","1","1050101","000104420000052","1","10/31/2025","120641.08","CR","1050101","4215",""
"5385","198723","1","1050101","000104420000052","1","10/31/2025","-3739873.48","DR","1050101","4215","52"
"5386","198821","1","1050101","000104420000052","1","11/1/2025","124124.80","CR","1050101","4215",""
"5387","198918","1","1050101","000104420000052","1","11/2/2025","124124.80","CR","1050101","4215",""
"5388","199015","1","1050101","000104420000052","1","11/3/2025","124124.80","CR","1050101","4215",""
"5389","199112","1","1050101","000104420000052","1","11/4/2025","124124.80","CR","1050101","4215",""
"5390","199209","1","1050101","000104420000052","1","11/5/2025","124124.80","CR","1050101","4215",""
"5391","199306","1","1050101","000104420000052","1","11/6/2025","124124.80","CR","1050101","4215",""
"5392","199403","1","1050101","000104420000052","1","11/7/2025","124124.80","CR","1050101","4215",""
"5393","199500","1","1050101","000104420000052","1","11/8/2025","124124.80","CR","1050101","4215",""
"5394","199597","1","1050101","000104420000052","1","11/9/2025","124124.80","CR","1050101","4215",""
"5395","199694","1","1050101","000104420000052","1","11/10/2025","124124.80","CR","1050101","4215",""
"5396","199791","1","1050101","000104420000052","1","11/11/2025","124124.80","CR","1050101","4215",""
"5397","199888","1","1050101","000104420000052","1","11/12/2025","124124.80","CR","1050101","4215",""
"5398","199985","1","1050101","000104420000052","1","11/13/2025","124124.80","CR","1050101","4215",""
"5399","200082","1","1050101","000104420000052","1","11/14/2025","124124.80","CR","1050101","4215",""
"5400","200179","1","1050101","000104420000052","1","11/15/2025","124124.80","CR","1050101","4215",""
"5401","200276","1","1050101","000104420000052","1","11/16/2025","124124.80","CR","1050101","4215",""
"5402","200373","1","1050101","000104420000052","1","11/17/2025","124124.80","CR","1050101","4215",""
"5403","200470","1","1050101","000104420000052","1","11/18/2025","124124.80","CR","1050101","4215",""
"5404","200567","1","1050101","000104420000052","1","11/19/2025","124124.80","CR","1050101","4215",""
"5405","200664","1","1050101","000104420000052","1","11/20/2025","124124.80","CR","1050101","4215",""
"5406","200761","1","1050101","000104420000052","1","11/21/2025","124124.80","CR","1050101","4215",""
"5407","200858","1","1050101","000104420000052","1","11/22/2025","124124.80","CR","1050101","4215",""
"5408","200955","1","1050101","000104420000052","1","11/23/2025","124124.80","CR","1050101","4215",""
"5409","201052","1","1050101","000104420000052","1","11/24/2025","124124.80","CR","1050101","4215",""
"5410","201149","1","1050101","000104420000052","1","11/25/2025","124124.80","CR","1050101","4215",""
"5411","201246","1","1050101","000104420000052","1","11/26/2025","124124.80","CR","1050101","4215",""
"5412","201343","1","1050101","000104420000052","1","11/27/2025","124124.80","CR","1050101","4215",""
"5413","201438","1","1050101","000104420000052","1","11/28/2025","124124.80","CR","1050101","4215",""
"5414","201532","1","1050101","000104420000052","1","11/29/2025","124124.80","CR","1050101","4215",""
"5415","201627","1","1050101","000104420000052","1","11/30/2025","124124.80","CR","1050101","4215",""
"5416","201724","1","1050101","000104420000052","1","11/30/2025","-3723744.00","DR","1050101","4215","28"
"5417","201818","1","1050101","000104420000052","1","12/1/2025","127593.49","CR","1050101","4215",""
"5418","201913","1","1050101","000104420000052","1","12/2/2025","127593.49","CR","1050101","4215",""
"5419","202008","1","1050101","000104420000052","1","12/3/2025","127593.49","CR","1050101","4215",""
"5420","202103","1","1050101","000104420000052","1","12/4/2025","127593.49","CR","1050101","4215",""
"5421","202198","1","1050101","000104420000052","1","12/5/2025","127593.49","CR","1050101","4215",""
"5422","202293","1","1050101","000104420000052","1","12/6/2025","127593.49","CR","1050101","4215",""
"5423","202388","1","1050101","000104420000052","1","12/7/2025","127593.49","CR","1050101","4215",""
"5424","202483","1","1050101","000104420000052","1","12/8/2025","127593.49","CR","1050101","4215",""
"5425","202576","1","1050101","000104420000052","1","12/9/2025","127593.49","CR","1050101","4215",""
"5426","202669","1","1050101","000104420000052","1","12/10/2025","127593.49","CR","1050101","4215",""
"5427","202759","1","1050101","000104420000052","1","12/11/2025","127593.49","CR","1050101","4215",""
"5428","202842","1","1050101","000104420000052","1","12/12/2025","127593.49","CR","1050101","4215",""
"5429","202925","1","1050101","000104420000052","1","12/13/2025","127593.49","CR","1050101","4215",""
"5430","203008","1","1050101","000104420000052","1","12/14/2025","127593.49","CR","1050101","4215",""
"5431","203091","1","1050101","000104420000052","1","12/15/2025","127593.49","CR","1050101","4215",""
"5432","203174","1","1050101","000104420000052","1","12/16/2025","127593.49","CR","1050101","4215",""
"5433","203244","1","1050101","000104420000052","1","12/17/2025","127593.49","CR","1050101","4215",""
"5434","203314","1","1050101","000104420000052","1","12/18/2025","127593.49","CR","1050101","4215",""
"5435","203387","1","1050101","000104420000052","1","12/19/2025","127593.49","CR","1050101","4215",""
"5436","203461","1","1050101","000104420000052","1","12/20/2025","127593.49","CR","1050101","4215",""
"5437","203535","1","1050101","000104420000052","1","12/21/2025","127593.49","CR","1050101","4215",""
"5438","203609","1","1050101","000104420000052","1","12/22/2025","127593.49","CR","1050101","4215",""
"5439","203684","1","1050101","000104420000052","1","12/23/2025","127593.49","CR","1050101","4215",""
"5440","203758","1","1050101","000104420000052","1","12/24/2025","127593.49","CR","1050101","4215",""
"5441","203832","1","1050101","000104420000052","1","12/25/2025","127593.49","CR","1050101","4215",""
"5442","203906","1","1050101","000104420000052","1","12/26/2025","127593.49","CR","1050101","4215",""
"5443","203980","1","1050101","000104420000052","1","12/27/2025","127593.49","CR","1050101","4215",""
"5444","204054","1","1050101","000104420000052","1","12/28/2025","127593.49","CR","1050101","4215",""
"5445","204128","1","1050101","000104420000052","1","12/29/2025","124966.57","CR","1050101","4215",""
"5446","204207","1","1050101","000104420000052","1","12/30/2025","124966.57","CR","1050101","4215",""
"5447","204464","1","1050101","000104420000052","1","12/31/2025","124966.57","CR","1050101","4215",""
"5448","204538","1","1050101","000104420000052","1","12/31/2025","-3947517.43","DR","1050101","4215","30"
"5449","204618","1","1050101","000104420000052","1","1/1/2026","127734.55","CR","1050101","4215",""
"5450","204695","1","1050101","000104420000052","1","1/2/2026","127734.55","CR","1050101","4215",""
"5451","204772","1","1050101","000104420000052","1","1/3/2026","127734.55","CR","1050101","4215",""
"5452","204849","1","1050101","000104420000052","1","1/4/2026","127734.55","CR","1050101","4215",""
"5453","204926","1","1050101","000104420000052","1","1/5/2026","127734.55","CR","1050101","4215",""
"5454","205003","1","1050101","000104420000052","1","1/6/2026","127734.55","CR","1050101","4215",""
"5455","205080","1","1050101","000104420000052","1","1/7/2026","127734.55","CR","1050101","4215",""
"5456","205157","1","1050101","000104420000052","1","1/8/2026","127734.55","CR","1050101","4215",""
"5457","205234","1","1050101","000104420000052","1","1/9/2026","127734.55","CR","1050101","4215",""
"5458","205311","1","1050101","000104420000052","1","1/10/2026","127734.55","CR","1050101","4215",""
"5459","205388","1","1050101","000104420000052","1","1/11/2026","127734.55","CR","1050101","4215",""
"5460","205465","1","1050101","000104420000052","1","1/12/2026","127734.55","CR","1050101","4215",""
"5461","205541","1","1050101","000104420000052","1","1/13/2026","127734.55","CR","1050101","4215",""
"5462","205617","1","1050101","000104420000052","1","1/14/2026","127734.55","CR","1050101","4215",""
"5463","205693","1","1050101","000104420000052","1","1/15/2026","127734.55","CR","1050101","4215",""
"5464","205769","1","1050101","000104420000052","1","1/16/2026","127734.55","CR","1050101","4215",""
"5465","205845","1","1050101","000104420000052","1","1/17/2026","127734.55","CR","1050101","4215",""
"5466","205921","1","1050101","000104420000052","1","1/18/2026","127734.55","CR","1050101","4215",""
"5467","205997","1","1050101","000104420000052","1","1/19/2026","127734.55","CR","1050101","4215",""
"5468","206074","1","1050101","000104420000052","1","1/20/2026","127734.55","CR","1050101","4215",""
"5469","206151","1","1050101","000104420000052","1","1/21/2026","127734.55","CR","1050101","4215",""
"5470","206228","1","1050101","000104420000052","1","1/22/2026","127734.55","CR","1050101","4215",""
"5471","206305","1","1050101","000104420000052","1","1/23/2026","127734.55","CR","1050101","4215",""
"5472","206382","1","1050101","000104420000052","1","1/24/2026","127734.55","CR","1050101","4215",""
"5473","206459","1","1050101","000104420000052","1","1/25/2026","127734.55","CR","1050101","4215",""
"5474","206536","1","1050101","000104420000052","1","1/26/2026","127734.55","CR","1050101","4215",""
"5475","206613","1","1050101","000104420000052","1","1/27/2026","127734.55","CR","1050101","4215",""
"5476","206690","1","1050101","000104420000052","1","1/28/2026","127734.55","CR","1050101","4215",""
"5477","206767","1","1050101","000104420000052","1","1/29/2026","127734.55","CR","1050101","4215",""
"5478","206844","1","1050101","000104420000052","1","1/30/2026","127734.55","CR","1050101","4215",""
"5479","206921","1","1050101","000104420000052","1","1/31/2026","41975.65","CR","1050101","4215",""
"5480","206999","1","1050101","000104420000052","1","1/31/2026","-3874012.15","DR","1050101","4215","27"
"5481","207071","1","1050101","000104420000052","1","2/1/2026","45510.02","CR","1050101","4215",""
"5482","207148","1","1050101","000104420000052","1","2/2/2026","45510.02","CR","1050101","4215",""
"5483","207225","1","1050101","000104420000052","1","2/3/2026","45510.02","CR","1050101","4215",""
"5484","207302","1","1050101","000104420000052","1","2/4/2026","44690.02","CR","1050101","4215",""
"5485","207379","1","1050101","000104420000052","1","2/5/2026","44690.02","CR","1050101","4215",""
"5486","207456","1","1050101","000104420000052","1","2/6/2026","44690.02","CR","1050101","4215",""
"5487","207533","1","1050101","000104420000052","1","2/7/2026","44690.02","CR","1050101","4215",""
"5488","207610","1","1050101","000104420000052","1","2/8/2026","44690.02","CR","1050101","4215",""
"5489","207687","1","1050101","000104420000052","1","2/9/2026","44690.02","CR","1050101","4215",""
"5490","207764","1","1050101","000104420000052","1","2/10/2026","44690.02","CR","1050101","4215",""
"5491","207842","1","1050101","000104420000052","1","2/11/2026","44690.02","CR","1050101","4215",""
"5492","207920","1","1050101","000104420000052","1","2/12/2026","44690.02","CR","1050101","4215",""
"5493","207998","1","1050101","000104420000052","1","2/13/2026","44690.02","CR","1050101","4215",""
"5494","208076","1","1050101","000104420000052","1","2/14/2026","44690.02","CR","1050101","4215",""
"5495","208154","1","1050101","000104420000052","1","2/15/2026","44690.02","CR","1050101","4215",""
"5496","208232","1","1050101","000104420000052","1","2/16/2026","44690.02","CR","1050101","4215",""
"5497","208310","1","1050101","000104420000052","1","2/17/2026","44690.02","CR","1050101","4215",""
"5498","208388","1","1050101","000104420000052","1","2/18/2026","44690.02","CR","1050101","4215",""
"5499","208466","1","1050101","000104420000052","1","2/19/2026","44690.02","CR","1050101","4215",""
"5500","208544","1","1050101","000104420000052","1","2/20/2026","44690.02","CR","1050101","4215",""
"5501","208622","1","1050101","000104420000052","1","2/21/2026","44690.02","CR","1050101","4215",""
"5502","208700","1","1050101","000104420000052","1","2/22/2026","44690.02","CR","1050101","4215",""
"5503","208778","1","1050101","000104420000052","1","2/23/2026","44690.02","CR","1050101","4215",""
"5504","208856","1","1050101","000104420000052","1","2/24/2026","44690.02","CR","1050101","4215",""
"5505","208934","1","1050101","000104420000052","1","2/25/2026","44690.02","CR","1050101","4215",""
"5506","209012","1","1050101","000104420000052","1","2/26/2026","44690.02","CR","1050101","4215",""
"5507","209090","1","1050101","000104420000052","1","2/27/2026","44690.02","CR","1050101","4215",""
"5508","209168","1","1050101","000104420000052","1","2/28/2026","44690.02","CR","1050101","4215",""
"5509","209245","1","1050101","000104420000052","1","2/28/2026","-1253780.56","DR","1050101","4215","32"
"5510","209324","1","1050101","000104420000052","1","3/1/2026","45813.27","CR","1050101","4215",""
"5511","209402","1","1050101","000104420000052","1","3/2/2026","45813.27","CR","1050101","4215",""
"5512","209480","1","1050101","000104420000052","1","3/3/2026","45813.27","CR","1050101","4215",""
"5513","209558","1","1050101","000104420000052","1","3/4/2026","45813.27","CR","1050101","4215",""
"5514","209636","1","1050101","000104420000052","1","3/5/2026","44412.25","CR","1050101","4215",""
"5515","209714","1","1050101","000104420000052","1","3/6/2026","44412.25","CR","1050101","4215",""
"5516","209792","1","1050101","000104420000052","1","3/7/2026","44412.25","CR","1050101","4215",""
"5517","209870","1","1050101","000104420000052","1","3/8/2026","44412.25","CR","1050101","4215",""
"5518","209948","1","1050101","000104420000052","1","3/9/2026","42590.93","CR","1050101","4215",""
"5519","210026","1","1050101","000104420000052","1","3/10/2026","42590.93","CR","1050101","4215",""
"5520","210104","1","1050101","000104420000052","1","3/11/2026","42590.93","CR","1050101","4215",""
"5521","210182","1","1050101","000104420000052","1","3/12/2026","42590.93","CR","1050101","4215",""
"5522","210260","1","1050101","000104420000052","1","3/13/2026","42590.93","CR","1050101","4215",""
"5523","210338","1","1050101","000104420000052","1","3/14/2026","42590.93","CR","1050101","4215",""
"5524","210416","1","1050101","000104420000052","1","3/15/2026","42590.93","CR","1050101","4215",""
"5525","210494","1","1050101","000104420000052","1","3/16/2026","42590.93","CR","1050101","4215",""
"5526","210572","1","1050101","000104420000052","1","3/17/2026","42590.93","CR","1050101","4215",""
"5527","210650","1","1050101","000104420000052","1","3/18/2026","42590.93","CR","1050101","4215",""
"5528","210728","1","1050101","000104420000052","1","3/19/2026","42590.93","CR","1050101","4215",""
"5529","210806","1","1050101","000104420000052","1","3/20/2026","42590.93","CR","1050101","4215",""
"5530","210884","1","1050101","000104420000052","1","3/21/2026","42590.93","CR","1050101","4215",""
"5531","210962","1","1050101","000104420000052","1","3/22/2026","42590.93","CR","1050101","4215",""
"5532","211040","1","1050101","000104420000052","1","3/23/2026","42590.93","CR","1050101","4215",""
"5533","211118","1","1050101","000104420000052","1","3/24/2026","42590.93","CR","1050101","4215",""
"5534","211197","1","1050101","000104420000052","1","3/25/2026","42590.93","CR","1050101","4215",""
"5535","211277","1","1050101","000104420000052","1","3/26/2026","42590.93","CR","1050101","4215",""
"5536","211357","1","1050101","000104420000052","1","3/27/2026","42590.93","CR","1050101","4215",""
"5537","211437","1","1050101","000104420000052","1","3/28/2026","42590.93","CR","1050101","4215",""
"5538","211517","1","1050101","000104420000052","1","3/29/2026","42590.93","CR","1050101","4215",""
"5539","211597","1","1050101","000104420000052","1","3/30/2026","42590.93","CR","1050101","4215",""
"5540","211677","1","1050101","000104420000052","1","3/31/2026","42590.93","CR","1050101","4215",""
"5541","211758","1","1050101","000104420000052","1","3/31/2026","-1340493.47","DR","1050101","4215","48"
"5542","211837","1","1050101","000104420000052","1","4/1/2026","43707.39","CR","1050101","4215",""
"5543","211917","1","1050101","000104420000052","1","4/2/2026","43707.39","CR","1050101","4215",""
"5544","211997","1","1050101","000104420000052","1","4/3/2026","43707.39","CR","1050101","4215",""
"5545","212077","1","1050101","000104420000052","1","4/4/2026","43707.39","CR","1050101","4215",""
"5546","212157","1","1050101","000104420000052","1","4/5/2026","43707.39","CR","1050101","4215",""
"5547","212237","1","1050101","000104420000052","1","4/6/2026","43707.39","CR","1050101","4215",""
"5548","212317","1","1050101","000104420000052","1","4/7/2026","43707.39","CR","1050101","4215",""
"5549","212397","1","1050101","000104420000052","1","4/8/2026","43707.39","CR","1050101","4215",""
"5550","212477","1","1050101","000104420000052","1","4/9/2026","43707.39","CR","1050101","4215",""
"5551","212557","1","1050101","000104420000052","1","4/10/2026","43707.39","CR","1050101","4215",""
"5552","212637","1","1050101","000104420000052","1","4/11/2026","43707.39","CR","1050101","4215",""
"5553","212717","1","1050101","000104420000052","1","4/12/2026","43707.39","CR","1050101","4215",""
"5554","212797","1","1050101","000104420000052","1","4/13/2026","43707.39","CR","1050101","4215",""
"5555","212877","1","1050101","000104420000052","1","4/14/2026","43707.39","CR","1050101","4215",""
"5556","212957","1","1050101","000104420000052","1","4/15/2026","43707.39","CR","1050101","4215",""
"5557","213037","1","1050101","000104420000052","1","4/16/2026","43707.39","CR","1050101","4215",""
"5558","213117","1","1050101","000104420000052","1","4/17/2026","43707.39","CR","1050101","4215",""
"5559","213197","1","1050101","000104420000052","1","4/18/2026","43707.39","CR","1050101","4215",""
"5560","213277","1","1050101","000104420000052","1","4/19/2026","43707.39","CR","1050101","4215",""
"5561","213357","1","1050101","000104420000052","1","4/20/2026","41407.01","CR","1050101","4215",""
"5562","213437","1","1050101","000104420000052","1","4/21/2026","41407.01","CR","1050101","4215",""
"5563","213517","1","1050101","000104420000052","1","4/22/2026","41407.01","CR","1050101","4215",""
"5564","213597","1","1050101","000104420000052","1","4/23/2026","41407.01","CR","1050101","4215",""
"5565","213678","1","1050101","000104420000052","1","4/24/2026","41407.01","CR","1050101","4215",""
"5566","213759","1","1050101","000104420000052","1","4/25/2026","41407.01","CR","1050101","4215",""
"5567","213840","1","1050101","000104420000052","1","4/26/2026","41407.01","CR","1050101","4215",""
"5568","213921","1","1050101","000104420000052","1","4/27/2026","41407.01","CR","1050101","4215",""
"5569","214002","1","1050101","000104420000052","1","4/28/2026","41407.01","CR","1050101","4215",""
"5570","214084","1","1050101","000104420000052","1","4/29/2026","41407.01","CR","1050101","4215",""
"5571","214166","1","1050101","000104420000052","1","4/30/2026","41407.01","CR","1050101","4215",""
"5572","214246","1","1050101","000104420000052","1","4/30/2026","-1285917.52","DR","1050101","4215","26"
"5573","214328","1","1050101","000104420000052","1","5/1/2026","42421.65","CR","1050101","4215",""
"5574","214408","1","1050101","000104420000052","1","5/2/2026","42421.65","CR","1050101","4215",""
"5575","214488","1","1050101","000104420000052","1","5/3/2026","42421.65","CR","1050101","4215",""
"5576","214568","1","1050101","000104420000052","1","5/4/2026","42421.65","CR","1050101","4215",""
"5577","214648","1","1050101","000104420000052","1","5/5/2026","42421.65","CR","1050101","4215",""
"5578","214728","1","1050101","000104420000052","1","5/6/2026","42127.05","CR","1050101","4215",""
"5579","214808","1","1050101","000104420000052","1","5/7/2026","42127.05","CR","1050101","4215",""
"5580","214888","1","1050101","000104420000052","1","5/8/2026","42127.05","CR","1050101","4215",""
"5581","214968","1","1050101","000104420000052","1","5/9/2026","42127.05","CR","1050101","4215",""
"5582","215048","1","1050101","000104420000052","1","5/10/2026","42127.05","CR","1050101","4215",""
"5583","215128","1","1050101","000104420000052","1","5/11/2026","42127.05","CR","1050101","4215",""
"5584","215208","1","1050101","000104420000052","1","5/12/2026","42127.05","CR","1050101","4215",""
"5585","215288","1","1050101","000104420000052","1","5/13/2026","42127.05","CR","1050101","4215",""
"5586","215368","1","1050101","000104420000052","1","5/14/2026","42127.05","CR","1050101","4215",""
"5587","215448","1","1050101","000104420000052","1","5/15/2026","42127.05","CR","1050101","4215",""
"5588","215528","1","1050101","000104420000052","1","5/16/2026","42127.05","CR","1050101","4215",""
"5589","215608","1","1050101","000104420000052","1","5/17/2026","42127.05","CR","1050101","4215",""
"5590","215688","1","1050101","000104420000052","1","5/18/2026","42127.05","CR","1050101","4215",""
"5591","215768","1","1050101","000104420000052","1","5/19/2026","42127.05","CR","1050101","4215",""
"5592","215848","1","1050101","000104420000052","1","5/20/2026","42127.05","CR","1050101","4215",""
"5593","215928","1","1050101","000104420000052","1","5/21/2026","42127.05","CR","1050101","4215",""
"5594","216008","1","1050101","000104420000052","1","5/22/2026","42127.05","CR","1050101","4215",""
"5595","216088","1","1050101","000104420000052","1","5/23/2026","42127.05","CR","1050101","4215",""
"5596","216168","1","1050101","000104420000052","1","5/24/2026","42127.05","CR","1050101","4215",""
"5597","216248","1","1050101","000104420000052","1","5/25/2026","42127.05","CR","1050101","4215",""
"5598","216328","1","1050101","000104420000052","1","5/26/2026","42127.05","CR","1050101","4215",""
"5599","216408","1","1050101","000104420000052","1","5/27/2026","42127.05","CR","1050101","4215",""
"5600","216488","1","1050101","000104420000052","1","5/28/2026","42127.05","CR","1050101","4215",""
"5601","216568","1","1050101","000104420000052","1","5/29/2026","42127.05","CR","1050101","4215",""
"5602","216648","1","1050101","000104420000052","1","5/30/2026","42127.05","CR","1050101","4215",""
"5603","216728","1","1050101","000104420000052","1","5/31/2026","42127.05","CR","1050101","4215",""
"5604","216808","1","1050101","000104420000052","1","5/31/2026","-1307411.55","DR","1050101","4215","34"
"5605","216889","1","1050101","000104420000052","1","6/1/2026","43151.49","CR","1050101","4215",""
"5606","216969","1","1050101","000104420000052","1","6/2/2026","43151.49","CR","1050101","4215",""
"5607","217051","1","1050101","000104420000052","1","6/3/2026","42849.73","CR","1050101","4215",""
"5608","217133","1","1050101","000104420000052","1","6/4/2026","42849.73","CR","1050101","4215",""
"5609","217215","1","1050101","000104420000052","1","6/5/2026","42849.73","CR","1050101","4215",""
"5610","217297","1","1050101","000104420000052","1","6/6/2026","42849.73","CR","1050101","4215",""
"5611","217379","1","1050101","000104420000052","1","6/7/2026","42849.73","CR","1050101","4215",""
"5612","217461","1","1050101","000104420000052","1","6/8/2026","42849.73","CR","1050101","4215",""
"5613","217543","1","1050101","000104420000052","1","6/9/2026","42849.73","CR","1050101","4215",""
"5614","217625","1","1050101","000104420000052","1","6/10/2026","42849.73","CR","1050101","4215",""
"5615","217707","1","1050101","000104420000052","1","6/11/2026","42849.73","CR","1050101","4215",""
"5616","217789","1","1050101","000104420000052","1","6/12/2026","42849.73","CR","1050101","4215",""
"5617","217871","1","1050101","000104420000052","1","6/13/2026","42849.73","CR","1050101","4215",""
"5618","217953","1","1050101","000104420000052","1","6/14/2026","42849.73","CR","1050101","4215",""
"5619","218035","1","1050101","000104420000052","1","6/15/2026","42849.73","CR","1050101","4215",""
"5620","218117","1","1050101","000104420000052","1","6/16/2026","42849.73","CR","1050101","4215",""
"5621","218199","1","1050101","000104420000052","1","6/17/2026","42849.73","CR","1050101","4215",""
"5622","218281","1","1050101","000104420000052","1","6/18/2026","42849.73","CR","1050101","4215",""
"5623","218363","1","1050101","000104420000052","1","6/19/2026","42849.73","CR","1050101","4215",""
"5624","218444","1","1050101","000104420000052","1","6/20/2026","42849.73","CR","1050101","4215",""
"5625","218525","1","1050101","000104420000052","1","6/21/2026","42849.73","CR","1050101","4215",""
"5626","218606","1","1050101","000104420000052","1","6/22/2026","42849.73","CR","1050101","4215",""
"5627","218687","1","1050101","000104420000052","1","6/23/2026","42849.73","CR","1050101","4215",""
"5628","218768","1","1050101","000104420000052","1","6/24/2026","42849.73","CR","1050101","4215",""
"5629","218849","1","1050101","000104420000052","1","6/25/2026","42849.73","CR","1050101","4215",""
"5630","218930","1","1050101","000104420000052","1","6/26/2026","42849.73","CR","1050101","4215",""
"5631","219010","1","1050101","000104420000052","1","6/27/2026","42849.73","CR","1050101","4215",""
"5632","219090","1","1050101","000104420000052","1","6/28/2026","42849.73","CR","1050101","4215",""
"5633","219170","1","1050101","000104420000052","1","6/29/2026","42849.73","CR","1050101","4215",""
"5634","219248","1","1050101","000104420000052","1","6/30/2026","42849.73","CR","1050101","4215",""
"5635","219328","1","1050101","000104420000052","1","6/30/2026","-1286095.42","DR","1050101","4215","38"
"5636","219406","1","1050101","000104420000052","1","7/1/2026","43850.42","CR","1050101","4215",""
"5637","219485","1","1050101","000104420000052","1","7/2/2026","43850.42","CR","1050101","4215",""
"5638","219564","1","1050101","000104420000052","1","7/3/2026","44004.82","CR","1050101","4215",""
"5639","219643","1","1050101","000104420000052","1","7/4/2026","44004.82","CR","1050101","4215",""
"5640","219722","1","1050101","000104420000052","1","7/5/2026","44004.82","CR","1050101","4215",""
"5641","219801","1","1050101","000104420000052","1","7/6/2026","44004.82","CR","1050101","4215",""
"5642","219880","1","1050101","000104420000052","1","7/7/2026","44004.82","CR","1050101","4215",""
"5643","219959","1","1050101","000104420000052","1","7/8/2026","44004.82","CR","1050101","4215",""
"5644","220038","1","1050101","000104420000052","1","7/9/2026","44004.82","CR","1050101","4215",""
"5645","220117","1","1050101","000104420000052","1","7/10/2026","44004.82","CR","1050101","4215",""
"5646","220196","1","1050101","000104420000052","1","7/11/2026","44004.82","CR","1050101","4215",""
"5647","220275","1","1050101","000104420000052","1","7/12/2026","44004.82","CR","1050101","4215",""
"5648","220354","1","1050101","000104420000052","1","7/13/2026","44004.82","CR","1050101","4215",""
"5649","220433","1","1050101","000104420000052","1","7/14/2026","44004.82","CR","1050101","4215",""
"5650","220512","1","1050101","000104420000052","1","7/15/2026","44004.82","CR","1050101","4215",""
"5651","220591","1","1050101","000104420000052","1","7/16/2026","44004.82","CR","1050101","4215",""
"5652","220670","1","1050101","000104420000052","1","7/17/2026","44004.82","CR","1050101","4215",""
"5653","220749","1","1050101","000104420000052","1","7/18/2026","44004.82","CR","1050101","4215",""
"5654","220828","1","1050101","000104420000052","1","7/19/2026","44004.82","CR","1050101","4215",""
"5655","220907","1","1050101","000104420000052","1","7/20/2026","44004.82","CR","1050101","4215",""
"5656","220986","1","1050101","000104420000052","1","7/21/2026","44004.82","CR","1050101","4215",""
"5657","221065","1","1050101","000104420000052","1","7/22/2026","44004.82","CR","1050101","4215",""
"5658","221143","1","1050101","000104420000052","1","7/23/2026","44004.82","CR","1050101","4215",""
"5659","221221","1","1050101","000104420000052","1","7/24/2026","44004.82","CR","1050101","4215",""
"5660","221299","1","1050101","000104420000052","1","7/25/2026","44004.82","CR","1050101","4215",""
"5661","221377","1","1050101","000104420000052","1","7/26/2026","44004.82","CR","1050101","4215",""
"5662","221455","1","1050101","000104420000052","1","7/27/2026","44004.82","CR","1050101","4215",""
"5663","221533","1","1050101","000104420000052","1","7/28/2026","44004.82","CR","1050101","4215",""
"5664","221611","1","1050101","000104420000052","1","7/29/2026","44004.82","CR","1050101","4215",""
"5665","221689","1","1050101","000104420000052","1","7/30/2026","44004.82","CR","1050101","4215",""
"5666","221767","1","1050101","000104420000052","1","7/31/2026","44004.82","CR","1050101","4215",""
"5667","221845","1","1050101","000104420000052","1","7/31/2026","-1363840.62","DR","1050101","4215","45"
"5668","221924","1","1050101","000104420000052","1","8/1/2026","45069.74","CR","1050101","4215",""
"5669","222003","1","1050101","000104420000052","1","8/2/2026","45069.74","CR","1050101","4215",""
"5670","222082","1","1050101","000104420000052","1","8/3/2026","45069.74","CR","1050101","4215",""
"5671","222161","1","1050101","000104420000052","1","8/4/2026","45069.74","CR","1050101","4215",""
"5672","222240","1","1050101","000104420000052","1","8/5/2026","45544.16","CR","1050101","4215",""
"5673","222319","1","1050101","000104420000052","1","8/6/2026","45544.16","CR","1050101","4215",""
"5674","222398","1","1050101","000104420000052","1","8/7/2026","45544.16","CR","1050101","4215",""
"5675","222477","1","1050101","000104420000052","1","8/8/2026","45544.16","CR","1050101","4215",""
"5676","222556","1","1050101","000104420000052","1","8/9/2026","45544.16","CR","1050101","4215",""
"5677","222635","1","1050101","000104420000052","1","8/10/2026","45544.16","CR","1050101","4215",""
"5678","222714","1","1050101","000104420000052","1","8/11/2026","45544.16","CR","1050101","4215",""
"5679","222793","1","1050101","000104420000052","1","8/12/2026","45544.16","CR","1050101","4215",""
"5680","222872","1","1050101","000104420000052","1","8/13/2026","45544.16","CR","1050101","4215",""
"5681","222951","1","1050101","000104420000052","1","8/14/2026","45544.16","CR","1050101","4215",""
"5682","223030","1","1050101","000104420000052","1","8/15/2026","45544.16","CR","1050101","4215",""
"5683","223109","1","1050101","000104420000052","1","8/16/2026","45544.16","CR","1050101","4215",""
"5684","223188","1","1050101","000104420000052","1","8/17/2026","45544.16","CR","1050101","4215",""
"5685","223268","1","1050101","000104420000052","1","8/18/2026","45544.16","CR","1050101","4215",""
"5686","223348","1","1050101","000104420000052","1","8/19/2026","45544.16","CR","1050101","4215",""
"5687","223428","1","1050101","000104420000052","1","8/20/2026","45544.16","CR","1050101","4215",""
"5688","223508","1","1050101","000104420000052","1","8/21/2026","45544.16","CR","1050101","4215",""
"5689","223588","1","1050101","000104420000052","1","8/22/2026","45544.16","CR","1050101","4215",""
"5690","223668","1","1050101","000104420000052","1","8/23/2026","45544.16","CR","1050101","4215",""
"5691","223748","1","1050101","000104420000052","1","8/24/2026","45544.16","CR","1050101","4215",""
"5692","223828","1","1050101","000104420000052","1","8/25/2026","45544.16","CR","1050101","4215",""
"5693","223909","1","1050101","000104420000052","1","8/26/2026","45544.16","CR","1050101","4215",""
"5694","223990","1","1050101","000104420000052","1","8/27/2026","45544.16","CR","1050101","4215",""
"5695","224071","1","1050101","000104420000052","1","8/28/2026","45544.16","CR","1050101","4215",""
"5696","224152","1","1050101","000104420000052","1","8/29/2026","45544.16","CR","1050101","4215",""
"5697","224233","1","1050101","000104420000052","1","8/30/2026","45544.16","CR","1050101","4215",""
"5698","224314","1","1050101","000104420000052","1","8/31/2026","45544.16","CR","1050101","4215",""
"5699","224397","1","1050101","000104420000052","1","8/31/2026","-1409971.28","DR","1050101","4215","51"
"5700","224478","1","1050101","000104420000052","1","9/1/2026","46656.68","CR","1050101","4215",""
"5701","224560","1","1050101","000104420000052","1","9/2/2026","46656.68","CR","1050101","4215",""
"5702","224642","1","1050101","000104420000052","1","9/3/2026","46656.68","CR","1050101","4215",""
"5703","224724","1","1050101","000104420000052","1","9/4/2026","46656.68","CR","1050101","4215",""
"5704","224806","1","1050101","000104420000052","1","9/5/2026","46656.68","CR","1050101","4215",""
"5705","224888","1","1050101","000104420000052","1","9/6/2026","46656.68","CR","1050101","4215",""
"5706","224970","1","1050101","000104420000052","1","9/7/2026","46656.68","CR","1050101","4215",""
"5707","225052","1","1050101","000104420000052","1","9/8/2026","46656.68","CR","1050101","4215",""
"5708","225134","1","1050101","000104420000052","1","9/9/2026","46656.68","CR","1050101","4215",""
"5709","225216","1","1050101","000104420000052","1","9/10/2026","46656.68","CR","1050101","4215",""
"5710","225298","1","1050101","000104420000052","1","9/11/2026","46656.68","CR","1050101","4215",""
"5711","225380","1","1050101","000104420000052","1","9/12/2026","46656.68","CR","1050101","4215",""
"5712","225462","1","1050101","000104420000052","1","9/13/2026","46656.68","CR","1050101","4215",""
"5713","225544","1","1050101","000104420000052","1","9/14/2026","46656.68","CR","1050101","4215",""
"5714","225626","1","1050101","000104420000052","1","9/15/2026","46656.68","CR","1050101","4215",""
"5715","225708","1","1050101","000104420000052","1","9/16/2026","46656.68","CR","1050101","4215",""
"5716","225790","1","1050101","000104420000052","1","9/17/2026","46656.68","CR","1050101","4215",""
"5717","225872","1","1050101","000104420000052","1","9/18/2026","46656.68","CR","1050101","4215",""
"5718","225954","1","1050101","000104420000052","1","9/19/2026","46656.68","CR","1050101","4215",""
"5719","226036","1","1050101","000104420000052","1","9/20/2026","46656.68","CR","1050101","4215",""
"5720","226118","1","1050101","000104420000052","1","9/21/2026","46656.68","CR","1050101","4215",""
"5721","226200","1","1050101","000104420000052","1","9/22/2026","46656.68","CR","1050101","4215",""
"5722","226282","1","1050101","000104420000052","1","9/23/2026","46656.68","CR","1050101","4215",""
"5723","226364","1","1050101","000104420000052","1","9/24/2026","46656.68","CR","1050101","4215",""
"5724","226446","1","1050101","000104420000052","1","9/25/2026","46656.68","CR","1050101","4215",""
"5725","226528","1","1050101","000104420000052","1","9/26/2026","46656.68","CR","1050101","4215",""
"5726","226610","1","1050101","000104420000052","1","9/27/2026","46656.68","CR","1050101","4215",""
"5727","226692","1","1050101","000104420000052","1","9/28/2026","46656.68","CR","1050101","4215",""
"5728","226774","1","1050101","000104420000052","1","9/29/2026","46656.68","CR","1050101","4215",""
"5729","166637","1","1050101","000104420000062","1","11/1/2024","125682.21","CR","1050101","4215",""
"5730","166638","1","1050101","000104420000062","1","11/2/2024","125682.21","CR","1050101","4215",""
"5731","166639","1","1050101","000104420000062","1","11/3/2024","125682.21","CR","1050101","4215",""
"5732","166640","1","1050101","000104420000062","1","11/4/2024","125682.21","CR","1050101","4215",""
"5733","166641","1","1050101","000104420000062","1","11/5/2024","125682.21","CR","1050101","4215",""
"5734","166642","1","1050101","000104420000062","1","11/6/2024","125682.21","CR","1050101","4215",""
"5735","166643","1","1050101","000104420000062","1","11/7/2024","125682.21","CR","1050101","4215",""
"5736","166644","1","1050101","000104420000062","1","11/8/2024","125682.21","CR","1050101","4215",""
"5737","166645","1","1050101","000104420000062","1","11/9/2024","125682.21","CR","1050101","4215",""
"5738","166646","1","1050101","000104420000062","1","11/10/2024","125682.21","CR","1050101","4215",""
"5739","166647","1","1050101","000104420000062","1","11/11/2024","125682.21","CR","1050101","4215",""
"5740","166648","1","1050101","000104420000062","1","11/12/2024","125682.21","CR","1050101","4215",""
"5741","166649","1","1050101","000104420000062","1","11/13/2024","125682.21","CR","1050101","4215",""
"5742","167531","1","1050101","000104420000062","1","11/14/2024","125682.21","CR","1050101","4215",""
"5743","167532","1","1050101","000104420000062","1","11/15/2024","125682.21","CR","1050101","4215",""
"5744","167533","1","1050101","000104420000062","1","11/16/2024","125682.21","CR","1050101","4215",""
"5745","167534","1","1050101","000104420000062","1","11/17/2024","125682.21","CR","1050101","4215",""
"5746","167831","1","1050101","000104420000062","1","11/18/2024","125682.21","CR","1050101","4215",""
"5747","167907","1","1050101","000104420000062","1","11/19/2024","125682.21","CR","1050101","4215",""
"5748","167983","1","1050101","000104420000062","1","11/20/2024","125682.21","CR","1050101","4215",""
"5749","168059","1","1050101","000104420000062","1","11/21/2024","125682.21","CR","1050101","4215",""
"5750","168135","1","1050101","000104420000062","1","11/22/2024","125682.21","CR","1050101","4215",""
"5751","168211","1","1050101","000104420000062","1","11/23/2024","125682.21","CR","1050101","4215",""
"5752","168287","1","1050101","000104420000062","1","11/24/2024","125682.21","CR","1050101","4215",""
"5753","168363","1","1050101","000104420000062","1","11/25/2024","125682.21","CR","1050101","4215",""
"5754","168439","1","1050101","000104420000062","1","11/26/2024","125682.21","CR","1050101","4215",""
"5755","168515","1","1050101","000104420000062","1","11/27/2024","125682.21","CR","1050101","4215",""
"5756","168592","1","1050101","000104420000062","1","11/28/2024","125682.21","CR","1050101","4215",""
"5757","168669","1","1050101","000104420000062","1","11/29/2024","125682.21","CR","1050101","4215",""
"5758","168745","1","1050101","000104420000062","1","11/30/2024","125682.21","CR","1050101","4215",""
"5759","168820","1","1050101","000104420000062","1","11/30/2024","-3770466.30","DR","1050101","4215","80"
"5760","168898","1","1050101","000104420000062","1","12/1/2024","129173.76","CR","1050101","4215",""
"5761","168974","1","1050101","000104420000062","1","12/2/2024","122691.57","CR","1050101","4215",""
"5762","169050","1","1050101","000104420000062","1","12/3/2024","122691.57","CR","1050101","4215",""
"5763","169126","1","1050101","000104420000062","1","12/4/2024","122691.57","CR","1050101","4215",""
"5764","169202","1","1050101","000104420000062","1","12/5/2024","122691.57","CR","1050101","4215",""
"5765","169278","1","1050101","000104420000062","1","12/6/2024","122691.57","CR","1050101","4215",""
"5766","169354","1","1050101","000104420000062","1","12/7/2024","122691.57","CR","1050101","4215",""
"5767","169430","1","1050101","000104420000062","1","12/8/2024","122691.57","CR","1050101","4215",""
"5768","169506","1","1050101","000104420000062","1","12/9/2024","122691.57","CR","1050101","4215",""
"5769","169582","1","1050101","000104420000062","1","12/10/2024","122691.57","CR","1050101","4215",""
"5770","169658","1","1050101","000104420000062","1","12/11/2024","122691.57","CR","1050101","4215",""
"5771","169734","1","1050101","000104420000062","1","12/12/2024","122691.57","CR","1050101","4215",""
"5772","169810","1","1050101","000104420000062","1","12/13/2024","122691.57","CR","1050101","4215",""
"5773","169886","1","1050101","000104420000062","1","12/14/2024","122691.57","CR","1050101","4215",""
"5774","169962","1","1050101","000104420000062","1","12/15/2024","122691.57","CR","1050101","4215",""
"5775","170038","1","1050101","000104420000062","1","12/16/2024","122691.57","CR","1050101","4215",""
"5776","170114","1","1050101","000104420000062","1","12/17/2024","122691.57","CR","1050101","4215",""
"5777","170190","1","1050101","000104420000062","1","12/18/2024","122691.57","CR","1050101","4215",""
"5778","170266","1","1050101","000104420000062","1","12/19/2024","122691.57","CR","1050101","4215",""
"5779","170342","1","1050101","000104420000062","1","12/20/2024","122691.57","CR","1050101","4215",""
"5780","170418","1","1050101","000104420000062","1","12/21/2024","122691.57","CR","1050101","4215",""
"5781","170494","1","1050101","000104420000062","1","12/22/2024","122691.57","CR","1050101","4215",""
"5782","170570","1","1050101","000104420000062","1","12/23/2024","122691.57","CR","1050101","4215",""
"5783","170646","1","1050101","000104420000062","1","12/24/2024","122691.57","CR","1050101","4215",""
"5784","170722","1","1050101","000104420000062","1","12/25/2024","122691.57","CR","1050101","4215",""
"5785","170798","1","1050101","000104420000062","1","12/26/2024","122691.57","CR","1050101","4215",""
"5786","170874","1","1050101","000104420000062","1","12/27/2024","122691.57","CR","1050101","4215",""
"5787","170950","1","1050101","000104420000062","1","12/28/2024","122691.57","CR","1050101","4215",""
"5788","171026","1","1050101","000104420000062","1","12/29/2024","122691.57","CR","1050101","4215",""
"5789","171102","1","1050101","000104420000062","1","12/30/2024","122691.57","CR","1050101","4215",""
"5790","171178","1","1050101","000104420000062","1","12/31/2024","122691.57","CR","1050101","4215",""
"5791","171247","1","1050101","000104420000062","1","12/31/2024","-3809920.86","DR","1050101","4215","80"
"5792","171456","1","1050101","000104420000062","1","1/1/2025","126219.66","CR","1050101","4215",""
"5793","171533","1","1050101","000104420000062","1","1/2/2025","126219.66","CR","1050101","4215",""
"5794","171610","1","1050101","000104420000062","1","1/3/2025","126219.66","CR","1050101","4215",""
"5795","171687","1","1050101","000104420000062","1","1/4/2025","126219.66","CR","1050101","4215",""
"5796","171764","1","1050101","000104420000062","1","1/5/2025","126219.66","CR","1050101","4215",""
"5797","171841","1","1050101","000104420000062","1","1/6/2025","126219.66","CR","1050101","4215",""
"5798","171918","1","1050101","000104420000062","1","1/7/2025","126219.66","CR","1050101","4215",""
"5799","171995","1","1050101","000104420000062","1","1/8/2025","126219.66","CR","1050101","4215",""
"5800","172072","1","1050101","000104420000062","1","1/9/2025","126219.66","CR","1050101","4215",""
"5801","172149","1","1050101","000104420000062","1","1/10/2025","126219.66","CR","1050101","4215",""
"5802","172226","1","1050101","000104420000062","1","1/11/2025","126219.66","CR","1050101","4215",""
"5803","172303","1","1050101","000104420000062","1","1/12/2025","126219.66","CR","1050101","4215",""
"5804","172380","1","1050101","000104420000062","1","1/13/2025","126219.66","CR","1050101","4215",""
"5805","172457","1","1050101","000104420000062","1","1/14/2025","126219.66","CR","1050101","4215",""
"5806","172534","1","1050101","000104420000062","1","1/15/2025","126219.66","CR","1050101","4215",""
"5807","172611","1","1050101","000104420000062","1","1/16/2025","126219.66","CR","1050101","4215",""
"5808","172688","1","1050101","000104420000062","1","1/17/2025","126219.66","CR","1050101","4215",""
"5809","172765","1","1050101","000104420000062","1","1/18/2025","126219.66","CR","1050101","4215",""
"5810","172842","1","1050101","000104420000062","1","1/19/2025","126219.66","CR","1050101","4215",""
"5811","172919","1","1050101","000104420000062","1","1/20/2025","126219.66","CR","1050101","4215",""
"5812","172996","1","1050101","000104420000062","1","1/21/2025","126219.66","CR","1050101","4215",""
"5813","173073","1","1050101","000104420000062","1","1/22/2025","126219.66","CR","1050101","4215",""
"5814","173150","1","1050101","000104420000062","1","1/23/2025","126219.66","CR","1050101","4215",""
"5815","173227","1","1050101","000104420000062","1","1/24/2025","126219.66","CR","1050101","4215",""
"5816","173304","1","1050101","000104420000062","1","1/25/2025","126219.66","CR","1050101","4215",""
"5817","173381","1","1050101","000104420000062","1","1/26/2025","126219.66","CR","1050101","4215",""
"5818","173458","1","1050101","000104420000062","1","1/27/2025","126219.66","CR","1050101","4215",""
"5819","173535","1","1050101","000104420000062","1","1/28/2025","126219.66","CR","1050101","4215",""
"5820","173612","1","1050101","000104420000062","1","1/29/2025","126219.66","CR","1050101","4215",""
"5821","173689","1","1050101","000104420000062","1","1/30/2025","126219.66","CR","1050101","4215",""
"5822","173766","1","1050101","000104420000062","1","1/31/2025","113255.28","CR","1050101","4215",""
"5823","173839","1","1050101","000104420000062","1","1/31/2025","-3899845.08","DR","1050101","4215","46"
"5824","173893","1","1050101","000104420000062","1","2/1/2025","116866.64","CR","1050101","4215",""
"5825","173972","1","1050101","000104420000062","1","2/2/2025","116866.64","CR","1050101","4215",""
"5826","174051","1","1050101","000104420000062","1","2/3/2025","116866.64","CR","1050101","4215",""
"5827","174130","1","1050101","000104420000062","1","2/4/2025","116866.64","CR","1050101","4215",""
"5828","174209","1","1050101","000104420000062","1","2/5/2025","116866.64","CR","1050101","4215",""
"5829","174288","1","1050101","000104420000062","1","2/6/2025","116866.64","CR","1050101","4215",""
"5830","174367","1","1050101","000104420000062","1","2/7/2025","116866.64","CR","1050101","4215",""
"5831","174446","1","1050101","000104420000062","1","2/8/2025","116866.64","CR","1050101","4215",""
"5832","174525","1","1050101","000104420000062","1","2/9/2025","116866.64","CR","1050101","4215",""
"5833","174604","1","1050101","000104420000062","1","2/10/2025","116866.64","CR","1050101","4215",""
"5834","174683","1","1050101","000104420000062","1","2/11/2025","116866.64","CR","1050101","4215",""
"5835","174762","1","1050101","000104420000062","1","2/12/2025","116866.64","CR","1050101","4215",""
"5836","174841","1","1050101","000104420000062","1","2/13/2025","116866.64","CR","1050101","4215",""
"5837","174920","1","1050101","000104420000062","1","2/14/2025","116866.64","CR","1050101","4215",""
"5838","174999","1","1050101","000104420000062","1","2/15/2025","116866.64","CR","1050101","4215",""
"5839","175078","1","1050101","000104420000062","1","2/16/2025","116866.64","CR","1050101","4215",""
"5840","175157","1","1050101","000104420000062","1","2/17/2025","116866.64","CR","1050101","4215",""
"5841","175236","1","1050101","000104420000062","1","2/18/2025","110384.45","CR","1050101","4215",""
"5842","175315","1","1050101","000104420000062","1","2/19/2025","110384.45","CR","1050101","4215",""
"5843","175394","1","1050101","000104420000062","1","2/20/2025","110384.45","CR","1050101","4215",""
"5844","175473","1","1050101","000104420000062","1","2/21/2025","110384.45","CR","1050101","4215",""
"5845","175552","1","1050101","000104420000062","1","2/22/2025","110384.45","CR","1050101","4215",""
"5846","175631","1","1050101","000104420000062","1","2/23/2025","110384.45","CR","1050101","4215",""
"5847","175710","1","1050101","000104420000062","1","2/24/2025","110384.45","CR","1050101","4215",""
"5848","175789","1","1050101","000104420000062","1","2/25/2025","110384.45","CR","1050101","4215",""
"5849","175868","1","1050101","000104420000062","1","2/26/2025","110384.45","CR","1050101","4215",""
"5850","175947","1","1050101","000104420000062","1","2/27/2025","110384.45","CR","1050101","4215",""
"5851","176026","1","1050101","000104420000062","1","2/28/2025","110384.45","CR","1050101","4215",""
"5852","176097","1","1050101","000104420000062","1","2/28/2025","-3200961.83","DR","1050101","4215","13"
"5853","176184","1","1050101","000104420000062","1","3/1/2025","113348.63","CR","1050101","4215",""
"5854","176263","1","1050101","000104420000062","1","3/2/2025","113348.63","CR","1050101","4215",""
"5855","176824","1","1050101","000104420000062","1","3/3/2025","113348.63","CR","1050101","4215",""
"5856","176836","1","1050101","000104420000062","1","3/4/2025","113348.63","CR","1050101","4215",""
"5857","176848","1","1050101","000104420000062","1","3/5/2025","113348.63","CR","1050101","4215",""
"5858","176860","1","1050101","000104420000062","1","3/6/2025","113348.63","CR","1050101","4215",""
"5859","176872","1","1050101","000104420000062","1","3/7/2025","113348.63","CR","1050101","4215",""
"5860","176884","1","1050101","000104420000062","1","3/8/2025","113348.63","CR","1050101","4215",""
"5861","176896","1","1050101","000104420000062","1","3/9/2025","113348.63","CR","1050101","4215",""
"5862","176908","1","1050101","000104420000062","1","3/10/2025","113348.63","CR","1050101","4215",""
"5863","176920","1","1050101","000104420000062","1","3/11/2025","113348.63","CR","1050101","4215",""
"5864","176932","1","1050101","000104420000062","1","3/12/2025","113348.63","CR","1050101","4215",""
"5865","176944","1","1050101","000104420000062","1","3/13/2025","113348.63","CR","1050101","4215",""
"5866","176956","1","1050101","000104420000062","1","3/14/2025","113348.63","CR","1050101","4215",""
"5867","176968","1","1050101","000104420000062","1","3/15/2025","113348.63","CR","1050101","4215",""
"5868","176980","1","1050101","000104420000062","1","3/16/2025","113348.63","CR","1050101","4215",""
"5869","176992","1","1050101","000104420000062","1","3/17/2025","113348.63","CR","1050101","4215",""
"5870","177004","1","1050101","000104420000062","1","3/18/2025","113348.63","CR","1050101","4215",""
"5871","177016","1","1050101","000104420000062","1","3/19/2025","113348.63","CR","1050101","4215",""
"5872","177028","1","1050101","000104420000062","1","3/20/2025","113348.63","CR","1050101","4215",""
"5873","177040","1","1050101","000104420000062","1","3/21/2025","113348.63","CR","1050101","4215",""
"5874","177052","1","1050101","000104420000062","1","3/22/2025","113348.63","CR","1050101","4215",""
"5875","177064","1","1050101","000104420000062","1","3/23/2025","113348.63","CR","1050101","4215",""
"5876","177076","1","1050101","000104420000062","1","3/24/2025","113348.63","CR","1050101","4215",""
"5877","177088","1","1050101","000104420000062","1","3/25/2025","113348.63","CR","1050101","4215",""
"5878","177100","1","1050101","000104420000062","1","3/26/2025","113348.63","CR","1050101","4215",""
"5879","177112","1","1050101","000104420000062","1","3/27/2025","113348.63","CR","1050101","4215",""
"5880","177124","1","1050101","000104420000062","1","3/28/2025","113348.63","CR","1050101","4215",""
"5881","177136","1","1050101","000104420000062","1","3/29/2025","113348.63","CR","1050101","4215",""
"5882","177148","1","1050101","000104420000062","1","3/30/2025","113348.63","CR","1050101","4215",""
"5883","177160","1","1050101","000104420000062","1","3/31/2025","113348.63","CR","1050101","4215",""
"5884","179132","1","1050101","000104420000062","1","3/31/2025","-3513807.53","DR","1050101","4215","36"
"5885","179211","1","1050101","000104420000062","1","4/1/2025","116602.51","CR","1050101","4215",""
"5886","179289","1","1050101","000104420000062","1","4/2/2025","110120.32","CR","1050101","4215",""
"5887","179367","1","1050101","000104420000062","1","4/3/2025","110120.32","CR","1050101","4215",""
"5888","179445","1","1050101","000104420000062","1","4/4/2025","110120.32","CR","1050101","4215",""
"5889","179523","1","1050101","000104420000062","1","4/5/2025","110120.32","CR","1050101","4215",""
"5890","179601","1","1050101","000104420000062","1","4/6/2025","110120.32","CR","1050101","4215",""
"5891","179679","1","1050101","000104420000062","1","4/7/2025","110120.32","CR","1050101","4215",""
"5892","179757","1","1050101","000104420000062","1","4/8/2025","110120.32","CR","1050101","4215",""
"5893","179835","1","1050101","000104420000062","1","4/9/2025","110120.32","CR","1050101","4215",""
"5894","179913","1","1050101","000104420000062","1","4/10/2025","110120.32","CR","1050101","4215",""
"5895","179991","1","1050101","000104420000062","1","4/11/2025","110120.32","CR","1050101","4215",""
"5896","180069","1","1050101","000104420000062","1","4/12/2025","110120.32","CR","1050101","4215",""
"5897","180147","1","1050101","000104420000062","1","4/13/2025","110120.32","CR","1050101","4215",""
"5898","180225","1","1050101","000104420000062","1","4/14/2025","110120.32","CR","1050101","4215",""
"5899","180303","1","1050101","000104420000062","1","4/15/2025","110120.32","CR","1050101","4215",""
"5900","180381","1","1050101","000104420000062","1","4/16/2025","110120.32","CR","1050101","4215",""
"5901","180459","1","1050101","000104420000062","1","4/17/2025","110120.32","CR","1050101","4215",""
"5902","180537","1","1050101","000104420000062","1","4/18/2025","110120.32","CR","1050101","4215",""
"5903","180615","1","1050101","000104420000062","1","4/19/2025","110120.32","CR","1050101","4215",""
"5904","180693","1","1050101","000104420000062","1","4/20/2025","110120.32","CR","1050101","4215",""
"5905","180771","1","1050101","000104420000062","1","4/21/2025","110120.32","CR","1050101","4215",""
"5906","180849","1","1050101","000104420000062","1","4/22/2025","110120.32","CR","1050101","4215",""
"5907","180927","1","1050101","000104420000062","1","4/23/2025","110120.32","CR","1050101","4215",""
"5908","181005","1","1050101","000104420000062","1","4/24/2025","110120.32","CR","1050101","4215",""
"5909","181083","1","1050101","000104420000062","1","4/25/2025","110120.32","CR","1050101","4215",""
"5910","181161","1","1050101","000104420000062","1","4/26/2025","110120.32","CR","1050101","4215",""
"5911","181239","1","1050101","000104420000062","1","4/27/2025","110120.32","CR","1050101","4215",""
"5912","181317","1","1050101","000104420000062","1","4/28/2025","110120.32","CR","1050101","4215",""
"5913","181395","1","1050101","000104420000062","1","4/29/2025","110120.32","CR","1050101","4215",""
"5914","181473","1","1050101","000104420000062","1","4/30/2025","110120.32","CR","1050101","4215",""
"5915","181548","1","1050101","000104420000062","1","4/30/2025","-3310091.79","DR","1050101","4215","28"
"5916","181631","1","1050101","000104420000062","1","5/1/2025","113185.56","CR","1050101","4215",""
"5917","181710","1","1050101","000104420000062","1","5/2/2025","113185.56","CR","1050101","4215",""
"5918","181790","1","1050101","000104420000062","1","5/3/2025","113185.56","CR","1050101","4215",""
"5919","181870","1","1050101","000104420000062","1","5/4/2025","113185.56","CR","1050101","4215",""
"5920","181950","1","1050101","000104420000062","1","5/5/2025","113185.56","CR","1050101","4215",""
"5921","182030","1","1050101","000104420000062","1","5/6/2025","106703.36","CR","1050101","4215",""
"5922","182110","1","1050101","000104420000062","1","5/7/2025","107334.75","CR","1050101","4215",""
"5923","182191","1","1050101","000104420000062","1","5/8/2025","107334.75","CR","1050101","4215",""
"5924","182272","1","1050101","000104420000062","1","5/9/2025","107334.75","CR","1050101","4215",""
"5925","182353","1","1050101","000104420000062","1","5/10/2025","107334.75","CR","1050101","4215",""
"5926","182434","1","1050101","000104420000062","1","5/11/2025","107334.75","CR","1050101","4215",""
"5927","182515","1","1050101","000104420000062","1","5/12/2025","107334.75","CR","1050101","4215",""
"5928","182597","1","1050101","000104420000062","1","5/13/2025","107334.75","CR","1050101","4215",""
"5929","182679","1","1050101","000104420000062","1","5/14/2025","107334.75","CR","1050101","4215",""
"5930","182761","1","1050101","000104420000062","1","5/15/2025","107334.75","CR","1050101","4215",""
"5931","182843","1","1050101","000104420000062","1","5/16/2025","107334.75","CR","1050101","4215",""
"5932","182927","1","1050101","000104420000062","1","5/17/2025","107334.75","CR","1050101","4215",""
"5933","183011","1","1050101","000104420000062","1","5/18/2025","107334.75","CR","1050101","4215",""
"5934","183095","1","1050101","000104420000062","1","5/19/2025","107334.75","CR","1050101","4215",""
"5935","183179","1","1050101","000104420000062","1","5/20/2025","107334.75","CR","1050101","4215",""
"5936","183263","1","1050101","000104420000062","1","5/21/2025","107334.75","CR","1050101","4215",""
"5937","183347","1","1050101","000104420000062","1","5/22/2025","107334.75","CR","1050101","4215",""
"5938","183431","1","1050101","000104420000062","1","5/23/2025","107334.75","CR","1050101","4215",""
"5939","183516","1","1050101","000104420000062","1","5/24/2025","107334.75","CR","1050101","4215",""
"5940","183601","1","1050101","000104420000062","1","5/25/2025","107334.75","CR","1050101","4215",""
"5941","183686","1","1050101","000104420000062","1","5/26/2025","107334.75","CR","1050101","4215",""
"5942","183771","1","1050101","000104420000062","1","5/27/2025","107334.75","CR","1050101","4215",""
"5943","183856","1","1050101","000104420000062","1","5/28/2025","107334.75","CR","1050101","4215",""
"5944","183941","1","1050101","000104420000062","1","5/29/2025","107334.75","CR","1050101","4215",""
"5945","184026","1","1050101","000104420000062","1","5/30/2025","107334.75","CR","1050101","4215",""
"5946","184111","1","1050101","000104420000062","1","5/31/2025","100814.20","CR","1050101","4215",""
"5947","184193","1","1050101","000104420000062","1","5/31/2025","-3349479.36","DR","1050101","4215","117"
"5948","184283","1","1050101","000104420000062","1","6/1/2025","103934.26","CR","1050101","4215",""
"5949","184369","1","1050101","000104420000062","1","6/2/2025","103934.26","CR","1050101","4215",""
"5950","184455","1","1050101","000104420000062","1","6/3/2025","103934.26","CR","1050101","4215",""
"5951","184541","1","1050101","000104420000062","1","6/4/2025","103934.26","CR","1050101","4215",""
"5952","184627","1","1050101","000104420000062","1","6/5/2025","103934.26","CR","1050101","4215",""
"5953","184713","1","1050101","000104420000062","1","6/6/2025","103934.26","CR","1050101","4215",""
"5954","184799","1","1050101","000104420000062","1","6/7/2025","103934.26","CR","1050101","4215",""
"5955","184885","1","1050101","000104420000062","1","6/8/2025","103934.26","CR","1050101","4215",""
"5956","184971","1","1050101","000104420000062","1","6/9/2025","103934.26","CR","1050101","4215",""
"5957","185057","1","1050101","000104420000062","1","6/10/2025","103934.26","CR","1050101","4215",""
"5958","185143","1","1050101","000104420000062","1","6/11/2025","103934.26","CR","1050101","4215",""
"5959","185229","1","1050101","000104420000062","1","6/12/2025","103934.26","CR","1050101","4215",""
"5960","185315","1","1050101","000104420000062","1","6/13/2025","103934.26","CR","1050101","4215",""
"5961","185401","1","1050101","000104420000062","1","6/14/2025","103934.26","CR","1050101","4215",""
"5962","185487","1","1050101","000104420000062","1","6/15/2025","103934.26","CR","1050101","4215",""
"5963","185573","1","1050101","000104420000062","1","6/16/2025","103934.26","CR","1050101","4215",""
"5964","185659","1","1050101","000104420000062","1","6/17/2025","103934.26","CR","1050101","4215",""
"5965","185745","1","1050101","000104420000062","1","6/18/2025","103934.26","CR","1050101","4215",""
"5966","185832","1","1050101","000104420000062","1","6/19/2025","103934.26","CR","1050101","4215",""
"5967","185920","1","1050101","000104420000062","1","6/20/2025","103934.26","CR","1050101","4215",""
"5968","186008","1","1050101","000104420000062","1","6/21/2025","103934.26","CR","1050101","4215",""
"5969","186096","1","1050101","000104420000062","1","6/22/2025","103934.26","CR","1050101","4215",""
"5970","186184","1","1050101","000104420000062","1","6/23/2025","103934.26","CR","1050101","4215",""
"5971","186272","1","1050101","000104420000062","1","6/24/2025","103934.26","CR","1050101","4215",""
"5972","186360","1","1050101","000104420000062","1","6/25/2025","103934.26","CR","1050101","4215",""
"5973","186448","1","1050101","000104420000062","1","6/26/2025","103934.26","CR","1050101","4215",""
"5974","186536","1","1050101","000104420000062","1","6/27/2025","103934.26","CR","1050101","4215",""
"5975","186624","1","1050101","000104420000062","1","6/28/2025","103934.26","CR","1050101","4215",""
"5976","186712","1","1050101","000104420000062","1","6/29/2025","103934.26","CR","1050101","4215",""
"5977","186800","1","1050101","000104420000062","1","6/30/2025","103934.26","CR","1050101","4215",""
"5978","186882","1","1050101","000104420000062","1","6/30/2025","-3118027.80","DR","1050101","4215","35"
"5979","186977","1","1050101","000104420000062","1","7/1/2025","106838.72","CR","1050101","4215",""
"5980","187065","1","1050101","000104420000062","1","7/2/2025","106838.72","CR","1050101","4215",""
"5981","187153","1","1050101","000104420000062","1","7/3/2025","106838.72","CR","1050101","4215",""
"5982","187241","1","1050101","000104420000062","1","7/4/2025","106838.72","CR","1050101","4215",""
"5983","187329","1","1050101","000104420000062","1","7/5/2025","106838.72","CR","1050101","4215",""
"5984","187417","1","1050101","000104420000062","1","7/6/2025","106838.72","CR","1050101","4215",""
"5985","187505","1","1050101","000104420000062","1","7/7/2025","106838.72","CR","1050101","4215",""
"5986","187593","1","1050101","000104420000062","1","7/8/2025","106838.72","CR","1050101","4215",""
"5987","187681","1","1050101","000104420000062","1","7/9/2025","106838.72","CR","1050101","4215",""
"5988","187769","1","1050101","000104420000062","1","7/10/2025","106838.72","CR","1050101","4215",""
"5989","187858","1","1050101","000104420000062","1","7/11/2025","106838.72","CR","1050101","4215",""
"5990","187947","1","1050101","000104420000062","1","7/12/2025","106838.72","CR","1050101","4215",""
"5991","188036","1","1050101","000104420000062","1","7/13/2025","106838.72","CR","1050101","4215",""
"5992","188125","1","1050101","000104420000062","1","7/14/2025","106838.72","CR","1050101","4215",""
"5993","188214","1","1050101","000104420000062","1","7/15/2025","106838.72","CR","1050101","4215",""
"5994","188303","1","1050101","000104420000062","1","7/16/2025","106838.72","CR","1050101","4215",""
"5995","188392","1","1050101","000104420000062","1","7/17/2025","106838.72","CR","1050101","4215",""
"5996","188481","1","1050101","000104420000062","1","7/18/2025","106838.72","CR","1050101","4215",""
"5997","188570","1","1050101","000104420000062","1","7/19/2025","106838.72","CR","1050101","4215",""
"5998","188659","1","1050101","000104420000062","1","7/20/2025","106838.72","CR","1050101","4215",""
"5999","188748","1","1050101","000104420000062","1","7/21/2025","106838.72","CR","1050101","4215",""
"6000","188837","1","1050101","000104420000062","1","7/22/2025","106838.72","CR","1050101","4215",""
"6001","188926","1","1050101","000104420000062","1","7/23/2025","106838.72","CR","1050101","4215",""
"6002","189017","1","1050101","000104420000062","1","7/24/2025","106838.72","CR","1050101","4215",""
"6003","189108","1","1050101","000104420000062","1","7/25/2025","106838.72","CR","1050101","4215",""
"6004","189199","1","1050101","000104420000062","1","7/26/2025","106838.72","CR","1050101","4215",""
"6005","189290","1","1050101","000104420000062","1","7/27/2025","106838.72","CR","1050101","4215",""
"6006","189381","1","1050101","000104420000062","1","7/28/2025","106838.72","CR","1050101","4215",""
"6007","189472","1","1050101","000104420000062","1","7/29/2025","106838.72","CR","1050101","4215",""
"6008","189563","1","1050101","000104420000062","1","7/30/2025","106838.72","CR","1050101","4215",""
"6009","189654","1","1050101","000104420000062","1","7/31/2025","100318.18","CR","1050101","4215",""
"6010","189744","1","1050101","000104420000062","1","7/31/2025","-3305479.78","DR","1050101","4215","52"
"6011","189807","1","1050101","000104420000062","1","8/1/2025","103397.25","CR","1050101","4215",""
"6012","189898","1","1050101","000104420000062","1","8/2/2025","103397.25","CR","1050101","4215",""
"6013","189989","1","1050101","000104420000062","1","8/3/2025","103397.25","CR","1050101","4215",""
"6014","190080","1","1050101","000104420000062","1","8/4/2025","103397.25","CR","1050101","4215",""
"6015","190171","1","1050101","000104420000062","1","8/5/2025","103701.36","CR","1050101","4215",""
"6016","190262","1","1050101","000104420000062","1","8/6/2025","103701.36","CR","1050101","4215",""
"6017","190353","1","1050101","000104420000062","1","8/7/2025","103701.36","CR","1050101","4215",""
"6018","190444","1","1050101","000104420000062","1","8/8/2025","103701.36","CR","1050101","4215",""
"6019","190537","1","1050101","000104420000062","1","8/9/2025","103701.36","CR","1050101","4215",""
"6020","190630","1","1050101","000104420000062","1","8/10/2025","103701.36","CR","1050101","4215",""
"6021","190723","1","1050101","000104420000062","1","8/11/2025","103701.36","CR","1050101","4215",""
"6022","190846","1","1050101","000104420000062","1","8/12/2025","103701.36","CR","1050101","4215",""
"6023","190939","1","1050101","000104420000062","1","8/13/2025","103701.36","CR","1050101","4215",""
"6024","191032","1","1050101","000104420000062","1","8/14/2025","103701.36","CR","1050101","4215",""
"6025","191125","1","1050101","000104420000062","1","8/15/2025","103701.36","CR","1050101","4215",""
"6026","191218","1","1050101","000104420000062","1","8/16/2025","103701.36","CR","1050101","4215",""
"6027","191311","1","1050101","000104420000062","1","8/17/2025","103701.36","CR","1050101","4215",""
"6028","191404","1","1050101","000104420000062","1","8/18/2025","103701.36","CR","1050101","4215",""
"6029","191497","1","1050101","000104420000062","1","8/19/2025","103701.36","CR","1050101","4215",""
"6030","191590","1","1050101","000104420000062","1","8/20/2025","103701.36","CR","1050101","4215",""
"6031","191683","1","1050101","000104420000062","1","8/21/2025","103701.36","CR","1050101","4215",""
"6032","191776","1","1050101","000104420000062","1","8/22/2025","103701.36","CR","1050101","4215",""
"6033","191869","1","1050101","000104420000062","1","8/23/2025","103701.36","CR","1050101","4215",""
"6034","191962","1","1050101","000104420000062","1","8/24/2025","103701.36","CR","1050101","4215",""
"6035","192055","1","1050101","000104420000062","1","8/25/2025","103701.36","CR","1050101","4215",""
"6036","192148","1","1050101","000104420000062","1","8/26/2025","103701.36","CR","1050101","4215",""
"6037","192241","1","1050101","000104420000062","1","8/27/2025","103701.36","CR","1050101","4215",""
"6038","192335","1","1050101","000104420000062","1","8/28/2025","103701.36","CR","1050101","4215",""
"6039","192429","1","1050101","000104420000062","1","8/29/2025","103701.36","CR","1050101","4215",""
"6040","192523","1","1050101","000104420000062","1","8/30/2025","103701.36","CR","1050101","4215",""
"6041","192617","1","1050101","000104420000062","1","8/31/2025","103701.36","CR","1050101","4215",""
"6042","192712","1","1050101","000104420000062","1","8/31/2025","-3213525.72","DR","1050101","4215","16"
"6043","192805","1","1050101","000104420000062","1","9/1/2025","106703.59","CR","1050101","4215",""
"6044","192899","1","1050101","000104420000062","1","9/2/2025","106703.59","CR","1050101","4215",""
"6045","192993","1","1050101","000104420000062","1","9/3/2025","106703.59","CR","1050101","4215",""
"6046","193087","1","1050101","000104420000062","1","9/4/2025","106703.59","CR","1050101","4215",""
"6047","193181","1","1050101","000104420000062","1","9/5/2025","106703.59","CR","1050101","4215",""
"6048","193276","1","1050101","000104420000062","1","9/6/2025","106703.59","CR","1050101","4215",""
"6049","193371","1","1050101","000104420000062","1","9/7/2025","106703.59","CR","1050101","4215",""
"6050","193466","1","1050101","000104420000062","1","9/8/2025","106703.59","CR","1050101","4215",""
"6051","193561","1","1050101","000104420000062","1","9/9/2025","100163.86","CR","1050101","4215",""
"6052","193656","1","1050101","000104420000062","1","9/10/2025","100163.86","CR","1050101","4215",""
"6053","193751","1","1050101","000104420000062","1","9/11/2025","100163.86","CR","1050101","4215",""
"6054","193846","1","1050101","000104420000062","1","9/12/2025","99870.13","CR","1050101","4215",""
"6055","193941","1","1050101","000104420000062","1","9/13/2025","99870.13","CR","1050101","4215",""
"6056","194036","1","1050101","000104420000062","1","9/14/2025","99870.13","CR","1050101","4215",""
"6057","194131","1","1050101","000104420000062","1","9/15/2025","99870.13","CR","1050101","4215",""
"6058","194226","1","1050101","000104420000062","1","9/16/2025","99870.13","CR","1050101","4215",""
"6059","194321","1","1050101","000104420000062","1","9/17/2025","99870.13","CR","1050101","4215",""
"6060","194416","1","1050101","000104420000062","1","9/18/2025","99870.13","CR","1050101","4215",""
"6061","194511","1","1050101","000104420000062","1","9/19/2025","99870.13","CR","1050101","4215",""
"6062","194606","1","1050101","000104420000062","1","9/20/2025","99870.13","CR","1050101","4215",""
"6063","194701","1","1050101","000104420000062","1","9/21/2025","99870.13","CR","1050101","4215",""
"6064","194796","1","1050101","000104420000062","1","9/22/2025","99870.13","CR","1050101","4215",""
"6065","194891","1","1050101","000104420000062","1","9/23/2025","99870.13","CR","1050101","4215",""
"6066","194986","1","1050101","000104420000062","1","9/24/2025","99870.13","CR","1050101","4215",""
"6067","195081","1","1050101","000104420000062","1","9/25/2025","99870.13","CR","1050101","4215",""
"6068","195176","1","1050101","000104420000062","1","9/26/2025","99870.13","CR","1050101","4215",""
"6069","195271","1","1050101","000104420000062","1","9/27/2025","99870.13","CR","1050101","4215",""
"6070","195366","1","1050101","000104420000062","1","9/28/2025","99870.13","CR","1050101","4215",""
"6071","195461","1","1050101","000104420000062","1","9/29/2025","99870.13","CR","1050101","4215",""
"6072","195556","1","1050101","000104420000062","1","9/30/2025","93349.58","CR","1050101","4215",""
"6073","195645","1","1050101","000104420000062","1","9/30/2025","-3045132.22","DR","1050101","4215","23"
"6074","195725","1","1050101","000104420000062","1","10/1/2025","96186.14","CR","1050101","4215",""
"6075","195821","1","1050101","000104420000062","1","10/2/2025","96186.14","CR","1050101","4215",""
"6076","195917","1","1050101","000104420000062","1","10/3/2025","96186.14","CR","1050101","4215",""
"6077","196013","1","1050101","000104420000062","1","10/4/2025","96186.14","CR","1050101","4215",""
"6078","196109","1","1050101","000104420000062","1","10/5/2025","96186.14","CR","1050101","4215",""
"6079","196205","1","1050101","000104420000062","1","10/6/2025","96186.14","CR","1050101","4215",""
"6080","196324","1","1050101","000104420000062","1","10/7/2025","96186.14","CR","1050101","4215",""
"6081","196420","1","1050101","000104420000062","1","10/8/2025","96186.14","CR","1050101","4215",""
"6082","196516","1","1050101","000104420000062","1","10/9/2025","96186.14","CR","1050101","4215",""
"6083","196612","1","1050101","000104420000062","1","10/10/2025","96186.14","CR","1050101","4215",""
"6084","196708","1","1050101","000104420000062","1","10/11/2025","96186.14","CR","1050101","4215",""
"6085","196804","1","1050101","000104420000062","1","10/12/2025","96186.14","CR","1050101","4215",""
"6086","196900","1","1050101","000104420000062","1","10/13/2025","96186.14","CR","1050101","4215",""
"6087","196996","1","1050101","000104420000062","1","10/14/2025","96186.14","CR","1050101","4215",""
"6088","197092","1","1050101","000104420000062","1","10/15/2025","96186.14","CR","1050101","4215",""
"6089","197188","1","1050101","000104420000062","1","10/16/2025","96186.14","CR","1050101","4215",""
"6090","197284","1","1050101","000104420000062","1","10/17/2025","96186.14","CR","1050101","4215",""
"6091","197380","1","1050101","000104420000062","1","10/18/2025","96186.14","CR","1050101","4215",""
"6092","197476","1","1050101","000104420000062","1","10/19/2025","96186.14","CR","1050101","4215",""
"6093","197572","1","1050101","000104420000062","1","10/20/2025","96186.14","CR","1050101","4215",""
"6094","197668","1","1050101","000104420000062","1","10/21/2025","96186.14","CR","1050101","4215",""
"6095","197764","1","1050101","000104420000062","1","10/22/2025","96186.14","CR","1050101","4215",""
"6096","197860","1","1050101","000104420000062","1","10/23/2025","96186.14","CR","1050101","4215",""
"6097","197956","1","1050101","000104420000062","1","10/24/2025","96186.14","CR","1050101","4215",""
"6098","198052","1","1050101","000104420000062","1","10/25/2025","96186.14","CR","1050101","4215",""
"6099","198148","1","1050101","000104420000062","1","10/26/2025","96186.14","CR","1050101","4215",""
"6100","198244","1","1050101","000104420000062","1","10/27/2025","96186.14","CR","1050101","4215",""
"6101","198340","1","1050101","000104420000062","1","10/28/2025","96186.14","CR","1050101","4215",""
"6102","198436","1","1050101","000104420000062","1","10/29/2025","96186.14","CR","1050101","4215",""
"6103","198532","1","1050101","000104420000062","1","10/30/2025","96186.14","CR","1050101","4215",""
"6104","198628","1","1050101","000104420000062","1","10/31/2025","89665.59","CR","1050101","4215",""
"6105","198726","1","1050101","000104420000062","1","10/31/2025","-2975249.79","DR","1050101","4215","52"
"6106","198822","1","1050101","000104420000062","1","11/1/2025","92437.06","CR","1050101","4215",""
"6107","198919","1","1050101","000104420000062","1","11/2/2025","92437.06","CR","1050101","4215",""
"6108","199016","1","1050101","000104420000062","1","11/3/2025","92437.06","CR","1050101","4215",""
"6109","199113","1","1050101","000104420000062","1","11/4/2025","92437.06","CR","1050101","4215",""
"6110","199210","1","1050101","000104420000062","1","11/5/2025","92437.06","CR","1050101","4215",""
"6111","199307","1","1050101","000104420000062","1","11/6/2025","92437.06","CR","1050101","4215",""
"6112","199404","1","1050101","000104420000062","1","11/7/2025","92437.06","CR","1050101","4215",""
"6113","199501","1","1050101","000104420000062","1","11/8/2025","92437.06","CR","1050101","4215",""
"6114","199598","1","1050101","000104420000062","1","11/9/2025","92437.06","CR","1050101","4215",""
"6115","199695","1","1050101","000104420000062","1","11/10/2025","92437.06","CR","1050101","4215",""
"6116","199792","1","1050101","000104420000062","1","11/11/2025","92437.06","CR","1050101","4215",""
"6117","199889","1","1050101","000104420000062","1","11/12/2025","92437.06","CR","1050101","4215",""
"6118","199986","1","1050101","000104420000062","1","11/13/2025","92437.06","CR","1050101","4215",""
"6119","200083","1","1050101","000104420000062","1","11/14/2025","92437.06","CR","1050101","4215",""
"6120","200180","1","1050101","000104420000062","1","11/15/2025","92437.06","CR","1050101","4215",""
"6121","200277","1","1050101","000104420000062","1","11/16/2025","92437.06","CR","1050101","4215",""
"6122","200374","1","1050101","000104420000062","1","11/17/2025","92437.06","CR","1050101","4215",""
"6123","200471","1","1050101","000104420000062","1","11/18/2025","92437.06","CR","1050101","4215",""
"6124","200568","1","1050101","000104420000062","1","11/19/2025","92437.06","CR","1050101","4215",""
"6125","200665","1","1050101","000104420000062","1","11/20/2025","92437.06","CR","1050101","4215",""
"6126","200762","1","1050101","000104420000062","1","11/21/2025","92437.06","CR","1050101","4215",""
"6127","200859","1","1050101","000104420000062","1","11/22/2025","92437.06","CR","1050101","4215",""
"6128","200956","1","1050101","000104420000062","1","11/23/2025","92437.06","CR","1050101","4215",""
"6129","201053","1","1050101","000104420000062","1","11/24/2025","92437.06","CR","1050101","4215",""
"6130","201150","1","1050101","000104420000062","1","11/25/2025","92437.06","CR","1050101","4215",""
"6131","201247","1","1050101","000104420000062","1","11/26/2025","92437.06","CR","1050101","4215",""
"6132","201344","1","1050101","000104420000062","1","11/27/2025","92437.06","CR","1050101","4215",""
"6133","201439","1","1050101","000104420000062","1","11/28/2025","92437.06","CR","1050101","4215",""
"6134","201533","1","1050101","000104420000062","1","11/29/2025","92437.06","CR","1050101","4215",""
"6135","201628","1","1050101","000104420000062","1","11/30/2025","92437.06","CR","1050101","4215",""
"6136","201716","1","1050101","000104420000062","1","11/30/2025","-2773111.80","DR","1050101","4215","28"
"6137","201819","1","1050101","000104420000062","1","12/1/2025","95020.23","CR","1050101","4215",""
"6138","201914","1","1050101","000104420000062","1","12/2/2025","95020.23","CR","1050101","4215",""
"6139","202009","1","1050101","000104420000062","1","12/3/2025","95020.23","CR","1050101","4215",""
"6140","202104","1","1050101","000104420000062","1","12/4/2025","95020.23","CR","1050101","4215",""
"6141","202199","1","1050101","000104420000062","1","12/5/2025","95020.23","CR","1050101","4215",""
"6142","202294","1","1050101","000104420000062","1","12/6/2025","95020.23","CR","1050101","4215",""
"6143","202389","1","1050101","000104420000062","1","12/7/2025","95020.23","CR","1050101","4215",""
"6144","202484","1","1050101","000104420000062","1","12/8/2025","95020.23","CR","1050101","4215",""
"6145","202577","1","1050101","000104420000062","1","12/9/2025","95020.23","CR","1050101","4215",""
"6146","202670","1","1050101","000104420000062","1","12/10/2025","95020.23","CR","1050101","4215",""
"6147","202760","1","1050101","000104420000062","1","12/11/2025","95020.23","CR","1050101","4215",""
"6148","202843","1","1050101","000104420000062","1","12/12/2025","88499.68","CR","1050101","4215",""
"6149","202926","1","1050101","000104420000062","1","12/13/2025","88499.68","CR","1050101","4215",""
"6150","203009","1","1050101","000104420000062","1","12/14/2025","88499.68","CR","1050101","4215",""
"6151","203092","1","1050101","000104420000062","1","12/15/2025","88499.68","CR","1050101","4215",""
"6152","203175","1","1050101","000104420000062","1","12/16/2025","88499.68","CR","1050101","4215",""
"6153","203245","1","1050101","000104420000062","1","12/17/2025","88499.68","CR","1050101","4215",""
"6154","203315","1","1050101","000104420000062","1","12/18/2025","88499.68","CR","1050101","4215",""
"6155","203388","1","1050101","000104420000062","1","12/19/2025","88499.68","CR","1050101","4215",""
"6156","203462","1","1050101","000104420000062","1","12/20/2025","88499.68","CR","1050101","4215",""
"6157","203536","1","1050101","000104420000062","1","12/21/2025","88499.68","CR","1050101","4215",""
"6158","203610","1","1050101","000104420000062","1","12/22/2025","88499.68","CR","1050101","4215",""
"6159","203685","1","1050101","000104420000062","1","12/23/2025","88499.68","CR","1050101","4215",""
"6160","203759","1","1050101","000104420000062","1","12/24/2025","88499.68","CR","1050101","4215",""
"6161","203833","1","1050101","000104420000062","1","12/25/2025","88499.68","CR","1050101","4215",""
"6162","203907","1","1050101","000104420000062","1","12/26/2025","88499.68","CR","1050101","4215",""
"6163","203981","1","1050101","000104420000062","1","12/27/2025","88499.68","CR","1050101","4215",""
"6164","204055","1","1050101","000104420000062","1","12/28/2025","88499.68","CR","1050101","4215",""
"6165","204129","1","1050101","000104420000062","1","12/29/2025","86677.63","CR","1050101","4215",""
"6166","204208","1","1050101","000104420000062","1","12/30/2025","80291.33","CR","1050101","4215",""
"6167","204543","1","1050101","000104420000062","1","12/31/2025","-2716686.05","DR","1050101","4215","30"
"6168","207765","1","1050101","000104420000062","1","2/10/2026","66927.49","CR","1050101","4215",""
"6169","207843","1","1050101","000104420000062","1","2/11/2026","66927.49","CR","1050101","4215",""
"6170","207921","1","1050101","000104420000062","1","2/12/2026","66927.49","CR","1050101","4215",""
"6171","207999","1","1050101","000104420000062","1","2/13/2026","66927.49","CR","1050101","4215",""
"6172","208077","1","1050101","000104420000062","1","2/14/2026","66927.49","CR","1050101","4215",""
"6173","208155","1","1050101","000104420000062","1","2/15/2026","66927.49","CR","1050101","4215",""
"6174","208233","1","1050101","000104420000062","1","2/16/2026","66927.49","CR","1050101","4215",""
"6175","208311","1","1050101","000104420000062","1","2/17/2026","66927.49","CR","1050101","4215",""
"6176","208389","1","1050101","000104420000062","1","2/18/2026","66927.49","CR","1050101","4215",""
"6177","208467","1","1050101","000104420000062","1","2/19/2026","66927.49","CR","1050101","4215",""
"6178","208545","1","1050101","000104420000062","1","2/20/2026","66927.49","CR","1050101","4215",""
"6179","208623","1","1050101","000104420000062","1","2/21/2026","66927.49","CR","1050101","4215",""
"6180","208701","1","1050101","000104420000062","1","2/22/2026","66927.49","CR","1050101","4215",""
"6181","208779","1","1050101","000104420000062","1","2/23/2026","66927.49","CR","1050101","4215",""
"6182","208857","1","1050101","000104420000062","1","2/24/2026","66927.49","CR","1050101","4215",""
"6183","208935","1","1050101","000104420000062","1","2/25/2026","66927.49","CR","1050101","4215",""
"6184","209013","1","1050101","000104420000062","1","2/26/2026","66927.49","CR","1050101","4215",""
"6185","209091","1","1050101","000104420000062","1","2/27/2026","66927.49","CR","1050101","4215",""
"6186","209169","1","1050101","000104420000062","1","2/28/2026","60656.26","CR","1050101","4215",""
"6187","209244","1","1050101","000104420000062","1","2/28/2026","-1265351.08","DR","1050101","4215","32"
"6188","209325","1","1050101","000104420000062","1","3/1/2026","61789.87","CR","1050101","4215",""
"6189","209403","1","1050101","000104420000062","1","3/2/2026","61789.87","CR","1050101","4215",""
"6190","209481","1","1050101","000104420000062","1","3/3/2026","61789.87","CR","1050101","4215",""
"6191","209559","1","1050101","000104420000062","1","3/4/2026","61789.87","CR","1050101","4215",""
"6192","209637","1","1050101","000104420000062","1","3/5/2026","59900.28","CR","1050101","4215",""
"6193","209715","1","1050101","000104420000062","1","3/6/2026","59900.28","CR","1050101","4215",""
"6194","209793","1","1050101","000104420000062","1","3/7/2026","59900.28","CR","1050101","4215",""
"6195","209871","1","1050101","000104420000062","1","3/8/2026","59900.28","CR","1050101","4215",""
"6196","209949","1","1050101","000104420000062","1","3/9/2026","57443.80","CR","1050101","4215",""
"6197","210027","1","1050101","000104420000062","1","3/10/2026","57443.80","CR","1050101","4215",""
"6198","210105","1","1050101","000104420000062","1","3/11/2026","57443.80","CR","1050101","4215",""
"6199","210183","1","1050101","000104420000062","1","3/12/2026","57443.80","CR","1050101","4215",""
"6200","210261","1","1050101","000104420000062","1","3/13/2026","57443.80","CR","1050101","4215",""
"6201","210339","1","1050101","000104420000062","1","3/14/2026","57443.80","CR","1050101","4215",""
"6202","210417","1","1050101","000104420000062","1","3/15/2026","57443.80","CR","1050101","4215",""
"6203","210495","1","1050101","000104420000062","1","3/16/2026","57443.80","CR","1050101","4215",""
"6204","210573","1","1050101","000104420000062","1","3/17/2026","57443.80","CR","1050101","4215",""
"6205","210651","1","1050101","000104420000062","1","3/18/2026","57443.80","CR","1050101","4215",""
"6206","210729","1","1050101","000104420000062","1","3/19/2026","57443.80","CR","1050101","4215",""
"6207","210807","1","1050101","000104420000062","1","3/20/2026","57443.80","CR","1050101","4215",""
"6208","210885","1","1050101","000104420000062","1","3/21/2026","57443.80","CR","1050101","4215",""
"6209","210963","1","1050101","000104420000062","1","3/22/2026","57443.80","CR","1050101","4215",""
"6210","211041","1","1050101","000104420000062","1","3/23/2026","57443.80","CR","1050101","4215",""
"6211","211119","1","1050101","000104420000062","1","3/24/2026","57443.80","CR","1050101","4215",""
"6212","211198","1","1050101","000104420000062","1","3/25/2026","57443.80","CR","1050101","4215",""
"6213","211278","1","1050101","000104420000062","1","3/26/2026","57443.80","CR","1050101","4215",""
"6214","211358","1","1050101","000104420000062","1","3/27/2026","57443.80","CR","1050101","4215",""
"6215","211438","1","1050101","000104420000062","1","3/28/2026","57443.80","CR","1050101","4215",""
"6216","211518","1","1050101","000104420000062","1","3/29/2026","57443.80","CR","1050101","4215",""
"6217","211598","1","1050101","000104420000062","1","3/30/2026","57443.80","CR","1050101","4215",""
"6218","211678","1","1050101","000104420000062","1","3/31/2026","51613.66","CR","1050101","4215",""
"6219","211756","1","1050101","000104420000062","1","3/31/2026","-1802137.86","DR","1050101","4215","48"
"6220","211838","1","1050101","000104420000062","1","4/1/2026","53114.62","CR","1050101","4215",""
"6221","211918","1","1050101","000104420000062","1","4/2/2026","53114.62","CR","1050101","4215",""
"6222","211998","1","1050101","000104420000062","1","4/3/2026","53114.62","CR","1050101","4215",""
"6223","212078","1","1050101","000104420000062","1","4/4/2026","53114.62","CR","1050101","4215",""
"6224","212158","1","1050101","000104420000062","1","4/5/2026","53114.62","CR","1050101","4215",""
"6225","212238","1","1050101","000104420000062","1","4/6/2026","53114.62","CR","1050101","4215",""
"6226","212318","1","1050101","000104420000062","1","4/7/2026","53114.62","CR","1050101","4215",""
"6227","212398","1","1050101","000104420000062","1","4/8/2026","53114.62","CR","1050101","4215",""
"6228","212478","1","1050101","000104420000062","1","4/9/2026","53114.62","CR","1050101","4215",""
"6229","212558","1","1050101","000104420000062","1","4/10/2026","53114.62","CR","1050101","4215",""
"6230","212638","1","1050101","000104420000062","1","4/11/2026","53114.62","CR","1050101","4215",""
"6231","212718","1","1050101","000104420000062","1","4/12/2026","53114.62","CR","1050101","4215",""
"6232","212798","1","1050101","000104420000062","1","4/13/2026","53114.62","CR","1050101","4215",""
"6233","212878","1","1050101","000104420000062","1","4/14/2026","53114.62","CR","1050101","4215",""
"6234","212958","1","1050101","000104420000062","1","4/15/2026","53114.62","CR","1050101","4215",""
"6235","213038","1","1050101","000104420000062","1","4/16/2026","53114.62","CR","1050101","4215",""
"6236","213118","1","1050101","000104420000062","1","4/17/2026","53114.62","CR","1050101","4215",""
"6237","213198","1","1050101","000104420000062","1","4/18/2026","53114.62","CR","1050101","4215",""
"6238","213278","1","1050101","000104420000062","1","4/19/2026","53114.62","CR","1050101","4215",""
"6239","213358","1","1050101","000104420000062","1","4/20/2026","50319.11","CR","1050101","4215",""
"6240","213438","1","1050101","000104420000062","1","4/21/2026","50319.11","CR","1050101","4215",""
"6241","213518","1","1050101","000104420000062","1","4/22/2026","50319.11","CR","1050101","4215",""
"6242","213598","1","1050101","000104420000062","1","4/23/2026","50319.11","CR","1050101","4215",""
"6243","213679","1","1050101","000104420000062","1","4/24/2026","50319.11","CR","1050101","4215",""
"6244","213760","1","1050101","000104420000062","1","4/25/2026","50319.11","CR","1050101","4215",""
"6245","213841","1","1050101","000104420000062","1","4/26/2026","50319.11","CR","1050101","4215",""
"6246","213922","1","1050101","000104420000062","1","4/27/2026","50319.11","CR","1050101","4215",""
"6247","214003","1","1050101","000104420000062","1","4/28/2026","50319.11","CR","1050101","4215",""
"6248","214085","1","1050101","000104420000062","1","4/29/2026","50319.11","CR","1050101","4215",""
"6249","214167","1","1050101","000104420000062","1","4/30/2026","44795.83","CR","1050101","4215",""
"6250","214247","1","1050101","000104420000062","1","4/30/2026","-1557164.71","DR","1050101","4215","26"
"6251","214329","1","1050101","000104420000062","1","5/1/2026","46024.49","CR","1050101","4215",""
"6252","214409","1","1050101","000104420000062","1","5/2/2026","46024.49","CR","1050101","4215",""
"6253","214489","1","1050101","000104420000062","1","5/3/2026","46024.49","CR","1050101","4215",""
"6254","214569","1","1050101","000104420000062","1","5/4/2026","46024.49","CR","1050101","4215",""
"6255","214649","1","1050101","000104420000062","1","5/5/2026","46024.49","CR","1050101","4215",""
"6256","214729","1","1050101","000104420000062","1","5/6/2026","45704.88","CR","1050101","4215",""
"6257","214809","1","1050101","000104420000062","1","5/7/2026","45704.88","CR","1050101","4215",""
"6258","214889","1","1050101","000104420000062","1","5/8/2026","45704.88","CR","1050101","4215",""
"6259","214969","1","1050101","000104420000062","1","5/9/2026","45704.88","CR","1050101","4215",""
"6260","215049","1","1050101","000104420000062","1","5/10/2026","45704.88","CR","1050101","4215",""
"6261","215129","1","1050101","000104420000062","1","5/11/2026","45704.88","CR","1050101","4215",""
"6262","215209","1","1050101","000104420000062","1","5/12/2026","45704.88","CR","1050101","4215",""
"6263","215289","1","1050101","000104420000062","1","5/13/2026","45704.88","CR","1050101","4215",""
"6264","215369","1","1050101","000104420000062","1","5/14/2026","45704.88","CR","1050101","4215",""
"6265","215449","1","1050101","000104420000062","1","5/15/2026","45704.88","CR","1050101","4215",""
"6266","215529","1","1050101","000104420000062","1","5/16/2026","45704.88","CR","1050101","4215",""
"6267","215609","1","1050101","000104420000062","1","5/17/2026","45704.88","CR","1050101","4215",""
"6268","215689","1","1050101","000104420000062","1","5/18/2026","45704.88","CR","1050101","4215",""
"6269","215769","1","1050101","000104420000062","1","5/19/2026","45704.88","CR","1050101","4215",""
"6270","215849","1","1050101","000104420000062","1","5/20/2026","45704.88","CR","1050101","4215",""
"6271","215929","1","1050101","000104420000062","1","5/21/2026","45704.88","CR","1050101","4215",""
"6272","216009","1","1050101","000104420000062","1","5/22/2026","45704.88","CR","1050101","4215",""
"6273","216089","1","1050101","000104420000062","1","5/23/2026","45704.88","CR","1050101","4215",""
"6274","216169","1","1050101","000104420000062","1","5/24/2026","45704.88","CR","1050101","4215",""
"6275","216249","1","1050101","000104420000062","1","5/25/2026","45704.88","CR","1050101","4215",""
"6276","216329","1","1050101","000104420000062","1","5/26/2026","45704.88","CR","1050101","4215",""
"6277","216409","1","1050101","000104420000062","1","5/27/2026","45704.88","CR","1050101","4215",""
"6278","216489","1","1050101","000104420000062","1","5/28/2026","45704.88","CR","1050101","4215",""
"6279","216569","1","1050101","000104420000062","1","5/29/2026","45704.88","CR","1050101","4215",""
"6280","216649","1","1050101","000104420000062","1","5/30/2026","45704.88","CR","1050101","4215",""
"6281","216729","1","1050101","000104420000062","1","5/31/2026","40219.95","CR","1050101","4215",""
"6282","216805","1","1050101","000104420000062","1","5/31/2026","-1412964.40","DR","1050101","4215","34"
"6283","216890","1","1050101","000104420000062","1","6/1/2026","41327.09","CR","1050101","4215",""
"6284","216970","1","1050101","000104420000062","1","6/2/2026","41327.09","CR","1050101","4215",""
"6285","217052","1","1050101","000104420000062","1","6/3/2026","41038.09","CR","1050101","4215",""
"6286","217134","1","1050101","000104420000062","1","6/4/2026","41038.09","CR","1050101","4215",""
"6287","217216","1","1050101","000104420000062","1","6/5/2026","41038.09","CR","1050101","4215",""
"6288","217298","1","1050101","000104420000062","1","6/6/2026","41038.09","CR","1050101","4215",""
"6289","217380","1","1050101","000104420000062","1","6/7/2026","41038.09","CR","1050101","4215",""
"6290","217462","1","1050101","000104420000062","1","6/8/2026","41038.09","CR","1050101","4215",""
"6291","217544","1","1050101","000104420000062","1","6/9/2026","41038.09","CR","1050101","4215",""
"6292","217626","1","1050101","000104420000062","1","6/10/2026","41038.09","CR","1050101","4215",""
"6293","217708","1","1050101","000104420000062","1","6/11/2026","41038.09","CR","1050101","4215",""
"6294","217790","1","1050101","000104420000062","1","6/12/2026","41038.09","CR","1050101","4215",""
"6295","217872","1","1050101","000104420000062","1","6/13/2026","41038.09","CR","1050101","4215",""
"6296","217954","1","1050101","000104420000062","1","6/14/2026","41038.09","CR","1050101","4215",""
"6297","218036","1","1050101","000104420000062","1","6/15/2026","41038.09","CR","1050101","4215",""
"6298","218118","1","1050101","000104420000062","1","6/16/2026","41038.09","CR","1050101","4215",""
"6299","218200","1","1050101","000104420000062","1","6/17/2026","41038.09","CR","1050101","4215",""
"6300","218282","1","1050101","000104420000062","1","6/18/2026","41038.09","CR","1050101","4215",""
"6301","218364","1","1050101","000104420000062","1","6/19/2026","41038.09","CR","1050101","4215",""
"6302","218445","1","1050101","000104420000062","1","6/20/2026","41038.09","CR","1050101","4215",""
"6303","218526","1","1050101","000104420000062","1","6/21/2026","41038.09","CR","1050101","4215",""
"6304","218607","1","1050101","000104420000062","1","6/22/2026","41038.09","CR","1050101","4215",""
"6305","218688","1","1050101","000104420000062","1","6/23/2026","41038.09","CR","1050101","4215",""
"6306","218769","1","1050101","000104420000062","1","6/24/2026","41038.09","CR","1050101","4215",""
"6307","218850","1","1050101","000104420000062","1","6/25/2026","41038.09","CR","1050101","4215",""
"6308","218931","1","1050101","000104420000062","1","6/26/2026","41038.09","CR","1050101","4215",""
"6309","219011","1","1050101","000104420000062","1","6/27/2026","41038.09","CR","1050101","4215",""
"6310","219091","1","1050101","000104420000062","1","6/28/2026","41038.09","CR","1050101","4215",""
"6311","219171","1","1050101","000104420000062","1","6/29/2026","41038.09","CR","1050101","4215",""
"6312","219249","1","1050101","000104420000062","1","6/30/2026","35591.51","CR","1050101","4215",""
"6313","219326","1","1050101","000104420000062","1","6/30/2026","-1226274.12","DR","1050101","4215","38"
"6314","219407","1","1050101","000104420000062","1","7/1/2026","36545.66","CR","1050101","4215",""
"6315","219486","1","1050101","000104420000062","1","7/2/2026","36545.66","CR","1050101","4215",""
"6316","219565","1","1050101","000104420000062","1","7/3/2026","36674.34","CR","1050101","4215",""
"6317","219644","1","1050101","000104420000062","1","7/4/2026","36674.34","CR","1050101","4215",""
"6318","219723","1","1050101","000104420000062","1","7/5/2026","36674.34","CR","1050101","4215",""
"6319","219802","1","1050101","000104420000062","1","7/6/2026","36674.34","CR","1050101","4215",""
"6320","219881","1","1050101","000104420000062","1","7/7/2026","36674.34","CR","1050101","4215",""
"6321","219960","1","1050101","000104420000062","1","7/8/2026","36674.34","CR","1050101","4215",""
"6322","220039","1","1050101","000104420000062","1","7/9/2026","36674.34","CR","1050101","4215",""
"6323","220118","1","1050101","000104420000062","1","7/10/2026","36674.34","CR","1050101","4215",""
"6324","220197","1","1050101","000104420000062","1","7/11/2026","36674.34","CR","1050101","4215",""
"6325","220276","1","1050101","000104420000062","1","7/12/2026","36674.34","CR","1050101","4215",""
"6326","220355","1","1050101","000104420000062","1","7/13/2026","36674.34","CR","1050101","4215",""
"6327","220434","1","1050101","000104420000062","1","7/14/2026","36674.34","CR","1050101","4215",""
"6328","220513","1","1050101","000104420000062","1","7/15/2026","36674.34","CR","1050101","4215",""
"6329","220592","1","1050101","000104420000062","1","7/16/2026","36674.34","CR","1050101","4215",""
"6330","220671","1","1050101","000104420000062","1","7/17/2026","36674.34","CR","1050101","4215",""
"6331","220750","1","1050101","000104420000062","1","7/18/2026","36674.34","CR","1050101","4215",""
"6332","220829","1","1050101","000104420000062","1","7/19/2026","36674.34","CR","1050101","4215",""
"6333","220908","1","1050101","000104420000062","1","7/20/2026","36674.34","CR","1050101","4215",""
"6334","220987","1","1050101","000104420000062","1","7/21/2026","36674.34","CR","1050101","4215",""
"6335","221066","1","1050101","000104420000062","1","7/22/2026","36674.34","CR","1050101","4215",""
"6336","221144","1","1050101","000104420000062","1","7/23/2026","36674.34","CR","1050101","4215",""
"6337","221222","1","1050101","000104420000062","1","7/24/2026","36674.34","CR","1050101","4215",""
"6338","221300","1","1050101","000104420000062","1","7/25/2026","36674.34","CR","1050101","4215",""
"6339","221378","1","1050101","000104420000062","1","7/26/2026","36674.34","CR","1050101","4215",""
"6340","221456","1","1050101","000104420000062","1","7/27/2026","36674.34","CR","1050101","4215",""
"6341","221534","1","1050101","000104420000062","1","7/28/2026","36674.34","CR","1050101","4215",""
"6342","221612","1","1050101","000104420000062","1","7/29/2026","36674.34","CR","1050101","4215",""
"6343","221690","1","1050101","000104420000062","1","7/30/2026","36674.34","CR","1050101","4215",""
"6344","221768","1","1050101","000104420000062","1","7/31/2026","36674.34","CR","1050101","4215",""
"6345","221842","1","1050101","000104420000062","1","7/31/2026","-1136647.18","DR","1050101","4215","45"
"6346","221925","1","1050101","000104420000062","1","8/1/2026","37561.86","CR","1050101","4215",""
"6347","222004","1","1050101","000104420000062","1","8/2/2026","37561.86","CR","1050101","4215",""
"6348","222083","1","1050101","000104420000062","1","8/3/2026","37561.86","CR","1050101","4215",""
"6349","222162","1","1050101","000104420000062","1","8/4/2026","37561.86","CR","1050101","4215",""
"6350","222241","1","1050101","000104420000062","1","8/5/2026","37957.25","CR","1050101","4215",""
"6351","222320","1","1050101","000104420000062","1","8/6/2026","37957.25","CR","1050101","4215",""
"6352","222399","1","1050101","000104420000062","1","8/7/2026","37957.25","CR","1050101","4215",""
"6353","222478","1","1050101","000104420000062","1","8/8/2026","37957.25","CR","1050101","4215",""
"6354","222557","1","1050101","000104420000062","1","8/9/2026","37957.25","CR","1050101","4215",""
"6355","222636","1","1050101","000104420000062","1","8/10/2026","37957.25","CR","1050101","4215",""
"6356","222715","1","1050101","000104420000062","1","8/11/2026","37957.25","CR","1050101","4215",""
"6357","222794","1","1050101","000104420000062","1","8/12/2026","37957.25","CR","1050101","4215",""
"6358","222873","1","1050101","000104420000062","1","8/13/2026","37957.25","CR","1050101","4215",""
"6359","222952","1","1050101","000104420000062","1","8/14/2026","37957.25","CR","1050101","4215",""
"6360","223031","1","1050101","000104420000062","1","8/15/2026","37957.25","CR","1050101","4215",""
"6361","223110","1","1050101","000104420000062","1","8/16/2026","37957.25","CR","1050101","4215",""
"6362","223189","1","1050101","000104420000062","1","8/17/2026","37957.25","CR","1050101","4215",""
"6363","223269","1","1050101","000104420000062","1","8/18/2026","37957.25","CR","1050101","4215",""
"6364","223349","1","1050101","000104420000062","1","8/19/2026","37957.25","CR","1050101","4215",""
"6365","223429","1","1050101","000104420000062","1","8/20/2026","32433.96","CR","1050101","4215",""
"6366","223509","1","1050101","000104420000062","1","8/21/2026","32433.96","CR","1050101","4215",""
"6367","223589","1","1050101","000104420000062","1","8/22/2026","32433.96","CR","1050101","4215",""
"6368","223669","1","1050101","000104420000062","1","8/23/2026","32433.96","CR","1050101","4215",""
"6369","223749","1","1050101","000104420000062","1","8/24/2026","32433.96","CR","1050101","4215",""
"6370","223829","1","1050101","000104420000062","1","8/25/2026","32433.96","CR","1050101","4215",""
"6371","223910","1","1050101","000104420000062","1","8/26/2026","32433.96","CR","1050101","4215",""
"6372","223991","1","1050101","000104420000062","1","8/27/2026","32433.96","CR","1050101","4215",""
"6373","224072","1","1050101","000104420000062","1","8/28/2026","32433.96","CR","1050101","4215",""
"6374","224153","1","1050101","000104420000062","1","8/29/2026","32433.96","CR","1050101","4215",""
"6375","224234","1","1050101","000104420000062","1","8/30/2026","32433.96","CR","1050101","4215",""
"6376","224315","1","1050101","000104420000062","1","8/31/2026","26910.67","CR","1050101","4215",""
"6377","224393","1","1050101","000104420000062","1","8/31/2026","-1103290.42","DR","1050101","4215","51"
"6378","224479","1","1050101","000104420000062","1","9/1/2026","27781.21","CR","1050101","4215",""
"6379","224561","1","1050101","000104420000062","1","9/2/2026","27781.21","CR","1050101","4215",""
"6380","224643","1","1050101","000104420000062","1","9/3/2026","28167.06","CR","1050101","4215",""
"6381","224725","1","1050101","000104420000062","1","9/4/2026","28167.06","CR","1050101","4215",""
"6382","224807","1","1050101","000104420000062","1","9/5/2026","28167.06","CR","1050101","4215",""
"6383","224889","1","1050101","000104420000062","1","9/6/2026","28167.06","CR","1050101","4215",""
"6384","224971","1","1050101","000104420000062","1","9/7/2026","28167.06","CR","1050101","4215",""
"6385","225053","1","1050101","000104420000062","1","9/8/2026","28167.06","CR","1050101","4215",""
"6386","225135","1","1050101","000104420000062","1","9/9/2026","28167.06","CR","1050101","4215",""
"6387","225217","1","1050101","000104420000062","1","9/10/2026","28167.06","CR","1050101","4215",""
"6388","225299","1","1050101","000104420000062","1","9/11/2026","28167.06","CR","1050101","4215",""
"6389","225381","1","1050101","000104420000062","1","9/12/2026","28167.06","CR","1050101","4215",""
"6390","225463","1","1050101","000104420000062","1","9/13/2026","28167.06","CR","1050101","4215",""
"6391","225545","1","1050101","000104420000062","1","9/14/2026","28167.06","CR","1050101","4215",""
"6392","225627","1","1050101","000104420000062","1","9/15/2026","28167.06","CR","1050101","4215",""
"6393","225709","1","1050101","000104420000062","1","9/16/2026","28167.06","CR","1050101","4215",""
"6394","225791","1","1050101","000104420000062","1","9/17/2026","28167.06","CR","1050101","4215",""
"6395","225873","1","1050101","000104420000062","1","9/18/2026","28167.06","CR","1050101","4215",""
"6396","225955","1","1050101","000104420000062","1","9/19/2026","28167.06","CR","1050101","4215",""
"6397","226037","1","1050101","000104420000062","1","9/20/2026","28167.06","CR","1050101","4215",""
"6398","226119","1","1050101","000104420000062","1","9/21/2026","28167.06","CR","1050101","4215",""
"6399","226201","1","1050101","000104420000062","1","9/22/2026","28167.06","CR","1050101","4215",""
"6400","226283","1","1050101","000104420000062","1","9/23/2026","28167.06","CR","1050101","4215",""
"6401","226365","1","1050101","000104420000062","1","9/24/2026","28167.06","CR","1050101","4215",""
"6402","226447","1","1050101","000104420000062","1","9/25/2026","28167.06","CR","1050101","4215",""
"6403","226529","1","1050101","000104420000062","1","9/26/2026","28167.06","CR","1050101","4215",""
"6404","226611","1","1050101","000104420000062","1","9/27/2026","28167.06","CR","1050101","4215",""
"6405","226693","1","1050101","000104420000062","1","9/28/2026","28167.06","CR","1050101","4215",""
"6406","226775","1","1050101","000104420000062","1","9/29/2026","28167.06","CR","1050101","4215",""
"6407","166650","1","1050101","000104420000063","1","11/1/2024","148873.01","CR","1050101","4215",""
"6408","166651","1","1050101","000104420000063","1","11/2/2024","148873.01","CR","1050101","4215",""
"6409","166652","1","1050101","000104420000063","1","11/3/2024","148873.01","CR","1050101","4215",""
"6410","166653","1","1050101","000104420000063","1","11/4/2024","148873.01","CR","1050101","4215",""
"6411","166654","1","1050101","000104420000063","1","11/5/2024","148873.01","CR","1050101","4215",""
"6412","166655","1","1050101","000104420000063","1","11/6/2024","148873.01","CR","1050101","4215",""
"6413","166656","1","1050101","000104420000063","1","11/7/2024","148873.01","CR","1050101","4215",""
"6414","166657","1","1050101","000104420000063","1","11/8/2024","148873.01","CR","1050101","4215",""
"6415","166658","1","1050101","000104420000063","1","11/9/2024","148873.01","CR","1050101","4215",""
"6416","166659","1","1050101","000104420000063","1","11/10/2024","148873.01","CR","1050101","4215",""
"6417","166660","1","1050101","000104420000063","1","11/11/2024","148873.01","CR","1050101","4215",""
"6418","166661","1","1050101","000104420000063","1","11/12/2024","148873.01","CR","1050101","4215",""
"6419","166662","1","1050101","000104420000063","1","11/13/2024","148873.01","CR","1050101","4215",""
"6420","167535","1","1050101","000104420000063","1","11/14/2024","148873.01","CR","1050101","4215",""
"6421","167536","1","1050101","000104420000063","1","11/15/2024","148873.01","CR","1050101","4215",""
"6422","167537","1","1050101","000104420000063","1","11/16/2024","148873.01","CR","1050101","4215",""
"6423","167538","1","1050101","000104420000063","1","11/17/2024","148873.01","CR","1050101","4215",""
"6424","167833","1","1050101","000104420000063","1","11/18/2024","148873.01","CR","1050101","4215",""
"6425","167909","1","1050101","000104420000063","1","11/19/2024","148873.01","CR","1050101","4215",""
"6426","167985","1","1050101","000104420000063","1","11/20/2024","148873.01","CR","1050101","4215",""
"6427","168061","1","1050101","000104420000063","1","11/21/2024","148873.01","CR","1050101","4215",""
"6428","168137","1","1050101","000104420000063","1","11/22/2024","148873.01","CR","1050101","4215",""
"6429","168213","1","1050101","000104420000063","1","11/23/2024","148873.01","CR","1050101","4215",""
"6430","168289","1","1050101","000104420000063","1","11/24/2024","148873.01","CR","1050101","4215",""
"6431","168365","1","1050101","000104420000063","1","11/25/2024","148873.01","CR","1050101","4215",""
"6432","168441","1","1050101","000104420000063","1","11/26/2024","148873.01","CR","1050101","4215",""
"6433","168517","1","1050101","000104420000063","1","11/27/2024","148873.01","CR","1050101","4215",""
"6434","168594","1","1050101","000104420000063","1","11/28/2024","148873.01","CR","1050101","4215",""
"6435","168671","1","1050101","000104420000063","1","11/29/2024","148873.01","CR","1050101","4215",""
"6436","168747","1","1050101","000104420000063","1","11/30/2024","148873.01","CR","1050101","4215",""
"6437","168815","1","1050101","000104420000063","1","11/30/2024","-4466190.30","DR","1050101","4215","80"
"6438","168900","1","1050101","000104420000063","1","12/1/2024","152910.94","CR","1050101","4215",""
"6439","168976","1","1050101","000104420000063","1","12/2/2024","152910.94","CR","1050101","4215",""
"6440","169052","1","1050101","000104420000063","1","12/3/2024","152910.94","CR","1050101","4215",""
"6441","169128","1","1050101","000104420000063","1","12/4/2024","152910.94","CR","1050101","4215",""
"6442","169204","1","1050101","000104420000063","1","12/5/2024","152910.94","CR","1050101","4215",""
"6443","169280","1","1050101","000104420000063","1","12/6/2024","152910.94","CR","1050101","4215",""
"6444","169356","1","1050101","000104420000063","1","12/7/2024","152910.94","CR","1050101","4215",""
"6445","169432","1","1050101","000104420000063","1","12/8/2024","152910.94","CR","1050101","4215",""
"6446","169508","1","1050101","000104420000063","1","12/9/2024","152910.94","CR","1050101","4215",""
"6447","169584","1","1050101","000104420000063","1","12/10/2024","152910.94","CR","1050101","4215",""
"6448","169660","1","1050101","000104420000063","1","12/11/2024","152910.94","CR","1050101","4215",""
"6449","169736","1","1050101","000104420000063","1","12/12/2024","152910.94","CR","1050101","4215",""
"6450","169812","1","1050101","000104420000063","1","12/13/2024","152910.94","CR","1050101","4215",""
"6451","169888","1","1050101","000104420000063","1","12/14/2024","152910.94","CR","1050101","4215",""
"6452","169964","1","1050101","000104420000063","1","12/15/2024","152910.94","CR","1050101","4215",""
"6453","170040","1","1050101","000104420000063","1","12/16/2024","152910.94","CR","1050101","4215",""
"6454","170116","1","1050101","000104420000063","1","12/17/2024","152910.94","CR","1050101","4215",""
"6455","170192","1","1050101","000104420000063","1","12/18/2024","152910.94","CR","1050101","4215",""
"6456","170268","1","1050101","000104420000063","1","12/19/2024","152910.94","CR","1050101","4215",""
"6457","170344","1","1050101","000104420000063","1","12/20/2024","152910.94","CR","1050101","4215",""
"6458","170420","1","1050101","000104420000063","1","12/21/2024","152910.94","CR","1050101","4215",""
"6459","170496","1","1050101","000104420000063","1","12/22/2024","152910.94","CR","1050101","4215",""
"6460","170572","1","1050101","000104420000063","1","12/23/2024","152910.94","CR","1050101","4215",""
"6461","170648","1","1050101","000104420000063","1","12/24/2024","152910.94","CR","1050101","4215",""
"6462","170724","1","1050101","000104420000063","1","12/25/2024","152910.94","CR","1050101","4215",""
"6463","170800","1","1050101","000104420000063","1","12/26/2024","152910.94","CR","1050101","4215",""
"6464","170876","1","1050101","000104420000063","1","12/27/2024","152910.94","CR","1050101","4215",""
"6465","170952","1","1050101","000104420000063","1","12/28/2024","152910.94","CR","1050101","4215",""
"6466","171028","1","1050101","000104420000063","1","12/29/2024","152910.94","CR","1050101","4215",""
"6467","171104","1","1050101","000104420000063","1","12/30/2024","152910.94","CR","1050101","4215",""
"6468","171180","1","1050101","000104420000063","1","12/31/2024","152910.94","CR","1050101","4215",""
"6469","171249","1","1050101","000104420000063","1","12/31/2024","-4740239.14","DR","1050101","4215","80"
"6470","171458","1","1050101","000104420000063","1","1/1/2025","157196.63","CR","1050101","4215",""
"6471","171535","1","1050101","000104420000063","1","1/2/2025","157196.63","CR","1050101","4215",""
"6472","171612","1","1050101","000104420000063","1","1/3/2025","157196.63","CR","1050101","4215",""
"6473","171689","1","1050101","000104420000063","1","1/4/2025","157196.63","CR","1050101","4215",""
"6474","171766","1","1050101","000104420000063","1","1/5/2025","157196.63","CR","1050101","4215",""
"6475","171843","1","1050101","000104420000063","1","1/6/2025","157196.63","CR","1050101","4215",""
"6476","171920","1","1050101","000104420000063","1","1/7/2025","157196.63","CR","1050101","4215",""
"6477","171997","1","1050101","000104420000063","1","1/8/2025","157196.63","CR","1050101","4215",""
"6478","172074","1","1050101","000104420000063","1","1/9/2025","157196.63","CR","1050101","4215",""
"6479","172151","1","1050101","000104420000063","1","1/10/2025","157196.63","CR","1050101","4215",""
"6480","172228","1","1050101","000104420000063","1","1/11/2025","157196.63","CR","1050101","4215",""
"6481","172305","1","1050101","000104420000063","1","1/12/2025","157196.63","CR","1050101","4215",""
"6482","172382","1","1050101","000104420000063","1","1/13/2025","157196.63","CR","1050101","4215",""
"6483","172459","1","1050101","000104420000063","1","1/14/2025","157196.63","CR","1050101","4215",""
"6484","172536","1","1050101","000104420000063","1","1/15/2025","157196.63","CR","1050101","4215",""
"6485","172613","1","1050101","000104420000063","1","1/16/2025","157196.63","CR","1050101","4215",""
"6486","172690","1","1050101","000104420000063","1","1/17/2025","157196.63","CR","1050101","4215",""
"6487","172767","1","1050101","000104420000063","1","1/18/2025","157196.63","CR","1050101","4215",""
"6488","172844","1","1050101","000104420000063","1","1/19/2025","157196.63","CR","1050101","4215",""
"6489","172921","1","1050101","000104420000063","1","1/20/2025","157196.63","CR","1050101","4215",""
"6490","172998","1","1050101","000104420000063","1","1/21/2025","157196.63","CR","1050101","4215",""
"6491","173075","1","1050101","000104420000063","1","1/22/2025","157196.63","CR","1050101","4215",""
"6492","173152","1","1050101","000104420000063","1","1/23/2025","157196.63","CR","1050101","4215",""
"6493","173229","1","1050101","000104420000063","1","1/24/2025","157196.63","CR","1050101","4215",""
"6494","173306","1","1050101","000104420000063","1","1/25/2025","157196.63","CR","1050101","4215",""
"6495","173383","1","1050101","000104420000063","1","1/26/2025","157196.63","CR","1050101","4215",""
"6496","173460","1","1050101","000104420000063","1","1/27/2025","157196.63","CR","1050101","4215",""
"6497","173537","1","1050101","000104420000063","1","1/28/2025","157196.63","CR","1050101","4215",""
"6498","173614","1","1050101","000104420000063","1","1/29/2025","157196.63","CR","1050101","4215",""
"6499","173691","1","1050101","000104420000063","1","1/30/2025","157196.63","CR","1050101","4215",""
"6500","173768","1","1050101","000104420000063","1","1/31/2025","157196.63","CR","1050101","4215",""
"6501","173847","1","1050101","000104420000063","1","1/31/2025","-4873095.53","DR","1050101","4215","46"
"6502","173895","1","1050101","000104420000063","1","2/1/2025","161602.44","CR","1050101","4215",""
"6503","173974","1","1050101","000104420000063","1","2/2/2025","161602.44","CR","1050101","4215",""
"6504","174053","1","1050101","000104420000063","1","2/3/2025","161602.44","CR","1050101","4215",""
"6505","174132","1","1050101","000104420000063","1","2/4/2025","161602.44","CR","1050101","4215",""
"6506","174211","1","1050101","000104420000063","1","2/5/2025","161602.44","CR","1050101","4215",""
"6507","174290","1","1050101","000104420000063","1","2/6/2025","161602.44","CR","1050101","4215",""
"6508","174369","1","1050101","000104420000063","1","2/7/2025","161602.44","CR","1050101","4215",""
"6509","174448","1","1050101","000104420000063","1","2/8/2025","161602.44","CR","1050101","4215",""
"6510","174527","1","1050101","000104420000063","1","2/9/2025","161602.44","CR","1050101","4215",""
"6511","174606","1","1050101","000104420000063","1","2/10/2025","161602.44","CR","1050101","4215",""
"6512","174685","1","1050101","000104420000063","1","2/11/2025","161602.44","CR","1050101","4215",""
"6513","174764","1","1050101","000104420000063","1","2/12/2025","161602.44","CR","1050101","4215",""
"6514","174843","1","1050101","000104420000063","1","2/13/2025","161602.44","CR","1050101","4215",""
"6515","174922","1","1050101","000104420000063","1","2/14/2025","161602.44","CR","1050101","4215",""
"6516","175001","1","1050101","000104420000063","1","2/15/2025","161602.44","CR","1050101","4215",""
"6517","175080","1","1050101","000104420000063","1","2/16/2025","161602.44","CR","1050101","4215",""
"6518","175159","1","1050101","000104420000063","1","2/17/2025","161602.44","CR","1050101","4215",""
"6519","175238","1","1050101","000104420000063","1","2/18/2025","161602.44","CR","1050101","4215",""
"6520","175317","1","1050101","000104420000063","1","2/19/2025","161602.44","CR","1050101","4215",""
"6521","175396","1","1050101","000104420000063","1","2/20/2025","161602.44","CR","1050101","4215",""
"6522","175475","1","1050101","000104420000063","1","2/21/2025","161602.44","CR","1050101","4215",""
"6523","175554","1","1050101","000104420000063","1","2/22/2025","161602.44","CR","1050101","4215",""
"6524","175633","1","1050101","000104420000063","1","2/23/2025","161602.44","CR","1050101","4215",""
"6525","175712","1","1050101","000104420000063","1","2/24/2025","161602.44","CR","1050101","4215",""
"6526","175791","1","1050101","000104420000063","1","2/25/2025","161602.44","CR","1050101","4215",""
"6527","175870","1","1050101","000104420000063","1","2/26/2025","161602.44","CR","1050101","4215",""
"6528","175949","1","1050101","000104420000063","1","2/27/2025","161602.44","CR","1050101","4215",""
"6529","176028","1","1050101","000104420000063","1","2/28/2025","161602.44","CR","1050101","4215",""
"6530","176098","1","1050101","000104420000063","1","2/28/2025","-4524868.32","DR","1050101","4215","13"
"6531","176186","1","1050101","000104420000063","1","3/1/2025","165693.42","CR","1050101","4215",""
"6532","176265","1","1050101","000104420000063","1","3/2/2025","165693.42","CR","1050101","4215",""
"6533","176826","1","1050101","000104420000063","1","3/3/2025","165693.42","CR","1050101","4215",""
"6534","176838","1","1050101","000104420000063","1","3/4/2025","165693.42","CR","1050101","4215",""
"6535","176850","1","1050101","000104420000063","1","3/5/2025","165693.42","CR","1050101","4215",""
"6536","176862","1","1050101","000104420000063","1","3/6/2025","165693.42","CR","1050101","4215",""
"6537","176874","1","1050101","000104420000063","1","3/7/2025","165693.42","CR","1050101","4215",""
"6538","176886","1","1050101","000104420000063","1","3/8/2025","165693.42","CR","1050101","4215",""
"6539","176898","1","1050101","000104420000063","1","3/9/2025","165693.42","CR","1050101","4215",""
"6540","176910","1","1050101","000104420000063","1","3/10/2025","165693.42","CR","1050101","4215",""
"6541","176922","1","1050101","000104420000063","1","3/11/2025","165693.42","CR","1050101","4215",""
"6542","176934","1","1050101","000104420000063","1","3/12/2025","165693.42","CR","1050101","4215",""
"6543","176946","1","1050101","000104420000063","1","3/13/2025","165693.42","CR","1050101","4215",""
"6544","176958","1","1050101","000104420000063","1","3/14/2025","165693.42","CR","1050101","4215",""
"6545","176970","1","1050101","000104420000063","1","3/15/2025","165693.42","CR","1050101","4215",""
"6546","176982","1","1050101","000104420000063","1","3/16/2025","165693.42","CR","1050101","4215",""
"6547","176994","1","1050101","000104420000063","1","3/17/2025","165693.42","CR","1050101","4215",""
"6548","177006","1","1050101","000104420000063","1","3/18/2025","165693.42","CR","1050101","4215",""
"6549","177018","1","1050101","000104420000063","1","3/19/2025","165693.42","CR","1050101","4215",""
"6550","177030","1","1050101","000104420000063","1","3/20/2025","165693.42","CR","1050101","4215",""
"6551","177042","1","1050101","000104420000063","1","3/21/2025","165693.42","CR","1050101","4215",""
"6552","177054","1","1050101","000104420000063","1","3/22/2025","165693.42","CR","1050101","4215",""
"6553","177066","1","1050101","000104420000063","1","3/23/2025","165693.42","CR","1050101","4215",""
"6554","177078","1","1050101","000104420000063","1","3/24/2025","165693.42","CR","1050101","4215",""
"6555","177090","1","1050101","000104420000063","1","3/25/2025","165693.42","CR","1050101","4215",""
"6556","177102","1","1050101","000104420000063","1","3/26/2025","165693.42","CR","1050101","4215",""
"6557","177114","1","1050101","000104420000063","1","3/27/2025","165693.42","CR","1050101","4215",""
"6558","177126","1","1050101","000104420000063","1","3/28/2025","165693.42","CR","1050101","4215",""
"6559","177138","1","1050101","000104420000063","1","3/29/2025","165693.42","CR","1050101","4215",""
"6560","177150","1","1050101","000104420000063","1","3/30/2025","165693.42","CR","1050101","4215",""
"6561","177162","1","1050101","000104420000063","1","3/31/2025","165693.42","CR","1050101","4215",""
"6562","179123","1","1050101","000104420000063","1","3/31/2025","-5136496.02","DR","1050101","4215","36"
"6563","179213","1","1050101","000104420000063","1","4/1/2025","170337.38","CR","1050101","4215",""
"6564","179291","1","1050101","000104420000063","1","4/2/2025","170337.38","CR","1050101","4215",""
"6565","179369","1","1050101","000104420000063","1","4/3/2025","170337.38","CR","1050101","4215",""
"6566","179447","1","1050101","000104420000063","1","4/4/2025","170337.38","CR","1050101","4215",""
"6567","179525","1","1050101","000104420000063","1","4/5/2025","170337.38","CR","1050101","4215",""
"6568","179603","1","1050101","000104420000063","1","4/6/2025","170337.38","CR","1050101","4215",""
"6569","179681","1","1050101","000104420000063","1","4/7/2025","170337.38","CR","1050101","4215",""
"6570","179759","1","1050101","000104420000063","1","4/8/2025","170337.38","CR","1050101","4215",""
"6571","179837","1","1050101","000104420000063","1","4/9/2025","170337.38","CR","1050101","4215",""
"6572","179915","1","1050101","000104420000063","1","4/10/2025","170337.38","CR","1050101","4215",""
"6573","179993","1","1050101","000104420000063","1","4/11/2025","170337.38","CR","1050101","4215",""
"6574","180071","1","1050101","000104420000063","1","4/12/2025","170337.38","CR","1050101","4215",""
"6575","180149","1","1050101","000104420000063","1","4/13/2025","170337.38","CR","1050101","4215",""
"6576","180227","1","1050101","000104420000063","1","4/14/2025","170337.38","CR","1050101","4215",""
"6577","180305","1","1050101","000104420000063","1","4/15/2025","170337.38","CR","1050101","4215",""
"6578","180383","1","1050101","000104420000063","1","4/16/2025","170337.38","CR","1050101","4215",""
"6579","180461","1","1050101","000104420000063","1","4/17/2025","170337.38","CR","1050101","4215",""
"6580","180539","1","1050101","000104420000063","1","4/18/2025","170337.38","CR","1050101","4215",""
"6581","180617","1","1050101","000104420000063","1","4/19/2025","170337.38","CR","1050101","4215",""
"6582","180695","1","1050101","000104420000063","1","4/20/2025","170337.38","CR","1050101","4215",""
"6583","180773","1","1050101","000104420000063","1","4/21/2025","170337.38","CR","1050101","4215",""
"6584","180851","1","1050101","000104420000063","1","4/22/2025","170337.38","CR","1050101","4215",""
"6585","180929","1","1050101","000104420000063","1","4/23/2025","170337.38","CR","1050101","4215",""
"6586","181007","1","1050101","000104420000063","1","4/24/2025","170337.38","CR","1050101","4215",""
"6587","181085","1","1050101","000104420000063","1","4/25/2025","170337.38","CR","1050101","4215",""
"6588","181163","1","1050101","000104420000063","1","4/26/2025","170337.38","CR","1050101","4215",""
"6589","181241","1","1050101","000104420000063","1","4/27/2025","170337.38","CR","1050101","4215",""
"6590","181319","1","1050101","000104420000063","1","4/28/2025","170337.38","CR","1050101","4215",""
"6591","181397","1","1050101","000104420000063","1","4/29/2025","170337.38","CR","1050101","4215",""
"6592","181475","1","1050101","000104420000063","1","4/30/2025","170337.38","CR","1050101","4215",""
"6593","181549","1","1050101","000104420000063","1","4/30/2025","-5110121.40","DR","1050101","4215","28"
"6594","181633","1","1050101","000104420000063","1","5/1/2025","174957.49","CR","1050101","4215",""
"6595","181712","1","1050101","000104420000063","1","5/2/2025","174957.49","CR","1050101","4215",""
"6596","181792","1","1050101","000104420000063","1","5/3/2025","174957.49","CR","1050101","4215",""
"6597","181872","1","1050101","000104420000063","1","5/4/2025","174957.49","CR","1050101","4215",""
"6598","181952","1","1050101","000104420000063","1","5/5/2025","174957.49","CR","1050101","4215",""
"6599","182032","1","1050101","000104420000063","1","5/6/2025","174957.49","CR","1050101","4215",""
"6600","182112","1","1050101","000104420000063","1","5/7/2025","176017.84","CR","1050101","4215",""
"6601","182193","1","1050101","000104420000063","1","5/8/2025","176017.84","CR","1050101","4215",""
"6602","182274","1","1050101","000104420000063","1","5/9/2025","176017.84","CR","1050101","4215",""
"6603","182355","1","1050101","000104420000063","1","5/10/2025","176017.84","CR","1050101","4215",""
"6604","182436","1","1050101","000104420000063","1","5/11/2025","176017.84","CR","1050101","4215",""
"6605","182517","1","1050101","000104420000063","1","5/12/2025","176017.84","CR","1050101","4215",""
"6606","182599","1","1050101","000104420000063","1","5/13/2025","176017.84","CR","1050101","4215",""
"6607","182681","1","1050101","000104420000063","1","5/14/2025","176017.84","CR","1050101","4215",""
"6608","182763","1","1050101","000104420000063","1","5/15/2025","176017.84","CR","1050101","4215",""
"6609","182845","1","1050101","000104420000063","1","5/16/2025","176017.84","CR","1050101","4215",""
"6610","182929","1","1050101","000104420000063","1","5/17/2025","176017.84","CR","1050101","4215",""
"6611","183013","1","1050101","000104420000063","1","5/18/2025","176017.84","CR","1050101","4215",""
"6612","183097","1","1050101","000104420000063","1","5/19/2025","176017.84","CR","1050101","4215",""
"6613","183181","1","1050101","000104420000063","1","5/20/2025","176017.84","CR","1050101","4215",""
"6614","183265","1","1050101","000104420000063","1","5/21/2025","176017.84","CR","1050101","4215",""
"6615","183349","1","1050101","000104420000063","1","5/22/2025","176017.84","CR","1050101","4215",""
"6616","183433","1","1050101","000104420000063","1","5/23/2025","176017.84","CR","1050101","4215",""
"6617","183518","1","1050101","000104420000063","1","5/24/2025","176017.84","CR","1050101","4215",""
"6618","183603","1","1050101","000104420000063","1","5/25/2025","176017.84","CR","1050101","4215",""
"6619","183688","1","1050101","000104420000063","1","5/26/2025","176017.84","CR","1050101","4215",""
"6620","183773","1","1050101","000104420000063","1","5/27/2025","176017.84","CR","1050101","4215",""
"6621","183858","1","1050101","000104420000063","1","5/28/2025","176017.84","CR","1050101","4215",""
"6622","183943","1","1050101","000104420000063","1","5/29/2025","176017.84","CR","1050101","4215",""
"6623","184028","1","1050101","000104420000063","1","5/30/2025","176017.84","CR","1050101","4215",""
"6624","184113","1","1050101","000104420000063","1","5/31/2025","176017.84","CR","1050101","4215",""
"6625","184189","1","1050101","000104420000063","1","5/31/2025","-5450190.94","DR","1050101","4215","117"
"6626","184285","1","1050101","000104420000063","1","6/1/2025","180975.27","CR","1050101","4215",""
"6627","184371","1","1050101","000104420000063","1","6/2/2025","180975.27","CR","1050101","4215",""
"6628","184457","1","1050101","000104420000063","1","6/3/2025","180975.27","CR","1050101","4215",""
"6629","184543","1","1050101","000104420000063","1","6/4/2025","180975.27","CR","1050101","4215",""
"6630","184629","1","1050101","000104420000063","1","6/5/2025","180975.27","CR","1050101","4215",""
"6631","184715","1","1050101","000104420000063","1","6/6/2025","180975.27","CR","1050101","4215",""
"6632","184801","1","1050101","000104420000063","1","6/7/2025","180975.27","CR","1050101","4215",""
"6633","184887","1","1050101","000104420000063","1","6/8/2025","180975.27","CR","1050101","4215",""
"6634","184973","1","1050101","000104420000063","1","6/9/2025","180975.27","CR","1050101","4215",""
"6635","185059","1","1050101","000104420000063","1","6/10/2025","180975.27","CR","1050101","4215",""
"6636","185145","1","1050101","000104420000063","1","6/11/2025","180975.27","CR","1050101","4215",""
"6637","185231","1","1050101","000104420000063","1","6/12/2025","180975.27","CR","1050101","4215",""
"6638","185317","1","1050101","000104420000063","1","6/13/2025","180975.27","CR","1050101","4215",""
"6639","185403","1","1050101","000104420000063","1","6/14/2025","180975.27","CR","1050101","4215",""
"6640","185489","1","1050101","000104420000063","1","6/15/2025","180975.27","CR","1050101","4215",""
"6641","185575","1","1050101","000104420000063","1","6/16/2025","180975.27","CR","1050101","4215",""
"6642","185661","1","1050101","000104420000063","1","6/17/2025","180975.27","CR","1050101","4215",""
"6643","185747","1","1050101","000104420000063","1","6/18/2025","180975.27","CR","1050101","4215",""
"6644","185834","1","1050101","000104420000063","1","6/19/2025","180975.27","CR","1050101","4215",""
"6645","185922","1","1050101","000104420000063","1","6/20/2025","180975.27","CR","1050101","4215",""
"6646","186010","1","1050101","000104420000063","1","6/21/2025","180975.27","CR","1050101","4215",""
"6647","186098","1","1050101","000104420000063","1","6/22/2025","180975.27","CR","1050101","4215",""
"6648","186186","1","1050101","000104420000063","1","6/23/2025","180975.27","CR","1050101","4215",""
"6649","186274","1","1050101","000104420000063","1","6/24/2025","180975.27","CR","1050101","4215",""
"6650","186362","1","1050101","000104420000063","1","6/25/2025","180975.27","CR","1050101","4215",""
"6651","186450","1","1050101","000104420000063","1","6/26/2025","180975.27","CR","1050101","4215",""
"6652","186538","1","1050101","000104420000063","1","6/27/2025","180975.27","CR","1050101","4215",""
"6653","186626","1","1050101","000104420000063","1","6/28/2025","180975.27","CR","1050101","4215",""
"6654","186714","1","1050101","000104420000063","1","6/29/2025","180975.27","CR","1050101","4215",""
"6655","186802","1","1050101","000104420000063","1","6/30/2025","180975.27","CR","1050101","4215",""
"6656","186884","1","1050101","000104420000063","1","6/30/2025","-5429258.10","DR","1050101","4215","35"
"6657","186979","1","1050101","000104420000063","1","7/1/2025","185913.66","CR","1050101","4215",""
"6658","187067","1","1050101","000104420000063","1","7/2/2025","185913.66","CR","1050101","4215",""
"6659","187155","1","1050101","000104420000063","1","7/3/2025","185913.66","CR","1050101","4215",""
"6660","187243","1","1050101","000104420000063","1","7/4/2025","185913.66","CR","1050101","4215",""
"6661","187331","1","1050101","000104420000063","1","7/5/2025","185913.66","CR","1050101","4215",""
"6662","187419","1","1050101","000104420000063","1","7/6/2025","185913.66","CR","1050101","4215",""
"6663","187507","1","1050101","000104420000063","1","7/7/2025","185913.66","CR","1050101","4215",""
"6664","187595","1","1050101","000104420000063","1","7/8/2025","185913.66","CR","1050101","4215",""
"6665","187683","1","1050101","000104420000063","1","7/9/2025","185913.66","CR","1050101","4215",""
"6666","187771","1","1050101","000104420000063","1","7/10/2025","185913.66","CR","1050101","4215",""
"6667","187860","1","1050101","000104420000063","1","7/11/2025","185913.66","CR","1050101","4215",""
"6668","187949","1","1050101","000104420000063","1","7/12/2025","185913.66","CR","1050101","4215",""
"6669","188038","1","1050101","000104420000063","1","7/13/2025","185913.66","CR","1050101","4215",""
"6670","188127","1","1050101","000104420000063","1","7/14/2025","185913.66","CR","1050101","4215",""
"6671","188216","1","1050101","000104420000063","1","7/15/2025","185913.66","CR","1050101","4215",""
"6672","188305","1","1050101","000104420000063","1","7/16/2025","185913.66","CR","1050101","4215",""
"6673","188394","1","1050101","000104420000063","1","7/17/2025","185913.66","CR","1050101","4215",""
"6674","188483","1","1050101","000104420000063","1","7/18/2025","185913.66","CR","1050101","4215",""
"6675","188572","1","1050101","000104420000063","1","7/19/2025","185913.66","CR","1050101","4215",""
"6676","188661","1","1050101","000104420000063","1","7/20/2025","185913.66","CR","1050101","4215",""
"6677","188750","1","1050101","000104420000063","1","7/21/2025","185913.66","CR","1050101","4215",""
"6678","188839","1","1050101","000104420000063","1","7/22/2025","185913.66","CR","1050101","4215",""
"6679","188928","1","1050101","000104420000063","1","7/23/2025","185913.66","CR","1050101","4215",""
"6680","189019","1","1050101","000104420000063","1","7/24/2025","185913.66","CR","1050101","4215",""
"6681","189110","1","1050101","000104420000063","1","7/25/2025","185913.66","CR","1050101","4215",""
"6682","189201","1","1050101","000104420000063","1","7/26/2025","185913.66","CR","1050101","4215",""
"6683","189292","1","1050101","000104420000063","1","7/27/2025","185913.66","CR","1050101","4215",""
"6684","189383","1","1050101","000104420000063","1","7/28/2025","185913.66","CR","1050101","4215",""
"6685","189474","1","1050101","000104420000063","1","7/29/2025","185913.66","CR","1050101","4215",""
"6686","189565","1","1050101","000104420000063","1","7/30/2025","185913.66","CR","1050101","4215",""
"6687","189656","1","1050101","000104420000063","1","7/31/2025","185913.66","CR","1050101","4215",""
"6688","189741","1","1050101","000104420000063","1","7/31/2025","-5763323.46","DR","1050101","4215","52"
"6689","189809","1","1050101","000104420000063","1","8/1/2025","191155.92","CR","1050101","4215",""
"6690","189900","1","1050101","000104420000063","1","8/2/2025","191155.92","CR","1050101","4215",""
"6691","189991","1","1050101","000104420000063","1","8/3/2025","191155.92","CR","1050101","4215",""
"6692","190082","1","1050101","000104420000063","1","8/4/2025","191155.92","CR","1050101","4215",""
"6693","190173","1","1050101","000104420000063","1","8/5/2025","191731.69","CR","1050101","4215",""
"6694","190264","1","1050101","000104420000063","1","8/6/2025","191731.69","CR","1050101","4215",""
"6695","190355","1","1050101","000104420000063","1","8/7/2025","191731.69","CR","1050101","4215",""
"6696","190446","1","1050101","000104420000063","1","8/8/2025","191731.69","CR","1050101","4215",""
"6697","190539","1","1050101","000104420000063","1","8/9/2025","191731.69","CR","1050101","4215",""
"6698","190632","1","1050101","000104420000063","1","8/10/2025","191731.69","CR","1050101","4215",""
"6699","190725","1","1050101","000104420000063","1","8/11/2025","191731.69","CR","1050101","4215",""
"6700","190848","1","1050101","000104420000063","1","8/12/2025","191731.69","CR","1050101","4215",""
"6701","190941","1","1050101","000104420000063","1","8/13/2025","191731.69","CR","1050101","4215",""
"6702","191034","1","1050101","000104420000063","1","8/14/2025","191731.69","CR","1050101","4215",""
"6703","191127","1","1050101","000104420000063","1","8/15/2025","191731.69","CR","1050101","4215",""
"6704","191220","1","1050101","000104420000063","1","8/16/2025","191731.69","CR","1050101","4215",""
"6705","191313","1","1050101","000104420000063","1","8/17/2025","191731.69","CR","1050101","4215",""
"6706","191406","1","1050101","000104420000063","1","8/18/2025","191731.69","CR","1050101","4215",""
"6707","191499","1","1050101","000104420000063","1","8/19/2025","191731.69","CR","1050101","4215",""
"6708","191592","1","1050101","000104420000063","1","8/20/2025","191731.69","CR","1050101","4215",""
"6709","191685","1","1050101","000104420000063","1","8/21/2025","191731.69","CR","1050101","4215",""
"6710","191778","1","1050101","000104420000063","1","8/22/2025","191731.69","CR","1050101","4215",""
"6711","191871","1","1050101","000104420000063","1","8/23/2025","191731.69","CR","1050101","4215",""
"6712","191964","1","1050101","000104420000063","1","8/24/2025","191731.69","CR","1050101","4215",""
"6713","192057","1","1050101","000104420000063","1","8/25/2025","191731.69","CR","1050101","4215",""
"6714","192150","1","1050101","000104420000063","1","8/26/2025","191731.69","CR","1050101","4215",""
"6715","192243","1","1050101","000104420000063","1","8/27/2025","191731.69","CR","1050101","4215",""
"6716","192337","1","1050101","000104420000063","1","8/28/2025","191731.69","CR","1050101","4215",""
"6717","192431","1","1050101","000104420000063","1","8/29/2025","191731.69","CR","1050101","4215",""
"6718","192525","1","1050101","000104420000063","1","8/30/2025","191731.69","CR","1050101","4215",""
"6719","192619","1","1050101","000104420000063","1","8/31/2025","191731.69","CR","1050101","4215",""
"6720","192706","1","1050101","000104420000063","1","8/31/2025","-5941379.31","DR","1050101","4215","16"
"6721","192807","1","1050101","000104420000063","1","9/1/2025","197152.18","CR","1050101","4215",""
"6722","192901","1","1050101","000104420000063","1","9/2/2025","197152.18","CR","1050101","4215",""
"6723","192995","1","1050101","000104420000063","1","9/3/2025","197152.18","CR","1050101","4215",""
"6724","193089","1","1050101","000104420000063","1","9/4/2025","197152.18","CR","1050101","4215",""
"6725","193183","1","1050101","000104420000063","1","9/5/2025","197152.18","CR","1050101","4215",""
"6726","193278","1","1050101","000104420000063","1","9/6/2025","197152.18","CR","1050101","4215",""
"6727","193373","1","1050101","000104420000063","1","9/7/2025","197152.18","CR","1050101","4215",""
"6728","193468","1","1050101","000104420000063","1","9/8/2025","197152.18","CR","1050101","4215",""
"6729","193563","1","1050101","000104420000063","1","9/9/2025","197152.18","CR","1050101","4215",""
"6730","193658","1","1050101","000104420000063","1","9/10/2025","197152.18","CR","1050101","4215",""
"6731","193753","1","1050101","000104420000063","1","9/11/2025","197152.18","CR","1050101","4215",""
"6732","193848","1","1050101","000104420000063","1","9/12/2025","196560.13","CR","1050101","4215",""
"6733","193943","1","1050101","000104420000063","1","9/13/2025","196560.13","CR","1050101","4215",""
"6734","194038","1","1050101","000104420000063","1","9/14/2025","196560.13","CR","1050101","4215",""
"6735","194133","1","1050101","000104420000063","1","9/15/2025","196560.13","CR","1050101","4215",""
"6736","194228","1","1050101","000104420000063","1","9/16/2025","196560.13","CR","1050101","4215",""
"6737","194323","1","1050101","000104420000063","1","9/17/2025","196560.13","CR","1050101","4215",""
"6738","194418","1","1050101","000104420000063","1","9/18/2025","196560.13","CR","1050101","4215",""
"6739","194513","1","1050101","000104420000063","1","9/19/2025","196560.13","CR","1050101","4215",""
"6740","194608","1","1050101","000104420000063","1","9/20/2025","196560.13","CR","1050101","4215",""
"6741","194703","1","1050101","000104420000063","1","9/21/2025","196560.13","CR","1050101","4215",""
"6742","194798","1","1050101","000104420000063","1","9/22/2025","196560.13","CR","1050101","4215",""
"6743","194893","1","1050101","000104420000063","1","9/23/2025","196560.13","CR","1050101","4215",""
"6744","194988","1","1050101","000104420000063","1","9/24/2025","196560.13","CR","1050101","4215",""
"6745","195083","1","1050101","000104420000063","1","9/25/2025","196560.13","CR","1050101","4215",""
"6746","195178","1","1050101","000104420000063","1","9/26/2025","196560.13","CR","1050101","4215",""
"6747","195273","1","1050101","000104420000063","1","9/27/2025","196560.13","CR","1050101","4215",""
"6748","195368","1","1050101","000104420000063","1","9/28/2025","196560.13","CR","1050101","4215",""
"6749","195463","1","1050101","000104420000063","1","9/29/2025","196560.13","CR","1050101","4215",""
"6750","195558","1","1050101","000104420000063","1","9/30/2025","196560.13","CR","1050101","4215",""
"6751","195643","1","1050101","000104420000063","1","9/30/2025","-5903316.45","DR","1050101","4215","23"
"6752","195727","1","1050101","000104420000063","1","10/1/2025","201929.72","CR","1050101","4215",""
"6753","195823","1","1050101","000104420000063","1","10/2/2025","201929.72","CR","1050101","4215",""
"6754","195919","1","1050101","000104420000063","1","10/3/2025","201929.72","CR","1050101","4215",""
"6755","196015","1","1050101","000104420000063","1","10/4/2025","201929.72","CR","1050101","4215",""
"6756","196111","1","1050101","000104420000063","1","10/5/2025","201929.72","CR","1050101","4215",""
"6757","196207","1","1050101","000104420000063","1","10/6/2025","201929.72","CR","1050101","4215",""
"6758","196326","1","1050101","000104420000063","1","10/7/2025","201929.72","CR","1050101","4215",""
"6759","196422","1","1050101","000104420000063","1","10/8/2025","201929.72","CR","1050101","4215",""
"6760","196518","1","1050101","000104420000063","1","10/9/2025","201929.72","CR","1050101","4215",""
"6761","196614","1","1050101","000104420000063","1","10/10/2025","201929.72","CR","1050101","4215",""
"6762","196710","1","1050101","000104420000063","1","10/11/2025","201929.72","CR","1050101","4215",""
"6763","196806","1","1050101","000104420000063","1","10/12/2025","201929.72","CR","1050101","4215",""
"6764","196902","1","1050101","000104420000063","1","10/13/2025","201929.72","CR","1050101","4215",""
"6765","196998","1","1050101","000104420000063","1","10/14/2025","201929.72","CR","1050101","4215",""
"6766","197094","1","1050101","000104420000063","1","10/15/2025","201929.72","CR","1050101","4215",""
"6767","197190","1","1050101","000104420000063","1","10/16/2025","201929.72","CR","1050101","4215",""
"6768","197286","1","1050101","000104420000063","1","10/17/2025","201929.72","CR","1050101","4215",""
"6769","197382","1","1050101","000104420000063","1","10/18/2025","201929.72","CR","1050101","4215",""
"6770","197478","1","1050101","000104420000063","1","10/19/2025","201929.72","CR","1050101","4215",""
"6771","197574","1","1050101","000104420000063","1","10/20/2025","201929.72","CR","1050101","4215",""
"6772","197670","1","1050101","000104420000063","1","10/21/2025","201929.72","CR","1050101","4215",""
"6773","197766","1","1050101","000104420000063","1","10/22/2025","201929.72","CR","1050101","4215",""
"6774","197862","1","1050101","000104420000063","1","10/23/2025","201929.72","CR","1050101","4215",""
"6775","197958","1","1050101","000104420000063","1","10/24/2025","201929.72","CR","1050101","4215",""
"6776","198054","1","1050101","000104420000063","1","10/25/2025","201929.72","CR","1050101","4215",""
"6777","198150","1","1050101","000104420000063","1","10/26/2025","201929.72","CR","1050101","4215",""
"6778","198246","1","1050101","000104420000063","1","10/27/2025","201929.72","CR","1050101","4215",""
"6779","198342","1","1050101","000104420000063","1","10/28/2025","201929.72","CR","1050101","4215",""
"6780","198438","1","1050101","000104420000063","1","10/29/2025","201929.72","CR","1050101","4215",""
"6781","198534","1","1050101","000104420000063","1","10/30/2025","201929.72","CR","1050101","4215",""
"6782","198630","1","1050101","000104420000063","1","10/31/2025","201929.72","CR","1050101","4215",""
"6783","198728","1","1050101","000104420000063","1","10/31/2025","-6259821.32","DR","1050101","4215","52"
"6784","198824","1","1050101","000104420000063","1","11/1/2025","207623.59","CR","1050101","4215",""
"6785","198921","1","1050101","000104420000063","1","11/2/2025","207623.59","CR","1050101","4215",""
"6786","199018","1","1050101","000104420000063","1","11/3/2025","207623.59","CR","1050101","4215",""
"6787","199115","1","1050101","000104420000063","1","11/4/2025","207623.59","CR","1050101","4215",""
"6788","199212","1","1050101","000104420000063","1","11/5/2025","207623.59","CR","1050101","4215",""
"6789","199309","1","1050101","000104420000063","1","11/6/2025","207623.59","CR","1050101","4215",""
"6790","199406","1","1050101","000104420000063","1","11/7/2025","207623.59","CR","1050101","4215",""
"6791","199503","1","1050101","000104420000063","1","11/8/2025","207623.59","CR","1050101","4215",""
"6792","199600","1","1050101","000104420000063","1","11/9/2025","207623.59","CR","1050101","4215",""
"6793","199697","1","1050101","000104420000063","1","11/10/2025","207623.59","CR","1050101","4215",""
"6794","199794","1","1050101","000104420000063","1","11/11/2025","207623.59","CR","1050101","4215",""
"6795","199891","1","1050101","000104420000063","1","11/12/2025","207623.59","CR","1050101","4215",""
"6796","199988","1","1050101","000104420000063","1","11/13/2025","207623.59","CR","1050101","4215",""
"6797","200085","1","1050101","000104420000063","1","11/14/2025","207623.59","CR","1050101","4215",""
"6798","200182","1","1050101","000104420000063","1","11/15/2025","207623.59","CR","1050101","4215",""
"6799","200279","1","1050101","000104420000063","1","11/16/2025","207623.59","CR","1050101","4215",""
"6800","200376","1","1050101","000104420000063","1","11/17/2025","207623.59","CR","1050101","4215",""
"6801","200473","1","1050101","000104420000063","1","11/18/2025","207623.59","CR","1050101","4215",""
"6802","200570","1","1050101","000104420000063","1","11/19/2025","207623.59","CR","1050101","4215",""
"6803","200667","1","1050101","000104420000063","1","11/20/2025","207623.59","CR","1050101","4215",""
"6804","200764","1","1050101","000104420000063","1","11/21/2025","207623.59","CR","1050101","4215",""
"6805","200861","1","1050101","000104420000063","1","11/22/2025","207623.59","CR","1050101","4215",""
"6806","200958","1","1050101","000104420000063","1","11/23/2025","207623.59","CR","1050101","4215",""
"6807","201055","1","1050101","000104420000063","1","11/24/2025","207623.59","CR","1050101","4215",""
"6808","201152","1","1050101","000104420000063","1","11/25/2025","207623.59","CR","1050101","4215",""
"6809","201249","1","1050101","000104420000063","1","11/26/2025","207623.59","CR","1050101","4215",""
"6810","201346","1","1050101","000104420000063","1","11/27/2025","207623.59","CR","1050101","4215",""
"6811","201441","1","1050101","000104420000063","1","11/28/2025","207623.59","CR","1050101","4215",""
"6812","201535","1","1050101","000104420000063","1","11/29/2025","207623.59","CR","1050101","4215",""
"6813","201630","1","1050101","000104420000063","1","11/30/2025","207623.59","CR","1050101","4215",""
"6814","201717","1","1050101","000104420000063","1","11/30/2025","-6228707.70","DR","1050101","4215","28"
"6815","201821","1","1050101","000104420000063","1","12/1/2025","213289.15","CR","1050101","4215",""
"6816","201916","1","1050101","000104420000063","1","12/2/2025","213289.15","CR","1050101","4215",""
"6817","202011","1","1050101","000104420000063","1","12/3/2025","213289.15","CR","1050101","4215",""
"6818","202106","1","1050101","000104420000063","1","12/4/2025","213289.15","CR","1050101","4215",""
"6819","202201","1","1050101","000104420000063","1","12/5/2025","213289.15","CR","1050101","4215",""
"6820","202296","1","1050101","000104420000063","1","12/6/2025","213289.15","CR","1050101","4215",""
"6821","202391","1","1050101","000104420000063","1","12/7/2025","213289.15","CR","1050101","4215",""
"6822","193184","1","1050101","000104420000064","1","9/5/2025","54794.52","CR","1050101","4215",""
"6823","193279","1","1050101","000104420000064","1","9/6/2025","54794.52","CR","1050101","4215",""
"6824","193374","1","1050101","000104420000064","1","9/7/2025","54794.52","CR","1050101","4215",""
"6825","193469","1","1050101","000104420000064","1","9/8/2025","54794.52","CR","1050101","4215",""
"6826","193564","1","1050101","000104420000064","1","9/9/2025","54794.52","CR","1050101","4215",""
"6827","193659","1","1050101","000104420000064","1","9/10/2025","54794.52","CR","1050101","4215",""
"6828","193754","1","1050101","000104420000064","1","9/11/2025","54794.52","CR","1050101","4215",""
"6829","193849","1","1050101","000104420000064","1","9/12/2025","54109.59","CR","1050101","4215",""
"6830","193944","1","1050101","000104420000064","1","9/13/2025","54109.59","CR","1050101","4215",""
"6831","194039","1","1050101","000104420000064","1","9/14/2025","54109.59","CR","1050101","4215",""
"6832","194134","1","1050101","000104420000064","1","9/15/2025","54109.59","CR","1050101","4215",""
"6833","194229","1","1050101","000104420000064","1","9/16/2025","54109.59","CR","1050101","4215",""
"6834","194324","1","1050101","000104420000064","1","9/17/2025","54109.59","CR","1050101","4215",""
"6835","194419","1","1050101","000104420000064","1","9/18/2025","54109.59","CR","1050101","4215",""
"6836","194514","1","1050101","000104420000064","1","9/19/2025","54109.59","CR","1050101","4215",""
"6837","194609","1","1050101","000104420000064","1","9/20/2025","54109.59","CR","1050101","4215",""
"6838","194704","1","1050101","000104420000064","1","9/21/2025","54109.59","CR","1050101","4215",""
"6839","194799","1","1050101","000104420000064","1","9/22/2025","54109.59","CR","1050101","4215",""
"6840","194894","1","1050101","000104420000064","1","9/23/2025","54109.59","CR","1050101","4215",""
"6841","194989","1","1050101","000104420000064","1","9/24/2025","54109.59","CR","1050101","4215",""
"6842","195084","1","1050101","000104420000064","1","9/25/2025","54109.59","CR","1050101","4215",""
"6843","195179","1","1050101","000104420000064","1","9/26/2025","54109.59","CR","1050101","4215",""
"6844","195274","1","1050101","000104420000064","1","9/27/2025","54109.59","CR","1050101","4215",""
"6845","195369","1","1050101","000104420000064","1","9/28/2025","54109.59","CR","1050101","4215",""
"6846","195464","1","1050101","000104420000064","1","9/29/2025","54109.59","CR","1050101","4215",""
"6847","195559","1","1050101","000104420000064","1","9/30/2025","54109.59","CR","1050101","4215",""
"6848","195654","1","1050101","000104420000064","1","9/30/2025","-1411643.85","DR","1050101","4215","23"
"6849","195728","1","1050101","000104420000064","1","10/1/2025","54415.12","CR","1050101","4215",""
"6850","195824","1","1050101","000104420000064","1","10/2/2025","54415.12","CR","1050101","4215",""
"6851","195920","1","1050101","000104420000064","1","10/3/2025","54415.12","CR","1050101","4215",""
"6852","196016","1","1050101","000104420000064","1","10/4/2025","54415.12","CR","1050101","4215",""
"6853","196112","1","1050101","000104420000064","1","10/5/2025","54415.12","CR","1050101","4215",""
"6854","196208","1","1050101","000104420000064","1","10/6/2025","54415.12","CR","1050101","4215",""
"6855","196327","1","1050101","000104420000064","1","10/7/2025","54415.12","CR","1050101","4215",""
"6856","196423","1","1050101","000104420000064","1","10/8/2025","54415.12","CR","1050101","4215",""
"6857","196519","1","1050101","000104420000064","1","10/9/2025","54415.12","CR","1050101","4215",""
"6858","196615","1","1050101","000104420000064","1","10/10/2025","54415.12","CR","1050101","4215",""
"6859","196711","1","1050101","000104420000064","1","10/11/2025","54415.12","CR","1050101","4215",""
"6860","196807","1","1050101","000104420000064","1","10/12/2025","54415.12","CR","1050101","4215",""
"6861","196903","1","1050101","000104420000064","1","10/13/2025","54415.12","CR","1050101","4215",""
"6862","196999","1","1050101","000104420000064","1","10/14/2025","54415.12","CR","1050101","4215",""
"6863","197095","1","1050101","000104420000064","1","10/15/2025","54415.12","CR","1050101","4215",""
"6864","197191","1","1050101","000104420000064","1","10/16/2025","54415.12","CR","1050101","4215",""
"6865","197287","1","1050101","000104420000064","1","10/17/2025","228681.28","CR","1050101","4215",""
"6866","197383","1","1050101","000104420000064","1","10/18/2025","228681.28","CR","1050101","4215",""
"6867","197479","1","1050101","000104420000064","1","10/19/2025","228681.28","CR","1050101","4215",""
"6868","197575","1","1050101","000104420000064","1","10/20/2025","228681.28","CR","1050101","4215",""
"6869","197671","1","1050101","000104420000064","1","10/21/2025","228681.28","CR","1050101","4215",""
"6870","197767","1","1050101","000104420000064","1","10/22/2025","228681.28","CR","1050101","4215",""
"6871","197863","1","1050101","000104420000064","1","10/23/2025","228681.28","CR","1050101","4215",""
"6872","197959","1","1050101","000104420000064","1","10/24/2025","228681.28","CR","1050101","4215",""
"6873","198055","1","1050101","000104420000064","1","10/25/2025","228681.28","CR","1050101","4215",""
"6874","198151","1","1050101","000104420000064","1","10/26/2025","228681.28","CR","1050101","4215",""
"6875","198247","1","1050101","000104420000064","1","10/27/2025","228681.28","CR","1050101","4215",""
"6876","198343","1","1050101","000104420000064","1","10/28/2025","228681.28","CR","1050101","4215",""
"6877","198439","1","1050101","000104420000064","1","10/29/2025","228681.28","CR","1050101","4215",""
"6878","198535","1","1050101","000104420000064","1","10/30/2025","228681.28","CR","1050101","4215",""
"6879","198631","1","1050101","000104420000064","1","10/31/2025","228681.28","CR","1050101","4215",""
"6880","198717","1","1050101","000104420000064","1","10/31/2025","-4300861.12","DR","1050101","4215","52"
"6881","198825","1","1050101","000104420000064","1","11/1/2025","232593.29","CR","1050101","4215",""
"6882","198922","1","1050101","000104420000064","1","11/2/2025","232593.29","CR","1050101","4215",""
"6883","199019","1","1050101","000104420000064","1","11/3/2025","232593.29","CR","1050101","4215",""
"6884","199116","1","1050101","000104420000064","1","11/4/2025","232593.29","CR","1050101","4215",""
"6885","199213","1","1050101","000104420000064","1","11/5/2025","232593.29","CR","1050101","4215",""
"6886","199310","1","1050101","000104420000064","1","11/6/2025","232593.29","CR","1050101","4215",""
"6887","199407","1","1050101","000104420000064","1","11/7/2025","232593.29","CR","1050101","4215",""
"6888","199504","1","1050101","000104420000064","1","11/8/2025","232593.29","CR","1050101","4215",""
"6889","199601","1","1050101","000104420000064","1","11/9/2025","232593.29","CR","1050101","4215",""
"6890","199698","1","1050101","000104420000064","1","11/10/2025","232593.29","CR","1050101","4215",""
"6891","199795","1","1050101","000104420000064","1","11/11/2025","232593.29","CR","1050101","4215",""
"6892","199892","1","1050101","000104420000064","1","11/12/2025","232593.29","CR","1050101","4215",""
"6893","199989","1","1050101","000104420000064","1","11/13/2025","232593.29","CR","1050101","4215",""
"6894","200086","1","1050101","000104420000064","1","11/14/2025","232593.29","CR","1050101","4215",""
"6895","200183","1","1050101","000104420000064","1","11/15/2025","232593.29","CR","1050101","4215",""
"6896","200280","1","1050101","000104420000064","1","11/16/2025","232593.29","CR","1050101","4215",""
"6897","200377","1","1050101","000104420000064","1","11/17/2025","232593.29","CR","1050101","4215",""
"6898","200474","1","1050101","000104420000064","1","11/18/2025","232593.29","CR","1050101","4215",""
"6899","200571","1","1050101","000104420000064","1","11/19/2025","232593.29","CR","1050101","4215",""
"6900","200668","1","1050101","000104420000064","1","11/20/2025","232593.29","CR","1050101","4215",""
"6901","200765","1","1050101","000104420000064","1","11/21/2025","232593.29","CR","1050101","4215",""
"6902","200862","1","1050101","000104420000064","1","11/22/2025","232593.29","CR","1050101","4215",""
"6903","200959","1","1050101","000104420000064","1","11/23/2025","232593.29","CR","1050101","4215",""
"6904","201056","1","1050101","000104420000064","1","11/24/2025","232593.29","CR","1050101","4215",""
"6905","201153","1","1050101","000104420000064","1","11/25/2025","232593.29","CR","1050101","4215",""
"6906","201250","1","1050101","000104420000064","1","11/26/2025","232593.29","CR","1050101","4215",""
"6907","201347","1","1050101","000104420000064","1","11/27/2025","232593.29","CR","1050101","4215",""
"6908","201442","1","1050101","000104420000064","1","11/28/2025","232593.29","CR","1050101","4215",""
"6909","201536","1","1050101","000104420000064","1","11/29/2025","232593.29","CR","1050101","4215",""
"6910","201631","1","1050101","000104420000064","1","11/30/2025","232593.29","CR","1050101","4215",""
"6911","201713","1","1050101","000104420000064","1","11/30/2025","-6977798.70","DR","1050101","4215","28"
"6912","201822","1","1050101","000104420000064","1","12/1/2025","238940.22","CR","1050101","4215",""
"6913","201917","1","1050101","000104420000064","1","12/2/2025","238940.22","CR","1050101","4215",""
"6914","202012","1","1050101","000104420000064","1","12/3/2025","238940.22","CR","1050101","4215",""
"6915","202107","1","1050101","000104420000064","1","12/4/2025","238940.22","CR","1050101","4215",""
"6916","202202","1","1050101","000104420000064","1","12/5/2025","238940.22","CR","1050101","4215",""
"6917","202297","1","1050101","000104420000064","1","12/6/2025","238940.22","CR","1050101","4215",""
"6918","202392","1","1050101","000104420000064","1","12/7/2025","238940.22","CR","1050101","4215",""
"6919","202486","1","1050101","000104420000064","1","12/8/2025","238940.22","CR","1050101","4215",""
"6920","202579","1","1050101","000104420000064","1","12/9/2025","238940.22","CR","1050101","4215",""
"6921","202672","1","1050101","000104420000064","1","12/10/2025","238940.22","CR","1050101","4215",""
"6922","202762","1","1050101","000104420000064","1","12/11/2025","238940.22","CR","1050101","4215",""
"6923","202845","1","1050101","000104420000064","1","12/12/2025","238940.22","CR","1050101","4215",""
"6924","202928","1","1050101","000104420000064","1","12/13/2025","238940.22","CR","1050101","4215",""
"6925","203011","1","1050101","000104420000064","1","12/14/2025","238940.22","CR","1050101","4215",""
"6926","203094","1","1050101","000104420000064","1","12/15/2025","238940.22","CR","1050101","4215",""
"6927","203177","1","1050101","000104420000064","1","12/16/2025","238940.22","CR","1050101","4215",""
"6928","203247","1","1050101","000104420000064","1","12/17/2025","238940.22","CR","1050101","4215",""
"6929","203317","1","1050101","000104420000064","1","12/18/2025","238940.22","CR","1050101","4215",""
"6930","203390","1","1050101","000104420000064","1","12/19/2025","238940.22","CR","1050101","4215",""
"6931","203464","1","1050101","000104420000064","1","12/20/2025","238940.22","CR","1050101","4215",""
"6932","203538","1","1050101","000104420000064","1","12/21/2025","238940.22","CR","1050101","4215",""
"6933","203612","1","1050101","000104420000064","1","12/22/2025","238940.22","CR","1050101","4215",""
"6934","203686","1","1050101","000104420000064","1","12/23/2025","238940.22","CR","1050101","4215",""
"6935","203760","1","1050101","000104420000064","1","12/24/2025","238940.22","CR","1050101","4215",""
"6936","203834","1","1050101","000104420000064","1","12/25/2025","238940.22","CR","1050101","4215",""
"6937","203908","1","1050101","000104420000064","1","12/26/2025","238940.22","CR","1050101","4215",""
"6938","203982","1","1050101","000104420000064","1","12/27/2025","238940.22","CR","1050101","4215",""
"6939","204056","1","1050101","000104420000064","1","12/28/2025","238940.22","CR","1050101","4215",""
"6940","204130","1","1050101","000104420000064","1","12/29/2025","238940.22","CR","1050101","4215",""
"6941","204209","1","1050101","000104420000064","1","12/30/2025","238940.22","CR","1050101","4215",""
"6942","204466","1","1050101","000104420000064","1","12/31/2025","239659.92","CR","1050101","4215",""
"6943","204544","1","1050101","000104420000064","1","12/31/2025","-7407866.52","DR","1050101","4215","30"
"6944","204619","1","1050101","000104420000064","1","1/1/2026","253643.80","CR","1050101","4215",""
"6945","204696","1","1050101","000104420000064","1","1/2/2026","253643.80","CR","1050101","4215",""
"6946","204773","1","1050101","000104420000064","1","1/3/2026","253643.80","CR","1050101","4215",""
"6947","204850","1","1050101","000104420000064","1","1/4/2026","253643.80","CR","1050101","4215",""
"6948","204927","1","1050101","000104420000064","1","1/5/2026","253643.80","CR","1050101","4215",""
"6949","205004","1","1050101","000104420000064","1","1/6/2026","253643.80","CR","1050101","4215",""
"6950","205081","1","1050101","000104420000064","1","1/7/2026","253643.80","CR","1050101","4215",""
"6951","205158","1","1050101","000104420000064","1","1/8/2026","253643.80","CR","1050101","4215",""
"6952","205235","1","1050101","000104420000064","1","1/9/2026","253643.80","CR","1050101","4215",""
"6953","205312","1","1050101","000104420000064","1","1/10/2026","253643.80","CR","1050101","4215",""
"6954","205389","1","1050101","000104420000064","1","1/11/2026","253643.80","CR","1050101","4215",""
"6955","205466","1","1050101","000104420000064","1","1/12/2026","253643.80","CR","1050101","4215",""
"6956","205542","1","1050101","000104420000064","1","1/13/2026","253643.80","CR","1050101","4215",""
"6957","205618","1","1050101","000104420000064","1","1/14/2026","253643.80","CR","1050101","4215",""
"6958","205694","1","1050101","000104420000064","1","1/15/2026","253643.80","CR","1050101","4215",""
"6959","205770","1","1050101","000104420000064","1","1/16/2026","253643.80","CR","1050101","4215",""
"6960","205846","1","1050101","000104420000064","1","1/17/2026","253643.80","CR","1050101","4215",""
"6961","205922","1","1050101","000104420000064","1","1/18/2026","253643.80","CR","1050101","4215",""
"6962","205998","1","1050101","000104420000064","1","1/19/2026","253643.80","CR","1050101","4215",""
"6963","206075","1","1050101","000104420000064","1","1/20/2026","253643.80","CR","1050101","4215",""
"6964","206152","1","1050101","000104420000064","1","1/21/2026","253643.80","CR","1050101","4215",""
"6965","206229","1","1050101","000104420000064","1","1/22/2026","253643.80","CR","1050101","4215",""
"6966","206306","1","1050101","000104420000064","1","1/23/2026","253643.80","CR","1050101","4215",""
"6967","206383","1","1050101","000104420000064","1","1/24/2026","253643.80","CR","1050101","4215",""
"6968","206460","1","1050101","000104420000064","1","1/25/2026","253643.80","CR","1050101","4215",""
"6969","206537","1","1050101","000104420000064","1","1/26/2026","253643.80","CR","1050101","4215",""
"6970","206614","1","1050101","000104420000064","1","1/27/2026","253643.80","CR","1050101","4215",""
"6971","206691","1","1050101","000104420000064","1","1/28/2026","253643.80","CR","1050101","4215",""
"6972","206768","1","1050101","000104420000064","1","1/29/2026","253643.80","CR","1050101","4215",""
"6973","206845","1","1050101","000104420000064","1","1/30/2026","253643.80","CR","1050101","4215",""
"6974","206922","1","1050101","000104420000064","1","1/31/2026","253643.80","CR","1050101","4215",""
"6975","206996","1","1050101","000104420000064","1","1/31/2026","-7862957.80","DR","1050101","4215","27"
"6976","207072","1","1050101","000104420000064","1","2/1/2026","260817.40","CR","1050101","4215",""
"6977","207149","1","1050101","000104420000064","1","2/2/2026","260817.40","CR","1050101","4215",""
"6978","207226","1","1050101","000104420000064","1","2/3/2026","260817.40","CR","1050101","4215",""
"6979","207303","1","1050101","000104420000064","1","2/4/2026","256117.99","CR","1050101","4215",""
"6980","207380","1","1050101","000104420000064","1","2/5/2026","256117.99","CR","1050101","4215",""
"6981","207457","1","1050101","000104420000064","1","2/6/2026","256117.99","CR","1050101","4215",""
"6982","207534","1","1050101","000104420000064","1","2/7/2026","256117.99","CR","1050101","4215",""
"6983","207611","1","1050101","000104420000064","1","2/8/2026","256117.99","CR","1050101","4215",""
"6984","207688","1","1050101","000104420000064","1","2/9/2026","256117.99","CR","1050101","4215",""
"6985","207766","1","1050101","000104420000064","1","2/10/2026","256117.99","CR","1050101","4215",""
"6986","207844","1","1050101","000104420000064","1","2/11/2026","256117.99","CR","1050101","4215",""
"6987","207922","1","1050101","000104420000064","1","2/12/2026","256117.99","CR","1050101","4215",""
"6988","208000","1","1050101","000104420000064","1","2/13/2026","256117.99","CR","1050101","4215",""
"6989","208078","1","1050101","000104420000064","1","2/14/2026","256117.99","CR","1050101","4215",""
"6990","208156","1","1050101","000104420000064","1","2/15/2026","256117.99","CR","1050101","4215",""
"6991","208234","1","1050101","000104420000064","1","2/16/2026","256117.99","CR","1050101","4215",""
"6992","208312","1","1050101","000104420000064","1","2/17/2026","256117.99","CR","1050101","4215",""
"6993","208390","1","1050101","000104420000064","1","2/18/2026","256117.99","CR","1050101","4215",""
"6994","208468","1","1050101","000104420000064","1","2/19/2026","256117.99","CR","1050101","4215",""
"6995","208546","1","1050101","000104420000064","1","2/20/2026","256117.99","CR","1050101","4215",""
"6996","208624","1","1050101","000104420000064","1","2/21/2026","256117.99","CR","1050101","4215",""
"6997","208702","1","1050101","000104420000064","1","2/22/2026","256117.99","CR","1050101","4215",""
"6998","208780","1","1050101","000104420000064","1","2/23/2026","256117.99","CR","1050101","4215",""
"6999","208858","1","1050101","000104420000064","1","2/24/2026","256117.99","CR","1050101","4215",""
"7000","208936","1","1050101","000104420000064","1","2/25/2026","256117.99","CR","1050101","4215",""
"7001","209014","1","1050101","000104420000064","1","2/26/2026","256117.99","CR","1050101","4215",""
"7002","209092","1","1050101","000104420000064","1","2/27/2026","256117.99","CR","1050101","4215",""
"7003","209170","1","1050101","000104420000064","1","2/28/2026","256117.99","CR","1050101","4215",""
"7004","209246","1","1050101","000104420000064","1","2/28/2026","-7185401.95","DR","1050101","4215","32"
"7005","209326","1","1050101","000104420000064","1","3/1/2026","262555.32","CR","1050101","4215",""
"7006","209404","1","1050101","000104420000064","1","3/2/2026","262555.32","CR","1050101","4215",""
"7007","209482","1","1050101","000104420000064","1","3/3/2026","262555.32","CR","1050101","4215",""
"7008","209560","1","1050101","000104420000064","1","3/4/2026","262555.32","CR","1050101","4215",""
"7009","209638","1","1050101","000104420000064","1","3/5/2026","254526.11","CR","1050101","4215",""
"7010","209716","1","1050101","000104420000064","1","3/6/2026","254526.11","CR","1050101","4215",""
"7011","209794","1","1050101","000104420000064","1","3/7/2026","254526.11","CR","1050101","4215",""
"7012","209872","1","1050101","000104420000064","1","3/8/2026","254526.11","CR","1050101","4215",""
"7013","209950","1","1050101","000104420000064","1","3/9/2026","244088.13","CR","1050101","4215",""
"7014","210028","1","1050101","000104420000064","1","3/10/2026","244088.13","CR","1050101","4215",""
"7015","210106","1","1050101","000104420000064","1","3/11/2026","244088.13","CR","1050101","4215",""
"7016","210184","1","1050101","000104420000064","1","3/12/2026","244088.13","CR","1050101","4215",""
"7017","210262","1","1050101","000104420000064","1","3/13/2026","244088.13","CR","1050101","4215",""
"7018","210340","1","1050101","000104420000064","1","3/14/2026","244088.13","CR","1050101","4215",""
"7019","210418","1","1050101","000104420000064","1","3/15/2026","244088.13","CR","1050101","4215",""
"7020","210496","1","1050101","000104420000064","1","3/16/2026","244088.13","CR","1050101","4215",""
"7021","210574","1","1050101","000104420000064","1","3/17/2026","244088.13","CR","1050101","4215",""
"7022","210652","1","1050101","000104420000064","1","3/18/2026","244088.13","CR","1050101","4215",""
"7023","210730","1","1050101","000104420000064","1","3/19/2026","244088.13","CR","1050101","4215",""
"7024","210808","1","1050101","000104420000064","1","3/20/2026","244088.13","CR","1050101","4215",""
"7025","210886","1","1050101","000104420000064","1","3/21/2026","244088.13","CR","1050101","4215",""
"7026","210964","1","1050101","000104420000064","1","3/22/2026","244088.13","CR","1050101","4215",""
"7027","211042","1","1050101","000104420000064","1","3/23/2026","244088.13","CR","1050101","4215",""
"7028","211120","1","1050101","000104420000064","1","3/24/2026","244088.13","CR","1050101","4215",""
"7029","211199","1","1050101","000104420000064","1","3/25/2026","244088.13","CR","1050101","4215",""
"7030","211279","1","1050101","000104420000064","1","3/26/2026","244088.13","CR","1050101","4215",""
"7031","211359","1","1050101","000104420000064","1","3/27/2026","244088.13","CR","1050101","4215",""
"7032","211439","1","1050101","000104420000064","1","3/28/2026","244088.13","CR","1050101","4215",""
"7033","211519","1","1050101","000104420000064","1","3/29/2026","244088.13","CR","1050101","4215",""
"7034","211599","1","1050101","000104420000064","1","3/30/2026","244088.13","CR","1050101","4215",""
"7035","211679","1","1050101","000104420000064","1","3/31/2026","244088.13","CR","1050101","4215",""
"7036","211759","1","1050101","000104420000064","1","3/31/2026","-7682352.71","DR","1050101","4215","48"
"7037","211839","1","1050101","000104420000064","1","4/1/2026","250486.58","CR","1050101","4215",""
"7038","211919","1","1050101","000104420000064","1","4/2/2026","250486.58","CR","1050101","4215",""
"7039","211999","1","1050101","000104420000064","1","4/3/2026","250486.58","CR","1050101","4215",""
"7040","212079","1","1050101","000104420000064","1","4/4/2026","250486.58","CR","1050101","4215",""
"7041","212159","1","1050101","000104420000064","1","4/5/2026","250486.58","CR","1050101","4215",""
"7042","212239","1","1050101","000104420000064","1","4/6/2026","250486.58","CR","1050101","4215",""
"7043","212319","1","1050101","000104420000064","1","4/7/2026","250486.58","CR","1050101","4215",""
"7044","212399","1","1050101","000104420000064","1","4/8/2026","250486.58","CR","1050101","4215",""
"7045","212479","1","1050101","000104420000064","1","4/9/2026","250486.58","CR","1050101","4215",""
"7046","212559","1","1050101","000104420000064","1","4/10/2026","250486.58","CR","1050101","4215",""
"7047","212639","1","1050101","000104420000064","1","4/11/2026","250486.58","CR","1050101","4215",""
"7048","212719","1","1050101","000104420000064","1","4/12/2026","250486.58","CR","1050101","4215",""
"7049","212799","1","1050101","000104420000064","1","4/13/2026","250486.58","CR","1050101","4215",""
"7050","212879","1","1050101","000104420000064","1","4/14/2026","250486.58","CR","1050101","4215",""
"7051","212959","1","1050101","000104420000064","1","4/15/2026","250486.58","CR","1050101","4215",""
"7052","213039","1","1050101","000104420000064","1","4/16/2026","250486.58","CR","1050101","4215",""
"7053","213119","1","1050101","000104420000064","1","4/17/2026","250486.58","CR","1050101","4215",""
"7054","213199","1","1050101","000104420000064","1","4/18/2026","250486.58","CR","1050101","4215",""
"7055","213279","1","1050101","000104420000064","1","4/19/2026","250486.58","CR","1050101","4215",""
"7056","213359","1","1050101","000104420000064","1","4/20/2026","237303.08","CR","1050101","4215",""
"7057","213439","1","1050101","000104420000064","1","4/21/2026","237303.08","CR","1050101","4215",""
"7058","213519","1","1050101","000104420000064","1","4/22/2026","237303.08","CR","1050101","4215",""
"7059","213599","1","1050101","000104420000064","1","4/23/2026","237303.08","CR","1050101","4215",""
"7060","213680","1","1050101","000104420000064","1","4/24/2026","237303.08","CR","1050101","4215",""
"7061","213761","1","1050101","000104420000064","1","4/25/2026","237303.08","CR","1050101","4215",""
"7062","213842","1","1050101","000104420000064","1","4/26/2026","237303.08","CR","1050101","4215",""
"7063","213923","1","1050101","000104420000064","1","4/27/2026","237303.08","CR","1050101","4215",""
"7064","214004","1","1050101","000104420000064","1","4/28/2026","237303.08","CR","1050101","4215",""
"7065","214086","1","1050101","000104420000064","1","4/29/2026","237303.08","CR","1050101","4215",""
"7066","214168","1","1050101","000104420000064","1","4/30/2026","237303.08","CR","1050101","4215",""
"7067","214248","1","1050101","000104420000064","1","4/30/2026","-7369578.90","DR","1050101","4215","26"
"7068","214330","1","1050101","000104420000064","1","5/1/2026","243117.98","CR","1050101","4215",""
"7069","214410","1","1050101","000104420000064","1","5/2/2026","243117.98","CR","1050101","4215",""
"7070","214490","1","1050101","000104420000064","1","5/3/2026","243117.98","CR","1050101","4215",""
"7071","214570","1","1050101","000104420000064","1","5/4/2026","243117.98","CR","1050101","4215",""
"7072","214650","1","1050101","000104420000064","1","5/5/2026","243117.98","CR","1050101","4215",""
"7073","214730","1","1050101","000104420000064","1","5/6/2026","241429.66","CR","1050101","4215",""
"7074","214810","1","1050101","000104420000064","1","5/7/2026","241429.66","CR","1050101","4215",""
"7075","214890","1","1050101","000104420000064","1","5/8/2026","241429.66","CR","1050101","4215",""
"7076","214970","1","1050101","000104420000064","1","5/9/2026","241429.66","CR","1050101","4215",""
"7077","215050","1","1050101","000104420000064","1","5/10/2026","241429.66","CR","1050101","4215",""
"7078","215130","1","1050101","000104420000064","1","5/11/2026","241429.66","CR","1050101","4215",""
"7079","215210","1","1050101","000104420000064","1","5/12/2026","241429.66","CR","1050101","4215",""
"7080","215290","1","1050101","000104420000064","1","5/13/2026","241429.66","CR","1050101","4215",""
"7081","215370","1","1050101","000104420000064","1","5/14/2026","241429.66","CR","1050101","4215",""
"7082","215450","1","1050101","000104420000064","1","5/15/2026","241429.66","CR","1050101","4215",""
"7083","215530","1","1050101","000104420000064","1","5/16/2026","241429.66","CR","1050101","4215",""
"7084","215610","1","1050101","000104420000064","1","5/17/2026","241429.66","CR","1050101","4215",""
"7085","215690","1","1050101","000104420000064","1","5/18/2026","241429.66","CR","1050101","4215",""
"7086","215770","1","1050101","000104420000064","1","5/19/2026","241429.66","CR","1050101","4215",""
"7087","215850","1","1050101","000104420000064","1","5/20/2026","241429.66","CR","1050101","4215",""
"7088","215930","1","1050101","000104420000064","1","5/21/2026","241429.66","CR","1050101","4215",""
"7089","216010","1","1050101","000104420000064","1","5/22/2026","241429.66","CR","1050101","4215",""
"7090","216090","1","1050101","000104420000064","1","5/23/2026","241429.66","CR","1050101","4215",""
"7091","216170","1","1050101","000104420000064","1","5/24/2026","241429.66","CR","1050101","4215",""
"7092","216250","1","1050101","000104420000064","1","5/25/2026","241429.66","CR","1050101","4215",""
"7093","216330","1","1050101","000104420000064","1","5/26/2026","241429.66","CR","1050101","4215",""
"7094","216410","1","1050101","000104420000064","1","5/27/2026","241429.66","CR","1050101","4215",""
"7095","216490","1","1050101","000104420000064","1","5/28/2026","241429.66","CR","1050101","4215",""
"7096","216570","1","1050101","000104420000064","1","5/29/2026","241429.66","CR","1050101","4215",""
"7097","216650","1","1050101","000104420000064","1","5/30/2026","241429.66","CR","1050101","4215",""
"7098","216730","1","1050101","000104420000064","1","5/31/2026","241429.66","CR","1050101","4215",""
"7099","216810","1","1050101","000104420000064","1","5/31/2026","-7492761.06","DR","1050101","4215","34"
"7100","216891","1","1050101","000104420000064","1","6/1/2026","247300.70","CR","1050101","4215",""
"7101","216971","1","1050101","000104420000064","1","6/2/2026","247300.70","CR","1050101","4215",""
"7102","217053","1","1050101","000104420000064","1","6/3/2026","245571.32","CR","1050101","4215",""
"7103","217135","1","1050101","000104420000064","1","6/4/2026","245571.32","CR","1050101","4215",""
"7104","217217","1","1050101","000104420000064","1","6/5/2026","245571.32","CR","1050101","4215",""
"7105","217299","1","1050101","000104420000064","1","6/6/2026","245571.32","CR","1050101","4215",""
"7106","217381","1","1050101","000104420000064","1","6/7/2026","245571.32","CR","1050101","4215",""
"7107","217463","1","1050101","000104420000064","1","6/8/2026","245571.32","CR","1050101","4215",""
"7108","217545","1","1050101","000104420000064","1","6/9/2026","245571.32","CR","1050101","4215",""
"7109","217627","1","1050101","000104420000064","1","6/10/2026","245571.32","CR","1050101","4215",""
"7110","217709","1","1050101","000104420000064","1","6/11/2026","245571.32","CR","1050101","4215",""
"7111","217791","1","1050101","000104420000064","1","6/12/2026","245571.32","CR","1050101","4215",""
"7112","217873","1","1050101","000104420000064","1","6/13/2026","245571.32","CR","1050101","4215",""
"7113","217955","1","1050101","000104420000064","1","6/14/2026","245571.32","CR","1050101","4215",""
"7114","218037","1","1050101","000104420000064","1","6/15/2026","245571.32","CR","1050101","4215",""
"7115","218119","1","1050101","000104420000064","1","6/16/2026","245571.32","CR","1050101","4215",""
"7116","218201","1","1050101","000104420000064","1","6/17/2026","245571.32","CR","1050101","4215",""
"7117","218283","1","1050101","000104420000064","1","6/18/2026","245571.32","CR","1050101","4215",""
"7118","218365","1","1050101","000104420000064","1","6/19/2026","245571.32","CR","1050101","4215",""
"7119","218446","1","1050101","000104420000064","1","6/20/2026","245571.32","CR","1050101","4215",""
"7120","218527","1","1050101","000104420000064","1","6/21/2026","245571.32","CR","1050101","4215",""
"7121","218608","1","1050101","000104420000064","1","6/22/2026","245571.32","CR","1050101","4215",""
"7122","218689","1","1050101","000104420000064","1","6/23/2026","245571.32","CR","1050101","4215",""
"7123","218770","1","1050101","000104420000064","1","6/24/2026","245571.32","CR","1050101","4215",""
"7124","218851","1","1050101","000104420000064","1","6/25/2026","245571.32","CR","1050101","4215",""
"7125","218932","1","1050101","000104420000064","1","6/26/2026","245571.32","CR","1050101","4215",""
"7126","219012","1","1050101","000104420000064","1","6/27/2026","245571.32","CR","1050101","4215",""
"7127","219092","1","1050101","000104420000064","1","6/28/2026","245571.32","CR","1050101","4215",""
"7128","219172","1","1050101","000104420000064","1","6/29/2026","245571.32","CR","1050101","4215",""
"7129","219250","1","1050101","000104420000064","1","6/30/2026","245571.32","CR","1050101","4215",""
"7130","219323","1","1050101","000104420000064","1","6/30/2026","-7370598.36","DR","1050101","4215","38"
"7131","219408","1","1050101","000104420000064","1","7/1/2026","251306.25","CR","1050101","4215",""
"7132","219487","1","1050101","000104420000064","1","7/2/2026","251306.25","CR","1050101","4215",""
"7133","219566","1","1050101","000104420000064","1","7/3/2026","252191.13","CR","1050101","4215",""
"7134","219645","1","1050101","000104420000064","1","7/4/2026","252191.13","CR","1050101","4215",""
"7135","219724","1","1050101","000104420000064","1","7/5/2026","252191.13","CR","1050101","4215",""
"7136","219803","1","1050101","000104420000064","1","7/6/2026","252191.13","CR","1050101","4215",""
"7137","219882","1","1050101","000104420000064","1","7/7/2026","252191.13","CR","1050101","4215",""
"7138","219961","1","1050101","000104420000064","1","7/8/2026","252191.13","CR","1050101","4215",""
"7139","220040","1","1050101","000104420000064","1","7/9/2026","252191.13","CR","1050101","4215",""
"7140","220119","1","1050101","000104420000064","1","7/10/2026","252191.13","CR","1050101","4215",""
"7141","220198","1","1050101","000104420000064","1","7/11/2026","252191.13","CR","1050101","4215",""
"7142","220277","1","1050101","000104420000064","1","7/12/2026","252191.13","CR","1050101","4215",""
"7143","220356","1","1050101","000104420000064","1","7/13/2026","252191.13","CR","1050101","4215",""
"7144","220435","1","1050101","000104420000064","1","7/14/2026","252191.13","CR","1050101","4215",""
"7145","220514","1","1050101","000104420000064","1","7/15/2026","252191.13","CR","1050101","4215",""
"7146","220593","1","1050101","000104420000064","1","7/16/2026","252191.13","CR","1050101","4215",""
"7147","220672","1","1050101","000104420000064","1","7/17/2026","252191.13","CR","1050101","4215",""
"7148","220751","1","1050101","000104420000064","1","7/18/2026","252191.13","CR","1050101","4215",""
"7149","220830","1","1050101","000104420000064","1","7/19/2026","252191.13","CR","1050101","4215",""
"7150","220909","1","1050101","000104420000064","1","7/20/2026","252191.13","CR","1050101","4215",""
"7151","220988","1","1050101","000104420000064","1","7/21/2026","252191.13","CR","1050101","4215",""
"7152","221067","1","1050101","000104420000064","1","7/22/2026","252191.13","CR","1050101","4215",""
"7153","221145","1","1050101","000104420000064","1","7/23/2026","252191.13","CR","1050101","4215",""
"7154","221223","1","1050101","000104420000064","1","7/24/2026","252191.13","CR","1050101","4215",""
"7155","221301","1","1050101","000104420000064","1","7/25/2026","252191.13","CR","1050101","4215",""
"7156","221379","1","1050101","000104420000064","1","7/26/2026","252191.13","CR","1050101","4215",""
"7157","221457","1","1050101","000104420000064","1","7/27/2026","252191.13","CR","1050101","4215",""
"7158","221535","1","1050101","000104420000064","1","7/28/2026","252191.13","CR","1050101","4215",""
"7159","221613","1","1050101","000104420000064","1","7/29/2026","252191.13","CR","1050101","4215",""
"7160","221691","1","1050101","000104420000064","1","7/30/2026","252191.13","CR","1050101","4215",""
"7161","221769","1","1050101","000104420000064","1","7/31/2026","252191.13","CR","1050101","4215",""
"7162","221846","1","1050101","000104420000064","1","7/31/2026","-7816155.27","DR","1050101","4215","45"
"7163","221926","1","1050101","000104420000064","1","8/1/2026","258294.16","CR","1050101","4215",""
"7164","222005","1","1050101","000104420000064","1","8/2/2026","258294.16","CR","1050101","4215",""
"7165","222084","1","1050101","000104420000064","1","8/3/2026","258294.16","CR","1050101","4215",""
"7166","222163","1","1050101","000104420000064","1","8/4/2026","258294.16","CR","1050101","4215",""
"7167","222242","1","1050101","000104420000064","1","8/5/2026","261013.05","CR","1050101","4215",""
"7168","222321","1","1050101","000104420000064","1","8/6/2026","261013.05","CR","1050101","4215",""
"7169","222400","1","1050101","000104420000064","1","8/7/2026","261013.05","CR","1050101","4215",""
"7170","222479","1","1050101","000104420000064","1","8/8/2026","261013.05","CR","1050101","4215",""
"7171","222558","1","1050101","000104420000064","1","8/9/2026","261013.05","CR","1050101","4215",""
"7172","222637","1","1050101","000104420000064","1","8/10/2026","261013.05","CR","1050101","4215",""
"7173","222716","1","1050101","000104420000064","1","8/11/2026","261013.05","CR","1050101","4215",""
"7174","222795","1","1050101","000104420000064","1","8/12/2026","261013.05","CR","1050101","4215",""
"7175","222874","1","1050101","000104420000064","1","8/13/2026","261013.05","CR","1050101","4215",""
"7176","222953","1","1050101","000104420000064","1","8/14/2026","261013.05","CR","1050101","4215",""
"7177","223032","1","1050101","000104420000064","1","8/15/2026","261013.05","CR","1050101","4215",""
"7178","223111","1","1050101","000104420000064","1","8/16/2026","261013.05","CR","1050101","4215",""
"7179","223190","1","1050101","000104420000064","1","8/17/2026","261013.05","CR","1050101","4215",""
"7180","223270","1","1050101","000104420000064","1","8/18/2026","261013.05","CR","1050101","4215",""
"7181","223350","1","1050101","000104420000064","1","8/19/2026","261013.05","CR","1050101","4215",""
"7182","223430","1","1050101","000104420000064","1","8/20/2026","261013.05","CR","1050101","4215",""
"7183","223510","1","1050101","000104420000064","1","8/21/2026","261013.05","CR","1050101","4215",""
"7184","223590","1","1050101","000104420000064","1","8/22/2026","261013.05","CR","1050101","4215",""
"7185","223670","1","1050101","000104420000064","1","8/23/2026","261013.05","CR","1050101","4215",""
"7186","223750","1","1050101","000104420000064","1","8/24/2026","261013.05","CR","1050101","4215",""
"7187","223830","1","1050101","000104420000064","1","8/25/2026","261013.05","CR","1050101","4215",""
"7188","223911","1","1050101","000104420000064","1","8/26/2026","261013.05","CR","1050101","4215",""
"7189","223992","1","1050101","000104420000064","1","8/27/2026","261013.05","CR","1050101","4215",""
"7190","224073","1","1050101","000104420000064","1","8/28/2026","261013.05","CR","1050101","4215",""
"7191","224154","1","1050101","000104420000064","1","8/29/2026","261013.05","CR","1050101","4215",""
"7192","224235","1","1050101","000104420000064","1","8/30/2026","261013.05","CR","1050101","4215",""
"7193","224316","1","1050101","000104420000064","1","8/31/2026","261013.05","CR","1050101","4215",""
"7194","224398","1","1050101","000104420000064","1","8/31/2026","-8080528.99","DR","1050101","4215","51"
"7195","224480","1","1050101","000104420000064","1","9/1/2026","267388.92","CR","1050101","4215",""
"7196","224562","1","1050101","000104420000064","1","9/2/2026","267388.92","CR","1050101","4215",""
"7197","224644","1","1050101","000104420000064","1","9/3/2026","271102.65","CR","1050101","4215",""
"7198","224726","1","1050101","000104420000064","1","9/4/2026","271102.65","CR","1050101","4215",""
"7199","224808","1","1050101","000104420000064","1","9/5/2026","271102.65","CR","1050101","4215",""
"7200","224890","1","1050101","000104420000064","1","9/6/2026","271102.65","CR","1050101","4215",""
"7201","224972","1","1050101","000104420000064","1","9/7/2026","271102.65","CR","1050101","4215",""
"7202","225054","1","1050101","000104420000064","1","9/8/2026","271102.65","CR","1050101","4215",""
"7203","225136","1","1050101","000104420000064","1","9/9/2026","271102.65","CR","1050101","4215",""
"7204","225218","1","1050101","000104420000064","1","9/10/2026","271102.65","CR","1050101","4215",""
"7205","225300","1","1050101","000104420000064","1","9/11/2026","271102.65","CR","1050101","4215",""
"7206","225382","1","1050101","000104420000064","1","9/12/2026","271102.65","CR","1050101","4215",""
"7207","225464","1","1050101","000104420000064","1","9/13/2026","271102.65","CR","1050101","4215",""
"7208","225546","1","1050101","000104420000064","1","9/14/2026","271102.65","CR","1050101","4215",""
"7209","225628","1","1050101","000104420000064","1","9/15/2026","271102.65","CR","1050101","4215",""
"7210","225710","1","1050101","000104420000064","1","9/16/2026","271102.65","CR","1050101","4215",""
"7211","225792","1","1050101","000104420000064","1","9/17/2026","271102.65","CR","1050101","4215",""
"7212","225874","1","1050101","000104420000064","1","9/18/2026","271102.65","CR","1050101","4215",""
"7213","225956","1","1050101","000104420000064","1","9/19/2026","271102.65","CR","1050101","4215",""
"7214","226038","1","1050101","000104420000064","1","9/20/2026","271102.65","CR","1050101","4215",""
"7215","226120","1","1050101","000104420000064","1","9/21/2026","271102.65","CR","1050101","4215",""
"7216","226202","1","1050101","000104420000064","1","9/22/2026","271102.65","CR","1050101","4215",""
"7217","226284","1","1050101","000104420000064","1","9/23/2026","271102.65","CR","1050101","4215",""
"7218","226366","1","1050101","000104420000064","1","9/24/2026","271102.65","CR","1050101","4215",""
"7219","226448","1","1050101","000104420000064","1","9/25/2026","271102.65","CR","1050101","4215",""
"7220","226530","1","1050101","000104420000064","1","9/26/2026","271102.65","CR","1050101","4215",""
"7221","226612","1","1050101","000104420000064","1","9/27/2026","271102.65","CR","1050101","4215",""
"7222","226694","1","1050101","000104420000064","1","9/28/2026","271102.65","CR","1050101","4215",""
"7223","226776","1","1050101","000104420000064","1","9/29/2026","271102.65","CR","1050101","4215",""
"7224","166663","1","1050102","000104430000002","1","11/1/2024","350531.66","CR","1050102","4216",""
"7225","166664","1","1050102","000104430000002","1","11/2/2024","350531.66","CR","1050102","4216",""
"7226","166665","1","1050102","000104430000002","1","11/3/2024","350531.66","CR","1050102","4216",""
"7227","166666","1","1050102","000104430000002","1","11/4/2024","350531.66","CR","1050102","4216",""
"7228","166667","1","1050102","000104430000002","1","11/5/2024","341274.12","CR","1050102","4216",""
"7229","166668","1","1050102","000104430000002","1","11/6/2024","341274.12","CR","1050102","4216",""
"7230","166669","1","1050102","000104430000002","1","11/7/2024","341274.12","CR","1050102","4216",""
"7231","166670","1","1050102","000104430000002","1","11/8/2024","341274.12","CR","1050102","4216",""
"7232","166671","1","1050102","000104430000002","1","11/9/2024","341274.12","CR","1050102","4216",""
"7233","166672","1","1050102","000104430000002","1","11/10/2024","341274.12","CR","1050102","4216",""
"7234","166673","1","1050102","000104430000002","1","11/11/2024","341274.12","CR","1050102","4216",""
"7235","166674","1","1050102","000104430000002","1","11/12/2024","341274.12","CR","1050102","4216",""
"7236","166675","1","1050102","000104430000002","1","11/13/2024","341274.12","CR","1050102","4216",""
"7237","167539","1","1050102","000104430000002","1","11/14/2024","341274.12","CR","1050102","4216",""
"7238","167540","1","1050102","000104430000002","1","11/15/2024","341274.12","CR","1050102","4216",""
"7239","167541","1","1050102","000104430000002","1","11/16/2024","341274.12","CR","1050102","4216",""
"7240","167542","1","1050102","000104430000002","1","11/17/2024","341274.12","CR","1050102","4216",""
"7241","167835","1","1050102","000104430000002","1","11/18/2024","335214.21","CR","1050102","4216",""
"7242","167911","1","1050102","000104430000002","1","11/19/2024","335214.21","CR","1050102","4216",""
"7243","167987","1","1050102","000104430000002","1","11/20/2024","335214.21","CR","1050102","4216",""
"7244","168063","1","1050102","000104430000002","1","11/21/2024","335214.21","CR","1050102","4216",""
"7245","168139","1","1050102","000104430000002","1","11/22/2024","335214.21","CR","1050102","4216",""
"7246","168215","1","1050102","000104430000002","1","11/23/2024","335214.21","CR","1050102","4216",""
"7247","168291","1","1050102","000104430000002","1","11/24/2024","335214.21","CR","1050102","4216",""
"7248","168367","1","1050102","000104430000002","1","11/25/2024","335214.21","CR","1050102","4216",""
"7249","168443","1","1050102","000104430000002","1","11/26/2024","335214.21","CR","1050102","4216",""
"7250","168519","1","1050102","000104430000002","1","11/27/2024","335214.21","CR","1050102","4216",""
"7251","168596","1","1050102","000104430000002","1","11/28/2024","335214.21","CR","1050102","4216",""
"7252","168673","1","1050102","000104430000002","1","11/29/2024","335214.21","CR","1050102","4216",""
"7253","168749","1","1050102","000104430000002","1","11/30/2024","335214.21","CR","1050102","4216",""
"7254","168829","1","1050102","000104430000002","1","11/30/2024","-10196474.93","DR","1050102","4216","81"
"7255","168902","1","1050102","000104430000002","1","12/1/2024","344486.02","CR","1050102","4216",""
"7256","168978","1","1050102","000104430000002","1","12/2/2024","344486.02","CR","1050102","4216",""
"7257","169054","1","1050102","000104430000002","1","12/3/2024","344486.02","CR","1050102","4216",""
"7258","169130","1","1050102","000104430000002","1","12/4/2024","344486.02","CR","1050102","4216",""
"7259","169206","1","1050102","000104430000002","1","12/5/2024","344486.02","CR","1050102","4216",""
"7260","169282","1","1050102","000104430000002","1","12/6/2024","344486.02","CR","1050102","4216",""
"7261","169358","1","1050102","000104430000002","1","12/7/2024","344486.02","CR","1050102","4216",""
"7262","169434","1","1050102","000104430000002","1","12/8/2024","344486.02","CR","1050102","4216",""
"7263","169510","1","1050102","000104430000002","1","12/9/2024","344486.02","CR","1050102","4216",""
"7264","169586","1","1050102","000104430000002","1","12/10/2024","344486.02","CR","1050102","4216",""
"7265","169662","1","1050102","000104430000002","1","12/11/2024","344486.02","CR","1050102","4216",""
"7266","169738","1","1050102","000104430000002","1","12/12/2024","339939.44","CR","1050102","4216",""
"7267","169814","1","1050102","000104430000002","1","12/13/2024","339939.44","CR","1050102","4216",""
"7268","169890","1","1050102","000104430000002","1","12/14/2024","339939.44","CR","1050102","4216",""
"7269","169966","1","1050102","000104430000002","1","12/15/2024","339939.44","CR","1050102","4216",""
"7270","170042","1","1050102","000104430000002","1","12/16/2024","339939.44","CR","1050102","4216",""
"7271","170118","1","1050102","000104430000002","1","12/17/2024","339939.44","CR","1050102","4216",""
"7272","170194","1","1050102","000104430000002","1","12/18/2024","339939.44","CR","1050102","4216",""
"7273","170270","1","1050102","000104430000002","1","12/19/2024","339939.44","CR","1050102","4216",""
"7274","170346","1","1050102","000104430000002","1","12/20/2024","339939.44","CR","1050102","4216",""
"7275","170422","1","1050102","000104430000002","1","12/21/2024","339939.44","CR","1050102","4216",""
"7276","170498","1","1050102","000104430000002","1","12/22/2024","339939.44","CR","1050102","4216",""
"7277","170574","1","1050102","000104430000002","1","12/23/2024","339939.44","CR","1050102","4216",""
"7278","170650","1","1050102","000104430000002","1","12/24/2024","339939.44","CR","1050102","4216",""
"7279","170726","1","1050102","000104430000002","1","12/25/2024","339939.44","CR","1050102","4216",""
"7280","170802","1","1050102","000104430000002","1","12/26/2024","339939.44","CR","1050102","4216",""
"7281","170878","1","1050102","000104430000002","1","12/27/2024","339939.44","CR","1050102","4216",""
"7282","170954","1","1050102","000104430000002","1","12/28/2024","339939.44","CR","1050102","4216",""
"7283","171030","1","1050102","000104430000002","1","12/29/2024","339939.44","CR","1050102","4216",""
"7284","171106","1","1050102","000104430000002","1","12/30/2024","339939.44","CR","1050102","4216",""
"7285","171182","1","1050102","000104430000002","1","12/31/2024","335392.87","CR","1050102","4216",""
"7286","171258","1","1050102","000104430000002","1","12/31/2024","-10583588.45","DR","1050102","4216","81"
"7287","171460","1","1050102","000104430000002","1","1/1/2025","345016.68","CR","1050102","4216",""
"7288","171537","1","1050102","000104430000002","1","1/2/2025","345016.68","CR","1050102","4216",""
"7289","171614","1","1050102","000104430000002","1","1/3/2025","345016.68","CR","1050102","4216",""
"7290","171691","1","1050102","000104430000002","1","1/4/2025","345016.68","CR","1050102","4216",""
"7291","171768","1","1050102","000104430000002","1","1/5/2025","345016.68","CR","1050102","4216",""
"7292","171845","1","1050102","000104430000002","1","1/6/2025","345016.68","CR","1050102","4216",""
"7293","171922","1","1050102","000104430000002","1","1/7/2025","345016.68","CR","1050102","4216",""
"7294","171999","1","1050102","000104430000002","1","1/8/2025","345016.68","CR","1050102","4216",""
"7295","172076","1","1050102","000104430000002","1","1/9/2025","345016.68","CR","1050102","4216",""
"7296","172153","1","1050102","000104430000002","1","1/10/2025","345016.68","CR","1050102","4216",""
"7297","172230","1","1050102","000104430000002","1","1/11/2025","345016.68","CR","1050102","4216",""
"7298","172307","1","1050102","000104430000002","1","1/12/2025","345016.68","CR","1050102","4216",""
"7299","172384","1","1050102","000104430000002","1","1/13/2025","345016.68","CR","1050102","4216",""
"7300","172461","1","1050102","000104430000002","1","1/14/2025","345016.68","CR","1050102","4216",""
"7301","172538","1","1050102","000104430000002","1","1/15/2025","345016.68","CR","1050102","4216",""
"7302","172615","1","1050102","000104430000002","1","1/16/2025","345016.68","CR","1050102","4216",""
"7303","172692","1","1050102","000104430000002","1","1/17/2025","345016.68","CR","1050102","4216",""
"7304","172769","1","1050102","000104430000002","1","1/18/2025","345016.68","CR","1050102","4216",""
"7305","172846","1","1050102","000104430000002","1","1/19/2025","345016.68","CR","1050102","4216",""
"7306","172923","1","1050102","000104430000002","1","1/20/2025","345016.68","CR","1050102","4216",""
"7307","173000","1","1050102","000104430000002","1","1/21/2025","345016.68","CR","1050102","4216",""
"7308","173077","1","1050102","000104430000002","1","1/22/2025","345016.68","CR","1050102","4216",""
"7309","173154","1","1050102","000104430000002","1","1/23/2025","345016.68","CR","1050102","4216",""
"7310","173231","1","1050102","000104430000002","1","1/24/2025","345016.68","CR","1050102","4216",""
"7311","173308","1","1050102","000104430000002","1","1/25/2025","345016.68","CR","1050102","4216",""
"7312","173385","1","1050102","000104430000002","1","1/26/2025","345016.68","CR","1050102","4216",""
"7313","173462","1","1050102","000104430000002","1","1/27/2025","345016.68","CR","1050102","4216",""
"7314","173539","1","1050102","000104430000002","1","1/28/2025","345016.68","CR","1050102","4216",""
"7315","173616","1","1050102","000104430000002","1","1/29/2025","345016.68","CR","1050102","4216",""
"7316","173693","1","1050102","000104430000002","1","1/30/2025","345016.68","CR","1050102","4216",""
"7317","173770","1","1050102","000104430000002","1","1/31/2025","322283.81","CR","1050102","4216",""
"7318","173853","1","1050102","000104430000002","1","1/31/2025","-10672784.21","DR","1050102","4216","47"
"7319","173897","1","1050102","000104430000002","1","2/1/2025","331988.73","CR","1050102","4216",""
"7320","173976","1","1050102","000104430000002","1","2/2/2025","331988.73","CR","1050102","4216",""
"7321","174055","1","1050102","000104430000002","1","2/3/2025","331988.73","CR","1050102","4216",""
"7322","174134","1","1050102","000104430000002","1","2/4/2025","331988.73","CR","1050102","4216",""
"7323","174213","1","1050102","000104430000002","1","2/5/2025","331988.73","CR","1050102","4216",""
"7324","174292","1","1050102","000104430000002","1","2/6/2025","331988.73","CR","1050102","4216",""
"7325","174371","1","1050102","000104430000002","1","2/7/2025","331988.73","CR","1050102","4216",""
"7326","174450","1","1050102","000104430000002","1","2/8/2025","331988.73","CR","1050102","4216",""
"7327","174529","1","1050102","000104430000002","1","2/9/2025","331988.73","CR","1050102","4216",""
"7328","174608","1","1050102","000104430000002","1","2/10/2025","331988.73","CR","1050102","4216",""
"7329","174687","1","1050102","000104430000002","1","2/11/2025","331988.73","CR","1050102","4216",""
"7330","174766","1","1050102","000104430000002","1","2/12/2025","331988.73","CR","1050102","4216",""
"7331","174845","1","1050102","000104430000002","1","2/13/2025","331988.73","CR","1050102","4216",""
"7332","174924","1","1050102","000104430000002","1","2/14/2025","331988.73","CR","1050102","4216",""
"7333","175003","1","1050102","000104430000002","1","2/15/2025","331988.73","CR","1050102","4216",""
"7334","175082","1","1050102","000104430000002","1","2/16/2025","331988.73","CR","1050102","4216",""
"7335","175161","1","1050102","000104430000002","1","2/17/2025","331988.73","CR","1050102","4216",""
"7336","175240","1","1050102","000104430000002","1","2/18/2025","322895.58","CR","1050102","4216",""
"7337","175319","1","1050102","000104430000002","1","2/19/2025","322895.58","CR","1050102","4216",""
"7338","175398","1","1050102","000104430000002","1","2/20/2025","322895.58","CR","1050102","4216",""
"7339","175477","1","1050102","000104430000002","1","2/21/2025","322895.58","CR","1050102","4216",""
"7340","175556","1","1050102","000104430000002","1","2/22/2025","322895.58","CR","1050102","4216",""
"7341","175635","1","1050102","000104430000002","1","2/23/2025","322895.58","CR","1050102","4216",""
"7342","175714","1","1050102","000104430000002","1","2/24/2025","322895.58","CR","1050102","4216",""
"7343","175793","1","1050102","000104430000002","1","2/25/2025","322895.58","CR","1050102","4216",""
"7344","175872","1","1050102","000104430000002","1","2/26/2025","322895.58","CR","1050102","4216",""
"7345","175951","1","1050102","000104430000002","1","2/27/2025","322895.58","CR","1050102","4216",""
"7346","176030","1","1050102","000104430000002","1","2/28/2025","322895.58","CR","1050102","4216",""
"7347","176111","1","1050102","000104430000002","1","2/28/2025","-9195659.79","DR","1050102","4216","14"
"7348","176188","1","1050102","000104430000002","1","3/1/2025","331257.33","CR","1050102","4216",""
"7349","176267","1","1050102","000104430000002","1","3/2/2025","331257.33","CR","1050102","4216",""
"7350","177164","1","1050102","000104430000002","1","3/3/2025","331257.33","CR","1050102","4216",""
"7351","177172","1","1050102","000104430000002","1","3/4/2025","331257.33","CR","1050102","4216",""
"7352","177180","1","1050102","000104430000002","1","3/5/2025","331257.33","CR","1050102","4216",""
"7353","177188","1","1050102","000104430000002","1","3/6/2025","331257.33","CR","1050102","4216",""
"7354","177196","1","1050102","000104430000002","1","3/7/2025","331257.33","CR","1050102","4216",""
"7355","177204","1","1050102","000104430000002","1","3/8/2025","331257.33","CR","1050102","4216",""
"7356","177212","1","1050102","000104430000002","1","3/9/2025","331257.33","CR","1050102","4216",""
"7357","177220","1","1050102","000104430000002","1","3/10/2025","331257.33","CR","1050102","4216",""
"7358","177228","1","1050102","000104430000002","1","3/11/2025","331257.33","CR","1050102","4216",""
"7359","177236","1","1050102","000104430000002","1","3/12/2025","331257.33","CR","1050102","4216",""
"7360","177244","1","1050102","000104430000002","1","3/13/2025","331257.33","CR","1050102","4216",""
"7361","177252","1","1050102","000104430000002","1","3/14/2025","331257.33","CR","1050102","4216",""
"7362","177260","1","1050102","000104430000002","1","3/15/2025","331257.33","CR","1050102","4216",""
"7363","177268","1","1050102","000104430000002","1","3/16/2025","331257.33","CR","1050102","4216",""
"7364","177276","1","1050102","000104430000002","1","3/17/2025","331257.33","CR","1050102","4216",""
"7365","177284","1","1050102","000104430000002","1","3/18/2025","331257.33","CR","1050102","4216",""
"7366","177292","1","1050102","000104430000002","1","3/19/2025","331257.33","CR","1050102","4216",""
"7367","177300","1","1050102","000104430000002","1","3/20/2025","331257.33","CR","1050102","4216",""
"7368","177308","1","1050102","000104430000002","1","3/21/2025","331257.33","CR","1050102","4216",""
"7369","177316","1","1050102","000104430000002","1","3/22/2025","331257.33","CR","1050102","4216",""
"7370","177324","1","1050102","000104430000002","1","3/23/2025","331257.33","CR","1050102","4216",""
"7371","177332","1","1050102","000104430000002","1","3/24/2025","331257.33","CR","1050102","4216",""
"7372","177340","1","1050102","000104430000002","1","3/25/2025","308524.45","CR","1050102","4216",""
"7373","177348","1","1050102","000104430000002","1","3/26/2025","308524.45","CR","1050102","4216",""
"7374","177356","1","1050102","000104430000002","1","3/27/2025","308524.45","CR","1050102","4216",""
"7375","177364","1","1050102","000104430000002","1","3/28/2025","308524.45","CR","1050102","4216",""
"7376","177372","1","1050102","000104430000002","1","3/29/2025","308524.45","CR","1050102","4216",""
"7377","177380","1","1050102","000104430000002","1","3/30/2025","308524.45","CR","1050102","4216",""
"7378","177388","1","1050102","000104430000002","1","3/31/2025","308524.45","CR","1050102","4216",""
"7379","179137","1","1050102","000104430000002","1","3/31/2025","-10109847.07","DR","1050102","4216","37"
"7380","179215","1","1050102","000104430000002","1","4/1/2025","317717.49","CR","1050102","4216",""
"7381","179293","1","1050102","000104430000002","1","4/2/2025","317717.49","CR","1050102","4216",""
"7382","179371","1","1050102","000104430000002","1","4/3/2025","317717.49","CR","1050102","4216",""
"7383","179449","1","1050102","000104430000002","1","4/4/2025","317717.49","CR","1050102","4216",""
"7384","179527","1","1050102","000104430000002","1","4/5/2025","317717.49","CR","1050102","4216",""
"7385","179605","1","1050102","000104430000002","1","4/6/2025","317717.49","CR","1050102","4216",""
"7386","179683","1","1050102","000104430000002","1","4/7/2025","317717.49","CR","1050102","4216",""
"7387","179761","1","1050102","000104430000002","1","4/8/2025","317717.49","CR","1050102","4216",""
"7388","179839","1","1050102","000104430000002","1","4/9/2025","317717.49","CR","1050102","4216",""
"7389","179917","1","1050102","000104430000002","1","4/10/2025","317717.49","CR","1050102","4216",""
"7390","179995","1","1050102","000104430000002","1","4/11/2025","317717.49","CR","1050102","4216",""
"7391","180073","1","1050102","000104430000002","1","4/12/2025","317717.49","CR","1050102","4216",""
"7392","180151","1","1050102","000104430000002","1","4/13/2025","317717.49","CR","1050102","4216",""
"7393","180229","1","1050102","000104430000002","1","4/14/2025","317717.49","CR","1050102","4216",""
"7394","180307","1","1050102","000104430000002","1","4/15/2025","317717.49","CR","1050102","4216",""
"7395","180385","1","1050102","000104430000002","1","4/16/2025","317717.49","CR","1050102","4216",""
"7396","180463","1","1050102","000104430000002","1","4/17/2025","317717.49","CR","1050102","4216",""
"7397","180541","1","1050102","000104430000002","1","4/18/2025","317717.49","CR","1050102","4216",""
"7398","180619","1","1050102","000104430000002","1","4/19/2025","317717.49","CR","1050102","4216",""
"7399","180697","1","1050102","000104430000002","1","4/20/2025","317717.49","CR","1050102","4216",""
"7400","180775","1","1050102","000104430000002","1","4/21/2025","317717.49","CR","1050102","4216",""
"7401","180853","1","1050102","000104430000002","1","4/22/2025","317717.49","CR","1050102","4216",""
"7402","180931","1","1050102","000104430000002","1","4/23/2025","317717.49","CR","1050102","4216",""
"7403","181009","1","1050102","000104430000002","1","4/24/2025","317717.49","CR","1050102","4216",""
"7404","181087","1","1050102","000104430000002","1","4/25/2025","317717.49","CR","1050102","4216",""
"7405","181165","1","1050102","000104430000002","1","4/26/2025","317717.49","CR","1050102","4216",""
"7406","181243","1","1050102","000104430000002","1","4/27/2025","317717.49","CR","1050102","4216",""
"7407","181321","1","1050102","000104430000002","1","4/28/2025","317717.49","CR","1050102","4216",""
"7408","181399","1","1050102","000104430000002","1","4/29/2025","317717.49","CR","1050102","4216",""
"7409","181477","1","1050102","000104430000002","1","4/30/2025","308624.34","CR","1050102","4216",""
"7410","181556","1","1050102","000104430000002","1","4/30/2025","-9522431.55","DR","1050102","4216","29"
"7411","181635","1","1050102","000104430000002","1","5/1/2025","317283.23","CR","1050102","4216",""
"7412","181714","1","1050102","000104430000002","1","5/2/2025","317283.23","CR","1050102","4216",""
"7413","181794","1","1050102","000104430000002","1","5/3/2025","317283.23","CR","1050102","4216",""
"7414","181874","1","1050102","000104430000002","1","5/4/2025","317283.23","CR","1050102","4216",""
"7415","181954","1","1050102","000104430000002","1","5/5/2025","317283.23","CR","1050102","4216",""
"7416","182034","1","1050102","000104430000002","1","5/6/2025","317283.23","CR","1050102","4216",""
"7417","182114","1","1050102","000104430000002","1","5/7/2025","317283.23","CR","1050102","4216",""
"7418","182195","1","1050102","000104430000002","1","5/8/2025","317283.23","CR","1050102","4216",""
"7419","182276","1","1050102","000104430000002","1","5/9/2025","324930.91","CR","1050102","4216",""
"7420","182357","1","1050102","000104430000002","1","5/10/2025","324930.91","CR","1050102","4216",""
"7421","182438","1","1050102","000104430000002","1","5/11/2025","324930.91","CR","1050102","4216",""
"7422","182519","1","1050102","000104430000002","1","5/12/2025","324930.91","CR","1050102","4216",""
"7423","182601","1","1050102","000104430000002","1","5/13/2025","324930.91","CR","1050102","4216",""
"7424","182683","1","1050102","000104430000002","1","5/14/2025","324930.91","CR","1050102","4216",""
"7425","182765","1","1050102","000104430000002","1","5/15/2025","324930.91","CR","1050102","4216",""
"7426","182847","1","1050102","000104430000002","1","5/16/2025","324930.91","CR","1050102","4216",""
"7427","182931","1","1050102","000104430000002","1","5/17/2025","324930.91","CR","1050102","4216",""
"7428","183015","1","1050102","000104430000002","1","5/18/2025","324930.91","CR","1050102","4216",""
"7429","183099","1","1050102","000104430000002","1","5/19/2025","324930.91","CR","1050102","4216",""
"7430","183183","1","1050102","000104430000002","1","5/20/2025","324930.91","CR","1050102","4216",""
"7431","183267","1","1050102","000104430000002","1","5/21/2025","324930.91","CR","1050102","4216",""
"7432","183351","1","1050102","000104430000002","1","5/22/2025","324930.91","CR","1050102","4216",""
"7433","183435","1","1050102","000104430000002","1","5/23/2025","324930.91","CR","1050102","4216",""
"7434","183520","1","1050102","000104430000002","1","5/24/2025","324930.91","CR","1050102","4216",""
"7435","183605","1","1050102","000104430000002","1","5/25/2025","324930.91","CR","1050102","4216",""
"7436","183690","1","1050102","000104430000002","1","5/26/2025","324930.91","CR","1050102","4216",""
"7437","183775","1","1050102","000104430000002","1","5/27/2025","324930.91","CR","1050102","4216",""
"7438","183860","1","1050102","000104430000002","1","5/28/2025","324930.91","CR","1050102","4216",""
"7439","183945","1","1050102","000104430000002","1","5/29/2025","324930.91","CR","1050102","4216",""
"7440","184030","1","1050102","000104430000002","1","5/30/2025","324930.91","CR","1050102","4216",""
"7441","184115","1","1050102","000104430000002","1","5/31/2025","315618.58","CR","1050102","4216",""
"7442","184200","1","1050102","000104430000002","1","5/31/2025","-10002364.44","DR","1050102","4216","118"
"7443","184287","1","1050102","000104430000002","1","6/1/2025","324933.12","CR","1050102","4216",""
"7444","184373","1","1050102","000104430000002","1","6/2/2025","324933.12","CR","1050102","4216",""
"7445","184459","1","1050102","000104430000002","1","6/3/2025","324933.12","CR","1050102","4216",""
"7446","184545","1","1050102","000104430000002","1","6/4/2025","324933.12","CR","1050102","4216",""
"7447","184631","1","1050102","000104430000002","1","6/5/2025","324933.12","CR","1050102","4216",""
"7448","184717","1","1050102","000104430000002","1","6/6/2025","324933.12","CR","1050102","4216",""
"7449","184803","1","1050102","000104430000002","1","6/7/2025","324933.12","CR","1050102","4216",""
"7450","184889","1","1050102","000104430000002","1","6/8/2025","324933.12","CR","1050102","4216",""
"7451","184975","1","1050102","000104430000002","1","6/9/2025","324933.12","CR","1050102","4216",""
"7452","185061","1","1050102","000104430000002","1","6/10/2025","323977.15","CR","1050102","4216",""
"7453","185147","1","1050102","000104430000002","1","6/11/2025","323977.15","CR","1050102","4216",""
"7454","185233","1","1050102","000104430000002","1","6/12/2025","323977.15","CR","1050102","4216",""
"7455","185319","1","1050102","000104430000002","1","6/13/2025","323977.15","CR","1050102","4216",""
"7456","185405","1","1050102","000104430000002","1","6/14/2025","323977.15","CR","1050102","4216",""
"7457","185491","1","1050102","000104430000002","1","6/15/2025","323977.15","CR","1050102","4216",""
"7458","185577","1","1050102","000104430000002","1","6/16/2025","323977.15","CR","1050102","4216",""
"7459","185663","1","1050102","000104430000002","1","6/17/2025","323977.15","CR","1050102","4216",""
"7460","185749","1","1050102","000104430000002","1","6/18/2025","323977.15","CR","1050102","4216",""
"7461","185836","1","1050102","000104430000002","1","6/19/2025","323977.15","CR","1050102","4216",""
"7462","185924","1","1050102","000104430000002","1","6/20/2025","323977.15","CR","1050102","4216",""
"7463","186012","1","1050102","000104430000002","1","6/21/2025","323977.15","CR","1050102","4216",""
"7464","186100","1","1050102","000104430000002","1","6/22/2025","323977.15","CR","1050102","4216",""
"7465","186188","1","1050102","000104430000002","1","6/23/2025","323977.15","CR","1050102","4216",""
"7466","186276","1","1050102","000104430000002","1","6/24/2025","323977.15","CR","1050102","4216",""
"7467","186364","1","1050102","000104430000002","1","6/25/2025","323977.15","CR","1050102","4216",""
"7468","186452","1","1050102","000104430000002","1","6/26/2025","323977.15","CR","1050102","4216",""
"7469","186540","1","1050102","000104430000002","1","6/27/2025","306335.78","CR","1050102","4216",""
"7470","186628","1","1050102","000104430000002","1","6/28/2025","306335.78","CR","1050102","4216",""
"7471","186716","1","1050102","000104430000002","1","6/29/2025","306335.78","CR","1050102","4216",""
"7472","186804","1","1050102","000104430000002","1","6/30/2025","306335.78","CR","1050102","4216",""
"7473","186903","1","1050102","000104430000002","1","6/30/2025","-9657352.75","DR","1050102","4216","36"
"7474","186981","1","1050102","000104430000002","1","7/1/2025","315302.56","CR","1050102","4216",""
"7475","187069","1","1050102","000104430000002","1","7/2/2025","315302.56","CR","1050102","4216",""
"7476","187157","1","1050102","000104430000002","1","7/3/2025","317163.31","CR","1050102","4216",""
"7477","187245","1","1050102","000104430000002","1","7/4/2025","317163.31","CR","1050102","4216",""
"7478","187333","1","1050102","000104430000002","1","7/5/2025","317163.31","CR","1050102","4216",""
"7479","187421","1","1050102","000104430000002","1","7/6/2025","317163.31","CR","1050102","4216",""
"7480","187509","1","1050102","000104430000002","1","7/7/2025","317163.31","CR","1050102","4216",""
"7481","187597","1","1050102","000104430000002","1","7/8/2025","317163.31","CR","1050102","4216",""
"7482","187685","1","1050102","000104430000002","1","7/9/2025","317163.31","CR","1050102","4216",""
"7483","187773","1","1050102","000104430000002","1","7/10/2025","317163.31","CR","1050102","4216",""
"7484","187862","1","1050102","000104430000002","1","7/11/2025","317163.31","CR","1050102","4216",""
"7485","187951","1","1050102","000104430000002","1","7/12/2025","317163.31","CR","1050102","4216",""
"7486","188040","1","1050102","000104430000002","1","7/13/2025","317163.31","CR","1050102","4216",""
"7487","188129","1","1050102","000104430000002","1","7/14/2025","317163.31","CR","1050102","4216",""
"7488","188218","1","1050102","000104430000002","1","7/15/2025","317163.31","CR","1050102","4216",""
"7489","188307","1","1050102","000104430000002","1","7/16/2025","317163.31","CR","1050102","4216",""
