"   ","INST_DET_ID","NEW_AC_NUMBER","SUB_ACCOUNT_NO","TRANSACTION_DATE","INSTALLMENT_TYPE","INSTALLMENT_PAY_TYPE","INSTALLMENT_PAY_MODE","INSTALLMENT_START_DATE","INSTALLMENT_AMT","INSTALLMENT_END_DATE","INTT_INST_START_DATE","INTT_INST_AMT","REMARK","DELETE_FLAG","OPERATION_ID","OPERATION_DATE","ENTER_USER_ID","ENTER_DESC","DELETE_USER_ID","DELETE_DESC","PASS_USER_ID","PASS_DESC","OLD_PRIMARY_KEY","REF_LOAN_DISB_DET_ID","NO_OF_INSTALLMENTS","ORG_INST_AMT","DEMAND_START_DATE"
"1","1","000104420000003","1","3/28/2024","O","1","M","2/1/2021","1294338.14","","","0.00","","Y","","3/28/2024","9999","","","","9999","","","20","24","0.00",""
"2","448","000104420000003","1","3/28/2024","O","1","M","7/28/2020","0.00","1/31/2021","","","","Y","","","9999","","","","9999","","","20","24","",""
"3","449","000104420000003","1","3/28/2024","O","1","M","2/1/2021","1294338.14","4/30/2022","","","","Y","","","9999","","","","9999","","","20","24","",""
"4","450","000104420000003","1","3/28/2024","O","1","M","5/1/2022","1294549.14","","","","","Y","","","9999","","","","9999","","","20","24","",""
"5","1089","000104420000003","1","3/28/2024","O","1","M","7/28/2020","0.00","1/31/2021","","","","N","","","9999","","","","9999","","","20","24","",""
"6","1090","000104420000003","1","3/28/2024","O","1","M","2/1/2021","1294338.14","4/30/2022","","","","N","","","9999","","","","9999","","","20","24","",""
"7","1091","000104420000003","1","3/28/2024","O","1","M","5/1/2022","1294549.14","","","","","N","","","9999","","","","9999","","","20","24","",""
"8","2","000104420000005","1","3/28/2024","O","1","M","8/1/2021","10364112.23","","","0.00","","Y","","3/28/2024","9999","","","","9999","","","72","60","0.00",""
"9","436","000104420000005","1","3/28/2024","O","1","M","8/1/2021","10364112.23","4/30/2022","","","","Y","","","9999","","","","9999","","","72","60","",""
"10","437","000104420000005","1","3/28/2024","O","1","M","5/1/2022","10794539.29","8/31/2022","","","","Y","","","9999","","","","9999","","","72","60","",""
"11","438","000104420000005","1","3/28/2024","O","1","M","9/1/2022","10868642.48","10/31/2022","","","","Y","","","9999","","","","9999","","","72","60","",""
"12","439","000104420000005","1","3/28/2024","O","1","M","11/1/2022","11357806.21","11/30/2022","","","","Y","","","9999","","","","9999","","","72","60","",""
"13","440","000104420000005","1","3/28/2024","O","1","M","12/1/2022","11484169.05","4/30/2023","","","","Y","","","9999","","","","9999","","","72","60","",""
"14","441","000104420000005","1","3/28/2024","O","1","M","5/1/2023","11931475.23","6/30/2023","","","","Y","","","9999","","","","9999","","","72","60","",""
"15","442","000104420000005","1","3/28/2024","O","1","M","7/1/2023","12157041.79","7/31/2023","","","","Y","","","9999","","","","9999","","","72","60","",""
"16","443","000104420000005","1","3/28/2024","O","1","M","8/1/2023","12363816.84","8/31/2023","","","","Y","","","9999","","","","9999","","","72","60","",""
"17","444","000104420000005","1","3/28/2024","O","1","M","9/1/2023","12473383.11","9/30/2023","","","","Y","","","9999","","","","9999","","","72","60","",""
"18","445","000104420000005","1","3/28/2024","O","1","M","10/1/2023","12488712.39","11/30/2023","","","","Y","","","9999","","","","9999","","","72","60","",""
"19","446","000104420000005","1","3/28/2024","O","1","M","12/1/2023","12503310.65","1/31/2024","","","","Y","","","9999","","","","9999","","","72","60","",""
"20","447","000104420000005","1","3/28/2024","O","1","M","2/1/2024","12684003.54","4/30/2024","","","","Y","","","9999","","","","9999","","","72","60","",""
"21","608","000104420000005","1","5/31/2024","I","1","M","5/1/2024","12386194.00","","","0.00","","Y","N53","5/31/2024","18","0-1-20/06/2024-10:51:10-192.167.001.145","","","","","","","60","12386194.00",""
"22","1073","000104420000005","1","3/28/2024","O","0","M","8/1/2021","10364112.23","","","0.00","","Y","","3/28/2024","9999","","","","9999","","","72","60","0.00",""
"23","1074","000104420000005","1","3/28/2024","O","1","M","8/1/2021","10364112.23","4/30/2022","","","","Y","","","9999","","","","9999","","","72","60","",""
"24","1075","000104420000005","1","3/28/2024","O","1","M","5/1/2022","10794539.29","8/31/2022","","","","Y","","","9999","","","","9999","","","72","60","",""
"25","1076","000104420000005","1","3/28/2024","O","1","M","9/1/2022","10868642.48","10/31/2022","","","","Y","","","9999","","","","9999","","","72","60","",""
"26","1077","000104420000005","1","3/28/2024","O","1","M","11/1/2022","11357806.21","11/30/2022","","","","Y","","","9999","","","","9999","","","72","60","",""
"27","1078","000104420000005","1","3/28/2024","O","1","M","12/1/2022","11484169.05","4/30/2023","","","","Y","","","9999","","","","9999","","","72","60","",""
"28","1079","000104420000005","1","3/28/2024","O","1","M","5/1/2023","11931475.23","6/30/2023","","","","Y","","","9999","","","","9999","","","72","60","",""
"29","1080","000104420000005","1","3/28/2024","O","1","M","7/1/2023","12157041.79","7/31/2023","","","","Y","","","9999","","","","9999","","","72","60","",""
"30","1081","000104420000005","1","3/28/2024","O","1","M","8/1/2023","12363816.84","8/31/2023","","","","Y","","","9999","","","","9999","","","72","60","",""
"31","1082","000104420000005","1","3/28/2024","O","1","M","9/1/2023","12473383.11","9/30/2023","","","","Y","","","9999","","","","9999","","","72","60","",""
"32","1083","000104420000005","1","3/28/2024","O","1","M","10/1/2023","12488712.39","11/30/2023","","","","Y","","","9999","","","","9999","","","72","60","",""
"33","1084","000104420000005","1","3/28/2024","O","1","M","12/1/2023","12503310.65","1/31/2024","","","","Y","","","9999","","","","9999","","","72","60","",""
"34","1085","000104420000005","1","3/28/2024","O","1","M","2/1/2024","12684003.54","4/30/2024","","","","Y","","","9999","","","","9999","","","72","60","",""
"35","1086","000104420000005","1","3/28/2024","O","1","M","5/1/2024","12696793.56","5/31/2024","","","","Y","","","9999","","","","9999","","","72","60","",""
"36","1087","000104420000005","1","3/28/2024","O","1","M","6/1/2024","12709193.06","6/30/2024","","","","Y","","","9999","","","","9999","","","72","60","",""
"37","1088","000104420000005","1","3/28/2024","O","1","M","7/1/2024","12745224.06","","","","","Y","","","9999","","","","9999","","","72","60","",""
"38","1092","000104420000005","1","3/28/2024","O","1","M","8/1/2021","10364112.23","4/30/2022","","","","Y","","","9999","","","","9999","","","72","60","",""
"39","1093","000104420000005","1","3/28/2024","O","1","M","5/1/2022","10794539.29","8/31/2022","","","","Y","","","9999","","","","9999","","","72","60","",""
"40","1094","000104420000005","1","3/28/2024","O","1","M","9/1/2022","10868642.48","10/31/2022","","","","Y","","","9999","","","","9999","","","72","60","",""
"41","1095","000104420000005","1","3/28/2024","O","1","M","11/1/2022","11357806.21","11/30/2022","","","","Y","","","9999","","","","9999","","","72","60","",""
"42","1096","000104420000005","1","3/28/2024","O","1","M","12/1/2022","11484169.05","4/30/2023","","","","Y","","","9999","","","","9999","","","72","60","",""
"43","1097","000104420000005","1","3/28/2024","O","1","M","5/1/2023","11931475.23","6/30/2023","","","","Y","","","9999","","","","9999","","","72","60","",""
"44","1098","000104420000005","1","3/28/2024","O","1","M","7/1/2023","12157041.79","7/31/2023","","","","Y","","","9999","","","","9999","","","72","60","",""
"45","1099","000104420000005","1","3/28/2024","O","1","M","8/1/2023","12363816.84","8/31/2023","","","","Y","","","9999","","","","9999","","","72","60","",""
"46","1100","000104420000005","1","3/28/2024","O","1","M","9/1/2023","12473383.11","9/30/2023","","","","Y","","","9999","","","","9999","","","72","60","",""
"47","1101","000104420000005","1","3/28/2024","O","1","M","10/1/2023","12488712.39","11/30/2023","","","","Y","","","9999","","","","9999","","","72","60","",""
"48","1102","000104420000005","1","3/28/2024","O","1","M","12/1/2023","12503310.65","1/31/2024","","","","Y","","","9999","","","","9999","","","72","60","",""
"49","1103","000104420000005","1","3/28/2024","O","1","M","2/1/2024","12684003.54","4/30/2024","","","","Y","","","9999","","","","9999","","","72","60","",""
"50","1104","000104420000005","1","3/28/2024","O","1","M","5/1/2024","12696793.56","5/31/2024","","","","Y","","","9999","","","","9999","","","72","60","",""
"51","1105","000104420000005","1","3/28/2024","O","1","M","6/1/2024","12709193.06","6/30/2024","","","","Y","","","9999","","","","9999","","","72","60","",""
"52","1106","000104420000005","1","3/28/2024","O","1","M","7/1/2024","12745224.06","","","","","Y","","","9999","","","","9999","","","72","60","",""
"53","1409","000104420000005","1","3/28/2024","O","1","M","9/1/2021","9564602.00","","","","D","Y","","","9999","","","","9999","","","","","",""
"54","1410","000104420000005","1","3/28/2024","O","1","Y","8/1/2023","138899745.51","7/31/2024","","","D","Y","","","9999","","","","9999","","","72","5","",""
"55","1411","000104420000005","1","3/28/2024","O","1","Y","8/1/2024","151405874.55","7/31/2025","","","D","Y","","","9999","","","","9999","","","72","5","",""
"56","1412","000104420000005","1","3/28/2024","O","1","Y","8/1/2025","152942688.72","7/31/2026","","","D","Y","","","9999","","","","9999","","","72","5","",""
"57","1413","000104420000005","1","3/28/2024","O","1","Y","8/1/2026","850923745.00","","","","D","Y","N1","9/12/2025","9999","","","","9999","","","72","5","",""
"58","8102","000104420000005","1","5/1/2025","I","1","M","5/1/2025","9540480.00","5/31/2025","","0.00","","Y","","5/1/2025","5555","","","","","","","","15","9540480.00",""
"59","8103","000104420000005","1","6/1/2025","I","1","M","6/1/2025","9523974.00","6/30/2025","","0.00","","Y","","6/1/2025","5555","","","","","","","","14","9523974.00",""
"60","8104","000104420000005","1","7/1/2025","I","1","M","7/1/2025","9523136.00","7/31/2025","","0.00","","Y","","7/1/2025","5555","","","","","","","","13","9523136.00",""
"61","8105","000104420000005","1","8/1/2025","I","1","M","8/1/2025","9515582.00","8/31/2025","","0.00","","Y","","8/1/2025","5555","","","","","","","","12","9515582.00",""
"62","8106","000104420000005","1","9/1/2025","I","1","M","9/1/2025","9497392.00","9/30/2025","","0.00","","Y","","9/1/2025","5555","","","","","","","","11","9497392.00",""
"63","8107","000104420000005","1","10/1/2025","I","1","M","10/1/2025","9486830.00","10/31/2025","","0.00","","Y","","10/1/2025","5555","","","","","","","","10","9486830.00",""
"64","8108","000104420000005","1","11/1/2025","I","1","M","11/1/2025","9466652.00","","","0.00","","Y","","11/1/2025","5555","","","","","","","","9","9466652.00",""
"65","8109","000104420000005","1","5/1/2022","I","1","M","5/1/2022","10443320.00","8/31/2022","","0.00","","Y","","5/1/2022","5555","","","","","","","","51","10443320.00",""
"66","8110","000104420000005","1","9/1/2022","I","1","M","9/1/2022","10496116.00","10/31/2022","","0.00","","Y","","9/1/2022","5555","","","","","","","","47","10496116.00",""
"67","8111","000104420000005","1","11/1/2022","I","1","M","11/1/2022","10964900.00","11/30/2022","","0.00","","Y","","11/1/2022","5555","","","","","","","","45","10964900.00",""
"68","8112","000104420000005","1","12/1/2022","I","1","M","12/1/2022","11082082.00","4/30/2023","","0.00","","Y","","12/1/2022","5555","","","","","","","","44","11082082.00",""
"69","8113","000104420000005","1","5/1/2023","I","1","M","5/1/2023","11479124.00","6/30/2023","","0.00","","Y","","5/1/2023","5555","","","","","","","","39","11479124.00",""
"70","8114","000104420000005","1","7/1/2023","I","1","M","7/1/2023","11679620.00","7/31/2023","","0.00","","Y","","7/1/2023","5555","","","","","","","","37","11679620.00",""
"71","8115","000104420000005","1","8/1/2023","I","1","M","8/1/2023","11870124.00","8/31/2023","","0.00","","Y","","8/1/2023","5555","","","","","","","","36","11870124.00",""
"72","8116","000104420000005","1","9/1/2023","I","1","M","9/1/2023","11964952.00","9/30/2023","","0.00","","Y","","9/1/2023","5555","","","","","","","","35","11964952.00",""
"73","8117","000104420000005","1","10/1/2023","I","1","M","10/1/2023","11967566.00","11/30/2023","","0.00","","Y","","10/1/2023","5555","","","","","","","","34","11967566.00",""
"74","8118","000104420000005","1","12/1/2023","I","1","M","12/1/2023","11955752.00","1/31/2024","","0.00","","Y","","12/1/2023","5555","","","","","","","","32","11955752.00",""
"75","8119","000104420000005","1","2/1/2024","I","1","M","2/1/2024","12102748.00","4/30/2024","","0.00","","Y","","2/1/2024","5555","","","","","","","","30","12102748.00",""
"76","8120","000104420000005","1","5/1/2024","I","1","M","5/1/2024","12067314.00","5/31/2024","","0.00","","Y","","5/1/2024","5555","","","","","","","","27","12067314.00",""
"77","8121","000104420000005","1","6/1/2024","I","1","M","6/1/2024","12063236.00","6/30/2024","","0.00","","Y","","6/1/2024","5555","","","","","","","","26","12063236.00",""
"78","8122","000104420000005","1","7/1/2024","I","1","M","7/1/2024","12081214.00","11/30/2024","","0.00","","Y","","7/1/2024","5555","","","","","","","","25","12081214.00",""
"79","8123","000104420000005","1","12/1/2024","I","1","M","12/1/2024","11967992.00","12/31/2024","","0.00","","Y","","12/1/2024","5555","","","","","","","","20","11967992.00",""
"80","8124","000104420000005","1","1/1/2025","I","1","M","1/1/2025","11938748.00","1/31/2025","","0.00","","Y","","1/1/2025","5555","","","","","","","","19","11938748.00",""
"81","8125","000104420000005","1","2/1/2025","I","1","M","2/1/2025","11909188.00","4/30/2025","","0.00","","Y","","2/1/2025","5555","","","","","","","","18","11909188.00",""
"82","8126","000104420000005","1","5/1/2025","I","1","M","5/1/2025","11842036.00","5/31/2025","","0.00","","Y","","5/1/2025","5555","","","","","","","","15","11842036.00",""
"83","8127","000104420000005","1","6/1/2025","I","1","M","6/1/2025","11809648.00","6/30/2025","","0.00","","Y","","6/1/2025","5555","","","","","","","","14","11809648.00",""
"84","8128","000104420000005","1","7/1/2025","I","1","M","7/1/2025","11795360.00","7/31/2025","","0.00","","Y","","7/1/2025","5555","","","","","","","","13","11795360.00",""
"85","8129","000104420000005","1","8/1/2025","I","1","M","8/1/2025","11772158.00","8/31/2025","","0.00","","Y","","8/1/2025","5555","","","","","","","","12","11772158.00",""
"86","8130","000104420000005","1","9/1/2025","I","1","M","9/1/2025","11735210.00","9/30/2025","","0.00","","Y","","9/1/2025","5555","","","","","","","","11","11735210.00",""
"87","8131","000104420000005","1","10/1/2025","I","1","M","10/1/2025","11706282.00","10/31/2025","","0.00","","Y","","10/1/2025","5555","","","","","","","","10","11706282.00",""
"88","8132","000104420000005","1","11/1/2025","I","1","M","11/1/2025","11664366.00","","","0.00","","Y","","11/1/2025","5555","","","","","","","","9","11664366.00",""
"89","8196","000104420000005","1","9/1/2020","I","1","M","9/1/2021","8406938.00","","","0.00","","Y","","9/1/2020","55555","","","","","","","","74","8406938.00",""
"90","8197","000104420000005","1","10/13/2020","I","1","M","9/1/2021","8406938.00","","","0.00","","Y","","10/13/2020","55555","","","","","","","","74","8406938.00",""
"91","8198","000104420000005","1","3/11/2021","I","1","M","9/1/2021","8113254.00","","","0.00","","Y","","3/11/2021","55555","","","","","","","","74","8113254.00",""
"92","8199","000104420000005","1","4/7/2021","I","1","M","9/1/2021","8113254.00","","","0.00","","Y","","4/7/2021","55555","","","","","","","","74","8113254.00",""
"93","8211","000104420000005","1","12/9/2024","I","1","M","1/1/2025","10773136.00","","","0.00","","Y","","12/9/2024","55555","","","","","","","","19","10773136.00",""
"94","8213","000104420000005","1","4/14/2025","I","1","M","5/1/2025","10660782.00","","","0.00","","Y","","4/14/2025","55555","","","","","","","","15","10660782.00",""
"95","8214","000104420000005","1","4/16/2025","I","1","M","5/1/2025","10660782.00","","","0.00","","Y","","4/16/2025","55555","","","","","","","","15","10660782.00",""
"96","8215","000104420000005","1","4/17/2025","I","1","M","5/1/2025","10660782.00","","","0.00","","Y","","4/17/2025","55555","","","","","","","","15","10660782.00",""
"97","8216","000104420000005","1","4/22/2025","I","1","M","5/1/2025","10660782.00","","","0.00","","Y","","4/22/2025","55555","","","","","","","","15","10660782.00",""
"98","8217","000104420000005","1","4/23/2025","I","1","M","5/1/2025","10660782.00","","","0.00","","Y","","4/23/2025","55555","","","","","","","","15","10660782.00",""
"99","8219","000104420000005","1","5/19/2025","I","1","M","6/1/2025","10637940.00","","","0.00","","Y","","5/19/2025","55555","","","","","","","","14","10637940.00",""
"100","8220","000104420000005","1","5/22/2025","I","1","M","6/1/2025","10637940.00","","","0.00","","Y","","5/22/2025","55555","","","","","","","","14","10637940.00",""
"101","8221","000104420000005","1","5/27/2025","I","1","M","6/1/2025","10644080.00","","","0.00","","Y","","5/27/2025","55555","","","","","","","","14","10644080.00",""
"102","8223","000104420000005","1","6/5/2025","I","1","M","7/1/2025","10619712.00","","","0.00","","Y","","6/5/2025","55555","","","","","","","","13","10619712.00",""
"103","8225","000104420000005","1","7/8/2025","I","1","M","8/1/2025","10598738.00","","","0.00","","Y","","7/8/2025","55555","","","","","","","","12","10598738.00",""
"104","8226","000104420000005","1","7/15/2025","I","1","M","8/1/2025","10598738.00","","","0.00","","Y","","7/15/2025","55555","","","","","","","","12","10598738.00",""
"105","8227","000104420000005","1","7/15/2025","I","1","M","8/1/2025","10598738.00","","","0.00","","Y","","7/15/2025","55555","","","","","","","","12","10598738.00",""
"106","8229","000104420000005","1","9/3/2025","I","1","M","10/1/2025","10536846.00","","","0.00","","Y","","9/3/2025","55555","","","","","","","","10","10536846.00",""
"107","8232","000104420000005","1","9/1/2020","I","1","M","9/1/2021","8406938.00","","","0.00","","Y","","9/1/2020","55555","","","","","","","","74","8406938.00",""
"108","8233","000104420000005","1","10/13/2020","I","1","M","9/1/2021","8406938.00","","","0.00","","Y","","10/13/2020","55555","","","","","","","","74","8406938.00",""
"109","8234","000104420000005","1","3/11/2021","I","1","M","9/1/2021","8113254.00","","","0.00","","Y","","3/11/2021","55555","","","","","","","","74","8113254.00",""
"110","8235","000104420000005","1","4/7/2021","I","1","M","9/1/2021","8113254.00","11/30/2021","","0.00","","N","","4/7/2021","55555","","","","","","","","74","8113254.00",""
"111","8236","000104420000005","1","11/25/2021","I","1","M","12/1/2021","9428270.00","5/31/2022","","0.00","","N","","11/25/2021","55555","","","","","","","","56","9428270.00",""
"112","8237","000104420000005","1","5/18/2022","I","1","M","6/1/2022","9404516.00","7/31/2022","","0.00","","N","","5/18/2022","55555","","","","","","","","50","9404516.00",""
"113","8238","000104420000005","1","7/4/2022","I","1","M","8/1/2022","9684896.00","8/31/2022","","0.00","","N","","7/4/2022","55555","","","","","","","","48","9684896.00",""
"114","8239","000104420000005","1","8/16/2022","I","1","M","9/1/2022","9680262.00","9/30/2022","","0.00","","N","","8/16/2022","55555","","","","","","","","47","9680262.00",""
"115","8240","000104420000005","1","9/14/2022","I","1","M","10/1/2022","9675560.00","10/31/2022","","0.00","","N","","9/14/2022","55555","","","","","","","","46","9675560.00",""
"116","8241","000104420000005","1","10/19/2022","I","1","M","11/1/2022","9670792.00","2/28/2023","","0.00","","N","","10/19/2022","55555","","","","","","","","45","9670792.00",""
"117","8242","000104420000005","1","2/13/2023","I","1","M","3/1/2023","10163952.00","3/31/2024","","0.00","","N","","2/13/2023","55555","","","","","","","","41","10163952.00",""
"118","8243","000104420000005","1","3/25/2024","I","1","M","4/1/2024","10885876.00","7/31/2024","","0.00","","N","","3/25/2024","55555","","","","","","","","28","10885876.00",""
"119","8244","000104420000005","1","7/16/2024","I","1","M","8/1/2024","10832798.00","8/31/2024","","0.00","","N","","7/16/2024","55555","","","","","","","","24","10832798.00",""
"120","8245","000104420000005","1","8/14/2024","I","1","M","9/1/2024","10817138.00","9/30/2024","","0.00","","N","","8/14/2024","55555","","","","","","","","23","10817138.00",""
"121","8246","000104420000005","1","9/16/2024","I","1","M","10/1/2024","10837922.00","12/31/2024","","0.00","","N","","9/16/2024","55555","","","","","","","","22","10837922.00",""
"122","8247","000104420000005","1","12/9/2024","I","1","M","1/1/2025","10781240.00","","","0.00","","Y","","12/9/2024","55555","","","","","","","","19","10781240.00",""
"123","8248","000104420000005","1","12/10/2024","I","1","M","1/1/2025","10773136.00","4/30/2025","","0.00","","N","","12/10/2024","55555","","","","","","","","19","10773136.00",""
"124","8249","000104420000005","1","4/14/2025","I","1","M","5/1/2025","10668440.00","","","0.00","","Y","","4/14/2025","55555","","","","","","","","15","10668440.00",""
"125","8250","000104420000005","1","4/16/2025","I","1","M","5/1/2025","10668440.00","","","0.00","","Y","","4/16/2025","55555","","","","","","","","15","10668440.00",""
"126","8251","000104420000005","1","4/17/2025","I","1","M","5/1/2025","10668440.00","","","0.00","","Y","","4/17/2025","55555","","","","","","","","15","10668440.00",""
"127","8252","000104420000005","1","4/22/2025","I","1","M","5/1/2025","10668440.00","","","0.00","","Y","","4/22/2025","55555","","","","","","","","15","10668440.00",""
"128","8253","000104420000005","1","4/23/2025","I","1","M","5/1/2025","10668440.00","","","0.00","","Y","","4/23/2025","55555","","","","","","","","15","10668440.00",""
"129","8254","000104420000005","1","4/30/2025","I","1","M","5/1/2025","10668440.00","5/31/2025","","0.00","","N","","4/30/2025","55555","","","","","","","","15","10668440.00",""
"130","8255","000104420000005","1","5/19/2025","I","1","M","6/1/2025","10645492.00","","","0.00","","Y","","5/19/2025","55555","","","","","","","","14","10645492.00",""
"131","8256","000104420000005","1","5/22/2025","I","1","M","6/1/2025","10645492.00","","","0.00","","Y","","5/22/2025","55555","","","","","","","","14","10645492.00",""
"132","8257","000104420000005","1","5/27/2025","I","1","M","6/1/2025","10651634.00","","","0.00","","Y","","5/27/2025","55555","","","","","","","","14","10651634.00",""
"133","8258","000104420000005","1","5/28/2025","I","1","M","6/1/2025","10651634.00","6/30/2025","","0.00","","N","","5/28/2025","55555","","","","","","","","14","10651634.00",""
"134","8259","000104420000005","1","6/5/2025","I","1","M","7/1/2025","10627154.00","","","0.00","","Y","","6/5/2025","55555","","","","","","","","13","10627154.00",""
"135","8260","000104420000005","1","6/16/2025","I","1","M","7/1/2025","10621410.00","7/31/2025","","0.00","","N","","6/16/2025","55555","","","","","","","","13","10621410.00",""
"136","8261","000104420000005","1","7/8/2025","I","1","M","8/1/2025","10606064.00","","","0.00","","Y","","7/8/2025","55555","","","","","","","","12","10606064.00",""
"137","8262","000104420000005","1","7/15/2025","I","1","M","8/1/2025","10606064.00","","","0.00","","Y","","7/15/2025","55555","","","","","","","","12","10606064.00",""
"138","8263","000104420000005","1","7/16/2025","I","1","M","8/1/2025","10606064.00","","","0.00","","Y","","7/16/2025","55555","","","","","","","","12","10606064.00",""
"139","8264","000104420000005","1","7/23/2025","I","1","M","8/1/2025","10606064.00","9/30/2025","","0.00","","N","","7/23/2025","55555","","","","","","","","12","10606064.00",""
"140","8265","000104420000005","1","9/3/2025","I","1","M","10/1/2025","10543898.00","","","0.00","","Y","","9/3/2025","55555","","","","","","","","10","10543898.00",""
"141","8266","000104420000005","1","10/1/2025","I","1","M","10/1/2025","10548436.00","10/31/2025","","0.00","","N","","10/1/2025","55555","","","","","","","","10","10548436.00",""
"142","8267","000104420000005","1","11/1/2025","I","1","M","11/1/2025","10510666.00","","","0.00","","N","","11/1/2025","55555","","","","","","","","9","10510666.00",""
"143","3","000104420000006","1","3/28/2024","O","1","M","3/1/2021","684026.39","","","0.00","","Y","","3/28/2024","9999","","","","9999","","","50","24","0.00",""
"144","431","000104420000006","1","3/28/2024","O","1","M","9/2/2020","0.00","2/28/2021","","","","Y","","","9999","","","","9999","","","50","24","",""
"145","432","000104420000006","1","3/28/2024","O","1","M","3/1/2021","684026.39","4/30/2022","","","","Y","","","9999","","","","9999","","","50","24","",""
"146","433","000104420000006","1","3/28/2024","O","1","M","5/1/2022","684467.72","8/31/2022","","","","Y","","","9999","","","","9999","","","50","24","",""
"147","434","000104420000006","1","3/28/2024","O","1","M","9/1/2022","684914.11","10/31/2022","","","","Y","","","9999","","","","9999","","","50","24","",""
"148","435","000104420000006","1","3/28/2024","O","1","M","11/1/2022","686429.38","","","","","Y","","","9999","","","","9999","","","50","24","",""
"149","1107","000104420000006","1","3/28/2024","O","1","M","3/2/2021","779678.00","","","","","Y","","","9999","","","","9999","","","50","24","",""
"150","1108","000104420000006","1","3/28/2024","O","1","M","3/1/2021","684026.39","4/30/2022","","","","Y","","","9999","","","","9999","","","50","24","",""
"151","1109","000104420000006","1","3/28/2024","O","1","M","5/1/2022","684467.72","8/31/2022","","","","Y","","","9999","","","","9999","","","50","24","",""
"152","1110","000104420000006","1","3/28/2024","O","1","M","9/1/2022","684914.11","10/31/2022","","","","Y","","","9999","","","","9999","","","50","24","",""
"153","1111","000104420000006","1","3/28/2024","O","1","M","11/1/2022","686429.38","","","","","Y","","","9999","","","","9999","","","50","24","",""
"154","8268","000104420000006","1","9/1/2020","I","1","M","3/2/2021","634826.00","","","0.00","","Y","","9/1/2020","55555","","","","","","","","23","634826.00",""
"155","8269","000104420000006","1","10/13/2020","I","1","M","3/2/2021","634826.00","4/1/2021","","0.00","","N","","10/13/2020","55555","","","","","","","","23","634826.00",""
"156","8270","000104420000006","1","3/11/2021","I","1","M","4/2/2021","781656.00","5/1/2021","","0.00","","N","","3/11/2021","55555","","","","","","","","17","781656.00",""
"157","8271","000104420000006","1","4/7/2021","I","1","M","5/2/2021","780798.00","12/1/2021","","0.00","","N","","4/7/2021","55555","","","","","","","","16","780798.00",""
"158","8272","000104420000006","1","11/25/2021","I","1","M","12/2/2021","770826.00","6/1/2022","","0.00","","N","","11/25/2021","55555","","","","","","","","9","770826.00",""
"159","8273","000104420000006","1","5/18/2022","I","1","M","6/2/2022","745036.00","8/1/2022","","0.00","","N","","5/18/2022","55555","","","","","","","","3","745036.00",""
"160","8274","000104420000006","1","7/4/2022","I","1","M","8/2/2022","722248.00","9/1/2022","","0.00","","N","","7/4/2022","55555","","","","","","","","1","722248.00",""
"161","8275","000104420000006","1","8/16/2022","I","1","M","9/2/2022","0.00","9/1/2022","","0.00","","N","","8/16/2022","55555","","","","","","","","0","0.00",""
"162","8276","000104420000006","1","9/14/2022","I","1","M","9/2/2022","0.00","9/1/2022","","0.00","","N","","9/14/2022","55555","","","","","","","","0","0.00",""
"163","8277","000104420000006","1","10/19/2022","I","1","M","9/2/2022","0.00","9/1/2022","","0.00","","N","","10/19/2022","55555","","","","","","","","0","0.00",""
"164","8278","000104420000006","1","2/13/2023","I","1","M","9/2/2022","0.00","9/1/2022","","0.00","","N","","2/13/2023","55555","","","","","","","","0","0.00",""
"165","8279","000104420000006","1","3/25/2024","I","1","M","9/2/2022","0.00","9/1/2022","","0.00","","N","","3/25/2024","55555","","","","","","","","0","0.00",""
"166","8280","000104420000006","1","7/16/2024","I","1","M","9/2/2022","0.00","9/1/2022","","0.00","","N","","7/16/2024","55555","","","","","","","","0","0.00",""
"167","8281","000104420000006","1","8/14/2024","I","1","M","9/2/2022","0.00","9/1/2022","","0.00","","N","","8/14/2024","55555","","","","","","","","0","0.00",""
"168","8282","000104420000006","1","9/16/2024","I","1","M","9/2/2022","0.00","9/1/2022","","0.00","","N","","9/16/2024","55555","","","","","","","","0","0.00",""
"169","8283","000104420000006","1","12/9/2024","I","1","M","9/2/2022","0.00","9/1/2022","","0.00","","N","","12/9/2024","55555","","","","","","","","0","0.00",""
"170","8284","000104420000006","1","12/10/2024","I","1","M","9/2/2022","0.00","9/1/2022","","0.00","","N","","12/10/2024","55555","","","","","","","","0","0.00",""
"171","8285","000104420000006","1","4/14/2025","I","1","M","9/2/2022","0.00","9/1/2022","","0.00","","N","","4/14/2025","55555","","","","","","","","0","0.00",""
"172","8286","000104420000006","1","4/16/2025","I","1","M","9/2/2022","0.00","9/1/2022","","0.00","","N","","4/16/2025","55555","","","","","","","","0","0.00",""
"173","8287","000104420000006","1","4/17/2025","I","1","M","9/2/2022","0.00","9/1/2022","","0.00","","N","","4/17/2025","55555","","","","","","","","0","0.00",""
"174","8288","000104420000006","1","4/22/2025","I","1","M","9/2/2022","0.00","9/1/2022","","0.00","","N","","4/22/2025","55555","","","","","","","","0","0.00",""
"175","8289","000104420000006","1","4/23/2025","I","1","M","9/2/2022","0.00","9/1/2022","","0.00","","N","","4/23/2025","55555","","","","","","","","0","0.00",""
"176","8290","000104420000006","1","4/30/2025","I","1","M","9/2/2022","0.00","9/1/2022","","0.00","","N","","4/30/2025","55555","","","","","","","","0","0.00",""
"177","8291","000104420000006","1","5/19/2025","I","1","M","9/2/2022","0.00","9/1/2022","","0.00","","N","","5/19/2025","55555","","","","","","","","0","0.00",""
"178","8292","000104420000006","1","5/22/2025","I","1","M","9/2/2022","0.00","9/1/2022","","0.00","","N","","5/22/2025","55555","","","","","","","","0","0.00",""
"179","8293","000104420000006","1","5/27/2025","I","1","M","9/2/2022","0.00","9/1/2022","","0.00","","N","","5/27/2025","55555","","","","","","","","0","0.00",""
"180","8294","000104420000006","1","5/28/2025","I","1","M","9/2/2022","0.00","9/1/2022","","0.00","","N","","5/28/2025","55555","","","","","","","","0","0.00",""
"181","8295","000104420000006","1","6/5/2025","I","1","M","9/2/2022","0.00","9/1/2022","","0.00","","N","","6/5/2025","55555","","","","","","","","0","0.00",""
"182","8296","000104420000006","1","6/16/2025","I","1","M","9/2/2022","0.00","9/1/2022","","0.00","","N","","6/16/2025","55555","","","","","","","","0","0.00",""
"183","8297","000104420000006","1","7/8/2025","I","1","M","9/2/2022","0.00","9/1/2022","","0.00","","N","","7/8/2025","55555","","","","","","","","0","0.00",""
"184","8298","000104420000006","1","7/15/2025","I","1","M","9/2/2022","0.00","9/1/2022","","0.00","","N","","7/15/2025","55555","","","","","","","","0","0.00",""
"185","8299","000104420000006","1","7/16/2025","I","1","M","9/2/2022","0.00","9/1/2022","","0.00","","N","","7/16/2025","55555","","","","","","","","0","0.00",""
"186","8300","000104420000006","1","7/23/2025","I","1","M","9/2/2022","0.00","9/1/2022","","0.00","","N","","7/23/2025","55555","","","","","","","","0","0.00",""
"187","8301","000104420000006","1","9/3/2025","I","1","M","9/2/2022","0.00","9/1/2022","","0.00","","N","","9/3/2025","55555","","","","","","","","0","0.00",""
"188","8302","000104420000006","1","10/1/2025","I","1","M","9/2/2022","0.00","9/1/2022","","0.00","","N","","10/1/2025","55555","","","","","","","","0","0.00",""
"189","8303","000104420000006","1","11/1/2025","I","1","M","9/2/2022","0.00","","","0.00","","N","","11/1/2025","55555","","","","","","","","0","0.00",""
"190","4","000104420000007","1","3/28/2024","O","1","M","5/1/2021","4829356.14","","","0.00","","Y","","3/28/2024","9999","","","","9999","","","31","72","0.00",""
"191","418","000104420000007","1","3/28/2024","O","1","M","10/30/2020","0.00","4/30/2021","","","","Y","","","9999","","","","9999","","","31","72","",""
"192","419","000104420000007","1","3/28/2024","O","1","M","5/1/2021","9256961.72","4/30/2022","","","","Y","","","9999","","","","9999","","","31","72","",""
"193","420","000104420000007","1","3/28/2024","O","1","M","5/1/2022","9271443.41","8/31/2022","","","","Y","","","9999","","","","9999","","","31","72","",""
"194","421","000104420000007","1","3/28/2024","O","1","M","9/1/2022","9324734.85","10/31/2022","","","","Y","","","9999","","","","9999","","","31","72","",""
"195","422","000104420000007","1","3/28/2024","O","1","M","11/1/2022","9672204.18","11/30/2022","","","","Y","","","9999","","","","9999","","","31","72","",""
"196","423","000104420000007","1","3/28/2024","O","1","M","12/1/2022","9761277.27","4/30/2023","","","","Y","","","9999","","","","9999","","","31","72","",""
"197","424","000104420000007","1","3/28/2024","O","1","M","5/1/2023","10065849.76","6/30/2023","","","","Y","","","9999","","","","9999","","","31","72","",""
"198","425","000104420000007","1","3/28/2024","O","1","M","7/1/2023","10216646.04","7/31/2023","","","","Y","","","9999","","","","9999","","","31","72","",""
"199","426","000104420000007","1","3/28/2024","O","1","M","8/1/2023","10353460.52","8/31/2023","","","","Y","","","9999","","","","9999","","","31","72","",""
"200","427","000104420000007","1","3/28/2024","O","1","M","9/1/2023","10425205.11","9/30/2023","","","","Y","","","9999","","","","9999","","","31","72","",""
"201","428","000104420000007","1","3/28/2024","O","1","M","10/1/2023","4829356.14","11/30/2023","","","","Y","","","9999","","","","9999","","","31","72","",""
"202","429","000104420000007","1","3/28/2024","O","1","M","12/1/2023","4845347.39","2/29/2024","","","","Y","","","9999","","","","9999","","","31","72","",""
"203","430","000104420000007","1","3/28/2024","O","1","M","3/1/2024","8948232.88","","","","","Y","","","9999","","","","9999","","","31","72","",""
"204","1112","000104420000007","1","3/28/2024","O","1","M","4/30/2021","11570640.00","","","","","Y","","","9999","","","","9999","","","31","72","",""
"205","1113","000104420000007","1","3/28/2024","O","1","M","5/1/2021","9256961.72","4/30/2022","","","","Y","","","9999","","","","9999","","","31","72","",""
"206","1114","000104420000007","1","3/28/2024","O","1","M","5/1/2022","9271443.41","8/31/2022","","","","Y","","","9999","","","","9999","","","31","72","",""
"207","1115","000104420000007","1","3/28/2024","O","1","M","9/1/2022","9324734.85","10/31/2022","","","","Y","","","9999","","","","9999","","","31","72","",""
"208","1116","000104420000007","1","3/28/2024","O","1","M","11/1/2022","9672204.18","11/30/2022","","","","Y","","","9999","","","","9999","","","31","72","",""
"209","1117","000104420000007","1","3/28/2024","O","1","M","12/1/2022","9761277.27","4/30/2023","","","","Y","","","9999","","","","9999","","","31","72","",""
"210","1118","000104420000007","1","3/28/2024","O","1","M","5/1/2023","10065849.76","6/30/2023","","","","Y","","","9999","","","","9999","","","31","72","",""
"211","1119","000104420000007","1","3/28/2024","O","1","M","7/1/2023","10216646.04","7/31/2023","","","","Y","","","9999","","","","9999","","","31","72","",""
"212","1120","000104420000007","1","3/28/2024","O","1","M","8/1/2023","10353460.52","8/31/2023","","","","Y","","","9999","","","","9999","","","31","72","",""
"213","1121","000104420000007","1","3/28/2024","O","1","M","9/1/2023","10425205.11","9/30/2023","","","","Y","","","9999","","","","9999","","","31","72","",""
"214","1122","000104420000007","1","3/28/2024","O","1","M","10/1/2023","4829356.14","11/30/2023","","","","Y","","","9999","","","","9999","","","31","72","",""
"215","1123","000104420000007","1","3/28/2024","O","1","M","12/1/2023","4845347.39","2/29/2024","","","","Y","","","9999","","","","9999","","","31","72","",""
"216","1124","000104420000007","1","3/28/2024","O","1","M","3/1/2024","8948232.88","4/30/2024","","","","Y","","","9999","","","","9999","","","31","72","",""
"217","1125","000104420000007","1","3/28/2024","O","1","M","5/1/2024","8958096.70","5/31/2024","","","","Y","","","9999","","","","9999","","","31","72","",""
"218","1126","000104420000007","1","3/28/2024","O","1","M","6/1/2024","8967693.93","6/30/2024","","","","Y","","","9999","","","","9999","","","31","72","",""
"219","1127","000104420000007","1","3/28/2024","O","1","M","7/1/2024","8995691.54","4/30/2025","","","","Y","","","9999","","","","9999","","","31","72","",""
"220","2121","000104420000007","1","5/7/2025","I","1","M","5/1/2025","8612379.00","8/31/2025","","0.00","","Y","N2","5/7/2025","16","0-1-07/05/2025-17:29:21-192.168.002.001","","","","","","","18","8612379.00",""
"221","8304","000104420000007","1","10/13/2020","I","1","M","4/30/2021","11044980.00","","","0.00","","Y","","10/13/2020","55555","","","","","","","","72","11044980.00",""
"222","8305","000104420000007","1","3/11/2021","I","1","M","4/30/2021","10674432.00","","","0.00","","Y","","3/11/2021","55555","","","","","","","","72","10674432.00",""
"223","8306","000104420000007","1","4/7/2021","I","1","M","4/1/2021","13010539.00","","","0.00","","Y","","4/7/2021","55555","","","","","","","","72","10674432.00",""
"224","8307","000104420000007","1","11/25/2021","I","1","M","11/30/2021","11205226.00","5/29/2022","","0.00","","Y","","11/25/2021","55555","","","","","","","","60","11205226.00",""
"225","8308","000104420000007","1","5/18/2022","I","1","M","5/30/2022","11168874.00","7/29/2022","","0.00","","Y","","5/18/2022","55555","","","","","","","","54","11168874.00",""
"226","8309","000104420000007","1","7/4/2022","I","1","M","7/30/2022","11516610.00","8/29/2022","","0.00","","Y","","7/4/2022","55555","","","","","","","","52","11516610.00",""
"227","8310","000104420000007","1","8/16/2022","I","1","M","8/30/2022","11505662.00","9/29/2022","","0.00","","Y","","8/16/2022","55555","","","","","","","","51","11505662.00",""
"228","8311","000104420000007","1","9/14/2022","I","1","M","9/30/2022","11496346.00","10/29/2022","","0.00","","Y","","9/14/2022","55555","","","","","","","","50","11496346.00",""
"229","8312","000104420000007","1","10/19/2022","I","1","M","10/30/2022","11487036.00","2/27/2023","","0.00","","Y","","10/19/2022","55555","","","","","","","","49","11487036.00",""
"230","8313","000104420000007","1","2/13/2023","I","1","M","2/28/2023","12110620.00","3/29/2024","","0.00","","Y","","2/13/2023","55555","","","","","","","","45","12110620.00",""
"231","8314","000104420000007","1","3/25/2024","I","1","M","3/30/2024","13030706.00","7/29/2024","","0.00","","Y","","3/25/2024","55555","","","","","","","","32","13030706.00",""
"232","8315","000104420000007","1","7/16/2024","I","1","M","7/30/2024","12894530.00","8/29/2024","","0.00","","Y","","7/16/2024","55555","","","","","","","","28","12894530.00",""
"233","8316","000104420000007","1","8/14/2024","I","1","M","8/30/2024","12877722.00","9/29/2024","","0.00","","Y","","8/14/2024","55555","","","","","","","","27","12877722.00",""
"234","8317","000104420000007","1","9/16/2024","I","1","M","9/30/2024","12911818.00","12/29/2024","","0.00","","Y","","9/16/2024","55555","","","","","","","","26","12911818.00",""
"235","8318","000104420000007","1","12/9/2024","I","1","M","12/30/2024","12849724.00","","","0.00","","Y","","12/9/2024","55555","","","","","","","","23","12849724.00",""
"236","8319","000104420000007","1","12/10/2024","I","1","M","12/30/2024","12838416.00","4/29/2025","","0.00","","Y","","12/10/2024","55555","","","","","","","","23","12838416.00",""
"237","8320","000104420000007","1","4/14/2025","I","1","M","4/30/2025","12728362.00","","","0.00","","Y","","4/14/2025","55555","","","","","","","","19","12728362.00",""
"238","8321","000104420000007","1","4/16/2025","I","1","M","4/30/2025","12728362.00","","","0.00","","Y","","4/16/2025","55555","","","","","","","","19","12728362.00",""
"239","8322","000104420000007","1","4/17/2025","I","1","M","4/30/2025","12728362.00","","","0.00","","Y","","4/17/2025","55555","","","","","","","","19","12728362.00",""
"240","8323","000104420000007","1","4/22/2025","I","1","M","4/30/2025","12728362.00","","","0.00","","Y","","4/22/2025","55555","","","","","","","","19","12728362.00",""
"241","8324","000104420000007","1","4/23/2025","I","1","M","4/30/2025","12728362.00","","","0.00","","Y","","4/23/2025","55555","","","","","","","","19","12728362.00",""
"242","8325","000104420000007","1","4/30/2025","I","1","M","4/30/2025","12728362.00","5/29/2025","","0.00","","Y","","4/30/2025","55555","","","","","","","","19","12728362.00",""
"243","8326","000104420000007","1","5/19/2025","I","1","M","5/30/2025","12714088.00","","","0.00","","Y","","5/19/2025","55555","","","","","","","","18","12714088.00",""
"244","8327","000104420000007","1","5/22/2025","I","1","M","5/30/2025","12714088.00","","","0.00","","Y","","5/22/2025","55555","","","","","","","","18","12714088.00",""
"245","8328","000104420000007","1","5/27/2025","I","1","M","5/30/2025","12723170.00","","","0.00","","Y","","5/27/2025","55555","","","","","","","","18","12723170.00",""
"246","8329","000104420000007","1","5/28/2025","I","1","M","5/30/2025","12723170.00","6/29/2025","","0.00","","Y","","5/28/2025","55555","","","","","","","","18","12723170.00",""
"247","8330","000104420000007","1","6/5/2025","I","1","M","6/30/2025","12705708.00","","","0.00","","Y","","6/5/2025","55555","","","","","","","","17","12705708.00",""
"248","8331","000104420000007","1","6/16/2025","I","1","M","6/30/2025","12697074.00","7/29/2025","","0.00","","Y","","6/16/2025","55555","","","","","","","","17","12697074.00",""
"249","8332","000104420000007","1","7/8/2025","I","1","M","7/30/2025","12697538.00","","","0.00","","Y","","7/8/2025","55555","","","","","","","","16","12697538.00",""
"250","8333","000104420000007","1","7/15/2025","I","1","M","7/30/2025","12697538.00","","","0.00","","Y","","7/15/2025","55555","","","","","","","","16","12697538.00",""
"251","8334","000104420000007","1","7/16/2025","I","1","M","7/30/2025","12697538.00","","","0.00","","Y","","7/16/2025","55555","","","","","","","","16","12697538.00",""
"252","8335","000104420000007","1","7/23/2025","I","1","M","7/30/2025","12697538.00","9/29/2025","","0.00","","Y","","7/23/2025","55555","","","","","","","","16","12697538.00",""
"253","8336","000104420000007","1","9/3/2025","I","1","M","9/30/2025","12648432.00","10/29/2025","","0.00","","Y","","9/3/2025","55555","","","","","","","","14","12648432.00",""
"254","8337","000104420000007","1","10/1/2025","I","1","M","10/30/2025","12638524.00","11/29/2025","","0.00","","Y","","10/1/2025","55555","","","","","","","","13","12638524.00",""
"255","8338","000104420000007","1","11/1/2025","I","1","M","11/30/2025","12615340.00","","","0.00","","Y","","11/1/2025","55555","","","","","","","","12","12615340.00",""
"256","8881","000104420000007","1","10/13/2020","I","1","M","4/1/2021","12212796.00","","","0.00","","Y","","10/13/2020","55555","","","","","","","","60","12212796.00",""
"257","8882","000104420000007","1","3/11/2021","I","1","M","4/1/2021","11856850.00","4/30/2021","","0.00","","N","","3/11/2021","55555","","","","","","","","60","11856850.00",""
"258","8883","000104420000007","1","4/7/2021","I","1","M","5/1/2021","12679272.00","11/30/2021","","0.00","","N","","4/7/2021","55555","","","","","","","","53","12679272.00",""
"259","8884","000104420000007","1","11/25/2021","I","1","M","12/1/2021","12678060.00","5/31/2022","","0.00","","N","","11/25/2021","55555","","","","","","","","46","12678060.00",""
"260","8885","000104420000007","1","5/18/2022","I","1","M","6/1/2022","12635828.00","7/31/2022","","0.00","","N","","5/18/2022","55555","","","","","","","","40","12635828.00",""
"261","8886","000104420000007","1","7/4/2022","I","1","M","8/1/2022","12934242.00","8/31/2022","","0.00","","N","","7/4/2022","55555","","","","","","","","38","12934242.00",""
"262","8887","000104420000007","1","8/16/2022","I","1","M","9/1/2022","12926086.00","9/30/2022","","0.00","","N","","8/16/2022","55555","","","","","","","","37","12926086.00",""
"263","8888","000104420000007","1","9/14/2022","I","1","M","10/1/2022","12917772.00","10/31/2022","","0.00","","N","","9/14/2022","55555","","","","","","","","36","12917772.00",""
"264","8889","000104420000007","1","10/19/2022","I","1","M","11/1/2022","12909290.00","2/28/2023","","0.00","","N","","10/19/2022","55555","","","","","","","","35","12909290.00",""
"265","8890","000104420000007","1","2/13/2023","I","1","M","3/1/2023","13402272.00","3/31/2024","","0.00","","N","","2/13/2023","55555","","","","","","","","31","13402272.00",""
"266","8891","000104420000007","1","3/25/2024","I","1","M","4/1/2024","13882738.00","7/31/2024","","0.00","","N","","3/25/2024","55555","","","","","","","","18","13882738.00",""
"267","8892","000104420000007","1","7/16/2024","I","1","M","8/1/2024","13759330.00","8/31/2024","","0.00","","N","","7/16/2024","55555","","","","","","","","14","13759330.00",""
"268","8893","000104420000007","1","8/14/2024","I","1","M","9/1/2024","13725930.00","9/30/2024","","0.00","","N","","8/14/2024","55555","","","","","","","","13","13725930.00",""
"269","8894","000104420000007","1","9/16/2024","I","1","M","10/1/2024","13717812.00","12/31/2024","","0.00","","N","","9/16/2024","55555","","","","","","","","12","13717812.00",""
"270","8895","000104420000007","1","12/9/2024","I","1","M","1/1/2025","13574802.00","","","0.00","","Y","","12/9/2024","55555","","","","","","","","9","13574802.00",""
"271","8896","000104420000007","1","12/10/2024","I","1","M","1/1/2025","13569488.00","4/30/2025","","0.00","","N","","12/10/2024","55555","","","","","","","","9","13569488.00",""
"272","8897","000104420000007","1","4/14/2025","I","1","M","5/1/2025","13237358.00","","","0.00","","Y","","4/14/2025","55555","","","","","","","","5","13237358.00",""
"273","8898","000104420000007","1","4/16/2025","I","1","M","5/1/2025","13237358.00","","","0.00","","Y","","4/16/2025","55555","","","","","","","","5","13237358.00",""
"274","8899","000104420000007","1","4/17/2025","I","1","M","5/1/2025","13237358.00","","","0.00","","Y","","4/17/2025","55555","","","","","","","","5","13237358.00",""
"275","8900","000104420000007","1","4/22/2025","I","1","M","5/1/2025","13237358.00","","","0.00","","Y","","4/22/2025","55555","","","","","","","","5","13237358.00",""
"276","8901","000104420000007","1","4/23/2025","I","1","M","5/1/2025","13237358.00","","","0.00","","Y","","4/23/2025","55555","","","","","","","","5","13237358.00",""
"277","8902","000104420000007","1","4/30/2025","I","1","M","5/1/2025","13237358.00","5/31/2025","","0.00","","N","","4/30/2025","55555","","","","","","","","5","13237358.00",""
"278","8903","000104420000007","1","5/19/2025","I","1","M","6/1/2025","13143774.00","","","0.00","","Y","","5/19/2025","55555","","","","","","","","4","13143774.00",""
"279","8904","000104420000007","1","5/22/2025","I","1","M","6/1/2025","13143774.00","","","0.00","","Y","","5/22/2025","55555","","","","","","","","4","13143774.00",""
"280","8905","000104420000007","1","5/27/2025","I","1","M","6/1/2025","13146406.00","","","0.00","","Y","","5/27/2025","55555","","","","","","","","4","13146406.00",""
"281","8906","000104420000007","1","5/28/2025","I","1","M","6/1/2025","13146406.00","6/30/2025","","0.00","","N","","5/28/2025","55555","","","","","","","","4","13146406.00",""
"282","8907","000104420000007","1","6/5/2025","I","1","M","7/1/2025","13023668.00","","","0.00","","Y","","6/5/2025","55555","","","","","","","","3","13023668.00",""
"283","8908","000104420000007","1","6/16/2025","I","1","M","7/1/2025","13021572.00","7/31/2025","","0.00","","N","","6/16/2025","55555","","","","","","","","3","13021572.00",""
"284","8909","000104420000007","1","7/8/2025","I","1","M","8/1/2025","12845260.00","","","0.00","","Y","","7/8/2025","55555","","","","","","","","2","12845260.00",""
"285","8910","000104420000007","1","7/15/2025","I","1","M","8/1/2025","12845260.00","","","0.00","","Y","","7/15/2025","55555","","","","","","","","2","12845260.00",""
"286","8911","000104420000007","1","7/16/2025","I","1","M","8/1/2025","12845260.00","","","0.00","","Y","","7/16/2025","55555","","","","","","","","2","12845260.00",""
"287","8912","000104420000007","1","7/23/2025","I","1","M","8/1/2025","12845260.00","9/30/2025","","0.00","","N","","7/23/2025","55555","","","","","","","","2","12845260.00",""
"288","8913","000104420000007","1","9/3/2025","I","1","M","10/1/2025","0.00","","","0.00","","Y","","9/3/2025","55555","","","","","","","","0","0.00",""
"289","8914","000104420000007","1","10/1/2025","I","1","M","10/1/2025","0.00","9/30/2025","","0.00","","N","","10/1/2025","55555","","","","","","","","0","0.00",""
"290","8915","000104420000007","1","11/1/2025","I","1","M","10/1/2025","0.00","","","0.00","","N","","11/1/2025","55555","","","","","","","","0","0.00",""
"291","5","000104420000009","1","3/28/2024","O","1","M","6/1/2022","3424227.62","","","0.00","","Y","","3/28/2024","9999","","","","9999","","","32","48","0.00",""
"292","406","000104420000009","1","3/28/2024","O","1","M","9/1/2021","0.00","5/31/2022","","","","Y","","","9999","","","","9999","","","32","48","",""
"293","407","000104420000009","1","3/28/2024","O","1","M","6/1/2022","3424227.62","8/31/2022","","","","Y","","","9999","","","","9999","","","32","48","",""
"294","408","000104420000009","1","3/28/2024","O","1","M","9/1/2022","3442798.12","10/31/2022","","","","Y","","","9999","","","","9999","","","32","48","",""
"295","409","000104420000009","1","3/28/2024","O","1","M","11/1/2022","3563504.34","11/30/2022","","","","Y","","","9999","","","","9999","","","32","48","",""
"296","410","000104420000009","1","3/28/2024","O","1","M","12/1/2022","3594381.79","4/30/2023","","","","Y","","","9999","","","","9999","","","32","48","",""
"297","411","000104420000009","1","3/28/2024","O","1","M","5/1/2023","3699029.30","6/30/2023","","","","Y","","","9999","","","","9999","","","32","48","",""
"298","412","000104420000009","1","3/28/2024","O","1","M","7/1/2023","3750577.19","7/31/2023","","","","Y","","","9999","","","","9999","","","32","48","",""
"299","413","000104420000009","1","3/28/2024","O","1","M","8/1/2023","3797207.97","8/31/2023","","","","Y","","","9999","","","","9999","","","32","48","",""
"300","414","000104420000009","1","3/28/2024","O","1","M","9/1/2023","3821587.68","9/30/2023","","","","Y","","","9999","","","","9999","","","32","48","",""
"301","415","000104420000009","1","3/28/2024","O","1","M","10/1/2023","3824953.79","11/30/2023","","","","Y","","","9999","","","","9999","","","32","48","",""
"302","416","000104420000009","1","3/28/2024","O","1","M","12/1/2023","3828070.38","1/31/2024","","","","Y","","","9999","","","","9999","","","32","48","",""
"303","417","000104420000009","1","3/28/2024","O","1","M","2/1/2024","3865360.44","4/30/2024","","","","Y","","","9999","","","","9999","","","32","48","",""
"304","603","000104420000009","1","5/31/2024","I","1","M","5/1/2024","3867842.00","","","0.00","","Y","N53","5/31/2024","18","0-1-20/06/2024-10:51:10-192.167.001.145","","","","","","","48","3867842.00",""
"305","1128","000104420000009","1","9/1/2021","O","1","M","5/13/2021","2233449.00","","","","","Y","","","9999","","","","9999","","","32","48","",""
"306","1129","000104420000009","1","3/28/2024","O","1","M","6/1/2022","3424227.62","8/31/2022","","","","Y","","","9999","","","","9999","","","32","48","",""
"307","1130","000104420000009","1","3/28/2024","O","1","M","9/1/2022","3442798.12","10/31/2022","","","","Y","","","9999","","","","9999","","","32","48","",""
"308","1131","000104420000009","1","3/28/2024","O","1","M","11/1/2022","3563504.34","11/30/2022","","","","Y","","","9999","","","","9999","","","32","48","",""
"309","1132","000104420000009","1","3/28/2024","O","1","M","12/1/2022","3594381.79","4/30/2023","","","","Y","","","9999","","","","9999","","","32","48","",""
"310","1133","000104420000009","1","3/28/2024","O","1","M","5/1/2023","3699029.30","6/30/2023","","","","Y","","","9999","","","","9999","","","32","48","",""
"311","1134","000104420000009","1","3/28/2024","O","1","M","7/1/2023","3750577.19","7/31/2023","","","","Y","","","9999","","","","9999","","","32","48","",""
"312","1135","000104420000009","1","3/28/2024","O","1","M","8/1/2023","3797207.97","8/31/2023","","","","Y","","","9999","","","","9999","","","32","48","",""
"313","1136","000104420000009","1","3/28/2024","O","1","M","9/1/2023","3821587.68","9/30/2023","","","","Y","","","9999","","","","9999","","","32","48","",""
"314","1137","000104420000009","1","3/28/2024","O","1","M","10/1/2023","3824953.79","11/30/2023","","","","Y","","","9999","","","","9999","","","32","48","",""
"315","1138","000104420000009","1","3/28/2024","O","1","M","12/1/2023","3828070.38","1/31/2024","","","","Y","","","9999","","","","9999","","","32","48","",""
"316","1139","000104420000009","1","3/28/2024","O","1","M","2/1/2024","3865360.44","4/30/2024","","","","Y","","","9999","","","","9999","","","32","48","",""
"317","1140","000104420000009","1","3/28/2024","O","1","M","5/1/2024","3867841.71","5/31/2024","","","","Y","","","9999","","","","9999","","","32","48","",""
"318","1141","000104420000009","1","3/28/2024","O","1","M","6/1/2024","3870189.26","6/30/2024","","","","Y","","","9999","","","","9999","","","32","48","",""
"319","1142","000104420000009","1","3/28/2024","O","1","M","7/1/2024","3876828.18","4/30/2025","","","","Y","","","9999","","","","9999","","","32","48","",""
"320","2122","000104420000009","1","5/7/2025","I","1","M","5/1/2025","2949031.00","8/31/2025","","0.00","","Y","N2","5/7/2025","16","0-1-07/05/2025-17:29:21-192.168.002.001","","","","","","","4","2949031.00",""
"321","8339","000104420000009","1","3/11/2021","I","1","M","5/13/2021","1999534.00","","","0.00","","Y","","3/11/2021","55555","","","","","","","","48","1999534.00",""
"322","8340","000104420000009","1","4/7/2021","I","1","M","5/13/2021","2048634.00","","","0.00","","Y","","4/7/2021","55555","","","","","","","","48","1999534.00",""
"323","8341","000104420000009","1","11/25/2021","I","1","M","12/13/2021","2234176.00","6/12/2022","","0.00","","Y","","11/25/2021","55555","","","","","","","","35","2234176.00",""
"324","8342","000104420000009","1","5/18/2022","I","1","M","6/13/2022","2223460.00","7/12/2022","","0.00","","Y","","5/18/2022","55555","","","","","","","","29","2223460.00",""
"325","8343","000104420000009","1","7/4/2022","I","1","M","7/13/2022","2263332.00","9/12/2022","","0.00","","Y","","7/4/2022","55555","","","","","","","","28","2263332.00",""
"326","8344","000104420000009","1","8/16/2022","I","1","M","9/13/2022","2233200.00","10/12/2022","","0.00","","Y","","8/16/2022","55555","","","","","","","","26","2233200.00",""
"327","8345","000104420000009","1","9/14/2022","I","1","M","10/13/2022","2231086.00","11/12/2022","","0.00","","Y","","9/14/2022","55555","","","","","","","","25","2231086.00",""
"328","8346","000104420000009","1","10/19/2022","I","1","M","11/13/2022","2228906.00","2/12/2023","","0.00","","Y","","10/19/2022","55555","","","","","","","","24","2228906.00",""
"329","8347","000104420000009","1","2/13/2023","I","1","M","2/13/2023","2285766.00","4/12/2024","","0.00","","Y","","2/13/2023","55555","","","","","","","","21","2285766.00",""
"330","8348","000104420000009","1","3/25/2024","I","1","M","4/13/2024","2110980.00","8/12/2024","","0.00","","Y","","3/25/2024","55555","","","","","","","","7","2110980.00",""
"331","8349","000104420000009","1","7/16/2024","I","1","M","8/13/2024","2024762.00","9/12/2024","","0.00","","Y","","7/16/2024","55555","","","","","","","","3","2024762.00",""
"332","8350","000104420000009","1","8/14/2024","I","1","M","9/13/2024","1995220.00","10/12/2024","","0.00","","Y","","8/14/2024","55555","","","","","","","","2","1995220.00",""
"333","8351","000104420000009","1","9/16/2024","I","1","M","10/13/2024","1938416.00","11/12/2024","","0.00","","Y","","9/16/2024","55555","","","","","","","","1","1938416.00",""
"334","8352","000104420000009","1","12/9/2024","I","1","M","11/13/2024","0.00","11/12/2024","","0.00","","Y","","12/9/2024","55555","","","","","","","","0","0.00",""
"335","8353","000104420000009","1","12/10/2024","I","1","M","11/13/2024","0.00","11/12/2024","","0.00","","Y","","12/10/2024","55555","","","","","","","","0","0.00",""
"336","8354","000104420000009","1","4/14/2025","I","1","M","11/13/2024","0.00","11/12/2024","","0.00","","Y","","4/14/2025","55555","","","","","","","","0","0.00",""
"337","8355","000104420000009","1","4/16/2025","I","1","M","11/13/2024","0.00","11/12/2024","","0.00","","Y","","4/16/2025","55555","","","","","","","","0","0.00",""
"338","8356","000104420000009","1","4/17/2025","I","1","M","11/13/2024","0.00","11/12/2024","","0.00","","Y","","4/17/2025","55555","","","","","","","","0","0.00",""
"339","8357","000104420000009","1","4/22/2025","I","1","M","11/13/2024","0.00","11/12/2024","","0.00","","Y","","4/22/2025","55555","","","","","","","","0","0.00",""
"340","8358","000104420000009","1","4/23/2025","I","1","M","11/13/2024","0.00","11/12/2024","","0.00","","Y","","4/23/2025","55555","","","","","","","","0","0.00",""
"341","8359","000104420000009","1","4/30/2025","I","1","M","11/13/2024","0.00","11/12/2024","","0.00","","Y","","4/30/2025","55555","","","","","","","","0","0.00",""
"342","8360","000104420000009","1","5/19/2025","I","1","M","11/13/2024","0.00","11/12/2024","","0.00","","Y","","5/19/2025","55555","","","","","","","","0","0.00",""
"343","8361","000104420000009","1","5/22/2025","I","1","M","11/13/2024","0.00","11/12/2024","","0.00","","Y","","5/22/2025","55555","","","","","","","","0","0.00",""
"344","8362","000104420000009","1","5/27/2025","I","1","M","11/13/2024","0.00","11/12/2024","","0.00","","Y","","5/27/2025","55555","","","","","","","","0","0.00",""
"345","8363","000104420000009","1","5/28/2025","I","1","M","11/13/2024","0.00","11/12/2024","","0.00","","Y","","5/28/2025","55555","","","","","","","","0","0.00",""
"346","8364","000104420000009","1","6/5/2025","I","1","M","11/13/2024","0.00","11/12/2024","","0.00","","Y","","6/5/2025","55555","","","","","","","","0","0.00",""
"347","8365","000104420000009","1","6/16/2025","I","1","M","11/13/2024","0.00","11/12/2024","","0.00","","Y","","6/16/2025","55555","","","","","","","","0","0.00",""
"348","8366","000104420000009","1","7/8/2025","I","1","M","11/13/2024","0.00","11/12/2024","","0.00","","Y","","7/8/2025","55555","","","","","","","","0","0.00",""
"349","8367","000104420000009","1","7/15/2025","I","1","M","11/13/2024","0.00","11/12/2024","","0.00","","Y","","7/15/2025","55555","","","","","","","","0","0.00",""
"350","8368","000104420000009","1","7/16/2025","I","1","M","11/13/2024","0.00","11/12/2024","","0.00","","Y","","7/16/2025","55555","","","","","","","","0","0.00",""
"351","8369","000104420000009","1","7/23/2025","I","1","M","11/13/2024","0.00","11/12/2024","","0.00","","Y","","7/23/2025","55555","","","","","","","","0","0.00",""
"352","8370","000104420000009","1","9/3/2025","I","1","M","11/13/2024","0.00","11/12/2024","","0.00","","Y","","9/3/2025","55555","","","","","","","","0","0.00",""
"353","8371","000104420000009","1","10/1/2025","I","1","M","11/13/2024","0.00","11/12/2024","","0.00","","Y","","10/1/2025","55555","","","","","","","","0","0.00",""
"354","8372","000104420000009","1","11/1/2025","I","1","M","11/13/2024","0.00","","","0.00","","Y","","11/1/2025","55555","","","","","","","","0","0.00",""
"355","8916","000104420000009","1","3/11/2021","I","1","M","5/13/2021","1856880.00","","","0.00","","Y","","3/11/2021","55555","","","","","","","","54","1856880.00",""
"356","8917","000104420000009","1","4/7/2021","I","1","M","5/13/2021","1856880.00","12/12/2021","","0.00","","N","","4/7/2021","55555","","","","","","","","54","1856880.00",""
"357","8918","000104420000009","1","11/25/2021","I","1","M","12/13/2021","2033632.00","6/12/2022","","0.00","","N","","11/25/2021","55555","","","","","","","","41","2033632.00",""
"358","8919","000104420000009","1","5/18/2022","I","1","M","6/13/2022","2025162.00","7/12/2022","","0.00","","N","","5/18/2022","55555","","","","","","","","35","2025162.00",""
"359","8920","000104420000009","1","7/4/2022","I","1","M","7/13/2022","2068746.00","9/12/2022","","0.00","","N","","7/4/2022","55555","","","","","","","","34","2068746.00",""
"360","8921","000104420000009","1","8/16/2022","I","1","M","9/13/2022","2041814.00","10/12/2022","","0.00","","N","","8/16/2022","55555","","","","","","","","32","2041814.00",""
"361","8922","000104420000009","1","9/14/2022","I","1","M","10/13/2022","2040174.00","11/12/2022","","0.00","","N","","9/14/2022","55555","","","","","","","","31","2040174.00",""
"362","8923","000104420000009","1","10/19/2022","I","1","M","11/13/2022","2038496.00","2/12/2023","","0.00","","N","","10/19/2022","55555","","","","","","","","30","2038496.00",""
"363","8924","000104420000009","1","2/13/2023","I","1","M","2/13/2023","2106482.00","4/12/2024","","0.00","","N","","2/13/2023","55555","","","","","","","","27","2106482.00",""
"364","8925","000104420000009","1","3/25/2024","I","1","M","4/13/2024","2058146.00","8/12/2024","","0.00","","N","","3/25/2024","55555","","","","","","","","13","2058146.00",""
"365","8926","000104420000009","1","7/16/2024","I","1","M","8/13/2024","2028458.00","9/12/2024","","0.00","","N","","7/16/2024","55555","","","","","","","","9","2028458.00",""
"366","8927","000104420000009","1","8/14/2024","I","1","M","9/13/2024","2020434.00","10/12/2024","","0.00","","N","","8/14/2024","55555","","","","","","","","8","2020434.00",""
"367","8928","000104420000009","1","9/16/2024","I","1","M","10/13/2024","2013960.00","12/12/2024","","0.00","","N","","9/16/2024","55555","","","","","","","","7","2013960.00",""
"368","8929","000104420000009","1","12/9/2024","I","1","M","12/13/2024","1988808.00","","","0.00","","Y","","12/9/2024","55555","","","","","","","","5","1988808.00",""
"369","8930","000104420000009","1","12/10/2024","I","1","M","12/13/2024","1988334.00","5/12/2025","","0.00","","N","","12/10/2024","55555","","","","","","","","5","1988334.00",""
"370","8931","000104420000009","1","4/14/2025","I","1","M","5/13/2025","0.00","","","0.00","","Y","","4/14/2025","55555","","","","","","","","0","0.00",""
"371","8932","000104420000009","1","4/16/2025","I","1","M","5/13/2025","0.00","","","0.00","","Y","","4/16/2025","55555","","","","","","","","0","0.00",""
"372","8933","000104420000009","1","4/17/2025","I","1","M","5/13/2025","0.00","","","0.00","","Y","","4/17/2025","55555","","","","","","","","0","0.00",""
"373","8934","000104420000009","1","4/22/2025","I","1","M","5/13/2025","0.00","","","0.00","","Y","","4/22/2025","55555","","","","","","","","0","0.00",""
"374","8935","000104420000009","1","4/23/2025","I","1","M","5/13/2025","0.00","","","0.00","","Y","","4/23/2025","55555","","","","","","","","0","0.00",""
"375","8936","000104420000009","1","4/30/2025","I","1","M","5/13/2025","0.00","5/12/2025","","0.00","","N","","4/30/2025","55555","","","","","","","","0","0.00",""
"376","8937","000104420000009","1","5/19/2025","I","1","M","5/13/2025","0.00","5/12/2025","","0.00","","N","","5/19/2025","55555","","","","","","","","0","0.00",""
"377","8938","000104420000009","1","5/22/2025","I","1","M","5/13/2025","0.00","5/12/2025","","0.00","","N","","5/22/2025","55555","","","","","","","","0","0.00",""
"378","8939","000104420000009","1","5/27/2025","I","1","M","5/13/2025","0.00","5/12/2025","","0.00","","N","","5/27/2025","55555","","","","","","","","0","0.00",""
"379","8940","000104420000009","1","5/28/2025","I","1","M","5/13/2025","0.00","5/12/2025","","0.00","","N","","5/28/2025","55555","","","","","","","","0","0.00",""
"380","8941","000104420000009","1","6/5/2025","I","1","M","5/13/2025","0.00","5/12/2025","","0.00","","N","","6/5/2025","55555","","","","","","","","0","0.00",""
"381","8942","000104420000009","1","6/16/2025","I","1","M","5/13/2025","0.00","5/12/2025","","0.00","","N","","6/16/2025","55555","","","","","","","","0","0.00",""
"382","8943","000104420000009","1","7/8/2025","I","1","M","5/13/2025","0.00","5/12/2025","","0.00","","N","","7/8/2025","55555","","","","","","","","0","0.00",""
"383","8944","000104420000009","1","7/15/2025","I","1","M","5/13/2025","0.00","5/12/2025","","0.00","","N","","7/15/2025","55555","","","","","","","","0","0.00",""
"384","8945","000104420000009","1","7/16/2025","I","1","M","5/13/2025","0.00","5/12/2025","","0.00","","N","","7/16/2025","55555","","","","","","","","0","0.00",""
"385","8946","000104420000009","1","7/23/2025","I","1","M","5/13/2025","0.00","5/12/2025","","0.00","","N","","7/23/2025","55555","","","","","","","","0","0.00",""
"386","8947","000104420000009","1","9/3/2025","I","1","M","5/13/2025","0.00","5/12/2025","","0.00","","N","","9/3/2025","55555","","","","","","","","0","0.00",""
"387","8948","000104420000009","1","10/1/2025","I","1","M","5/13/2025","0.00","5/12/2025","","0.00","","N","","10/1/2025","55555","","","","","","","","0","0.00",""
"388","8949","000104420000009","1","11/1/2025","I","1","M","5/13/2025","0.00","","","0.00","","N","","11/1/2025","55555","","","","","","","","0","0.00",""
"389","6","000104420000010","1","3/28/2024","O","1","M","5/1/2021","2031474.19","","","0.00","","Y","","3/28/2024","9999","","","","9999","","","21","60","0.00",""
"390","393","000104420000010","1","3/28/2024","O","1","M","4/21/2021","0.00","4/30/2021","","","","Y","","","9999","","","","9999","","","21","60","",""
"391","394","000104420000010","1","3/28/2024","O","1","M","5/1/2021","2031474.19","4/30/2022","","","","Y","","","9999","","","","9999","","","21","60","",""
"392","395","000104420000010","1","3/28/2024","O","1","M","5/1/2022","2086080.38","8/31/2022","","","","Y","","","9999","","","","9999","","","21","60","",""
"393","396","000104420000010","1","3/28/2024","O","1","M","9/1/2022","2099736.67","10/31/2022","","","","Y","","","9999","","","","9999","","","21","60","",""
"394","397","000104420000010","1","3/28/2024","O","1","M","11/1/2022","2189547.95","11/30/2022","","","","Y","","","9999","","","","9999","","","21","60","",""
"395","398","000104420000010","1","3/28/2024","O","1","M","12/1/2022","2212697.14","4/30/2023","","","","Y","","","9999","","","","9999","","","21","60","",""
"396","399","000104420000010","1","3/28/2024","O","1","M","5/1/2023","2293787.71","6/30/2023","","","","Y","","","9999","","","","9999","","","21","60","",""
"397","400","000104420000010","1","3/28/2024","O","1","M","7/1/2023","2334462.69","7/31/2023","","","","Y","","","9999","","","","9999","","","21","60","",""
"398","401","000104420000010","1","3/28/2024","O","1","M","8/1/2023","2371639.10","8/31/2023","","","","Y","","","9999","","","","9999","","","21","60","",""
"399","402","000104420000010","1","3/28/2024","O","1","M","9/1/2023","2391279.59","9/30/2023","","","","Y","","","9999","","","","9999","","","21","60","",""
"400","403","000104420000010","1","3/28/2024","O","1","M","10/1/2023","2394019.41","11/30/2023","","","","Y","","","9999","","","","9999","","","21","60","",""
"401","404","000104420000010","1","3/28/2024","O","1","M","12/1/2023","2396612.58","1/31/2024","","","","Y","","","9999","","","","9999","","","21","60","",""
"402","405","000104420000010","1","3/28/2024","O","1","M","2/1/2024","2428481.10","","","","","Y","","","9999","","","","9999","","","21","60","",""
"403","1143","000104420000010","1","3/28/2024","O","1","M","4/21/2021","0.00","4/30/2021","","","","Y","","","9999","","","","9999","","","21","60","",""
"404","1144","000104420000010","1","3/28/2024","O","1","M","5/1/2021","2031474.19","4/30/2022","","","","Y","","","9999","","","","9999","","","21","60","",""
"405","1145","000104420000010","1","3/28/2024","O","1","M","5/1/2022","2086080.38","8/31/2022","","","","Y","","","9999","","","","9999","","","21","60","",""
"406","1146","000104420000010","1","3/28/2024","O","1","M","9/1/2022","2099736.67","10/31/2022","","","","Y","","","9999","","","","9999","","","21","60","",""
"407","1147","000104420000010","1","3/28/2024","O","1","M","11/1/2022","2189547.95","11/30/2022","","","","Y","","","9999","","","","9999","","","21","60","",""
"408","1148","000104420000010","1","3/28/2024","O","1","M","12/1/2022","2212697.14","3/31/2023","","","","Y","","","9999","","","","9999","","","21","60","",""
"409","1149","000104420000010","1","3/28/2024","O","1","M","4/1/2023","2453743.92","5/31/2024","","","","Y","","","9999","","","","9999","","","21","60","",""
"410","1150","000104420000010","1","3/28/2024","O","1","M","6/1/2024","2455913.97","6/30/2024","","","","Y","","","9999","","","","9999","","","21","60","",""
"411","1151","000104420000010","1","3/28/2024","O","1","M","7/1/2024","2462187.61","","","","","Y","","","9999","","","","9999","","","21","60","",""
"412","1414","000104420000010","1","3/28/2024","O","1","Y","4/7/2022","26492884.00","","","","","Y","","","9999","","55555","","9999","","","21","5","",""
"413","1415","000104420000010","1","3/28/2024","O","1","Y","4/1/2023","26037875.29","3/31/2024","","","","Y","","","9999","","","","9999","","","21","5","",""
"414","1416","000104420000010","1","3/28/2024","O","1","Y","4/1/2024","29444927.04","3/31/2025","","","","Y","","","9999","","","","9999","","","21","5","",""
"415","1417","000104420000010","1","3/28/2024","O","1","Y","4/1/2025","29531533.99","3/31/2026","","","","Y","","","9999","","","","9999","","","21","5","",""
"416","1418","000104420000010","1","3/28/2024","O","1","Y","4/1/2026","176829046.00","","","","","Y","N1","9/12/2025","9999","","","","9999","","","21","5","",""
"417","8378","000104420000010","1","11/25/2021","I","1","H","10/21/2021","12655172.00","4/20/2022","","0.00","","N","","11/25/2021","55555","","","","","","","","5","26631344.00",""
"418","8379","000104420000010","1","5/18/2022","I","1","Y","4/7/2023","26986108.00","","","0.00","","Y","","5/18/2022","55555","","55555","","","","","","4","26986108.00",""
"419","8380","000104420000010","1","7/4/2022","I","1","Y","4/7/2023","28029124.00","","","0.00","","Y","","7/4/2022","55555","","55555","","","","","","4","28029124.00",""
"420","8381","000104420000010","1","8/16/2022","I","1","Y","4/7/2023","28029124.00","","","0.00","","Y","","8/16/2022","55555","","55555","","","","","","4","28029124.00",""
"421","8382","000104420000010","1","9/14/2022","I","1","Y","4/7/2023","28029124.00","","","0.00","","Y","","9/14/2022","55555","","55555","","","","","","4","28029124.00",""
"422","8383","000104420000010","1","10/19/2022","I","1","Y","4/7/2023","28029124.00","","","0.00","","Y","","10/19/2022","55555","","55555","","","","","","4","28029124.00",""
"423","8384","000104420000010","1","2/13/2023","I","1","Y","4/7/2023","30202326.00","4/6/2024","","0.00","","Y","","2/13/2023","55555","","","","","","","","4","30202326.00",""
"424","8385","000104420000010","1","3/25/2024","I","1","Y","4/7/2024","32581030.00","4/6/2025","","0.00","","Y","","3/25/2024","55555","","","","","","","","3","32581030.00",""
"425","8386","000104420000010","1","7/16/2024","I","1","Y","4/7/2025","28143058.00","","","0.00","","Y","","7/16/2024","55555","","55555","","","","","","2","28143058.00",""
"426","8387","000104420000010","1","8/14/2024","I","1","Y","4/7/2025","28143058.00","","","0.00","","Y","","8/14/2024","55555","","55555","","","","","","2","28143058.00",""
"427","8388","000104420000010","1","9/16/2024","I","1","Y","4/7/2025","28299688.00","","","0.00","","Y","","9/16/2024","55555","","55555","","","","","","2","28299688.00",""
"428","8389","000104420000010","1","12/9/2024","I","1","Y","4/7/2025","28299688.00","","","0.00","","Y","","12/9/2024","55555","","55555","","","","","","2","28299688.00",""
"429","8390","000104420000010","1","12/10/2024","I","1","Y","4/7/2025","28260464.00","4/6/2026","","0.00","","Y","","12/10/2024","55555","","","","","","","","2","28260464.00",""
"430","8391","000104420000010","1","4/14/2025","I","1","Y","4/7/2026","27122256.00","","","0.00","","Y","","4/14/2025","55555","","55555","","","","","","1","27122256.00",""
"431","8392","000104420000010","1","4/16/2025","I","1","Y","4/7/2026","27122256.00","","","0.00","","Y","","4/16/2025","55555","","55555","","","","","","1","27122256.00",""
"432","8393","000104420000010","1","4/17/2025","I","1","Y","4/7/2026","27122256.00","","","0.00","","Y","","4/17/2025","55555","","55555","","","","","","1","27122256.00",""
"433","8394","000104420000010","1","4/22/2025","I","1","Y","4/7/2026","27122256.00","","","0.00","","Y","","4/22/2025","55555","","55555","","","","","","1","27122256.00",""
"434","8395","000104420000010","1","4/23/2025","I","1","Y","4/7/2026","27122256.00","","","0.00","","Y","","4/23/2025","55555","","55555","","","","","","1","27122256.00",""
"435","8396","000104420000010","1","4/30/2025","I","1","Y","4/7/2026","27122256.00","","","0.00","","Y","","4/30/2025","55555","","55555","","","","","","1","27122256.00",""
"436","8397","000104420000010","1","5/19/2025","I","1","Y","4/7/2026","27122256.00","","","0.00","","Y","","5/19/2025","55555","","55555","","","","","","1","27122256.00",""
"437","8398","000104420000010","1","5/22/2025","I","1","Y","4/7/2026","27122256.00","","","0.00","","Y","","5/22/2025","55555","","55555","","","","","","1","27122256.00",""
"438","8399","000104420000010","1","5/27/2025","I","1","Y","4/7/2026","27148704.00","","","0.00","","Y","","5/27/2025","55555","","55555","","","","","","1","27148704.00",""
"439","8400","000104420000010","1","5/28/2025","I","1","Y","4/7/2026","27148704.00","","","0.00","","Y","","5/28/2025","55555","","55555","","","","","","1","27148704.00",""
"440","8401","000104420000010","1","6/5/2025","I","1","Y","4/7/2026","27148704.00","","","0.00","","Y","","6/5/2025","55555","","55555","","","","","","1","27148704.00",""
"441","8402","000104420000010","1","6/16/2025","I","1","Y","4/7/2026","27122256.00","","","0.00","","Y","","6/16/2025","55555","","55555","","","","","","1","27122256.00",""
"442","8403","000104420000010","1","7/8/2025","I","1","Y","4/7/2026","27175178.00","","","0.00","","Y","","7/8/2025","55555","","55555","","","","","","1","27175178.00",""
"443","8404","000104420000010","1","7/15/2025","I","1","Y","4/7/2026","27175178.00","","","0.00","","Y","","7/15/2025","55555","","55555","","","","","","1","27175178.00",""
"444","8405","000104420000010","1","7/16/2025","I","1","Y","4/7/2026","27175178.00","","","0.00","","Y","","7/16/2025","55555","","55555","","","","","","1","27175178.00",""
"445","8406","000104420000010","1","7/23/2025","I","1","Y","4/7/2026","27175178.00","","","0.00","","Y","","7/23/2025","55555","","55555","","","","","","1","27175178.00",""
"446","8407","000104420000010","1","9/3/2025","I","1","Y","4/7/2026","27175178.00","","","0.00","","Y","","9/3/2025","55555","","55555","","","","","","1","27175178.00",""
"447","8408","000104420000010","1","10/1/2025","I","1","Y","4/7/2026","27201674.00","","","0.00","","Y","","10/1/2025","55555","","55555","","","","","","1","27201674.00",""
"448","8409","000104420000010","1","11/1/2025","I","1","Y","4/7/2026","27175178.00","","","0.00","","Y","","11/1/2025","55555","","","","","","","","1","27175178.00",""
"449","9062","000104420000010","1","11/25/2021","I","1","H","4/21/2022","12900896.00","10/20/2022","","0.00","","N","","11/25/2021","55555","","","","","","","","9","12900896.00",""
"450","9063","000104420000010","1","5/18/2022","I","1","H","10/21/2022","12862442.00","","","0.00","","Y","","5/18/2022","55555","","55555","","","","","","8","12862442.00",""
"451","9064","000104420000010","1","7/4/2022","I","1","H","10/21/2022","13301176.00","","","0.00","","Y","","7/4/2022","55555","","55555","","","","","","8","13301176.00",""
"452","9065","000104420000010","1","8/16/2022","I","1","H","10/21/2022","13301176.00","","","0.00","","Y","","8/16/2022","55555","","55555","","","","","","8","13301176.00",""
"453","9066","000104420000010","1","9/14/2022","I","1","H","10/21/2022","13301176.00","","","0.00","","Y","","9/14/2022","55555","","55555","","","","","","8","13301176.00",""
"454","9067","000104420000010","1","10/19/2022","I","1","H","10/21/2022","13301176.00","4/20/2023","","0.00","","N","","10/19/2022","55555","","","","","","","","8","13301176.00",""
"455","9068","000104420000010","1","2/13/2023","I","1","H","4/21/2023","13953572.00","10/20/2023","","0.00","","N","","2/13/2023","55555","","","","","","","","7","13953572.00",""
"456","9069","000104420000010","1","3/25/2024","I","1","H","10/21/2023","15374820.00","4/20/2024","","0.00","","N","","3/25/2024","55555","","","","","","","","6","15374820.00",""
"457","9070","000104420000010","1","7/16/2024","I","1","H","4/21/2024","14567700.00","10/20/2024","","0.00","","N","","7/16/2024","55555","","","","","","","","5","14567700.00",""
"458","9071","000104420000010","1","8/14/2024","I","1","H","10/21/2024","13818172.00","","","0.00","","Y","","8/14/2024","55555","","55555","","","","","","4","13818172.00",""
"459","9072","000104420000010","1","9/16/2024","I","1","H","10/21/2024","13880502.00","4/20/2025","","0.00","","N","","9/16/2024","55555","","","","","","","","4","13880502.00",""
"460","9073","000104420000010","1","12/9/2024","I","1","H","4/21/2025","13679168.00","","","0.00","","Y","","12/9/2024","55555","","55555","","","","","","3","13679168.00",""
"461","9074","000104420000010","1","12/10/2024","I","1","H","4/21/2025","13666526.00","","","0.00","","Y","","12/10/2024","55555","","55555","","","","","","3","13666526.00",""
"462","9075","000104420000010","1","4/14/2025","I","1","H","4/21/2025","13641272.00","","","0.00","","Y","","4/14/2025","55555","","55555","","","","","","3","13641272.00",""
"463","9076","000104420000010","1","4/16/2025","I","1","H","4/21/2025","13641272.00","","","0.00","","Y","","4/16/2025","55555","","55555","","","","","","3","13641272.00",""
"464","9077","000104420000010","1","4/17/2025","I","1","H","4/21/2025","13641272.00","10/20/2025","","0.00","","N","","4/17/2025","55555","","","","","","","","3","13641272.00",""
"465","9078","000104420000010","1","4/22/2025","I","1","H","10/21/2025","13472550.00","","","0.00","","Y","","4/22/2025","55555","","55555","","","","","","2","13472550.00",""
"466","9079","000104420000010","1","4/23/2025","I","1","H","10/21/2025","13472550.00","","","0.00","","Y","","4/23/2025","55555","","55555","","","","","","2","13472550.00",""
"467","9080","000104420000010","1","4/30/2025","I","1","H","10/21/2025","13472550.00","","","0.00","","Y","","4/30/2025","55555","","55555","","","","","","2","13472550.00",""
"468","9081","000104420000010","1","5/19/2025","I","1","H","10/21/2025","13472550.00","","","0.00","","Y","","5/19/2025","55555","","55555","","","","","","2","13472550.00",""
"469","9082","000104420000010","1","5/22/2025","I","1","H","10/21/2025","13472550.00","","","0.00","","Y","","5/22/2025","55555","","55555","","","","","","2","13472550.00",""
"470","9083","000104420000010","1","5/27/2025","I","1","H","10/21/2025","13482150.00","","","0.00","","Y","","5/27/2025","55555","","55555","","","","","","2","13482150.00",""
"471","9084","000104420000010","1","5/28/2025","I","1","H","10/21/2025","13482150.00","","","0.00","","Y","","5/28/2025","55555","","55555","","","","","","2","13482150.00",""
"472","9085","000104420000010","1","6/5/2025","I","1","H","10/21/2025","13482150.00","","","0.00","","Y","","6/5/2025","55555","","55555","","","","","","2","13482150.00",""
"473","9086","000104420000010","1","6/16/2025","I","1","H","10/21/2025","13472550.00","","","0.00","","Y","","6/16/2025","55555","","55555","","","","","","2","13472550.00",""
"474","9087","000104420000010","1","7/8/2025","I","1","H","10/21/2025","13491756.00","","","0.00","","Y","","7/8/2025","55555","","55555","","","","","","2","13491756.00",""
"475","9088","000104420000010","1","7/15/2025","I","1","H","10/21/2025","13491756.00","","","0.00","","Y","","7/15/2025","55555","","55555","","","","","","2","13491756.00",""
"476","9089","000104420000010","1","7/16/2025","I","1","H","10/21/2025","13491756.00","","","0.00","","Y","","7/16/2025","55555","","55555","","","","","","2","13491756.00",""
"477","9090","000104420000010","1","7/23/2025","I","1","H","10/21/2025","13491756.00","","","0.00","","Y","","7/23/2025","55555","","55555","","","","","","2","13491756.00",""
"478","9091","000104420000010","1","9/3/2025","I","1","H","10/21/2025","13491756.00","","","0.00","","Y","","9/3/2025","55555","","55555","","","","","","2","13491756.00",""
"479","9092","000104420000010","1","10/1/2025","I","1","H","10/21/2025","13501366.00","4/20/2026","","0.00","","N","","10/1/2025","55555","","","","","","","","2","13501366.00",""
"480","9093","000104420000010","1","11/1/2025","I","1","H","4/21/2026","-12879852.00","","","0.00","","N","N5","4/20/2026","55555","","","","","","","","1","13215802.00",""
"481","7","000104420000011","1","3/28/2024","O","1","M","6/1/2023","6225306.35","","","0.00","","Y","","3/28/2024","9999","","","","9999","","","33","48","0.00",""
"482","385","000104420000011","1","3/28/2024","O","1","M","5/20/2021","0.00","5/31/2023","","","","Y","","","9999","","","","9999","","","33","48","",""
"483","386","000104420000011","1","3/28/2024","O","1","M","6/1/2023","6225306.35","6/30/2023","","","","Y","","","9999","","","","9999","","","33","48","",""
"484","387","000104420000011","1","3/28/2024","O","1","M","7/1/2023","6303890.49","7/31/2023","","","","Y","","","9999","","","","9999","","","33","48","",""
"485","388","000104420000011","1","3/28/2024","O","1","M","8/1/2023","6374573.44","8/31/2023","","","","Y","","","9999","","","","9999","","","33","48","",""
"486","389","000104420000011","1","3/28/2024","O","1","M","9/1/2023","6411307.99","9/30/2023","","","","Y","","","9999","","","","9999","","","33","48","",""
"487","390","000104420000011","1","3/28/2024","O","1","M","10/1/2023","6416348.71","11/30/2023","","","","Y","","","9999","","","","9999","","","33","48","",""
"488","391","000104420000011","1","3/28/2024","O","1","M","12/1/2023","6420952.23","1/31/2024","","","","Y","","","9999","","","","9999","","","33","48","",""
"489","392","000104420000011","1","3/28/2024","O","1","M","2/1/2024","6475111.79","4/30/2024","","","","Y","","","9999","","","","9999","","","33","48","",""
"490","604","000104420000011","1","5/31/2024","I","1","M","5/1/2024","6478599.00","","","0.00","","Y","N53","5/31/2024","18","0-1-20/06/2024-10:51:10-192.167.001.145","","","","","","","48","6478599.00",""
"491","1152","000104420000011","1","3/28/2024","O","1","H","9/11/2021","18021881.00","","","","","Y","","","9999","","55555","","9999","","","33","48","",""
"492","1153","000104420000011","1","3/28/2024","O","1","M","6/1/2023","6225306.35","6/30/2023","","","","Y","","","9999","","","","9999","","","33","48","",""
"493","1154","000104420000011","1","3/28/2024","O","1","M","7/1/2023","6303890.49","7/31/2023","","","","Y","","","9999","","","","9999","","","33","48","",""
"494","1155","000104420000011","1","3/28/2024","O","1","M","8/1/2023","6374573.44","8/31/2023","","","","Y","","","9999","","","","9999","","","33","48","",""
"495","1156","000104420000011","1","3/28/2024","O","1","M","9/1/2023","6411307.99","9/30/2023","","","","Y","","","9999","","","","9999","","","33","48","",""
"496","1157","000104420000011","1","3/28/2024","O","1","M","10/1/2023","6416348.71","11/30/2023","","","","Y","","","9999","","","","9999","","","33","48","",""
"497","1158","000104420000011","1","3/28/2024","O","1","M","12/1/2023","6420952.23","1/31/2024","","","","Y","","","9999","","","","9999","","","33","48","",""
"498","1159","000104420000011","1","3/28/2024","O","1","M","2/1/2024","6475111.79","4/30/2024","","","","Y","","","9999","","","","9999","","","33","48","",""
"499","1160","000104420000011","1","3/28/2024","O","1","M","5/1/2024","6478598.95","5/31/2024","","","","Y","","","9999","","","","9999","","","33","48","",""
"500","1161","000104420000011","1","3/28/2024","O","1","M","6/1/2024","6481852.83","6/30/2024","","","","Y","","","9999","","","","9999","","","33","48","",""
"501","1162","000104420000011","1","3/28/2024","O","1","M","7/1/2024","6490909.56","4/30/2025","","","","Y","","","9999","","","","9999","","","33","48","",""
"502","2123","000104420000011","1","5/7/2025","I","1","M","5/1/2025","0.00","","","0.00","","Y","N2","5/7/2025","16","0-1-07/05/2025-17:29:21-192.168.002.001","","","","","","","0","0.00",""
"503","9048","000104420000011","1","4/7/2021","I","1","H","9/11/2021","18021882.00","3/10/2022","","0.00","","N","","4/7/2021","55555","","","","","","","","8","18021882.00",""
"504","9049","000104420000011","1","11/25/2021","I","1","H","3/11/2022","18372646.00","9/10/2022","","0.00","","N","","11/25/2021","55555","","","","","","","","7","18372646.00",""
"505","9050","000104420000011","1","5/18/2022","I","1","H","9/11/2022","18297756.00","","","0.00","","Y","","5/18/2022","55555","","55555","","","","","","6","18297756.00",""
"506","9051","000104420000011","1","7/4/2022","I","1","H","9/11/2022","18795734.00","","","0.00","","Y","","7/4/2022","55555","","55555","","","","","","6","18795734.00",""
"507","9052","000104420000011","1","8/16/2022","I","1","H","9/11/2022","18795734.00","3/10/2023","","0.00","","N","","8/16/2022","55555","","","","","","","","6","18795734.00",""
"508","9053","000104420000011","1","9/14/2022","I","1","H","3/11/2023","18574674.00","","","0.00","","Y","","9/14/2022","55555","","55555","","","","","","5","18574674.00",""
"509","9054","000104420000011","1","10/19/2022","I","1","H","3/11/2023","18574674.00","","","0.00","","Y","","10/19/2022","55555","","55555","","","","","","5","18574674.00",""
"510","9055","000104420000011","1","2/13/2023","I","1","H","3/11/2023","19455716.00","9/10/2023","","0.00","","N","","2/13/2023","55555","","","","","","","","5","19455716.00",""
"511","9056","000104420000011","1","3/25/2024","I","1","H","9/11/2023","20677130.00","3/10/2024","","0.00","","N","","3/25/2024","55555","","","","","","","","4","20677130.00",""
"512","9057","000104420000011","1","7/16/2024","I","1","H","3/11/2024","19410356.00","9/10/2024","","0.00","","N","","7/16/2024","55555","","","","","","","","3","19410356.00",""
"513","9058","000104420000011","1","8/14/2024","I","1","H","9/11/2024","17992812.00","3/10/2025","","0.00","","N","","8/14/2024","55555","","","","","","","","2","17992812.00",""
"514","9059","000104420000011","1","9/16/2024","I","1","H","3/11/2025","17452210.00","","","0.00","","Y","","9/16/2024","55555","","55555","","","","","","1","17452210.00",""
"515","9060","000104420000011","1","12/9/2024","I","1","H","3/11/2025","17452210.00","","","0.00","","Y","","12/9/2024","55555","","55555","","","","","","1","17452210.00",""
"516","9061","000104420000011","1","12/10/2024","I","1","H","3/11/2025","17443716.00","","","0.00","","N","","12/10/2024","55555","","","","","","","","1","17443716.00",""
"517","8","000104420000012","1","3/28/2024","O","1","M","7/23/2021","419178.08","","","0.00","","Y","","3/28/2024","9999","","","","9999","","","73","60","0.00",""
"518","372","000104420000012","1","3/28/2024","O","1","M","7/23/2021","419178.08","7/31/2021","","","","Y","","","9999","","","","9999","","","73","60","",""
"519","373","000104420000012","1","3/28/2024","O","1","M","8/1/2021","2254290.39","4/30/2022","","","","Y","","","9999","","","","9999","","","73","60","",""
"520","374","000104420000012","1","3/28/2024","O","1","M","5/1/2022","2313805.09","8/31/2022","","","","Y","","","9999","","","","9999","","","73","60","",""
"521","375","000104420000012","1","3/28/2024","O","1","M","9/1/2022","2328658.96","10/31/2022","","","","Y","","","9999","","","","9999","","","73","60","",""
"522","376","000104420000012","1","3/28/2024","O","1","M","11/1/2022","2426218.88","11/30/2022","","","","Y","","","9999","","","","9999","","","73","60","",""
"523","377","000104420000012","1","3/28/2024","O","1","M","12/1/2022","2451344.64","4/30/2023","","","","Y","","","9999","","","","9999","","","73","60","",""
"524","378","000104420000012","1","3/28/2024","O","1","M","5/1/2023","2539043.22","6/30/2023","","","","Y","","","9999","","","","9999","","","73","60","",""
"525","379","000104420000012","1","3/28/2024","O","1","M","7/1/2023","2582948.82","7/31/2023","","","","Y","","","9999","","","","9999","","","73","60","",""
"526","380","000104420000012","1","3/28/2024","O","1","M","8/1/2023","2623034.93","8/31/2023","","","","Y","","","9999","","","","9999","","","73","60","",""
"527","381","000104420000012","1","3/28/2024","O","1","M","9/1/2023","2644189.89","9/30/2023","","","","Y","","","9999","","","","9999","","","73","60","",""
"528","382","000104420000012","1","3/28/2024","O","1","M","10/1/2023","2647137.89","11/30/2023","","","","Y","","","9999","","","","9999","","","73","60","",""
"529","383","000104420000012","1","3/28/2024","O","1","M","12/1/2023","2649921.98","1/31/2024","","","","Y","","","9999","","","","9999","","","73","60","",""
"530","384","000104420000012","1","3/28/2024","O","1","M","2/1/2024","2684047.90","","","","","Y","","","9999","","","","9999","","","73","60","",""
"531","1392","000104420000012","1","3/28/2024","O","0","M","7/23/2021","419178.08","","","0.00","","Y","","3/28/2024","9999","","","","9999","","","73","60","0.00",""
"532","1393","000104420000012","1","3/28/2024","O","1","M","7/23/2021","419178.08","7/31/2021","","","","Y","","","9999","","","","9999","","","73","60","",""
"533","1394","000104420000012","1","3/28/2024","O","1","M","8/1/2021","2254290.39","4/30/2022","","","","Y","","","9999","","","","9999","","","73","60","",""
"534","1395","000104420000012","1","3/28/2024","O","1","M","5/1/2022","2313805.09","8/31/2022","","","","Y","","","9999","","","","9999","","","73","60","",""
"535","1396","000104420000012","1","3/28/2024","O","1","M","9/1/2022","2328658.96","10/31/2022","","","","Y","","","9999","","","","9999","","","73","60","",""
"536","1397","000104420000012","1","3/28/2024","O","1","M","11/1/2022","2426218.88","11/30/2022","","","","Y","","","9999","","","","9999","","","73","60","",""
"537","1398","000104420000012","1","3/28/2024","O","1","M","12/1/2022","2451344.64","4/30/2023","","","","Y","","","9999","","","","9999","","","73","60","",""
"538","1399","000104420000012","1","3/28/2024","O","1","M","5/1/2023","2539043.22","6/30/2023","","","","Y","","","9999","","","","9999","","","73","60","",""
"539","1400","000104420000012","1","3/28/2024","O","1","M","7/1/2023","2582948.82","7/31/2023","","","","Y","","","9999","","","","9999","","","73","60","",""
"540","1401","000104420000012","1","3/28/2024","O","1","M","8/1/2023","2623034.93","8/31/2023","","","","Y","","","9999","","","","9999","","","73","60","",""
"541","1402","000104420000012","1","3/28/2024","O","1","M","9/1/2023","2644189.89","9/30/2023","","","","Y","","","9999","","","","9999","","","73","60","",""
"542","1403","000104420000012","1","3/28/2024","O","1","M","10/1/2023","2647137.89","11/30/2023","","","","Y","","","9999","","","","9999","","","73","60","",""
"543","1404","000104420000012","1","3/28/2024","O","1","M","12/1/2023","2649921.98","1/31/2024","","","","Y","","","9999","","","","9999","","","73","60","",""
"544","1405","000104420000012","1","3/28/2024","O","1","M","2/1/2024","2684047.90","4/30/2024","","","","Y","","","9999","","","","9999","","","73","60","",""
"545","1406","000104420000012","1","3/28/2024","O","1","M","5/1/2024","2686422.59","5/31/2024","","","","Y","","","9999","","","","9999","","","73","60","",""
"546","1407","000104420000012","1","3/28/2024","O","1","M","6/1/2024","2688709.91","6/30/2024","","","","Y","","","9999","","","","9999","","","73","60","",""
"547","1408","000104420000012","1","3/28/2024","O","1","M","7/1/2024","2695309.74","4/30/2025","","","","Y","","","9999","","","","9999","","","73","60","",""
"548","2126","000104420000012","1","1/23/2022","O","1","H","1/23/2022","13446120.00","","","0.00","","Y","N2","5/7/2025","16","0-1-07/05/2025-17:29:21-192.168.002.001","55555","","","","","","15","1907766.00",""
"549","9094","000104420000012","1","11/25/2021","I","1","H","1/23/2022","13509438.00","7/22/2022","","0.00","","N","","11/25/2021","55555","","","","","","","","10","13509438.00",""
"550","9095","000104420000012","1","5/18/2022","I","1","H","7/23/2022","13701166.00","","","0.00","","Y","","5/18/2022","55555","","55555","","","","","","9","13701166.00",""
"551","9096","000104420000012","1","7/4/2022","I","1","H","7/23/2022","14212314.00","1/22/2023","","0.00","","N","","7/4/2022","55555","","","","","","","","9","14212314.00",""
"552","9097","000104420000012","1","8/16/2022","I","1","H","1/23/2023","14016680.00","","","0.00","","Y","","8/16/2022","55555","","55555","","","","","","8","14016680.00",""
"553","9098","000104420000012","1","9/14/2022","I","1","H","1/23/2023","14016680.00","","","0.00","","Y","","9/14/2022","55555","","55555","","","","","","8","14016680.00",""
"554","9099","000104420000012","1","10/19/2022","I","1","H","1/23/2023","14016680.00","7/22/2023","","0.00","","N","","10/19/2022","55555","","","","","","","","8","14016680.00",""
"555","9100","000104420000012","1","2/13/2023","I","1","H","7/23/2023","14827890.00","1/22/2024","","0.00","","N","","2/13/2023","55555","","","","","","","","7","14827890.00",""
"556","9101","000104420000012","1","3/25/2024","I","1","H","1/23/2024","16510014.00","7/22/2024","","0.00","","N","","3/25/2024","55555","","","","","","","","6","16510014.00",""
"557","9102","000104420000012","1","7/16/2024","I","1","H","7/23/2024","15643300.00","1/22/2025","","0.00","","N","","7/16/2024","55555","","","","","","","","5","15643300.00",""
"558","9103","000104420000012","1","8/14/2024","I","1","H","1/23/2025","15225282.00","","","0.00","","Y","","8/14/2024","55555","","55555","","","","","","4","15225282.00",""
"559","9104","000104420000012","1","9/16/2024","I","1","H","1/23/2025","15293958.00","","","0.00","","Y","","9/16/2024","55555","","55555","","","","","","4","15293958.00",""
"560","9105","000104420000012","1","12/9/2024","I","1","H","1/23/2025","15293958.00","","","0.00","","Y","","12/9/2024","55555","","55555","","","","","","4","15293958.00",""
"561","9106","000104420000012","1","12/10/2024","I","1","H","1/23/2025","15276770.00","7/22/2025","","0.00","","N","","12/10/2024","55555","","","","","","","","4","15276770.00",""
"562","9107","000104420000012","1","4/14/2025","I","1","H","7/23/2025","15064000.00","","","0.00","","Y","","4/14/2025","55555","","55555","","","","","","3","15064000.00",""
"563","9108","000104420000012","1","4/16/2025","I","1","H","7/23/2025","15064000.00","","","0.00","","Y","","4/16/2025","55555","","55555","","","","","","3","15064000.00",""
"564","9109","000104420000012","1","4/17/2025","I","1","H","7/23/2025","15064000.00","","","0.00","","Y","","4/17/2025","55555","","55555","","","","","","3","15064000.00",""
"565","9110","000104420000012","1","4/22/2025","I","1","H","7/23/2025","15064000.00","","","0.00","","Y","","4/22/2025","55555","","55555","","","","","","3","15064000.00",""
"566","9111","000104420000012","1","4/23/2025","I","1","H","7/23/2025","15064000.00","","","0.00","","Y","","4/23/2025","55555","","55555","","","","","","3","15064000.00",""
"567","9112","000104420000012","1","4/30/2025","I","1","H","7/23/2025","15064000.00","","","0.00","","Y","","4/30/2025","55555","","55555","","","","","","3","15064000.00",""
"568","9113","000104420000012","1","5/19/2025","I","1","H","7/23/2025","15064000.00","","","0.00","","Y","","5/19/2025","55555","","55555","","","","","","3","15064000.00",""
"569","9114","000104420000012","1","5/22/2025","I","1","H","7/23/2025","15064000.00","","","0.00","","Y","","5/22/2025","55555","","55555","","","","","","3","15064000.00",""
"570","9115","000104420000012","1","5/27/2025","I","1","H","7/23/2025","15077940.00","","","0.00","","Y","","5/27/2025","55555","","55555","","","","","","3","15077940.00",""
"571","9116","000104420000012","1","5/28/2025","I","1","H","7/23/2025","15077940.00","","","0.00","","Y","","5/28/2025","55555","","55555","","","","","","3","15077940.00",""
"572","9117","000104420000012","1","6/5/2025","I","1","H","7/23/2025","15077940.00","","","0.00","","Y","","6/5/2025","55555","","55555","","","","","","3","15077940.00",""
"573","9118","000104420000012","1","6/16/2025","I","1","H","7/23/2025","15064000.00","","","0.00","","Y","","6/16/2025","55555","","55555","","","","","","3","15064000.00",""
"574","9119","000104420000012","1","7/8/2025","I","1","H","7/23/2025","15091888.00","","","0.00","","Y","","7/8/2025","55555","","55555","","","","","","3","15091888.00",""
"575","9120","000104420000012","1","7/15/2025","I","1","H","7/23/2025","15091888.00","","","0.00","","Y","","7/15/2025","55555","","55555","","","","","","3","15091888.00",""
"576","9121","000104420000012","1","7/16/2025","I","1","H","7/23/2025","15091888.00","","","0.00","","Y","","7/16/2025","55555","","55555","","","","","","3","15091888.00",""
"577","9122","000104420000012","1","7/23/2025","I","1","H","7/23/2025","15091888.00","1/22/2026","","0.00","","N","","7/23/2025","55555","","","","","","","","3","15091888.00",""
"578","9123","000104420000012","1","9/3/2025","I","1","H","1/23/2026","14910176.00","","","0.00","","Y","","9/3/2025","55555","","55555","","","","","","2","14910176.00",""
"579","9124","000104420000012","1","10/1/2025","I","1","H","1/23/2026","14920796.00","","","0.00","","Y","","10/1/2025","55555","","55555","","","","","","2","14920796.00",""
"580","9125","000104420000012","1","11/1/2025","I","1","H","1/23/2026","14910176.00","2/22/2026","","0.00","","N","","11/1/2025","55555","","","","","","","","2","14910176.00",""
"581","9348","000104420000012","1","2/4/2026","I","1","H","2/23/2026","16950535.00","","","0.00","","Y","N8","2/4/2026","55555","","","","","","","","1","16950535.00",""
"582","9373","000104420000012","1","2/26/2026","I","1","H","2/23/2026","16950535.00","8/22/2026","","0.00","","N","N2","2/26/2026","9999","","","","","","","","1","16950535.00",""
"583","9406","000104420000012","1","3/5/2026","I","1","H","8/23/2026","0.00","","","0.00","","N","N1","7/3/2026","51","0-1-09/03/2026-14:35:39-192.168.002.001","","","","","","","0","0.00",""
"584","9","000104420000032","1","3/28/2024","O","1","M","4/1/2023","3884927.74","","","0.00","","Y","","3/28/2024","9999","","","","9999","","","74","60","0.00",""
"585","362","000104420000032","1","3/28/2024","O","1","M","6/28/2022","0.00","3/31/2023","","","","Y","","","9999","","","","9999","","","74","60","",""
"586","363","000104420000032","1","3/28/2024","O","1","M","4/1/2023","3884927.74","4/30/2023","","","","Y","","","9999","","","","9999","","","74","60","",""
"587","364","000104420000032","1","3/28/2024","O","1","M","5/1/2023","4068856.22","5/31/2023","","","","Y","","","9999","","","","9999","","","74","60","",""
"588","365","000104420000032","1","3/28/2024","O","1","M","6/1/2023","4025075.15","6/30/2023","","","","Y","","","9999","","","","9999","","","74","60","",""
"589","366","000104420000032","1","3/28/2024","O","1","M","7/1/2023","4164482.04","7/31/2023","","","","Y","","","9999","","","","9999","","","74","60","",""
"590","367","000104420000032","1","3/28/2024","O","1","M","8/1/2023","4251415.91","8/31/2023","","","","Y","","","9999","","","","9999","","","74","60","",""
"591","368","000104420000032","1","3/28/2024","O","1","M","9/1/2023","4297835.62","9/30/2023","","","","Y","","","9999","","","","9999","","","74","60","",""
"592","369","000104420000032","1","3/28/2024","O","1","M","10/1/2023","4304378.18","11/30/2023","","","","Y","","","9999","","","","9999","","","74","60","",""
"593","370","000104420000032","1","3/28/2024","O","1","M","12/1/2023","4310703.35","1/31/2024","","","","Y","","","9999","","","","9999","","","74","60","",""
"594","371","000104420000032","1","3/28/2024","O","1","M","2/1/2024","4390371.63","4/30/2024","","","","Y","","","9999","","","","9999","","","74","60","",""
"595","605","000104420000032","1","5/31/2024","I","1","M","5/1/2024","4396179.00","","","0.00","","Y","N53","5/31/2024","18","0-1-20/06/2024-10:51:10-192.167.001.145","","","","","","","38","4396179.00",""
"596","1163","000104420000032","1","3/28/2024","O","1","M","6/18/2022","2657078.00","7/17/2022","","","","N","","","9999","","","","9999","","","74","60","",""
"597","1164","000104420000032","1","3/28/2024","O","1","M","4/1/2023","3884927.74","4/30/2023","","","","Y","","","9999","","","","9999","","","74","60","",""
"598","1165","000104420000032","1","3/28/2024","O","1","M","5/1/2023","4068856.22","5/31/2023","","","","Y","","","9999","","","","9999","","","74","60","",""
"599","1166","000104420000032","1","3/28/2024","O","1","M","6/1/2023","4025075.15","6/30/2023","","","","Y","","","9999","","","","9999","","","74","60","",""
"600","1167","000104420000032","1","3/28/2024","O","1","M","7/1/2023","4164482.04","7/31/2023","","","","Y","","","9999","","","","9999","","","74","60","",""
"601","1168","000104420000032","1","3/28/2024","O","1","M","8/1/2023","4251415.91","8/31/2023","","","","Y","","","9999","","","","9999","","","74","60","",""
"602","1169","000104420000032","1","3/28/2024","O","1","M","9/1/2023","4297835.62","9/30/2023","","","","Y","","","9999","","","","9999","","","74","60","",""
"603","1170","000104420000032","1","3/28/2024","O","1","M","10/1/2023","4304378.18","11/30/2023","","","","Y","","","9999","","","","9999","","","74","60","",""
"604","1171","000104420000032","1","3/28/2024","O","1","M","12/1/2023","4310703.35","1/31/2024","","","","Y","","","9999","","","","9999","","","74","60","",""
"605","1172","000104420000032","1","3/28/2024","O","1","M","2/1/2024","4390371.63","4/30/2024","","","","Y","","","9999","","","","9999","","","74","60","",""
"606","1173","000104420000032","1","3/28/2024","O","1","M","5/1/2024","4396179.26","5/31/2024","","","","Y","","","9999","","","","9999","","","74","60","",""
"607","1174","000104420000032","1","3/28/2024","O","1","M","6/1/2024","4401870.89","6/30/2024","","","","Y","","","9999","","","","9999","","","74","60","",""
"608","1175","000104420000032","1","3/28/2024","O","1","M","7/1/2024","4409117.86","4/30/2025","","","","Y","","","9999","","","","9999","","","74","60","",""
"609","2124","000104420000032","1","5/7/2025","I","1","M","5/1/2025","4299420.00","8/31/2025","","0.00","","Y","N2","5/7/2025","16","0-1-07/05/2025-17:29:21-192.168.002.001","","","","","","","26","4299420.00",""
"610","9126","000104420000032","1","7/4/2022","I","1","M","7/18/2022","2750112.00","8/17/2022","","0.00","","N","","7/4/2022","55555","","","","","","","","59","2750112.00",""
"611","9127","000104420000032","1","8/16/2022","I","1","M","8/18/2022","2727372.00","9/17/2022","","0.00","","N","","8/16/2022","55555","","","","","","","","58","2727372.00",""
"612","9128","000104420000032","1","9/14/2022","I","1","M","9/18/2022","2705198.00","11/17/2022","","0.00","","N","","9/14/2022","55555","","","","","","","","57","2705198.00",""
"613","9129","000104420000032","1","10/19/2022","I","1","M","11/18/2022","2681132.00","2/17/2023","","0.00","","N","","10/19/2022","55555","","","","","","","","55","2681132.00",""
"614","9130","000104420000032","1","2/13/2023","I","1","M","2/18/2023","2846864.00","4/17/2024","","0.00","","N","","2/13/2023","55555","","","","","","","","52","2846864.00",""
"615","9131","000104420000032","1","3/25/2024","I","1","M","4/18/2024","3065738.00","7/17/2024","","0.00","","N","","3/25/2024","55555","","","","","","","","38","3065738.00",""
"616","9132","000104420000032","1","7/16/2024","I","1","M","7/18/2024","3057916.00","8/17/2024","","0.00","","N","","7/16/2024","55555","","","","","","","","35","3057916.00",""
"617","9133","000104420000032","1","8/14/2024","I","1","M","8/18/2024","3020040.00","9/17/2024","","0.00","","N","","8/14/2024","55555","","","","","","","","34","3020040.00",""
"618","9134","000104420000032","1","9/16/2024","I","1","M","9/18/2024","2996848.00","12/17/2024","","0.00","","N","","9/16/2024","55555","","","","","","","","33","2996848.00",""
"619","9135","000104420000032","1","12/9/2024","I","1","M","12/18/2024","2946632.00","","","0.00","","Y","","12/9/2024","55555","","","","","","","","30","2946632.00",""
"620","9136","000104420000032","1","12/10/2024","I","1","M","12/18/2024","2943416.00","4/17/2025","","0.00","","N","","12/10/2024","55555","","","","","","","","30","2943416.00",""
"621","9137","000104420000032","1","4/14/2025","I","1","M","4/18/2025","2881150.00","","","0.00","","Y","","4/14/2025","55555","","","","","","","","26","2881150.00",""
"622","9138","000104420000032","1","4/16/2025","I","1","M","4/18/2025","2881150.00","","","0.00","","Y","","4/16/2025","55555","","","","","","","","26","2881150.00",""
"623","9139","000104420000032","1","4/17/2025","I","1","M","4/18/2025","2881150.00","5/17/2025","","0.00","","N","","4/17/2025","55555","","","","","","","","26","2881150.00",""
"624","9140","000104420000032","1","4/22/2025","I","1","M","5/18/2025","2845388.00","","","0.00","","Y","","4/22/2025","55555","","","","","","","","25","2845388.00",""
"625","9141","000104420000032","1","4/23/2025","I","1","M","5/18/2025","2845388.00","","","0.00","","Y","","4/23/2025","55555","","","","","","","","25","2845388.00",""
"626","9142","000104420000032","1","4/30/2025","I","1","M","5/18/2025","2845388.00","6/17/2025","","0.00","","N","","4/30/2025","55555","","","","","","","","25","2845388.00",""
"627","9143","000104420000032","1","5/19/2025","I","1","M","6/18/2025","2840874.00","","","0.00","","Y","","5/19/2025","55555","","","","","","","","24","2840874.00",""
"628","9144","000104420000032","1","5/22/2025","I","1","M","6/18/2025","2840874.00","","","0.00","","Y","","5/22/2025","55555","","","","","","","","24","2840874.00",""
"629","9145","000104420000032","1","5/27/2025","I","1","M","6/18/2025","2843456.00","","","0.00","","Y","","5/27/2025","55555","","","","","","","","24","2843456.00",""
"630","9146","000104420000032","1","5/28/2025","I","1","M","6/18/2025","2843456.00","","","0.00","","Y","","5/28/2025","55555","","","","","","","","24","2843456.00",""
"631","9147","000104420000032","1","6/5/2025","I","1","M","6/18/2025","2843456.00","","","0.00","","Y","","6/5/2025","55555","","","","","","","","24","2843456.00",""
"632","9148","000104420000032","1","6/16/2025","I","1","M","6/18/2025","2840874.00","7/17/2025","","0.00","","N","","6/16/2025","55555","","","","","","","","24","2840874.00",""
"633","9149","000104420000032","1","7/8/2025","I","1","M","7/18/2025","2810284.00","","","0.00","","Y","","7/8/2025","55555","","","","","","","","23","2810284.00",""
"634","9150","000104420000032","1","7/15/2025","I","1","M","7/18/2025","2810284.00","","","0.00","","Y","","7/15/2025","55555","","","","","","","","23","2810284.00",""
"635","9151","000104420000032","1","7/16/2025","I","1","M","7/18/2025","2810284.00","8/17/2025","","0.00","","N","","7/16/2025","55555","","","","","","","","23","2810284.00",""
"636","9152","000104420000032","1","7/23/2025","I","1","M","8/18/2025","2774522.00","9/17/2025","","0.00","","N","","7/23/2025","55555","","","","","","","","22","2774522.00",""
"637","9153","000104420000032","1","9/3/2025","I","1","M","9/18/2025","2769636.00","10/17/2025","","0.00","","N","","9/3/2025","55555","","","","","","","","21","2769636.00",""
"638","9154","000104420000032","1","10/1/2025","I","1","M","10/18/2025","2736606.00","11/17/2025","","0.00","","N","","10/1/2025","55555","","","","","","","","20","2736606.00",""
"639","9155","000104420000032","1","11/1/2025","I","1","M","11/18/2025","2699668.00","2/17/2026","","0.00","","N","","11/1/2025","55555","","","","","","","","19","2699668.00",""
"640","9346","000104420000032","1","2/4/2026","I","1","M","2/18/2026","3792039.00","","","0.00","","Y","N8","2/4/2026","55555","","","","","","","","15","3792039.00",""
"641","9371","000104420000032","1","2/26/2026","I","1","M","2/18/2026","3792039.00","3/17/2026","","0.00","","N","N2","2/26/2026","9999","","","","","","","","15","3792039.00",""
"642","9404","000104420000032","1","3/5/2026","I","1","M","3/18/2026","3694838.00","5/17/2026","","0.00","","N","N1","3/9/2026","51","0-1-09/03/2026-14:35:39-192.168.002.001","","","","","","","14","3722589.00",""
"643","9430","000104420000032","1","4/20/2026","I","1","M","5/18/2026","3606691.00","6/17/2026","","0.00","","N","N1","5/6/2026","51","0-1-23/04/2026-09:51:19-192.168.002.001","","","","","","","12","3609542.00",""
"644","9461","000104420000032","1","6/3/2026","I","1","M","6/18/2026","3594620.00","7/17/2026","","0.00","","N","N1","6/3/2026","51","0-1-12/06/2026-17:50:15-172.016.016.016","","","","","","","11","3594620.00",""
"645","9480","000104420000032","1","7/3/2026","I","1","M","7/18/2026","3520022.00","8/17/2026","","0.00","","N","N1","7/3/2026","52","0-1-09/07/2026-10:33:22-192.168.002.001","","","","","","","10","3520022.00",""
"646","9497","000104420000032","1","8/5/2026","I","1","M","8/18/2026","3483605.00","9/17/2026","","0.00","","N","N1","8/5/2026","51","0-1-10/08/2026-12:01:30-192.168.002.001","","","","","","","9","3483605.00",""
"647","9518","000104420000032","1","9/3/2026","I","1","M","9/18/2026","3447367.00","","","0.00","","N","N1","9/3/2026","52","0-1-10/09/2026-17:36:32-192.168.002.001","","","","","","","8","3447367.00",""
"648","10","000104420000040","1","3/28/2024","O","1","M","7/19/2022","1108803.02","","","0.00","","Y","","3/28/2024","9999","","","","9999","","","34","48","0.00",""
"649","352","000104420000040","1","3/28/2024","O","1","M","7/19/2022","1108803.02","7/31/2022","","","","N","","","9999","","","","9999","","","34","48","",""
"650","353","000104420000040","1","3/28/2024","O","1","M","8/1/2022","2644068.75","8/31/2022","","","","N","","","9999","","","","9999","","","34","48","",""
"651","354","000104420000040","1","3/28/2024","O","1","M","9/1/2022","2695038.75","10/31/2022","","","","N","","","9999","","","","9999","","","34","48","",""
"652","355","000104420000040","1","3/28/2024","O","1","M","11/1/2022","3039086.25","11/30/2022","","","","N","","","9999","","","","9999","","","34","48","",""
"653","356","000104420000040","1","3/28/2024","O","1","M","12/1/2022","3128283.75","4/30/2023","","","","N","","","9999","","","","9999","","","34","48","",""
"654","357","000104420000040","1","3/28/2024","O","1","M","5/1/2023","3472331.25","6/30/2023","","","","N","","","9999","","","","9999","","","34","48","",""
"655","358","000104420000040","1","3/28/2024","O","1","M","7/1/2023","3650726.25","7/31/2023","","","","N","","","9999","","","","9999","","","34","48","",""
"656","359","000104420000040","1","3/28/2024","O","1","M","8/1/2023","6487083.72","8/31/2023","","","","N","","","9999","","","","9999","","","34","48","",""
"657","360","000104420000040","1","3/28/2024","O","1","M","9/1/2023","0.00","9/30/2023","","","","N","","","9999","","","","9999","","","34","48","",""
"658","361","000104420000040","1","3/28/2024","O","1","M","10/1/2023","6712092.79","4/30/2024","","","","N","","","9999","","","","9999","","","34","48","",""
"659","606","000104420000040","1","5/31/2024","I","1","M","5/1/2024","7151906.00","","","0.00","","N","N53","5/31/2024","18","0-1-20/06/2024-10:51:10-192.167.001.145","","","","","","","48","7151906.00",""
"660","11","000104420000043","1","3/28/2024","O","1","M","8/12/2022","1821756.21","","","0.00","","Y","","3/28/2024","9999","","","","9999","","","35","48","0.00",""
"661","340","000104420000043","1","3/28/2024","O","1","M","8/12/2022","1821756.21","8/31/2022","","","","Y","","","9999","","","","9999","","","35","48","",""
"662","341","000104420000043","1","3/28/2024","O","1","M","9/1/2022","2875296.96","10/31/2022","","","","Y","","","9999","","","","9999","","","35","48","",""
"663","342","000104420000043","1","3/28/2024","O","1","M","11/1/2022","3223427.08","11/30/2022","","","","Y","","","9999","","","","9999","","","35","48","",""
"664","343","000104420000043","1","3/28/2024","O","1","M","12/1/2022","3313683.04","2/28/2023","","","","Y","","","9999","","","","9999","","","35","48","",""
"665","344","000104420000043","1","3/28/2024","O","1","M","3/1/2023","5622648.65","4/30/2023","","","","Y","","","9999","","","","9999","","","35","48","",""
"666","345","000104420000043","1","3/28/2024","O","1","M","5/1/2023","5844263.41","6/30/2023","","","","Y","","","9999","","","","9999","","","35","48","",""
"667","346","000104420000043","1","3/28/2024","O","1","M","7/1/2023","5956211.33","7/31/2023","","","","Y","","","9999","","","","9999","","","35","48","",""
"668","347","000104420000043","1","3/28/2024","O","1","M","8/1/2023","6058927.88","8/31/2023","","","","Y","","","9999","","","","9999","","","35","48","",""
"669","348","000104420000043","1","3/28/2024","O","1","M","9/1/2023","6113408.16","9/30/2023","","","","Y","","","9999","","","","9999","","","35","48","",""
"670","349","000104420000043","1","3/28/2024","O","1","M","10/1/2023","6121038.13","11/30/2023","","","","Y","","","9999","","","","9999","","","35","48","",""
"671","350","000104420000043","1","3/28/2024","O","1","M","12/1/2023","6128319.90","1/31/2024","","","","Y","","","9999","","","","9999","","","35","48","",""
"672","351","000104420000043","1","3/28/2024","O","1","M","2/1/2024","6197756.49","4/30/2024","","","","Y","","","9999","","","","9999","","","35","48","",""
"673","607","000104420000043","1","5/31/2024","I","1","M","5/1/2024","6376827.00","","","0.00","","Y","N53","5/31/2024","18","0-1-20/06/2024-10:51:10-192.167.001.145","","","","","","","48","6376827.00",""
"674","1176","000104420000043","1","3/28/2024","O","1","M","8/4/2022","4866366.00","9/3/2022","","","","N","","","9999","","","","9999","","","35","48","",""
"675","1177","000104420000043","1","3/28/2024","O","1","M","9/1/2022","2875296.96","10/31/2022","","","","Y","","","9999","","","","9999","","","35","48","",""
"676","1178","000104420000043","1","3/28/2024","O","1","M","11/1/2022","3223427.08","11/30/2022","","","","Y","","","9999","","","","9999","","","35","48","",""
"677","1179","000104420000043","1","3/28/2024","O","1","M","12/1/2022","3313683.04","2/28/2023","","","","Y","","","9999","","","","9999","","","35","48","",""
"678","1180","000104420000043","1","3/28/2024","O","1","M","3/1/2023","5622648.65","4/30/2023","","","","Y","","","9999","","","","9999","","","35","48","",""
"679","1181","000104420000043","1","3/28/2024","O","1","M","5/1/2023","5844263.41","6/30/2023","","","","Y","","","9999","","","","9999","","","35","48","",""
"680","1182","000104420000043","1","3/28/2024","O","1","M","7/1/2023","5956211.33","7/31/2023","","","","Y","","","9999","","","","9999","","","35","48","",""
"681","1183","000104420000043","1","3/28/2024","O","1","M","8/1/2023","6058927.88","8/31/2023","","","","Y","","","9999","","","","9999","","","35","48","",""
"682","1184","000104420000043","1","3/28/2024","O","1","M","9/1/2023","6113408.16","9/30/2023","","","","Y","","","9999","","","","9999","","","35","48","",""
"683","1185","000104420000043","1","3/28/2024","O","1","M","10/1/2023","6121038.13","11/30/2023","","","","Y","","","9999","","","","9999","","","35","48","",""
"684","1186","000104420000043","1","3/28/2024","O","1","M","12/1/2023","6128319.90","1/31/2024","","","","Y","","","9999","","","","9999","","","35","48","",""
"685","1187","000104420000043","1","3/28/2024","O","1","M","2/1/2024","6218667.75","4/30/2024","","","","Y","","","9999","","","","9999","","","35","48","",""
"686","1188","000104420000043","1","3/28/2024","O","1","M","5/1/2024","6225088.98","5/31/2024","","","","Y","","","9999","","","","9999","","","35","48","",""
"687","1189","000104420000043","1","3/28/2024","O","1","M","6/1/2024","6231323.60","6/30/2024","","","","Y","","","9999","","","","9999","","","35","48","",""
"688","1190","000104420000043","1","3/28/2024","O","1","M","7/1/2024","6237369.21","4/30/2025","","","","Y","","","9999","","","","9999","","","35","48","",""
"689","2125","000104420000043","1","5/7/2025","I","1","M","5/1/2025","6256310.00","8/31/2025","","0.00","","Y","N2","5/7/2025","16","0-1-07/05/2025-17:29:21-192.168.002.001","","","","","","","15","6256310.00",""
"690","9156","000104420000043","1","8/16/2022","I","1","M","9/4/2022","4863536.00","10/3/2022","","0.00","","N","","8/16/2022","55555","","","","","","","","47","4863536.00",""
"691","9157","000104420000043","1","9/14/2022","I","1","M","10/4/2022","4860668.00","11/3/2022","","0.00","","N","","9/14/2022","55555","","","","","","","","46","4860668.00",""
"692","9158","000104420000043","1","10/19/2022","I","1","M","11/4/2022","4857760.00","3/3/2023","","0.00","","N","","10/19/2022","55555","","","","","","","","45","4857760.00",""
"693","9159","000104420000043","1","2/13/2023","I","1","M","3/4/2023","5097832.00","4/3/2024","","0.00","","N","","2/13/2023","55555","","","","","","","","41","5097832.00",""
"694","9160","000104420000043","1","3/25/2024","I","1","M","4/4/2024","5440786.00","8/3/2024","","0.00","","N","","3/25/2024","55555","","","","","","","","28","5440786.00",""
"695","9161","000104420000043","1","7/16/2024","I","1","M","8/4/2024","5410010.00","9/3/2024","","0.00","","N","","7/16/2024","55555","","","","","","","","24","5410010.00",""
"696","9162","000104420000043","1","8/14/2024","I","1","M","9/4/2024","5401196.00","10/3/2024","","0.00","","N","","8/14/2024","55555","","","","","","","","23","5401196.00",""
"697","9163","000104420000043","1","9/16/2024","I","1","M","10/4/2024","5410342.00","1/3/2025","","0.00","","N","","9/16/2024","55555","","","","","","","","22","5410342.00",""
"698","9164","000104420000043","1","12/9/2024","I","1","M","1/4/2025","5378534.00","","","0.00","","Y","","12/9/2024","55555","","","","","","","","19","5378534.00",""
"699","9165","000104420000043","1","12/10/2024","I","1","M","1/4/2025","5374532.00","5/3/2025","","0.00","","N","","12/10/2024","55555","","","","","","","","19","5374532.00",""
"700","9166","000104420000043","1","4/14/2025","I","1","M","5/4/2025","5316820.00","","","0.00","","Y","","4/14/2025","55555","","","","","","","","15","5316820.00",""
"701","9167","000104420000043","1","4/16/2025","I","1","M","5/4/2025","5316820.00","","","0.00","","Y","","4/16/2025","55555","","","","","","","","15","5316820.00",""
"702","9168","000104420000043","1","4/17/2025","I","1","M","5/4/2025","5316820.00","","","0.00","","Y","","4/17/2025","55555","","","","","","","","15","5316820.00",""
"703","9169","000104420000043","1","4/22/2025","I","1","M","5/4/2025","5316820.00","","","0.00","","Y","","4/22/2025","55555","","","","","","","","15","5316820.00",""
"704","9170","000104420000043","1","4/23/2025","I","1","M","5/4/2025","5316820.00","","","0.00","","Y","","4/23/2025","55555","","","","","","","","15","5316820.00",""
"705","9171","000104420000043","1","4/30/2025","I","1","M","5/4/2025","5316820.00","6/3/2025","","0.00","","N","","4/30/2025","55555","","","","","","","","15","5316820.00",""
"706","9172","000104420000043","1","5/19/2025","I","1","M","6/4/2025","5304050.00","","","0.00","","Y","","5/19/2025","55555","","","","","","","","14","5304050.00",""
"707","9173","000104420000043","1","5/22/2025","I","1","M","6/4/2025","5304050.00","","","0.00","","Y","","5/22/2025","55555","","","","","","","","14","5304050.00",""
"708","9174","000104420000043","1","5/27/2025","I","1","M","6/4/2025","5307088.00","","","0.00","","Y","","5/27/2025","55555","","","","","","","","14","5307088.00",""
"709","9175","000104420000043","1","5/28/2025","I","1","M","6/4/2025","5307088.00","7/3/2025","","0.00","","N","","5/28/2025","55555","","","","","","","","14","5307088.00",""
"710","9176","000104420000043","1","6/5/2025","I","1","M","7/4/2025","5293486.00","","","0.00","","Y","","6/5/2025","55555","","","","","","","","13","5293486.00",""
"711","9177","000104420000043","1","6/16/2025","I","1","M","7/4/2025","5290646.00","8/3/2025","","0.00","","N","","6/16/2025","55555","","","","","","","","13","5290646.00",""
"712","9178","000104420000043","1","7/8/2025","I","1","M","8/4/2025","5281482.00","","","0.00","","Y","","7/8/2025","55555","","","","","","","","12","5281482.00",""
"713","9179","000104420000043","1","7/15/2025","I","1","M","8/4/2025","5281482.00","","","0.00","","Y","","7/15/2025","55555","","","","","","","","12","5281482.00",""
"714","9180","000104420000043","1","7/16/2025","I","1","M","8/4/2025","5281482.00","","","0.00","","Y","","7/16/2025","55555","","","","","","","","12","5281482.00",""
"715","9181","000104420000043","1","7/23/2025","I","1","M","8/4/2025","5281482.00","9/3/2025","","0.00","","N","","7/23/2025","55555","","","","","","","","12","5281482.00",""
"716","9182","000104420000043","1","9/3/2025","I","1","M","9/4/2025","5265838.00","10/3/2025","","0.00","","N","","9/3/2025","55555","","","","","","","","11","5265838.00",""
"717","9183","000104420000043","1","10/1/2025","I","1","M","10/4/2025","5125020.00","11/3/2025","","0.00","","N","","10/1/2025","55555","","","","","","","","10","5125020.00",""
"718","9184","000104420000043","1","11/1/2025","I","1","M","11/4/2025","4982074.00","2/3/2026","","0.00","","N","","11/1/2025","55555","","","","","","","","9","4982074.00",""
"719","9347","000104420000043","1","2/4/2026","I","1","M","2/4/2026","5605682.00","","","0.00","","Y","N8","2/4/2026","55555","","","","","","","","5","5605682.00",""
"720","9372","000104420000043","1","2/26/2026","I","1","M","2/4/2026","5605682.00","4/3/2026","","0.00","","N","N2","2/26/2026","9999","","","","","","","","5","5605682.00",""
"721","9405","000104420000043","1","3/5/2026","I","1","M","4/4/2026","5303161.00","","","0.00","","N","N1","3/9/2026","51","0-1-09/03/2026-14:35:39-192.168.002.001","","","","","","","3","5314277.00",""
"722","321","000104420000044","1","3/28/2024","O","1","M","8/30/2022","121539.76","8/31/2022","","","","Y","","","9999","","","","9999","","","22","36","",""
"723","322","000104420000044","1","3/28/2024","O","1","M","9/1/2022","3958268.92","10/31/2022","","","","N","","","9999","","","","9999","","","22","36","",""
"724","323","000104420000044","1","3/28/2024","O","1","M","11/1/2022","4097209.99","11/30/2022","","","","N","","","9999","","","","9999","","","22","36","",""
"725","324","000104420000044","1","3/28/2024","O","1","M","12/1/2022","4132751.88","4/30/2023","","","","N","","","9999","","","","9999","","","22","36","",""
"726","325","000104420000044","1","3/28/2024","O","1","M","5/1/2023","4253191.09","6/30/2023","","","","N","","","9999","","","","9999","","","22","36","",""
"727","326","000104420000044","1","3/28/2024","O","1","M","7/1/2023","4312515.31","7/31/2023","","","","N","","","9999","","","","9999","","","22","36","",""
"728","327","000104420000044","1","3/28/2024","O","1","M","8/1/2023","4366179.65","8/31/2023","","","","N","","","9999","","","","9999","","","22","36","",""
"729","328","000104420000044","1","3/28/2024","O","1","M","9/1/2023","4394236.03","9/30/2023","","","","N","","","9999","","","","9999","","","22","36","",""
"730","329","000104420000044","1","3/28/2024","O","1","M","10/1/2023","4398109.67","11/30/2023","","","","N","","","9999","","","","9999","","","22","36","",""
"731","330","000104420000044","1","3/28/2024","O","1","M","12/1/2023","4401695.95","1/31/2024","","","","N","","","9999","","","","9999","","","22","36","",""
"732","331","000104420000044","1","3/28/2024","O","1","M","2/1/2024","4444603.33","4/30/2024","","","","N","","","9999","","","","9999","","","22","36","",""
"733","610","000104420000044","1","5/31/2024","I","1","M","5/1/2024","4447458.00","4/30/2025","","0.00","","N","N53","5/31/2024","18","0-1-20/06/2024-10:51:10-192.167.001.145","","","","","","","36","4447458.00",""
"734","2128","000104420000044","1","5/7/2025","I","1","M","5/1/2025","","7/31/2025","","0.00","","N","N2","5/7/2025","16","0-1-07/05/2025-17:29:21-192.168.002.001","","","","","","","4","",""
"735","13","000104420000052","1","3/28/2024","O","1","M","12/1/2023","5619395.58","","","0.00","","Y","","3/28/2024","9999","","","","9999","","","75","48","0.00",""
"736","336","000104420000052","1","3/28/2024","O","1","M","11/18/2022","0.00","11/30/2023","","","","Y","","","9999","","","","9999","","","75","48","",""
"737","337","000104420000052","1","3/28/2024","O","1","M","12/1/2023","5619395.58","1/31/2024","","","","Y","","","9999","","","","9999","","","75","48","",""
"738","338","000104420000052","1","3/28/2024","O","1","M","2/1/2024","5708706.45","2/29/2024","","","","Y","","","9999","","","","9999","","","75","48","",""
"739","339","000104420000052","1","3/28/2024","O","1","M","1/1/2025","7146872.00","","","","","Y","N53","5/31/2024","9999","","","","9999","","","75","48","",""
"740","1191","000104420000052","1","3/28/2024","O","1","M","11/18/2022","0.00","11/30/2023","","","","Y","","","9999","","","","9999","","","75","48","",""
"741","1192","000104420000052","1","3/28/2024","O","1","M","12/1/2023","5619395.58","1/31/2024","","","","Y","","","9999","","","","9999","","","75","48","",""
"742","1193","000104420000052","1","3/28/2024","O","1","M","2/1/2024","5708706.45","2/29/2024","","","","Y","","","9999","","","","9999","","","75","48","",""
"743","1194","000104420000052","1","3/28/2024","O","1","M","3/1/2024","6499434.74","4/30/2024","","","","Y","","","9999","","","","9999","","","75","48","",""
"744","1195","000104420000052","1","3/28/2024","O","1","M","5/1/2024","6506728.45","5/31/2024","","","","Y","","","9999","","","","9999","","","75","48","",""
"745","1196","000104420000052","1","3/28/2024","O","1","M","6/1/2024","6513834.51","6/30/2024","","","","Y","","","9999","","","","9999","","","75","48","",""
"746","1197","000104420000052","1","3/28/2024","O","1","M","7/1/2024","6534594.00","","","","","Y","","","9999","","","","9999","","","75","48","",""
"747","1536","000104420000052","1","3/28/2024","O","1","M","11/1/2026","4466453.00","","","0.00","","Y","N1","9/12/2025","9999","","","","9999","","","75","48","0.00",""
"748","1537","000104420000052","1","3/28/2024","O","1","M","1/1/2025","71761590.44","12/31/2025","","0.00","","Y","","3/28/2024","9999","","","","9999","","","75","48","0.00",""
"749","1540","000104420000052","1","3/28/2024","O","1","M","9/16/2022","3244774.00","","","0.00","","Y","","3/28/2024","9999","","","","9999","","","75","48","0.00",""
"750","9185","000104420000052","1","9/14/2022","I","1","M","9/16/2022","3244774.00","11/15/2022","","0.00","","N","","9/14/2022","55555","","","","","","","","48","3244774.00",""
"751","9186","000104420000052","1","10/19/2022","I","1","M","11/16/2022","3273968.00","2/15/2023","","0.00","","N","","10/19/2022","55555","","","","","","","","46","3273968.00",""
"752","9187","000104420000052","1","2/13/2023","I","1","M","2/16/2023","3445304.00","4/15/2024","","0.00","","N","","2/13/2023","55555","","","","","","","","43","3445304.00",""
"753","9188","000104420000052","1","3/25/2024","I","1","M","4/16/2024","3611752.00","7/15/2024","","0.00","","N","","3/25/2024","55555","","","","","","","","29","3611752.00",""
"754","9189","000104420000052","1","7/16/2024","I","1","M","7/16/2024","3598676.00","8/15/2024","","0.00","","N","","7/16/2024","55555","","","","","","","","26","3598676.00",""
"755","9190","000104420000052","1","8/14/2024","I","1","M","8/16/2024","3546982.00","9/15/2024","","0.00","","N","","8/14/2024","55555","","","","","","","","25","3546982.00",""
"756","9191","000104420000052","1","9/16/2024","I","1","M","9/16/2024","3508826.00","12/15/2024","","0.00","","N","","9/16/2024","55555","","","","","","","","24","3508826.00",""
"757","9192","000104420000052","1","12/9/2024","I","1","M","12/16/2024","3437980.00","","","0.00","","Y","","12/9/2024","55555","","","","","","","","21","3437980.00",""
"758","9193","000104420000052","1","12/10/2024","I","1","M","12/16/2024","3435192.00","4/15/2025","","0.00","","N","","12/10/2024","55555","","","","","","","","21","3435192.00",""
"759","9194","000104420000052","1","4/14/2025","I","1","M","4/16/2025","3347208.00","","","0.00","","Y","","4/14/2025","55555","","","","","","","","17","3347208.00",""
"760","9195","000104420000052","1","4/16/2025","I","1","M","4/16/2025","3347208.00","5/15/2025","","0.00","","N","","4/16/2025","55555","","","","","","","","17","3347208.00",""
"761","9196","000104420000052","1","4/17/2025","I","1","M","5/16/2025","3298398.00","","","0.00","","Y","","4/17/2025","55555","","","","","","","","16","3298398.00",""
"762","9197","000104420000052","1","4/22/2025","I","1","M","5/16/2025","3298398.00","","","0.00","","Y","","4/22/2025","55555","","","","","","","","16","3298398.00",""
"763","9198","000104420000052","1","4/23/2025","I","1","M","5/16/2025","3298398.00","","","0.00","","Y","","4/23/2025","55555","","","","","","","","16","3298398.00",""
"764","9199","000104420000052","1","4/30/2025","I","1","M","5/16/2025","3298398.00","6/15/2025","","0.00","","N","","4/30/2025","55555","","","","","","","","16","3298398.00",""
"765","9200","000104420000052","1","5/19/2025","I","1","M","6/16/2025","3290910.00","","","0.00","","Y","","5/19/2025","55555","","","","","","","","15","3290910.00",""
"766","9201","000104420000052","1","5/22/2025","I","1","M","6/16/2025","3290910.00","","","0.00","","Y","","5/22/2025","55555","","","","","","","","15","3290910.00",""
"767","9202","000104420000052","1","5/27/2025","I","1","M","6/16/2025","3292910.00","","","0.00","","Y","","5/27/2025","55555","","","","","","","","15","3292910.00",""
"768","9203","000104420000052","1","5/28/2025","I","1","M","6/16/2025","3292910.00","","","0.00","","Y","","5/28/2025","55555","","","","","","","","15","3292910.00",""
"769","9204","000104420000052","1","6/5/2025","I","1","M","6/16/2025","3292910.00","","","0.00","","Y","","6/5/2025","55555","","","","","","","","15","3292910.00",""
"770","9205","000104420000052","1","6/16/2025","I","1","M","6/16/2025","3290910.00","7/15/2025","","0.00","","N","","6/16/2025","55555","","","","","","","","15","3290910.00",""
"771","9206","000104420000052","1","7/8/2025","I","1","M","7/16/2025","3246094.00","","","0.00","","Y","","7/8/2025","55555","","","","","","","","14","3246094.00",""
"772","9207","000104420000052","1","7/15/2025","I","1","M","7/16/2025","3246094.00","","","0.00","","Y","","7/15/2025","55555","","","","","","","","14","3246094.00",""
"773","9208","000104420000052","1","7/16/2025","I","1","M","7/16/2025","3246094.00","8/15/2025","","0.00","","N","","7/16/2025","55555","","","","","","","","14","3246094.00",""
"774","9209","000104420000052","1","7/23/2025","I","1","M","8/16/2025","3197268.00","9/15/2025","","0.00","","N","","7/23/2025","55555","","","","","","","","13","3197268.00",""
"775","9210","000104420000052","1","9/3/2025","I","1","M","9/16/2025","3188474.00","10/15/2025","","0.00","","N","","9/3/2025","55555","","","","","","","","12","3188474.00",""
"776","9211","000104420000052","1","10/1/2025","I","1","M","10/16/2025","3141640.00","11/15/2025","","0.00","","N","","10/1/2025","55555","","","","","","","","11","3141640.00",""
"777","9212","000104420000052","1","11/1/2025","I","1","M","11/16/2025","3092198.00","2/15/2026","","0.00","","N","","11/1/2025","55555","","","","","","","","10","3092198.00",""
"778","9349","000104420000052","1","2/4/2026","I","1","M","2/16/2026","3449711.00","","","0.00","","Y","N8","2/4/2026","55555","","","","","","","","6","3449711.00",""
"779","9374","000104420000052","1","2/26/2026","I","1","M","2/16/2026","3449711.00","3/15/2026","","0.00","","N","N2","2/26/2026","9999","","","","","","","","6","3449711.00",""
"780","9407","000104420000052","1","3/5/2026","I","1","M","3/16/2026","3374850.00","5/15/2026","","0.00","","N","N1","3/9/2026","51","0-1-09/03/2026-14:35:39-192.168.002.001","","","","","","","5","3385376.00",""
"781","9431","000104420000052","1","4/20/2026","I","1","M","5/16/2026","3265979.00","6/15/2026","","0.00","","N","N1","5/6/2026","51","0-1-23/04/2026-09:51:19-192.168.002.001","","","","","","","3","3263720.00",""
"782","9462","000104420000052","1","6/3/2026","I","1","M","6/16/2026","3226601.00","7/15/2026","","0.00","","N","N1","6/3/2026","51","0-1-12/06/2026-17:50:15-172.016.016.016","","","","","","","2","3226601.00",""
"783","9481","000104420000052","1","7/3/2026","I","1","M","7/16/2026","3110887.00","8/15/2026","","0.00","","N","N1","7/3/2026","52","0-1-09/07/2026-10:33:22-192.168.002.001","","","","","","","1","3110887.00",""
"784","9498","000104420000052","1","8/5/2026","I","1","M","8/16/2026","0.00","","","0.00","","N","N1","8/5/2026","51","0-1-10/08/2026-12:01:30-192.168.002.001","","","","","","","0","0.00",""
"785","14","000104420000062","1","3/28/2024","O","1","M","10/1/2023","6767103.33","","","0.00","","Y","","3/28/2024","9999","","","","9999","","","76","48","0.00",""
"786","332","000104420000062","1","3/28/2024","O","1","M","3/24/2023","0.00","9/30/2023","","","","Y","","","9999","","","","9999","","","76","48","",""
"787","333","000104420000062","1","3/28/2024","O","1","M","10/1/2023","6767103.33","11/30/2023","","","","Y","","","9999","","","","9999","","","76","48","",""
"788","334","000104420000062","1","3/28/2024","O","1","M","12/1/2023","6776507.31","1/31/2024","","","","Y","","","9999","","","","9999","","","76","48","",""
"789","335","000104420000062","1","3/28/2024","O","1","M","2/1/2024","6894508.59","4/30/2024","","","","Y","","","9999","","","","9999","","","76","48","",""
"790","609","000104420000062","1","5/31/2024","I","1","M","5/1/2024","6903057.00","","","0.00","","Y","N53","5/31/2024","18","0-1-20/06/2024-10:51:10-192.167.001.145","","","","","","","48","6903057.00",""
"791","1198","000104420000062","1","3/28/2024","O","1","M","6/4/2023","10562166.00","","","","","Y","","","9999","","","","9999","","","76","48","",""
"792","1199","000104420000062","1","3/28/2024","O","1","M","10/1/2023","6767103.33","11/30/2023","","","","Y","","","9999","","","","9999","","","76","48","",""
"793","1200","000104420000062","1","3/28/2024","O","1","M","12/1/2023","6776507.31","1/31/2024","","","","Y","","","9999","","","","9999","","","76","48","",""
"794","1201","000104420000062","1","3/28/2024","O","1","M","2/1/2024","6894508.59","4/30/2024","","","","Y","","","9999","","","","9999","","","76","48","",""
"795","1202","000104420000062","1","3/28/2024","O","1","M","5/1/2024","6903056.92","5/31/2024","","","","Y","","","9999","","","","9999","","","76","48","",""
"796","1203","000104420000062","1","3/28/2024","O","1","M","6/1/2024","6911415.54","6/30/2024","","","","Y","","","9999","","","","9999","","","76","48","",""
"797","1204","000104420000062","1","3/28/2024","O","1","M","7/1/2024","6944111.09","4/30/2025","","","","Y","","","9999","","","","9999","","","76","48","",""
"798","2127","000104420000062","1","5/7/2025","I","1","M","5/1/2025","6754228.00","8/31/2025","","0.00","","Y","N2","5/7/2025","16","0-1-07/05/2025-17:29:21-192.168.002.001","","","","","","","23","6754228.00",""
"799","9213","000104420000062","1","10/19/2022","I","1","M","6/4/2023","8110188.00","","","0.00","","Y","","10/19/2022","55555","","","","","","","","48","8110188.00",""
"800","9214","000104420000062","1","2/13/2023","I","1","M","6/4/2023","8593126.00","4/3/2024","","0.00","","N","","2/13/2023","55555","","","","","","","","48","8593126.00",""
"801","9215","000104420000062","1","3/25/2024","I","1","M","4/4/2024","13833086.00","8/3/2024","","0.00","","N","","3/25/2024","55555","","","","","","","","30","13833086.00",""
"802","9216","000104420000062","1","7/16/2024","I","1","M","8/4/2024","13760654.00","9/3/2024","","0.00","","N","","7/16/2024","55555","","","","","","","","26","13760654.00",""
"803","9217","000104420000062","1","8/14/2024","I","1","M","9/4/2024","13739522.00","10/3/2024","","0.00","","N","","8/14/2024","55555","","","","","","","","25","13739522.00",""
"804","9218","000104420000062","1","9/16/2024","I","1","M","10/4/2024","13767740.00","1/3/2025","","0.00","","N","","9/16/2024","55555","","","","","","","","24","13767740.00",""
"805","9219","000104420000062","1","12/9/2024","I","1","M","1/4/2025","13692660.00","","","0.00","","Y","","12/9/2024","55555","","","","","","","","21","13692660.00",""
"806","9220","000104420000062","1","12/10/2024","I","1","M","1/4/2025","13681562.00","5/3/2025","","0.00","","N","","12/10/2024","55555","","","","","","","","21","13681562.00",""
"807","9221","000104420000062","1","4/14/2025","I","1","M","5/4/2025","13545144.00","","","0.00","","Y","","4/14/2025","55555","","","","","","","","17","13545144.00",""
"808","9222","000104420000062","1","4/16/2025","I","1","M","5/4/2025","13545144.00","","","0.00","","Y","","4/16/2025","55555","","","","","","","","17","13545144.00",""
"809","9223","000104420000062","1","4/17/2025","I","1","M","5/4/2025","13545144.00","","","0.00","","Y","","4/17/2025","55555","","","","","","","","17","13545144.00",""
"810","9224","000104420000062","1","4/22/2025","I","1","M","5/4/2025","13545144.00","","","0.00","","Y","","4/22/2025","55555","","","","","","","","17","13545144.00",""
"811","9225","000104420000062","1","4/23/2025","I","1","M","5/4/2025","13545144.00","","","0.00","","Y","","4/23/2025","55555","","","","","","","","17","13545144.00",""
"812","9226","000104420000062","1","4/30/2025","I","1","M","5/4/2025","13545144.00","6/3/2025","","0.00","","N","","4/30/2025","55555","","","","","","","","17","13545144.00",""
"813","9227","000104420000062","1","5/19/2025","I","1","M","6/4/2025","13515948.00","","","0.00","","Y","","5/19/2025","55555","","","","","","","","16","13515948.00",""
"814","9228","000104420000062","1","5/22/2025","I","1","M","6/4/2025","13515948.00","","","0.00","","Y","","5/22/2025","55555","","","","","","","","16","13515948.00",""
"815","9229","000104420000062","1","5/27/2025","I","1","M","6/4/2025","13524634.00","","","0.00","","Y","","5/27/2025","55555","","","","","","","","16","13524634.00",""
"816","9230","000104420000062","1","5/28/2025","I","1","M","6/4/2025","13524634.00","7/3/2025","","0.00","","N","","5/28/2025","55555","","","","","","","","16","13524634.00",""
"817","9231","000104420000062","1","6/5/2025","I","1","M","7/4/2025","13493816.00","","","0.00","","Y","","6/5/2025","55555","","","","","","","","15","13493816.00",""
"818","9232","000104420000062","1","6/16/2025","I","1","M","7/4/2025","13485620.00","8/3/2025","","0.00","","N","","6/16/2025","55555","","","","","","","","15","13485620.00",""
"819","9233","000104420000062","1","7/8/2025","I","1","M","8/4/2025","13468638.00","","","0.00","","Y","","7/8/2025","55555","","","","","","","","14","13468638.00",""
"820","9234","000104420000062","1","7/15/2025","I","1","M","8/4/2025","13468638.00","","","0.00","","Y","","7/15/2025","55555","","","","","","","","14","13468638.00",""
"821","9235","000104420000062","1","7/16/2025","I","1","M","8/4/2025","13468638.00","","","0.00","","Y","","7/16/2025","55555","","","","","","","","14","13468638.00",""
"822","9236","000104420000062","1","7/23/2025","I","1","M","8/4/2025","13468638.00","9/3/2025","","0.00","","N","","7/23/2025","55555","","","","","","","","14","13468638.00",""
"823","9237","000104420000062","1","9/3/2025","I","1","M","9/4/2025","13433998.00","10/3/2025","","0.00","","N","","9/3/2025","55555","","","","","","","","13","13433998.00",""
"824","9238","000104420000062","1","10/1/2025","I","1","M","10/4/2025","13081186.00","11/3/2025","","0.00","","N","","10/1/2025","55555","","","","","","","","12","13081186.00",""
"825","9239","000104420000062","1","11/1/2025","I","1","M","11/4/2025","12721886.00","2/3/2026","","0.00","","N","","11/1/2025","55555","","","","","","","","11","12721886.00",""
"826","9350","000104420000062","1","2/4/2026","I","1","M","2/4/2026","13707298.00","","","0.00","","Y","N8","2/4/2026","55555","","","","","","","","7","13707298.00",""
"827","9375","000104420000062","1","2/26/2026","I","1","M","2/4/2026","13707298.00","4/3/2026","","0.00","","N","N2","2/26/2026","9999","","","","","","","","7","13707298.00",""
"828","9408","000104420000062","1","3/5/2026","I","1","M","4/4/2026","13083393.00","5/3/2026","","0.00","","N","N1","3/9/2026","51","0-1-09/03/2026-14:35:39-192.168.002.001","","","","","","","5","13124200.00",""
"829","9432","000104420000062","1","4/20/2026","I","1","M","5/4/2026","12956105.00","6/3/2026","","0.00","","N","N5","4/20/2026","51","0-1-23/04/2026-09:51:19-192.168.002.001","","","","","","","4","12956105.00",""
"830","9448","000104420000062","1","5/6/2026","I","1","M","6/4/2026","12835666.00","7/3/2026","","0.00","","N","N1","6/3/2026","51","0-1-12/05/2026-08:41:33-192.168.002.001","","","","","","","3","12839813.00",""
"831","9482","000104420000062","1","7/3/2026","I","1","M","7/4/2026","12679772.00","9/3/2026","","0.00","","N","N1","7/3/2026","52","0-1-09/07/2026-10:33:22-192.168.002.001","","","","","","","2","12679772.00",""
"832","9499","000104420000062","1","8/5/2026","I","1","M","9/4/2026","0.00","","","0.00","","N","N1","9/3/2026","51","0-1-10/08/2026-12:01:30-192.168.002.001","","","","","","","0","0.00",""
"833","652","000104420000063","1","8/6/2024","O","0","M","7/16/2024","0.00","","","0.00","","Y","","8/6/2024","9999","","","","9999","","","365","43","0.00",""
"834","653","000104420000063","1","7/24/2024","O","0","M","11/1/2024","6509321.58","","","0.00","","Y","","4/30/2024","9999","","","","9999","","","365","43","0.00",""
"835","1205","000104420000063","1","7/24/2024","O","1","M","8/16/2024","5665737.00","","","","","Y","","","9999","","","","9999","","","365","43","",""
"836","1206","000104420000063","1","7/24/2024","O","1","M","11/1/2024","6509321.58","4/30/2025","","","","Y","","","9999","","","","9999","","","365","43","",""
"837","2129","000104420000063","1","5/7/2025","I","1","M","5/1/2025","6988111.00","8/31/2025","","0.00","","Y","N2","5/7/2025","16","0-1-07/05/2025-17:29:21-192.168.002.001","","","","","","","33","6988111.00",""
"838","8818","000104420000063","1","8/14/2024","I","1","M","8/16/2024","5665738.00","9/15/2024","","0.00","","N","","8/14/2024","55555","","","","","","","","48","5665738.00",""
"839","8819","000104420000063","1","9/16/2024","I","1","M","9/16/2024","5781232.00","12/15/2024","","0.00","","N","","9/16/2024","55555","","","","","","","","47","5781232.00",""
"840","8820","000104420000063","1","12/9/2024","I","1","M","12/16/2024","5678178.00","","","0.00","","Y","","12/9/2024","55555","","","","","","","","44","5678178.00",""
"841","8821","000104420000063","1","12/10/2024","I","1","M","12/16/2024","5669814.00","4/15/2025","","0.00","","N","","12/10/2024","55555","","","","","","","","44","5669814.00",""
"842","8822","000104420000063","1","4/14/2025","I","1","M","4/16/2025","5543408.00","","","0.00","","Y","","4/14/2025","55555","","","","","","","","40","5543408.00",""
"843","8823","000104420000063","1","4/16/2025","I","1","M","4/16/2025","5543408.00","5/15/2025","","0.00","","N","","4/16/2025","55555","","","","","","","","40","5543408.00",""
"844","8824","000104420000063","1","4/17/2025","I","1","M","5/16/2025","5465268.00","","","0.00","","Y","","4/17/2025","55555","","","","","","","","39","5465268.00",""
"845","8825","000104420000063","1","4/22/2025","I","1","M","5/16/2025","5465268.00","","","0.00","","Y","","4/22/2025","55555","","","","","","","","39","5465268.00",""
"846","8826","000104420000063","1","4/23/2025","I","1","M","5/16/2025","5465268.00","","","0.00","","Y","","4/23/2025","55555","","","","","","","","39","5465268.00",""
"847","8827","000104420000063","1","4/30/2025","I","1","M","5/16/2025","5465268.00","6/15/2025","","0.00","","N","","4/30/2025","55555","","","","","","","","39","5465268.00",""
"848","8828","000104420000063","1","5/19/2025","I","1","M","6/16/2025","5458816.00","","","0.00","","Y","","5/19/2025","55555","","","","","","","","38","5458816.00",""
"849","8829","000104420000063","1","5/22/2025","I","1","M","6/16/2025","5458816.00","","","0.00","","Y","","5/22/2025","55555","","","","","","","","38","5458816.00",""
"850","8830","000104420000063","1","5/27/2025","I","1","M","6/16/2025","5466028.00","","","0.00","","Y","","5/27/2025","55555","","","","","","","","38","5466028.00",""
"851","8831","000104420000063","1","5/28/2025","I","1","M","6/16/2025","5466028.00","","","0.00","","Y","","5/28/2025","55555","","","","","","","","38","5466028.00",""
"852","8832","000104420000063","1","6/5/2025","I","1","M","6/16/2025","5466028.00","","","0.00","","Y","","6/5/2025","55555","","","","","","","","38","5466028.00",""
"853","8833","000104420000063","1","6/16/2025","I","1","M","6/16/2025","5458816.00","7/15/2025","","0.00","","N","","6/16/2025","55555","","","","","","","","38","5458816.00",""
"854","8834","000104420000063","1","7/8/2025","I","1","M","7/16/2025","5395478.00","","","0.00","","Y","","7/8/2025","55555","","","","","","","","37","5395478.00",""
"855","8835","000104420000063","1","7/15/2025","I","1","M","7/16/2025","5395478.00","","","0.00","","Y","","7/15/2025","55555","","","","","","","","37","5395478.00",""
"856","8836","000104420000063","1","7/16/2025","I","1","M","7/16/2025","5395478.00","8/15/2025","","0.00","","N","","7/16/2025","55555","","","","","","","","37","5395478.00",""
"857","8837","000104420000063","1","7/23/2025","I","1","M","8/16/2025","5317918.00","9/15/2025","","0.00","","N","","7/23/2025","55555","","","","","","","","36","5317918.00",""
"858","8838","000104420000063","1","9/3/2025","I","1","M","9/16/2025","5311274.00","10/15/2025","","0.00","","N","","9/3/2025","55555","","","","","","","","35","5311274.00",""
"859","8839","000104420000063","1","10/1/2025","I","1","M","10/16/2025","5241586.00","11/15/2025","","0.00","","N","","10/1/2025","55555","","","","","","","","34","5241586.00",""
"860","8840","000104420000063","1","11/1/2025","I","1","M","11/16/2025","5160192.00","","","0.00","","N","","11/1/2025","55555","","","","","","","","33","5160192.00",""
"861","8020","000104420000064","1","9/5/2025","O","1","M","10/1/2025","4799597.00","","","0.00","Installment Details through Disbursement","Y","N1","9/5/2025","10002","0-1-05/09/2025-09:49:37-192.168.002.001","","","19","0-1-05/09/2025-16:30:27-192.168.002.001","224912","7064","60","4799597.00","10/1/2025"
"862","8021","000104420000064","1","9/5/2025","D","1","M","10/1/2025","4951670.00","","","0.00","Installment Details through Disbursement","Y","N2","9/5/2025","10002","0-1-05/09/2025-09:55:29-192.168.002.001","","","19","0-1-05/09/2025-16:30:47-192.168.002.001","224914","7065","60","4951670.00","10/1/2025"
"863","8022","000104420000064","1","9/5/2025","D","1","M","10/1/2025","5034296.00","","","0.00","Installment Details through Disbursement","Y","N3","9/5/2025","10002","0-1-05/09/2025-09:57:39-192.168.002.001","","","19","0-1-05/09/2025-16:30:59-192.168.002.001","224916","7066","60","5034296.00","10/1/2025"
"864","8023","000104420000064","1","9/5/2025","D","1","M","10/1/2025","5127103.00","","","0.00","Installment Details through Disbursement","Y","N1","9/12/2025","10002","0-1-05/09/2025-10:00:18-192.168.002.001","","","19","0-1-05/09/2025-16:31:13-192.168.002.001","224918","7067","60","5069099.00","10/1/2025"
"865","8054","000104420000064","1","9/5/2025","O","1","H","3/3/2026","55329885.00","","","0.00","Installment Details through Disbursement","Y","N1","10/17/2025","9999","0-1-17/10/2025-15:53:25-192.168.002.001","55555","","9998","0-1-17/10/2025-15:55:01-192.168.002.001","242212","7070","60","8586533.00","10/1/2025"
"866","8841","000104420000064","1","10/1/2025","I","1","H","3/3/2026","55443084.00","","","0.00","","Y","","10/1/2025","55555","","55555","","","","","","10","55443084.00",""
"867","8842","000104420000064","1","11/1/2025","I","1","H","3/3/2026","64193457.00","9/2/2026","","0.00","","N","N2","2/26/2026","55555","","","","","","","","10","55329886.00",""
"868","9409","000104420000064","1","3/5/2026","I","1","H","9/3/2026","64048359.00","","","0.00","","N","N1","9/3/2026","51","0-1-09/03/2026-14:35:39-192.168.002.001","","","","","","","8","56351724.00",""
"869","15","000104430000001","1","3/28/2024","O","1","M","4/1/2022","10857434.87","","","0.00","","Y","","3/28/2024","9999","","","","9999","","","19","84","0.00",""
"870","451","000104430000001","1","3/28/2024","O","1","M","4/1/2022","10857434.87","4/30/2022","","","","N","","","9999","","","","9999","","","19","84","",""
"871","452","000104430000001","1","3/28/2024","O","1","M","5/1/2022","11405828.53","8/31/2022","","","","N","","","9999","","","","9999","","","19","84","",""
"872","453","000104430000001","1","3/28/2024","O","1","M","9/1/2022","11574042.68","10/31/2022","","","","N","","","9999","","","","9999","","","19","84","",""
"873","454","000104430000001","1","3/28/2024","O","1","M","11/1/2022","12722953.71","11/30/2022","","","","N","","","9999","","","","9999","","","19","84","",""
"874","455","000104430000001","1","3/28/2024","O","1","M","12/1/2022","13025630.26","4/30/2023","","","","N","","","9999","","","","9999","","","19","84","",""
"875","456","000104430000001","1","3/28/2024","O","1","M","5/1/2023","14193517.62","6/30/2023","","","","N","","","9999","","","","9999","","","19","84","",""
"876","457","000104430000001","1","3/28/2024","O","1","M","7/1/2023","14806821.53","7/31/2023","","","","N","","","9999","","","","9999","","","19","84","",""
"877","458","000104430000001","1","3/28/2024","O","1","M","8/1/2023","15381034.57","8/31/2023","","","","N","","","9999","","","","9999","","","19","84","",""
"878","459","000104430000001","1","3/28/2024","O","1","M","9/1/2023","15691743.81","9/30/2023","","","","N","","","9999","","","","9999","","","19","84","",""
"879","460","000104430000001","1","3/28/2024","O","1","M","10/1/2023","15736135.84","10/31/2023","","","","N","","","9999","","","","9999","","","19","84","",""
"880","461","000104430000001","1","3/28/2024","O","1","M","11/1/2023","204355178.08","11/13/2023","","","","N","","","9999","","","","9999","","","19","84","",""
"881","462","000104430000001","1","3/28/2024","O","1","M","11/14/2023","105324423.52","11/30/2023","","","","N","","","9999","","","","9999","","","19","84","",""
"882","463","000104430000001","1","3/28/2024","O","1","M","12/1/2023","98800475.86","4/30/2024","","","","N","","","9999","","","","9999","","","19","84","",""
"883","613","000104430000001","1","5/31/2024","I","1","M","5/1/2024","6616809.00","","","0.00","","N","N54","5/31/2024","18","0-1-20/06/2024-10:52:23-192.167.001.145","","","","","","","59","6616809.00",""
"884","16","000104430000002","1","3/28/2024","O","1","M","4/1/2022","6084133.87","","","0.00","","Y","","3/28/2024","9999","","","","9999","","","85","144","0.00",""
"885","464","000104430000002","1","3/28/2024","O","1","M","4/1/2022","6084133.87","4/30/2022","","","","Y","","","9999","","","","9999","","","85","144","",""
"886","465","000104430000002","1","3/28/2024","O","1","M","5/1/2022","6386000.93","8/31/2022","","","","Y","","","9999","","","","9999","","","85","144","",""
"887","466","000104430000002","1","3/28/2024","O","1","M","9/1/2022","6478590.43","10/31/2022","","","","Y","","","9999","","","","9999","","","85","144","",""
"888","467","000104430000002","1","3/28/2024","O","1","M","11/1/2022","7110583.29","11/30/2022","","","","Y","","","9999","","","","9999","","","85","144","",""
"889","468","000104430000002","1","3/28/2024","O","1","M","12/1/2022","7276951.59","4/30/2023","","","","Y","","","9999","","","","9999","","","85","144","",""
"890","469","000104430000002","1","3/28/2024","O","1","M","5/1/2023","7918743.82","6/30/2023","","","","Y","","","9999","","","","9999","","","85","144","",""
"891","470","000104430000002","1","3/28/2024","O","1","M","7/1/2023","8255557.39","7/31/2023","","","","Y","","","9999","","","","9999","","","85","144","",""
"892","471","000104430000002","1","3/28/2024","O","1","M","8/1/2023","8570774.62","8/31/2023","","","","Y","","","9999","","","","9999","","","85","144","",""
"893","472","000104430000002","1","3/28/2024","O","1","M","9/1/2023","8741296.53","9/30/2023","","","","Y","","","9999","","","","9999","","","85","144","",""
"894","473","000104430000002","1","3/28/2024","O","1","M","10/1/2023","8765658.60","11/30/2023","","","","Y","","","9999","","","","9999","","","85","144","",""
"895","474","000104430000002","1","3/28/2024","O","1","M","12/1/2023","8789898.36","1/31/2024","","","","Y","","","9999","","","","9999","","","85","144","",""
"896","475","000104430000002","1","3/28/2024","O","1","M","2/1/2024","9104706.07","4/30/2024","","","","Y","","","9999","","","","9999","","","85","144","",""
"897","514","000104430000002","1","5/31/2024","I","1","M","5/1/2024","9128825.00","","","0.00","","Y","N26","5/31/2024","9999","0-1-18/06/2024-11:56:34-192.167.001.034","","","","","","","144","9128825.00",""
"898","1207","000104430000002","1","3/28/2024","O","1","M","4/4/2020","7813563.00","6/3/2020","","","","N","","","9999","","","","9999","","","85","144","",""
"899","1208","000104430000002","1","3/28/2024","O","1","M","5/1/2022","6386000.93","8/31/2022","","","","Y","","","9999","","","","9999","","","85","144","",""
"900","1209","000104430000002","1","3/28/2024","O","1","M","9/1/2022","6478590.43","10/31/2022","","","","Y","","","9999","","","","9999","","","85","144","",""
"901","1210","000104430000002","1","3/28/2024","O","1","M","11/1/2022","7110583.29","11/30/2022","","","","Y","","","9999","","","","9999","","","85","144","",""
"902","1211","000104430000002","1","3/28/2024","O","1","M","12/1/2022","7276951.59","4/30/2023","","","","Y","","","9999","","","","9999","","","85","144","",""
"903","1212","000104430000002","1","3/28/2024","O","1","M","5/1/2023","7918743.82","6/30/2023","","","","Y","","","9999","","","","9999","","","85","144","",""
"904","1213","000104430000002","1","3/28/2024","O","1","M","7/1/2023","8255557.39","7/31/2023","","","","Y","","","9999","","","","9999","","","85","144","",""
"905","1214","000104430000002","1","3/28/2024","O","1","M","8/1/2023","8570774.62","8/31/2023","","","","Y","","","9999","","","","9999","","","85","144","",""
"906","1215","000104430000002","1","3/28/2024","O","1","M","9/1/2023","8741296.53","9/30/2023","","","","Y","","","9999","","","","9999","","","85","144","",""
"907","1216","000104430000002","1","3/28/2024","O","1","M","10/1/2023","8765658.60","11/30/2023","","","","Y","","","9999","","","","9999","","","85","144","",""
"908","1217","000104430000002","1","3/28/2024","O","1","M","12/1/2023","8789898.36","1/31/2024","","","","Y","","","9999","","","","9999","","","85","144","",""
"909","1218","000104430000002","1","3/28/2024","O","1","M","2/1/2024","9104706.07","4/30/2024","","","","Y","","","9999","","","","9999","","","85","144","",""
"910","1219","000104430000002","1","3/28/2024","O","1","M","5/1/2024","9128824.74","5/31/2024","","","","Y","","","9999","","","","9999","","","85","144","",""
"911","1220","000104430000002","1","3/28/2024","O","1","M","6/1/2024","9152886.19","6/30/2024","","","","Y","","","9999","","","","9999","","","85","144","",""
"912","1221","000104430000002","1","3/28/2024","O","1","M","7/1/2024","9224945.22","4/30/2025","","","","Y","","","9999","","","","9999","","","85","144","",""
"913","2136","000104430000002","1","5/9/2025","I","1","M","5/1/2025","9411304.00","5/31/2025","","0.00","","Y","N32","5/9/2025","16","0-1-09/05/2025-15:27:41-192.168.002.001","","","","","","","107","9411304.00",""
"914","2569","000104430000002","1","6/10/2025","I","1","M","6/1/2025","9390589.00","8/31/2025","","0.00","","Y","N2","6/10/2025","51","0-1-10/06/2025-14:00:08-192.168.002.001","","","","","","","106","9390589.00",""
"915","8843","000104430000002","1","5/13/2020","I","1","M","6/4/2020","7790794.00","","","0.00","","Y","","5/13/2020","55555","","","","","","","","58","7790794.00",""
"916","8844","000104430000002","1","5/29/2020","I","1","M","6/4/2020","7790794.00","9/3/2020","","0.00","","N","","5/29/2020","55555","","","","","","","","58","7790794.00",""
"917","8845","000104430000002","1","9/1/2020","I","1","M","9/4/2020","7795808.00","11/3/2020","","0.00","","N","","9/1/2020","55555","","","","","","","","55","7795808.00",""
"918","8846","000104430000002","1","10/13/2020","I","1","M","11/4/2020","7675428.00","4/3/2021","","0.00","","N","","10/13/2020","55555","","","","","","","","53","7675428.00",""
"919","8847","000104430000002","1","3/11/2021","I","1","M","4/4/2021","7468814.00","5/3/2021","","0.00","","N","","3/11/2021","55555","","","","","","","","48","7468814.00",""
"920","8848","000104430000002","1","4/7/2021","I","1","M","5/4/2021","7465526.00","12/3/2021","","0.00","","N","","4/7/2021","55555","","","","","","","","47","7465526.00",""
"921","8849","000104430000002","1","11/25/2021","I","1","M","12/4/2021","7461216.00","6/3/2022","","0.00","","N","","11/25/2021","55555","","","","","","","","40","7461216.00",""
"922","8850","000104430000002","1","5/18/2022","I","1","M","6/4/2022","7434908.00","7/3/2022","","0.00","","N","","5/18/2022","55555","","","","","","","","34","7434908.00",""
"923","8851","000104430000002","1","7/4/2022","I","1","M","7/4/2022","7593986.00","9/3/2022","","0.00","","N","","7/4/2022","55555","","","","","","","","33","7593986.00",""
"924","8852","000104430000002","1","8/16/2022","I","1","M","9/4/2022","7467964.00","10/3/2022","","0.00","","N","","8/16/2022","55555","","","","","","","","31","7467964.00",""
"925","8853","000104430000002","1","9/14/2022","I","1","M","10/4/2022","7462760.00","11/3/2022","","0.00","","N","","9/14/2022","55555","","","","","","","","30","7462760.00",""
"926","8854","000104430000002","1","10/19/2022","I","1","M","11/4/2022","7457420.00","3/3/2023","","0.00","","N","","10/19/2022","55555","","","","","","","","29","7457420.00",""
"927","8855","000104430000002","1","2/13/2023","I","1","M","3/4/2023","7687084.00","4/3/2024","","0.00","","N","","2/13/2023","55555","","","","","","","","25","7687084.00",""
"928","8856","000104430000002","1","3/25/2024","I","1","M","4/4/2024","7778418.00","8/3/2024","","0.00","","N","","3/25/2024","55555","","","","","","","","12","7778418.00",""
"929","8857","000104430000002","1","7/16/2024","I","1","M","8/4/2024","7665546.00","9/3/2024","","0.00","","N","","7/16/2024","55555","","","","","","","","8","7665546.00",""
"930","8858","000104430000002","1","8/14/2024","I","1","M","9/4/2024","7634492.00","10/3/2024","","0.00","","N","","8/14/2024","55555","","","","","","","","7","7634492.00",""
"931","8859","000104430000002","1","9/16/2024","I","1","M","10/4/2024","7607312.00","1/3/2025","","0.00","","N","","9/16/2024","55555","","","","","","","","6","7607312.00",""
"932","8860","000104430000002","1","12/9/2024","I","1","M","1/4/2025","7393764.00","","","0.00","","Y","","12/9/2024","55555","","","","","","","","3","7393764.00",""
"933","8861","000104430000002","1","12/10/2024","I","1","M","1/4/2025","7392572.00","4/3/2025","","0.00","","N","","12/10/2024","55555","","","","","","","","3","7392572.00",""
"934","8862","000104430000002","1","4/14/2025","I","1","M","4/4/2025","0.00","4/3/2025","","0.00","","N","","4/14/2025","55555","","","","","","","","0","0.00",""
"935","8863","000104430000002","1","4/16/2025","I","1","M","4/4/2025","0.00","4/3/2025","","0.00","","N","","4/16/2025","55555","","","","","","","","0","0.00",""
"936","8864","000104430000002","1","4/17/2025","I","1","M","4/4/2025","0.00","4/3/2025","","0.00","","N","","4/17/2025","55555","","","","","","","","0","0.00",""
"937","8865","000104430000002","1","4/22/2025","I","1","M","4/4/2025","0.00","4/3/2025","","0.00","","N","","4/22/2025","55555","","","","","","","","0","0.00",""
"938","8866","000104430000002","1","4/23/2025","I","1","M","4/4/2025","0.00","4/3/2025","","0.00","","N","","4/23/2025","55555","","","","","","","","0","0.00",""
"939","8867","000104430000002","1","4/30/2025","I","1","M","4/4/2025","0.00","4/3/2025","","0.00","","N","","4/30/2025","55555","","","","","","","","0","0.00",""
"940","8868","000104430000002","1","5/19/2025","I","1","M","4/4/2025","0.00","4/3/2025","","0.00","","N","","5/19/2025","55555","","","","","","","","0","0.00",""
"941","8869","000104430000002","1","5/22/2025","I","1","M","4/4/2025","0.00","4/3/2025","","0.00","","N","","5/22/2025","55555","","","","","","","","0","0.00",""
"942","8870","000104430000002","1","5/27/2025","I","1","M","4/4/2025","0.00","4/3/2025","","0.00","","N","","5/27/2025","55555","","","","","","","","0","0.00",""
"943","8871","000104430000002","1","5/28/2025","I","1","M","4/4/2025","0.00","4/3/2025","","0.00","","N","","5/28/2025","55555","","","","","","","","0","0.00",""
"944","8872","000104430000002","1","6/5/2025","I","1","M","4/4/2025","0.00","4/3/2025","","0.00","","N","","6/5/2025","55555","","","","","","","","0","0.00",""
"945","8873","000104430000002","1","6/16/2025","I","1","M","4/4/2025","0.00","4/3/2025","","0.00","","N","","6/16/2025","55555","","","","","","","","0","0.00",""
"946","8874","000104430000002","1","7/8/2025","I","1","M","4/4/2025","0.00","4/3/2025","","0.00","","N","","7/8/2025","55555","","","","","","","","0","0.00",""
"947","8875","000104430000002","1","7/15/2025","I","1","M","4/4/2025","0.00","4/3/2025","","0.00","","N","","7/15/2025","55555","","","","","","","","0","0.00",""
"948","8876","000104430000002","1","7/16/2025","I","1","M","4/4/2025","0.00","4/3/2025","","0.00","","N","","7/16/2025","55555","","","","","","","","0","0.00",""
"949","8877","000104430000002","1","7/23/2025","I","1","M","4/4/2025","0.00","4/3/2025","","0.00","","N","","7/23/2025","55555","","","","","","","","0","0.00",""
"950","8878","000104430000002","1","9/3/2025","I","1","M","4/4/2025","0.00","4/3/2025","","0.00","","N","","9/3/2025","55555","","","","","","","","0","0.00",""
"951","8879","000104430000002","1","10/1/2025","I","1","M","4/4/2025","0.00","4/3/2025","","0.00","","N","","10/1/2025","55555","","","","","","","","0","0.00",""
"952","8880","000104430000002","1","11/1/2025","I","1","M","4/4/2025","0.00","","","0.00","","N","","11/1/2025","55555","","","","","","","","0","0.00",""
"953","17","000104430000004","1","3/28/2024","O","1","M","1/1/2022","15783705.73","","","0.00","","Y","","3/28/2024","9999","","","","9999","","","70","24","0.00",""
"954","476","000104430000004","1","3/28/2024","O","1","M","1/1/2022","15783705.73","4/30/2022","","","","Y","","","9999","","","","9999","","","70","24","",""
"955","477","000104430000004","1","3/28/2024","O","1","M","5/1/2022","15951457.16","6/30/2022","","","","Y","","","9999","","","","9999","","","70","24","",""
"956","478","000104430000004","1","3/28/2024","O","1","M","7/1/2022","0.00","","","","","Y","","","9999","","","","9999","","","70","24","",""
"957","1222","000104430000004","1","3/28/2024","O","1","M","5/25/2022","98778207.00","","","","","N","","","9999","","","","9999","","","70","24","",""
"958","1223","000104430000004","1","3/28/2024","O","1","M","5/1/2022","15951457.16","6/30/2022","","","","Y","","","9999","","","","9999","","","70","24","",""
"959","1224","000104430000004","1","3/28/2024","O","1","M","7/1/2022","0.00","","","","","Y","","","9999","","","","9999","","","70","24","",""
"960","18","000104430000008","1","3/28/2024","O","1","M","11/1/2021","13732855.34","","","0.00","","Y","","3/28/2024","9999","","","","9999","","","71","60","0.00",""
"961","479","000104430000008","1","3/28/2024","O","1","M","11/1/2021","14150583.00","4/30/2022","","","","N","","","9999","","","","9999","","","71","60","",""
"962","480","000104430000008","1","3/28/2024","O","1","M","5/1/2022","14173626.15","8/31/2022","","","","N","","","9999","","","","9999","","","71","60","",""
"963","481","000104430000008","1","3/28/2024","O","1","M","9/1/2022","13732855.34","10/31/2022","","","","N","","","9999","","","","9999","","","71","60","",""
"964","482","000104430000008","1","3/28/2024","O","1","M","11/1/2022","14269496.97","11/30/2022","","","","N","","","9999","","","","9999","","","71","60","",""
"965","483","000104430000008","1","3/28/2024","O","1","M","12/1/2022","14407334.94","4/30/2023","","","","N","","","9999","","","","9999","","","71","60","",""
"966","484","000104430000008","1","3/28/2024","O","1","M","5/1/2023","14882922.06","7/31/2023","","","","N","","","9999","","","","9999","","","71","60","",""
"967","485","000104430000008","1","3/28/2024","O","1","M","8/1/2023","15346278.98","8/31/2023","","","","N","","","9999","","","","9999","","","71","60","",""
"968","486","000104430000008","1","3/28/2024","O","1","M","9/1/2023","15459563.01","9/30/2023","","","","N","","","9999","","","","9999","","","71","60","",""
"969","487","000104430000008","1","3/28/2024","O","1","M","10/1/2023","15475294.59","11/30/2023","","","","N","","","9999","","","","9999","","","71","60","",""
"970","488","000104430000008","1","3/28/2024","O","1","M","12/1/2023","15490042.69","1/31/2024","","","","N","","","9999","","","","9999","","","71","60","",""
"971","489","000104430000008","1","3/28/2024","O","1","M","2/1/2024","15669225.52","4/30/2024","","","","N","","","9999","","","","9999","","","71","60","",""
"972","533","000104430000008","1","5/31/2024","I","1","M","5/1/2024","15681497.00","","","0.00","","N","N37","5/31/2024","9998","0-1-19/06/2024-15:05:23-192.167.001.034","","","","","","","20","15681497.00",""
"973","19","000104430000021","1","3/28/2024","O","1","M","7/1/2023","12492.69","","","0.00","","Y","","3/28/2024","9999","","","","9999","","","36","72","0.00",""
"974","490","000104430000021","1","3/28/2024","O","1","M","3/11/2022","0.00","6/30/2023","","","","Y","","","9999","","","","9999","","","36","72","",""
"975","491","000104430000021","1","3/28/2024","O","1","M","7/1/2023","12492.69","4/30/2024","","","","N","","","9999","","","","9999","","","36","72","",""
"976","612","000104430000021","1","5/31/2024","I","1","M","5/1/2024","14452.00","","","0.00","","N","N54","5/31/2024","18","0-1-20/06/2024-10:52:23-192.167.001.145","","","","","","","72","14452.00",""
"977","20","000104430000054","1","3/28/2024","O","1","M","8/1/2023","8975967.08","","","0.00","","Y","","3/28/2024","9999","","","","9999","","","30","48","0.00",""
"978","492","000104430000054","1","3/28/2024","O","1","M","1/26/2023","0.00","7/31/2023","","","","Y","","","9999","","","","9999","","","30","48","",""
"979","493","000104430000054","1","3/28/2024","O","1","M","8/1/2023","8975967.08","8/31/2023","","","","Y","","","9999","","","","9999","","","30","48","",""
"980","494","000104430000054","1","3/28/2024","O","1","M","9/1/2023","9065666.30","9/30/2023","","","","Y","","","9999","","","","9999","","","30","48","",""
"981","495","000104430000054","1","3/28/2024","O","1","M","10/1/2023","9078273.10","11/30/2023","","","","Y","","","9999","","","","9999","","","30","48","",""
"982","496","000104430000054","1","3/28/2024","O","1","M","12/1/2023","9090391.50","1/31/2024","","","","Y","","","9999","","","","9999","","","30","48","",""
"983","497","000104430000054","1","3/28/2024","O","1","M","2/1/2024","9242022.60","4/30/2024","","","","Y","","","9999","","","","9999","","","30","48","",""
"984","611","000104430000054","1","5/31/2024","I","1","M","5/1/2024","8441558.00","","","0.00","","Y","N54","5/31/2024","18","0-1-20/06/2024-10:52:23-192.167.001.145","","","","","","","48","8441558.00",""
"985","1225","000104430000054","1","3/28/2024","O","1","M","11/19/2022","6290363.00","2/18/2023","","","","N","","","9999","","","","9999","","","30","48","",""
"986","1226","000104430000054","1","3/28/2024","O","1","M","8/1/2023","8975967.08","8/31/2023","","","","Y","","","9999","","","","9999","","","30","48","",""
"987","1227","000104430000054","1","3/28/2024","O","1","M","9/1/2023","9065666.30","9/30/2023","","","","Y","","","9999","","","","9999","","","30","48","",""
"988","1228","000104430000054","1","3/28/2024","O","1","M","10/1/2023","9078273.10","11/30/2023","","","","Y","","","9999","","","","9999","","","30","48","",""
"989","1229","000104430000054","1","3/28/2024","O","1","M","12/1/2023","9090391.50","1/31/2024","","","","Y","","","9999","","","","9999","","","30","48","",""
"990","1230","000104430000054","1","3/28/2024","O","1","M","2/1/2024","9242022.60","4/30/2024","","","","Y","","","9999","","","","9999","","","30","48","",""
"991","1231","000104430000054","1","3/28/2024","O","1","M","5/1/2024","9252955.13","5/31/2024","","","","Y","","","9999","","","","9999","","","30","48","",""
"992","1232","000104430000054","1","3/28/2024","O","1","M","6/1/2024","9263626.52","6/30/2024","","","","Y","","","9999","","","","9999","","","30","48","",""
"993","1233","000104430000054","1","3/28/2024","O","1","M","7/1/2024","9294865.34","5/31/2025","","","","Y","","","9999","","","","9999","","","30","48","",""
"994","2568","000104430000054","1","6/10/2025","I","1","M","6/1/2025","8401124.00","8/31/2025","","0.00","","Y","N2","6/10/2025","51","0-1-10/06/2025-14:00:08-192.168.002.001","","","","","","","20","8401124.00",""
"995","9240","000104430000054","1","2/13/2023","I","1","M","2/19/2023","6633202.00","4/18/2024","","0.00","","N","","2/13/2023","55555","","","","","","","","45","6633202.00",""
"996","9241","000104430000054","1","3/25/2024","I","1","M","4/19/2024","7019690.00","7/18/2024","","0.00","","N","","3/25/2024","55555","","","","","","","","31","7019690.00",""
"997","9242","000104430000054","1","7/16/2024","I","1","M","7/19/2024","6996290.00","8/18/2024","","0.00","","N","","7/16/2024","55555","","","","","","","","28","6996290.00",""
"998","9243","000104430000054","1","8/14/2024","I","1","M","8/19/2024","6915508.00","9/18/2024","","0.00","","N","","8/14/2024","55555","","","","","","","","27","6915508.00",""
"999","9244","000104430000054","1","9/16/2024","I","1","M","9/19/2024","6862456.00","12/18/2024","","0.00","","N","","9/16/2024","55555","","","","","","","","26","6862456.00",""
"1000","9245","000104430000054","1","12/9/2024","I","1","M","12/19/2024","6748360.00","","","0.00","","Y","","12/9/2024","55555","","","","","","","","23","6748360.00",""
"1001","9246","000104430000054","1","12/10/2024","I","1","M","12/19/2024","6742452.00","4/18/2025","","0.00","","N","","12/10/2024","55555","","","","","","","","23","6742452.00",""
"1002","9247","000104430000054","1","4/14/2025","I","1","M","4/19/2025","6597816.00","","","0.00","","Y","","4/14/2025","55555","","","","","","","","19","6597816.00",""
"1003","9248","000104430000054","1","4/16/2025","I","1","M","4/19/2025","6597816.00","","","0.00","","Y","","4/16/2025","55555","","","","","","","","19","6597816.00",""
"1004","9249","000104430000054","1","4/17/2025","I","1","M","4/19/2025","6597816.00","5/18/2025","","0.00","","N","","4/17/2025","55555","","","","","","","","19","6597816.00",""
"1005","9250","000104430000054","1","4/22/2025","I","1","M","5/19/2025","6520972.00","","","0.00","","Y","","4/22/2025","55555","","","","","","","","18","6520972.00",""
"1006","9251","000104430000054","1","4/23/2025","I","1","M","5/19/2025","6520972.00","","","0.00","","Y","","4/23/2025","55555","","","","","","","","18","6520972.00",""
"1007","9252","000104430000054","1","4/30/2025","I","1","M","5/19/2025","6520972.00","","","0.00","","Y","","4/30/2025","55555","","","","","","","","18","6520972.00",""
"1008","9253","000104430000054","1","5/19/2025","I","1","M","5/19/2025","6520972.00","6/18/2025","","0.00","","N","","5/19/2025","55555","","","","","","","","18","6520972.00",""
"1009","9254","000104430000054","1","5/22/2025","I","1","M","6/19/2025","6444194.00","","","0.00","","Y","","5/22/2025","55555","","","","","","","","17","6444194.00",""
"1010","9255","000104430000054","1","5/27/2025","I","1","M","6/19/2025","6448558.00","","","0.00","","Y","","5/27/2025","55555","","","","","","","","17","6448558.00",""
"1011","9256","000104430000054","1","5/28/2025","I","1","M","6/19/2025","6448558.00","","","0.00","","Y","","5/28/2025","55555","","","","","","","","17","6448558.00",""
"1012","9257","000104430000054","1","6/5/2025","I","1","M","6/19/2025","6448558.00","","","0.00","","Y","","6/5/2025","55555","","","","","","","","17","6448558.00",""
"1013","9258","000104430000054","1","6/16/2025","I","1","M","6/19/2025","6444194.00","7/18/2025","","0.00","","N","","6/16/2025","55555","","","","","","","","17","6444194.00",""
"1014","9259","000104430000054","1","7/8/2025","I","1","M","7/19/2025","6376526.00","","","0.00","","Y","","7/8/2025","55555","","","","","","","","16","6376526.00",""
"1015","9260","000104430000054","1","7/15/2025","I","1","M","7/19/2025","6376526.00","","","0.00","","Y","","7/15/2025","55555","","","","","","","","16","6376526.00",""
"1016","9261","000104430000054","1","7/16/2025","I","1","M","7/19/2025","6376526.00","8/18/2025","","0.00","","N","","7/16/2025","55555","","","","","","","","16","6376526.00",""
"1017","9262","000104430000054","1","7/23/2025","I","1","M","8/19/2025","6299900.00","9/18/2025","","0.00","","N","","7/23/2025","55555","","","","","","","","15","6299900.00",""
"1018","9263","000104430000054","1","9/3/2025","I","1","M","9/19/2025","6284660.00","10/18/2025","","0.00","","N","","9/3/2025","55555","","","","","","","","14","6284660.00",""
"1019","9264","000104430000054","1","10/1/2025","I","1","M","10/19/2025","6212300.00","11/18/2025","","0.00","","N","","10/1/2025","55555","","","","","","","","13","6212300.00",""
"1020","9265","000104430000054","1","11/1/2025","I","1","M","11/19/2025","6133746.00","2/18/2026","","0.00","","N","","11/1/2025","55555","","","","","","","","12","6133746.00",""
"1021","9351","000104430000054","1","2/4/2026","I","1","M","2/19/2026","17072263.00","","","0.00","","Y","N9","2/4/2026","55555","","","","","","","","8","17072263.00",""
"1022","9376","000104430000054","1","2/26/2026","I","1","M","2/19/2026","6642987.00","3/18/2026","","0.00","","N","N3","2/26/2026","9999","","","","","","","","8","6642987.00",""
"1023","9410","000104430000054","1","3/5/2026","I","1","M","3/19/2026","6512432.00","5/18/2026","","0.00","","N","N2","3/9/2026","51","0-1-09/03/2026-14:35:39-192.168.002.001","","","","","","","7","6539294.00",""
"1024","9433","000104430000054","1","4/20/2026","I","1","M","5/19/2026","6359600.00","6/18/2026","","0.00","","N","N2","5/6/2026","51","0-1-23/04/2026-09:51:19-192.168.002.001","","","","","","","5","6359788.00",""
"1025","9463","000104430000054","1","6/3/2026","I","1","M","6/19/2026","6317859.00","7/18/2026","","0.00","","N","N2","6/3/2026","51","0-1-12/06/2026-17:50:15-172.016.016.016","","","","","","","4","6317859.00",""
"1026","9483","000104430000054","1","7/3/2026","I","1","M","7/19/2026","6189017.00","8/18/2026","","0.00","","N","N2","7/3/2026","52","0-1-09/07/2026-10:33:22-192.168.002.001","","","","","","","3","6189017.00",""
"1027","9500","000104430000054","1","8/5/2026","I","1","M","8/19/2026","6102227.00","9/18/2026","","0.00","","N","N2","8/5/2026","51","0-1-10/08/2026-12:01:30-192.168.002.001","","","","","","","2","6102227.00",""
"1028","9519","000104430000054","1","9/3/2026","I","1","M","9/19/2026","5985609.00","","","0.00","","N","N2","9/3/2026","52","0-1-10/09/2026-17:36:32-192.168.002.001","","","","","","","1","5985609.00",""
"1029","616","000104430000055","1","6/3/2024","O","1","M","7/2/2024","0.00","","","0.00","Installment Details through Disbursement","Y","N1","6/3/2024","18","0-1-15/07/2024-15:21:55-192.167.001.102","18","0-1-15/07/2024-15:28:55-192.167.001.102","18","0-1-15/07/2024-15:28:55-192.167.001.102","10373","336","84","0.00","7/3/2024"
"1030","617","000104430000055","1","6/3/2024","O","1","M","7/2/2024","0.00","","","0.00","Installment Details through Disbursement","N","N2","6/3/2024","18","0-1-15/07/2024-16:39:39-192.167.001.102","","","16","0-1-15/07/2024-16:42:49-192.167.001.145","10375","337","84","0.00","7/3/2024"
"1031","618","000104430000057","1","6/3/2024","O","1","M","7/2/2024","11376537.00","","","0.00","Installment Details through Disbursement","N","N3","6/3/2024","18","0-1-15/07/2024-16:48:00-192.167.001.102","","","16","0-1-15/07/2024-16:54:59-192.167.001.145","10377","338","60","11376537.00","7/3/2024"
"1032","626","000104430000059","1","6/18/2024","O","1","M","12/1/2024","26840602.43","","","0.00","Installment Details through Disbursement","N","N1","6/18/2024","18","0-1-22/07/2024-12:55:23-192.167.001.102","","","21","0-1-22/07/2024-12:58:07-192.167.001.112","10653","346","60","9090770.00","7/18/2024"
"1033","654","000104430000059","1","6/18/2024","O","0","M","5/13/2024","0.00","","","0.00","","Y","","6/18/2024","9999","","","","9999","","","346","60","0.00",""
"1034","632","000104430000060","1","7/1/2024","O","1","M","7/31/2024","0.00","","","0.00","Installment Details through Disbursement","N","N9","7/1/2024","18","0-1-02/08/2024-15:09:59-192.167.001.102","","","19","0-1-02/08/2024-17:23:05-192.168.001.196","11876","352","10","0.00","8/1/2024"
"1035","1071","000104430000061","1","8/7/2024","O","0","M","2/15/2023","0.00","","","0.00","","Y","","8/7/2024","9999","","","","9999","","","782","24","0.00",""
"1036","1234","000104430000061","1","2/15/2024","O","1","M","2/15/2023","0.00","8/31/2023","","","","Y","","","9999","","","","9999","","","782","24","",""
"1037","1235","000104430000061","1","2/15/2024","O","1","M","3/13/2023","2647482.00","4/12/2024","","","","N","","","9999","","","","9999","","","782","24","",""
"1038","1236","000104430000061","1","2/15/2024","O","1","M","10/1/2023","3653148.30","11/30/2023","","","","Y","","","9999","","","","9999","","","782","24","",""
"1039","1237","000104430000061","1","2/15/2024","O","1","M","12/1/2023","3655403.92","1/31/2024","","","","Y","","","9999","","","","9999","","","782","24","",""
"1040","1238","000104430000061","1","2/15/2024","O","1","M","2/1/2024","3681319.51","4/30/2024","","","","Y","","","9999","","","","9999","","","782","24","",""
"1041","1239","000104430000061","1","2/15/2024","O","1","M","5/1/2024","3682908.52","5/31/2024","","","","Y","","","9999","","","","9999","","","782","24","",""
"1042","1240","000104430000061","1","2/15/2024","O","1","M","6/1/2024","3684359.33","6/30/2024","","","","Y","","","9999","","","","9999","","","782","24","",""
"1043","1241","000104430000061","1","2/15/2024","O","1","M","7/1/2024","3688294.10","","","","","Y","","","9999","","","","9999","","","782","24","",""
"1044","9266","000104430000061","1","3/25/2024","I","1","M","4/13/2024","3115820.00","8/12/2024","","0.00","","N","","3/25/2024","55555","","","","","","","","11","3115820.00",""
"1045","9267","000104430000061","1","7/16/2024","I","1","M","8/13/2024","3062748.00","9/12/2024","","0.00","","N","","7/16/2024","55555","","","","","","","","7","3062748.00",""
"1046","9268","000104430000061","1","8/14/2024","I","1","M","9/13/2024","3047990.00","10/12/2024","","0.00","","N","","8/14/2024","55555","","","","","","","","6","3047990.00",""
"1047","9269","000104430000061","1","9/16/2024","I","1","M","10/13/2024","3033488.00","12/12/2024","","0.00","","N","","9/16/2024","55555","","","","","","","","5","3033488.00",""
"1048","9270","000104430000061","1","12/9/2024","I","1","M","12/13/2024","2975710.00","","","0.00","","Y","","12/9/2024","55555","","","","","","","","3","2975710.00",""
"1049","9271","000104430000061","1","12/10/2024","I","1","M","12/13/2024","2975230.00","3/12/2025","","0.00","","N","","12/10/2024","55555","","","","","","","","3","2975230.00",""
"1050","9272","000104430000061","1","4/14/2025","I","1","M","3/13/2025","0.00","3/12/2025","","0.00","","N","","4/14/2025","55555","","","","","","","","0","0.00",""
"1051","9273","000104430000061","1","4/16/2025","I","1","M","3/13/2025","0.00","3/12/2025","","0.00","","N","","4/16/2025","55555","","","","","","","","0","0.00",""
"1052","9274","000104430000061","1","4/17/2025","I","1","M","3/13/2025","0.00","3/12/2025","","0.00","","N","","4/17/2025","55555","","","","","","","","0","0.00",""
"1053","9275","000104430000061","1","4/22/2025","I","1","M","3/13/2025","0.00","3/12/2025","","0.00","","N","","4/22/2025","55555","","","","","","","","0","0.00",""
"1054","9276","000104430000061","1","4/23/2025","I","1","M","3/13/2025","0.00","3/12/2025","","0.00","","N","","4/23/2025","55555","","","","","","","","0","0.00",""
"1055","9277","000104430000061","1","4/30/2025","I","1","M","3/13/2025","0.00","3/12/2025","","0.00","","N","","4/30/2025","55555","","","","","","","","0","0.00",""
"1056","9278","000104430000061","1","5/19/2025","I","1","M","3/13/2025","0.00","3/12/2025","","0.00","","N","","5/19/2025","55555","","","","","","","","0","0.00",""
"1057","9279","000104430000061","1","5/22/2025","I","1","M","3/13/2025","0.00","3/12/2025","","0.00","","N","","5/22/2025","55555","","","","","","","","0","0.00",""
"1058","9280","000104430000061","1","5/27/2025","I","1","M","3/13/2025","0.00","3/12/2025","","0.00","","N","","5/27/2025","55555","","","","","","","","0","0.00",""
"1059","9281","000104430000061","1","5/28/2025","I","1","M","3/13/2025","0.00","3/12/2025","","0.00","","N","","5/28/2025","55555","","","","","","","","0","0.00",""
"1060","9282","000104430000061","1","6/5/2025","I","1","M","3/13/2025","0.00","3/12/2025","","0.00","","N","","6/5/2025","55555","","","","","","","","0","0.00",""
"1061","9283","000104430000061","1","6/16/2025","I","1","M","3/13/2025","0.00","3/12/2025","","0.00","","N","","6/16/2025","55555","","","","","","","","0","0.00",""
"1062","9284","000104430000061","1","7/8/2025","I","1","M","3/13/2025","0.00","3/12/2025","","0.00","","N","","7/8/2025","55555","","","","","","","","0","0.00",""
"1063","9285","000104430000061","1","7/15/2025","I","1","M","3/13/2025","0.00","3/12/2025","","0.00","","N","","7/15/2025","55555","","","","","","","","0","0.00",""
"1064","9286","000104430000061","1","7/16/2025","I","1","M","3/13/2025","0.00","3/12/2025","","0.00","","N","","7/16/2025","55555","","","","","","","","0","0.00",""
"1065","9287","000104430000061","1","7/23/2025","I","1","M","3/13/2025","0.00","3/12/2025","","0.00","","N","","7/23/2025","55555","","","","","","","","0","0.00",""
"1066","9288","000104430000061","1","9/3/2025","I","1","M","3/13/2025","0.00","3/12/2025","","0.00","","N","","9/3/2025","55555","","","","","","","","0","0.00",""
"1067","9289","000104430000061","1","10/1/2025","I","1","M","3/13/2025","0.00","3/12/2025","","0.00","","N","","10/1/2025","55555","","","","","","","","0","0.00",""
"1068","9290","000104430000061","1","11/1/2025","I","1","M","3/13/2025","0.00","","","0.00","","N","","11/1/2025","55555","","","","","","","","0","0.00",""
"1069","1069","000104430000062","1","5/13/2024","O","1","M","5/13/2024","21441961.00","8/12/2024","","","","N","","1/15/2024","55555","","","","55555","","","781","0","",""
"1070","1070","000104430000062","1","5/13/2024","O","0","M","5/13/2024","0.00","","","0.00","","Y","","5/13/2024","9999","","","","9999","","","781","72","0.00",""
"1071","1388","000104430000062","1","5/13/2024","O","1","M","5/13/2024","0.00","11/30/2024","","","","Y","","","9999","","","","9999","","","781","72","",""
"1072","1389","000104430000062","1","5/13/2024","O","1","M","12/1/2024","26840602.43","4/30/2025","","","","Y","","","9999","","","","9999","","","781","72","",""
"1073","2138","000104430000062","1","5/9/2025","I","1","M","5/1/2025","23544100.00","5/31/2025","","0.00","","Y","N32","5/9/2025","16","0-1-09/05/2025-15:27:41-192.168.002.001","","","","","","","67","23544100.00",""
"1074","2571","000104430000062","1","6/10/2025","I","1","M","6/1/2025","22719446.00","8/31/2025","","0.00","","Y","N2","6/10/2025","51","0-1-10/06/2025-14:00:08-192.168.002.001","","","","","","","66","22719446.00",""
"1075","8410","000104430000062","1","7/16/2024","I","1","M","8/13/2024","20886676.00","9/12/2024","","0.00","","N","","7/16/2024","55555","","","","","","","","57","20886676.00",""
"1076","8411","000104430000062","1","8/14/2024","I","1","M","9/13/2024","20866454.00","10/12/2024","","0.00","","N","","8/14/2024","55555","","","","","","","","56","20866454.00",""
"1077","8412","000104430000062","1","9/16/2024","I","1","M","10/13/2024","20991080.00","12/12/2024","","0.00","","N","","9/16/2024","55555","","","","","","","","55","20991080.00",""
"1078","8413","000104430000062","1","12/9/2024","I","1","M","12/13/2024","20948064.00","","","0.00","","Y","","12/9/2024","55555","","","","","","","","53","20948064.00",""
"1079","8414","000104430000062","1","12/10/2024","I","1","M","12/13/2024","20912764.00","5/12/2025","","0.00","","N","","12/10/2024","55555","","","","","","","","53","20912764.00",""
"1080","8415","000104430000062","1","4/14/2025","I","1","M","5/13/2025","20346930.00","","","0.00","","Y","","4/14/2025","55555","","","","","","","","48","20346930.00",""
"1081","8416","000104430000062","1","4/16/2025","I","1","M","5/13/2025","20346930.00","","","0.00","","Y","","4/16/2025","55555","","","","","","","","48","20346930.00",""
"1082","8417","000104430000062","1","4/17/2025","I","1","M","5/13/2025","20346930.00","","","0.00","","Y","","4/17/2025","55555","","","","","","","","48","20346930.00",""
"1083","8418","000104430000062","1","4/22/2025","I","1","M","5/13/2025","20346930.00","","","0.00","","Y","","4/22/2025","55555","","","","","","","","48","20346930.00",""
"1084","8419","000104430000062","1","4/23/2025","I","1","M","5/13/2025","20346930.00","","","0.00","","Y","","4/23/2025","55555","","","","","","","","48","20346930.00",""
"1085","8420","000104430000062","1","4/30/2025","I","1","M","5/13/2025","20346930.00","6/12/2025","","0.00","","N","","4/30/2025","55555","","","","","","","","48","20346930.00",""
"1086","8421","000104430000062","1","5/19/2025","I","1","M","6/13/2025","20325478.00","","","0.00","","Y","","5/19/2025","55555","","","","","","","","47","20325478.00",""
"1087","8422","000104430000062","1","5/22/2025","I","1","M","6/13/2025","20325478.00","","","0.00","","Y","","5/22/2025","55555","","","","","","","","47","20325478.00",""
"1088","8423","000104430000062","1","5/27/2025","I","1","M","6/13/2025","20357014.00","","","0.00","","Y","","5/27/2025","55555","","","","","","","","47","20357014.00",""
"1089","8424","000104430000062","1","5/28/2025","I","1","M","6/13/2025","20357014.00","","","0.00","","Y","","5/28/2025","55555","","","","","","","","47","20357014.00",""
"1090","8425","000104430000062","1","6/5/2025","I","1","M","6/13/2025","20357014.00","7/12/2025","","0.00","","N","","6/5/2025","55555","","","","","","","","47","20357014.00",""
"1091","8426","000104430000062","1","6/16/2025","I","1","M","7/13/2025","19981826.00","","","0.00","","Y","","6/16/2025","55555","","","","","","","","46","19981826.00",""
"1092","8427","000104430000062","1","7/8/2025","I","1","M","7/13/2025","20042882.00","8/12/2025","","0.00","","N","","7/8/2025","55555","","","","","","","","46","20042882.00",""
"1093","8428","000104430000062","1","7/15/2025","I","1","M","8/13/2025","19701598.00","","","0.00","","Y","","7/15/2025","55555","","","","","","","","45","19701598.00",""
"1094","8429","000104430000062","1","7/16/2025","I","1","M","8/13/2025","19701598.00","","","0.00","","Y","","7/16/2025","55555","","","","","","","","45","19701598.00",""
"1095","8430","000104430000062","1","7/23/2025","I","1","M","8/13/2025","19701598.00","9/12/2025","","0.00","","N","","7/23/2025","55555","","","","","","","","45","19701598.00",""
"1096","8431","000104430000062","1","9/3/2025","I","1","M","9/13/2025","19679928.00","10/12/2025","","0.00","","N","","9/3/2025","55555","","","","","","","","44","19679928.00",""
"1097","8432","000104430000062","1","10/1/2025","I","1","M","10/13/2025","19373342.00","11/12/2025","","0.00","","N","","10/1/2025","55555","","","","","","","","43","19373342.00",""
"1098","8433","000104430000062","1","11/1/2025","I","1","M","11/13/2025","19015682.00","2/12/2026","","0.00","","N","","11/1/2025","55555","","","","","","","","42","19015682.00",""
"1099","9353","000104430000062","1","2/4/2026","I","1","M","2/13/2026","33253952.00","","","0.00","","Y","N9","2/4/2026","55555","","","","","","","","38","33253952.00",""
"1100","9377","000104430000062","1","2/26/2026","I","1","M","2/13/2026","18744560.00","3/12/2026","","0.00","","N","N3","2/26/2026","9999","","","","","","","","38","18744560.00",""
"1101","9412","000104430000062","1","3/5/2026","I","1","M","3/13/2026","17885933.00","5/12/2026","","0.00","","N","N2","3/9/2026","51","0-1-09/03/2026-14:35:39-192.168.002.001","","","","","","","37","18193207.00",""
"1102","9435","000104430000062","1","4/20/2026","I","1","M","5/13/2026","17188865.00","6/12/2026","","0.00","","N","N2","5/6/2026","51","0-1-23/04/2026-09:51:19-192.168.002.001","","","","","","","35","17224591.00",""
"1103","9465","000104430000062","1","6/3/2026","I","1","M","6/13/2026","17129739.00","7/12/2026","","0.00","","N","N2","6/3/2026","51","0-1-12/06/2026-17:50:15-172.016.016.016","","","","","","","34","17129739.00",""
"1104","9485","000104430000062","1","7/3/2026","I","1","M","7/13/2026","16657685.00","8/12/2026","","0.00","","N","N2","7/3/2026","52","0-1-09/07/2026-10:33:22-192.168.002.001","","","","","","","33","16657685.00",""
"1105","9502","000104430000062","1","8/5/2026","I","1","M","8/13/2026","16471330.00","9/12/2026","","0.00","","N","N2","8/5/2026","51","0-1-10/08/2026-12:01:30-192.168.002.001","","","","","","","32","16471330.00",""
"1106","9521","000104430000062","1","9/3/2026","I","1","M","9/13/2026","16300929.00","","","0.00","","N","N2","9/3/2026","52","0-1-10/09/2026-17:36:32-192.168.002.001","","","","","","","31","16300929.00",""
"1107","1535","000104430000064","1","10/29/2024","O","1","M","2/1/2025","1476124.13","","","0.00","Installment Details through Disbursement","Y","N2","10/29/2024","19","0-1-29/10/2024-16:29:37-192.167.001.118","","","18","0-1-29/10/2024-16:41:28-192.167.001.102","26090","891","21","1262356.00","11/29/2024"
"1108","1545","000104430000064","1","11/18/2024","D","1","M","2/1/2025","3659955.00","","","0.00","Installment Details through Disbursement","Y","N1","11/18/2024","19","0-1-20/11/2024-13:45:27-192.167.001.118","","","101","0-1-20/11/2024-13:48:42-192.167.001.036","28497","897","21","3522907.00","2/1/2025"
"1109","2137","000104430000064","1","5/9/2025","I","1","M","5/1/2025","3259479.00","5/31/2025","","0.00","","Y","N32","5/9/2025","16","0-1-09/05/2025-15:27:41-192.168.002.001","","","","","","","18","3259479.00",""
"1110","2570","000104430000064","1","6/10/2025","I","1","M","6/1/2025","3103070.00","8/31/2025","","0.00","","Y","N2","6/10/2025","51","0-1-10/06/2025-14:00:08-192.168.002.001","","","","","","","17","3103070.00",""
"1111","8434","000104430000064","1","12/9/2024","I","1","M","2/1/2025","2873432.00","","","0.00","","Y","","12/9/2024","55555","","","","","","","","24","2873432.00",""
"1112","8435","000104430000064","1","12/10/2024","I","1","M","2/1/2025","2870820.00","4/30/2025","","0.00","","Y","","12/10/2024","55555","","","","","","","","24","2870820.00",""
"1113","8436","000104430000064","1","4/14/2025","I","1","M","5/1/2025","3580906.00","","","0.00","","Y","","4/14/2025","55555","","","","","","","","18","3580906.00",""
"1114","8437","000104430000064","1","4/16/2025","I","1","M","5/1/2025","3580906.00","","","0.00","","Y","","4/16/2025","55555","","","","","","","","18","3580906.00",""
"1115","8438","000104430000064","1","4/17/2025","I","1","M","5/1/2025","3580906.00","","","0.00","","Y","","4/17/2025","55555","","","","","","","","18","3580906.00",""
"1116","8439","000104430000064","1","4/22/2025","I","1","M","5/1/2025","3580906.00","","","0.00","","Y","","4/22/2025","55555","","","","","","","","18","3580906.00",""
"1117","8440","000104430000064","1","4/23/2025","I","1","M","5/1/2025","3580906.00","","","0.00","","Y","","4/23/2025","55555","","","","","","","","18","3580906.00",""
"1118","8441","000104430000064","1","4/30/2025","I","1","M","5/1/2025","3580906.00","5/31/2025","","0.00","","Y","","4/30/2025","55555","","","","","","","","18","3580906.00",""
"1119","8442","000104430000064","1","5/19/2025","I","1","M","6/1/2025","3573656.00","","","0.00","","Y","","5/19/2025","55555","","","","","","","","17","3573656.00",""
"1120","8443","000104430000064","1","5/22/2025","I","1","M","6/1/2025","3573656.00","","","0.00","","Y","","5/22/2025","55555","","","","","","","","17","3573656.00",""
"1121","8444","000104430000064","1","5/27/2025","I","1","M","6/1/2025","3576080.00","","","0.00","","Y","","5/27/2025","55555","","","","","","","","17","3576080.00",""
"1122","8445","000104430000064","1","5/28/2025","I","1","M","6/1/2025","3576080.00","6/30/2025","","0.00","","Y","","5/28/2025","55555","","","","","","","","17","3576080.00",""
"1123","8446","000104430000064","1","6/5/2025","I","1","M","7/1/2025","3568456.00","","","0.00","","Y","","6/5/2025","55555","","","","","","","","16","3568456.00",""
"1124","8447","000104430000064","1","6/16/2025","I","1","M","7/1/2025","3566162.00","7/31/2025","","0.00","","Y","","6/16/2025","55555","","","","","","","","16","3566162.00",""
"1125","8448","000104430000064","1","7/8/2025","I","1","M","8/1/2025","3562512.00","","","0.00","","Y","","7/8/2025","55555","","","","","","","","15","3562512.00",""
"1126","8449","000104430000064","1","7/15/2025","I","1","M","8/1/2025","3562512.00","","","0.00","","Y","","7/15/2025","55555","","","","","","","","15","3562512.00",""
"1127","8450","000104430000064","1","7/16/2025","I","1","M","8/1/2025","3562512.00","","","0.00","","Y","","7/16/2025","55555","","","","","","","","15","3562512.00",""
"1128","8451","000104430000064","1","7/23/2025","I","1","M","8/1/2025","3562512.00","9/30/2025","","0.00","","Y","","7/23/2025","55555","","","","","","","","15","3562512.00",""
"1129","8452","000104430000064","1","9/3/2025","I","1","M","10/1/2025","3544200.00","","","0.00","","Y","","9/3/2025","55555","","","","","","","","13","3544200.00",""
"1130","8453","000104430000064","1","10/1/2025","I","1","M","10/1/2025","3546104.00","10/31/2025","","0.00","","Y","","10/1/2025","55555","","","","","","","","13","3546104.00",""
"1131","8454","000104430000064","1","11/1/2025","I","1","M","11/1/2025","3534680.00","","","0.00","","Y","","11/1/2025","55555","","","","","","","","12","3534680.00",""
"1132","8455","000104430000064","1","12/9/2024","I","1","M","2/1/2025","2873432.00","","","0.00","","Y","","12/9/2024","55555","","","","","","","","24","2873432.00",""
"1133","8456","000104430000064","1","12/10/2024","I","1","M","2/1/2025","2870820.00","","","0.00","","Y","","12/10/2024","55555","","","","","","","","24","2870820.00",""
"1134","8457","000104430000064","1","4/14/2025","I","1","M","5/1/2025","3580906.00","","","0.00","","Y","","4/14/2025","55555","","","","","","","","18","3580906.00",""
"1135","8458","000104430000064","1","4/16/2025","I","1","M","5/1/2025","3580906.00","","","0.00","","Y","","4/16/2025","55555","","","","","","","","18","3580906.00",""
"1136","8459","000104430000064","1","4/17/2025","I","1","M","5/1/2025","3580906.00","","","0.00","","Y","","4/17/2025","55555","","","","","","","","18","3580906.00",""
"1137","8460","000104430000064","1","4/22/2025","I","1","M","5/1/2025","3580906.00","","","0.00","","Y","","4/22/2025","55555","","","","","","","","18","3580906.00",""
"1138","8461","000104430000064","1","4/23/2025","I","1","M","5/1/2025","3580906.00","","","0.00","","Y","","4/23/2025","55555","","","","","","","","18","3580906.00",""
"1139","8462","000104430000064","1","4/30/2025","I","1","M","5/1/2025","3580906.00","5/31/2025","","0.00","","Y","","4/30/2025","55555","","","","","","","","18","3580906.00",""
"1140","8463","000104430000064","1","5/19/2025","I","1","M","6/1/2025","3573656.00","","","0.00","","Y","","5/19/2025","55555","","","","","","","","17","3573656.00",""
"1141","8464","000104430000064","1","5/22/2025","I","1","M","6/1/2025","3573656.00","","","0.00","","Y","","5/22/2025","55555","","","","","","","","17","3573656.00",""
"1142","8465","000104430000064","1","5/27/2025","I","1","M","6/1/2025","3576080.00","","","0.00","","Y","","5/27/2025","55555","","","","","","","","17","3576080.00",""
"1143","8466","000104430000064","1","5/28/2025","I","1","M","6/1/2025","3576080.00","6/30/2025","","0.00","","Y","","5/28/2025","55555","","","","","","","","17","3576080.00",""
"1144","8467","000104430000064","1","6/5/2025","I","1","M","7/1/2025","3568456.00","","","0.00","","Y","","6/5/2025","55555","","","","","","","","16","3568456.00",""
"1145","8468","000104430000064","1","6/16/2025","I","1","M","7/1/2025","3566162.00","7/31/2025","","0.00","","Y","","6/16/2025","55555","","","","","","","","16","3566162.00",""
"1146","8469","000104430000064","1","7/8/2025","I","1","M","8/1/2025","3562512.00","","","0.00","","Y","","7/8/2025","55555","","","","","","","","15","3562512.00",""
"1147","8470","000104430000064","1","7/15/2025","I","1","M","8/1/2025","3562512.00","","","0.00","","Y","","7/15/2025","55555","","","","","","","","15","3562512.00",""
"1148","8471","000104430000064","1","7/16/2025","I","1","M","8/1/2025","3562512.00","","","0.00","","Y","","7/16/2025","55555","","","","","","","","15","3562512.00",""
"1149","8472","000104430000064","1","7/23/2025","I","1","M","8/1/2025","3562512.00","9/30/2025","","0.00","","Y","","7/23/2025","55555","","","","","","","","15","3562512.00",""
"1150","8473","000104430000064","1","9/3/2025","I","1","M","10/1/2025","3544200.00","","","0.00","","Y","","9/3/2025","55555","","","","","","","","13","3544200.00",""
"1151","8474","000104430000064","1","10/1/2025","I","1","M","10/1/2025","3546104.00","10/31/2025","","0.00","","Y","","10/1/2025","55555","","","","","","","","13","3546104.00",""
"1152","8475","000104430000064","1","11/1/2025","I","1","M","11/1/2025","3534680.00","","","0.00","","Y","","11/1/2025","55555","","","","","","","","12","3534680.00",""
"1153","8496","000104430000064","1","12/9/2024","I","1","M","2/1/2025","2870820.00","","","0.00","","Y","","12/9/2024","55555","","","","","","","","24","2870820.00",""
"1154","8497","000104430000064","1","12/10/2024","I","1","M","2/1/2025","2870820.00","","","0.00","","Y","","12/10/2024","55555","","","","","","","","24","2870820.00",""
"1155","8498","000104430000064","1","4/14/2025","I","1","M","5/1/2025","3580906.00","","","0.00","","Y","","4/14/2025","55555","","","","","","","","18","3580906.00",""
"1156","8499","000104430000064","1","4/16/2025","I","1","M","5/1/2025","3580906.00","","","0.00","","Y","","4/16/2025","55555","","","","","","","","18","3580906.00",""
"1157","8500","000104430000064","1","4/17/2025","I","1","M","5/1/2025","3580906.00","","","0.00","","Y","","4/17/2025","55555","","","","","","","","18","3580906.00",""
"1158","8501","000104430000064","1","4/22/2025","I","1","M","5/1/2025","3580906.00","","","0.00","","Y","","4/22/2025","55555","","","","","","","","18","3580906.00",""
"1159","8502","000104430000064","1","4/23/2025","I","1","M","5/1/2025","3580906.00","","","0.00","","Y","","4/23/2025","55555","","","","","","","","18","3580906.00",""
"1160","8503","000104430000064","1","4/30/2025","I","1","M","5/1/2025","3580906.00","5/31/2025","","0.00","","Y","","4/30/2025","55555","","","","","","","","18","3580906.00",""
"1161","8504","000104430000064","1","5/19/2025","I","1","M","6/1/2025","3573656.00","","","0.00","","Y","","5/19/2025","55555","","","","","","","","17","3573656.00",""
"1162","8505","000104430000064","1","5/22/2025","I","1","M","6/1/2025","3573656.00","","","0.00","","Y","","5/22/2025","55555","","","","","","","","17","3573656.00",""
"1163","8506","000104430000064","1","5/27/2025","I","1","M","6/1/2025","3576080.00","","","0.00","","Y","","5/27/2025","55555","","","","","","","","17","3576080.00",""
"1164","8507","000104430000064","1","5/28/2025","I","1","M","6/1/2025","3576080.00","6/30/2025","","0.00","","Y","","5/28/2025","55555","","","","","","","","17","3576080.00",""
"1165","8508","000104430000064","1","6/5/2025","I","1","M","7/1/2025","3568456.00","","","0.00","","Y","","6/5/2025","55555","","","","","","","","16","3568456.00",""
"1166","8509","000104430000064","1","6/16/2025","I","1","M","7/1/2025","3566162.00","7/31/2025","","0.00","","Y","","6/16/2025","55555","","","","","","","","16","3566162.00",""
"1167","8510","000104430000064","1","7/8/2025","I","1","M","8/1/2025","3562512.00","","","0.00","","Y","","7/8/2025","55555","","","","","","","","15","3562512.00",""
"1168","8511","000104430000064","1","7/15/2025","I","1","M","8/1/2025","3562512.00","","","0.00","","Y","","7/15/2025","55555","","","","","","","","15","3562512.00",""
"1169","8512","000104430000064","1","7/16/2025","I","1","M","8/1/2025","3562512.00","","","0.00","","Y","","7/16/2025","55555","","","","","","","","15","3562512.00",""
"1170","8513","000104430000064","1","7/23/2025","I","1","M","8/1/2025","3562512.00","9/30/2025","","0.00","","Y","","7/23/2025","55555","","","","","","","","15","3562512.00",""
"1171","8514","000104430000064","1","9/3/2025","I","1","M","10/1/2025","3544200.00","","","0.00","","Y","","9/3/2025","55555","","","","","","","","13","3544200.00",""
"1172","8515","000104430000064","1","10/1/2025","I","1","M","10/1/2025","3546104.00","10/31/2025","","0.00","","Y","","10/1/2025","55555","","","","","","","","13","3546104.00",""
"1173","8516","000104430000064","1","11/1/2025","I","1","M","11/1/2025","3534680.00","","","0.00","","Y","","11/1/2025","55555","","","","","","","","12","3534680.00",""
"1174","8517","000104430000064","1","12/9/2024","I","1","M","2/1/2025","2873432.00","","","0.00","","Y","","12/9/2024","55555","","","","","","","","24","2873432.00",""
"1175","8518","000104430000064","1","12/10/2024","I","1","M","2/1/2025","3659955.00","","","0.00","","Y","","12/10/2024","55555","","","","","","","","24","2870820.00",""
"1176","8519","000104430000064","1","4/14/2025","I","1","M","5/1/2025","3580906.00","","","0.00","","Y","","4/14/2025","55555","","","","","","","","18","3580906.00",""
"1177","8520","000104430000064","1","4/16/2025","I","1","M","5/1/2025","3580906.00","","","0.00","","Y","","4/16/2025","55555","","","","","","","","18","3580906.00",""
"1178","8521","000104430000064","1","4/17/2025","I","1","M","5/1/2025","3580906.00","","","0.00","","Y","","4/17/2025","55555","","","","","","","","18","3580906.00",""
"1179","8522","000104430000064","1","4/22/2025","I","1","M","5/1/2025","3580906.00","","","0.00","","Y","","4/22/2025","55555","","","","","","","","18","3580906.00",""
"1180","8523","000104430000064","1","4/23/2025","I","1","M","5/1/2025","3580906.00","","","0.00","","Y","","4/23/2025","55555","","","","","","","","18","3580906.00",""
"1181","8524","000104430000064","1","4/30/2025","I","1","M","5/1/2025","3580906.00","5/31/2025","","0.00","","Y","","4/30/2025","55555","","","","","","","","18","3580906.00",""
"1182","8525","000104430000064","1","5/19/2025","I","1","M","6/1/2025","3573656.00","","","0.00","","Y","","5/19/2025","55555","","","","","","","","17","3573656.00",""
"1183","8526","000104430000064","1","5/22/2025","I","1","M","6/1/2025","3573656.00","","","0.00","","Y","","5/22/2025","55555","","","","","","","","17","3573656.00",""
"1184","8527","000104430000064","1","5/27/2025","I","1","M","6/1/2025","3576080.00","","","0.00","","Y","","5/27/2025","55555","","","","","","","","17","3576080.00",""
"1185","8528","000104430000064","1","5/28/2025","I","1","M","6/1/2025","3576080.00","6/30/2025","","0.00","","Y","","5/28/2025","55555","","","","","","","","17","3576080.00",""
"1186","8529","000104430000064","1","6/5/2025","I","1","M","7/1/2025","3568456.00","","","0.00","","Y","","6/5/2025","55555","","","","","","","","16","3568456.00",""
"1187","8530","000104430000064","1","6/16/2025","I","1","M","7/1/2025","3566162.00","7/31/2025","","0.00","","Y","","6/16/2025","55555","","","","","","","","16","3566162.00",""
"1188","8531","000104430000064","1","7/8/2025","I","1","M","8/1/2025","3562512.00","","","0.00","","Y","","7/8/2025","55555","","","","","","","","15","3562512.00",""
"1189","8532","000104430000064","1","7/15/2025","I","1","M","8/1/2025","3562512.00","","","0.00","","Y","","7/15/2025","55555","","","","","","","","15","3562512.00",""
"1190","8533","000104430000064","1","7/16/2025","I","1","M","8/1/2025","3562512.00","","","0.00","","Y","","7/16/2025","55555","","","","","","","","15","3562512.00",""
"1191","8534","000104430000064","1","7/23/2025","I","1","M","8/1/2025","3562512.00","9/30/2025","","0.00","","Y","","7/23/2025","55555","","","","","","","","15","3562512.00",""
"1192","8535","000104430000064","1","9/3/2025","I","1","M","10/1/2025","3544200.00","","","0.00","","Y","","9/3/2025","55555","","","","","","","","13","3544200.00",""
"1193","8536","000104430000064","1","10/1/2025","I","1","M","10/1/2025","3546104.00","10/31/2025","","0.00","","Y","","10/1/2025","55555","","","","","","","","13","3546104.00",""
"1194","8537","000104430000064","1","11/1/2025","I","1","M","11/1/2025","3534680.00","","","0.00","","Y","","11/1/2025","55555","","","","","","","","12","3534680.00",""
"1195","8538","000104430000064","1","12/9/2024","I","1","M","2/1/2025","2873432.00","","","0.00","","Y","","12/9/2024","55555","","","","","","","","24","2873432.00",""
"1196","8539","000104430000064","1","12/10/2024","I","1","M","2/1/2025","2873432.00","4/30/2025","","0.00","","N","","12/10/2024","55555","","","","","","","","24","2873432.00",""
"1197","8540","000104430000064","1","4/14/2025","I","1","M","5/1/2025","3584134.00","","","0.00","","Y","","4/14/2025","55555","","","","","","","","18","3584134.00",""
"1198","8541","000104430000064","1","4/16/2025","I","1","M","5/1/2025","3584134.00","","","0.00","","Y","","4/16/2025","55555","","","","","","","","18","3584134.00",""
"1199","8542","000104430000064","1","4/17/2025","I","1","M","5/1/2025","3584134.00","","","0.00","","Y","","4/17/2025","55555","","","","","","","","18","3584134.00",""
"1200","8543","000104430000064","1","4/22/2025","I","1","M","5/1/2025","3584134.00","","","0.00","","Y","","4/22/2025","55555","","","","","","","","18","3584134.00",""
"1201","8544","000104430000064","1","4/23/2025","I","1","M","5/1/2025","3584134.00","","","0.00","","Y","","4/23/2025","55555","","","","","","","","18","3584134.00",""
"1202","8545","000104430000064","1","4/30/2025","I","1","M","5/1/2025","3584134.00","5/31/2025","","0.00","","N","","4/30/2025","55555","","","","","","","","18","3584134.00",""
"1203","8546","000104430000064","1","5/19/2025","I","1","M","6/1/2025","3576852.00","","","0.00","","Y","","5/19/2025","55555","","","","","","","","17","3576852.00",""
"1204","8547","000104430000064","1","5/22/2025","I","1","M","6/1/2025","3576852.00","","","0.00","","Y","","5/22/2025","55555","","","","","","","","17","3576852.00",""
"1205","8548","000104430000064","1","5/27/2025","I","1","M","6/1/2025","3579276.00","","","0.00","","Y","","5/27/2025","55555","","","","","","","","17","3579276.00",""
"1206","8549","000104430000064","1","5/28/2025","I","1","M","6/1/2025","3579276.00","6/30/2025","","0.00","","N","","5/28/2025","55555","","","","","","","","17","3579276.00",""
"1207","8550","000104430000064","1","6/5/2025","I","1","M","7/1/2025","3571618.00","","","0.00","","Y","","6/5/2025","55555","","","","","","","","16","3571618.00",""
"1208","8551","000104430000064","1","6/16/2025","I","1","M","7/1/2025","3569322.00","7/31/2025","","0.00","","N","","6/16/2025","55555","","","","","","","","16","3569322.00",""
"1209","8552","000104430000064","1","7/8/2025","I","1","M","8/1/2025","3565640.00","","","0.00","","Y","","7/8/2025","55555","","","","","","","","15","3565640.00",""
"1210","8553","000104430000064","1","7/15/2025","I","1","M","8/1/2025","3565640.00","","","0.00","","Y","","7/15/2025","55555","","","","","","","","15","3565640.00",""
"1211","8554","000104430000064","1","7/16/2025","I","1","M","8/1/2025","3565640.00","","","0.00","","Y","","7/16/2025","55555","","","","","","","","15","3565640.00",""
"1212","8555","000104430000064","1","7/23/2025","I","1","M","8/1/2025","3565640.00","9/30/2025","","0.00","","N","","7/23/2025","55555","","","","","","","","15","3565640.00",""
"1213","8556","000104430000064","1","9/3/2025","I","1","M","10/1/2025","3547244.00","","","0.00","","Y","","9/3/2025","55555","","","","","","","","13","3547244.00",""
"1214","8557","000104430000064","1","10/1/2025","I","1","M","10/1/2025","3549148.00","10/31/2025","","0.00","","N","","10/1/2025","55555","","","","","","","","13","3549148.00",""
"1215","8558","000104430000064","1","11/1/2025","I","1","M","11/1/2025","3537682.00","1/31/2026","","0.00","","N","","11/1/2025","55555","","","","","","","","12","3537682.00",""
"1216","9352","000104430000064","1","2/4/2026","I","1","M","2/1/2026","5506473.00","","","0.00","","Y","N9","2/4/2026","55555","","","","","","","","8","5506473.00",""
"1217","9370","000104430000064","1","2/12/2026","I","1","M","2/1/2026","3473148.00","3/31/2026","","0.00","","N","N3","2/12/2026","9999","","","","","","","","8","3473148.00",""
"1218","9411","000104430000064","1","3/5/2026","I","1","M","4/1/2026","3969751.00","4/30/2026","","0.00","","N","N2","3/9/2026","51","0-1-09/03/2026-14:35:39-192.168.002.001","","","","","","","6","3984144.00",""
"1219","9434","000104430000064","1","4/20/2026","I","1","M","5/1/2026","3934162.00","5/31/2026","","0.00","","N","N6","4/20/2026","51","0-1-23/04/2026-09:51:19-192.168.002.001","","","","","","","5","3934162.00",""
"1220","9449","000104430000064","1","5/6/2026","I","1","M","6/1/2026","3906577.00","6/30/2026","","0.00","","N","N2","5/6/2026","51","0-1-12/05/2026-08:41:33-192.168.002.001","","","","","","","4","3906577.00",""
"1221","9464","000104430000064","1","6/3/2026","I","1","M","7/1/2026","3873155.00","7/31/2026","","0.00","","N","N2","6/3/2026","51","0-1-12/06/2026-17:50:15-172.016.016.016","","","","","","","3","3873155.00",""
"1222","9484","000104430000064","1","7/3/2026","I","1","M","8/1/2026","3826673.00","8/31/2026","","0.00","","N","N2","7/3/2026","52","0-1-09/07/2026-10:33:22-192.168.002.001","","","","","","","2","3826673.00",""
"1223","9501","000104430000064","1","8/5/2026","I","1","M","9/1/2026","3735546.00","9/30/2026","","0.00","","N","N2","8/5/2026","51","0-1-10/08/2026-12:01:30-192.168.002.001","","","","","","","1","3735546.00",""
"1224","9520","000104430000064","1","9/3/2026","I","1","M","10/1/2026","0.00","","","0.00","","N","N2","9/3/2026","52","0-1-10/09/2026-17:36:32-192.168.002.001","","","","","","","0","0.00",""
"1225","1546","000104430000068","1","11/27/2024","O","1","M","8/14/2024","7554316.00","10/13/2024","","0.00","Installment Details through Disbursement","N","N1","11/27/2024","19","0-1-29/11/2024-12:03:47-192.168.002.001","","","18","0-1-29/11/2024-12:09:32-192.168.002.001","28582","898","48","1839714.00","12/1/2024"
"1226","1971","000104430000068","1","2/18/2025","D","1","M","3/1/2025","14717716.00","4/30/2025","","0.00","Installment Details through Disbursement","Y","N51","2/18/2025","19","0-1-12/03/2025-18:31:41-192.168.002.001","","","18","0-1-12/03/2025-19:02:51-192.168.002.001","40085","1323","48","14717716.00","12/1/2024"
"1227","2139","000104430000068","1","5/9/2025","I","1","M","5/1/2025","14880156.00","5/31/2025","","0.00","","Y","N32","5/9/2025","16","0-1-09/05/2025-15:27:41-192.168.002.001","","","","","","","43","14880156.00",""
"1228","2572","000104430000068","1","6/10/2025","I","1","M","6/1/2025","13747415.00","8/31/2025","","0.00","","Y","N2","6/10/2025","51","0-1-10/06/2025-14:00:08-192.168.002.001","","","","","","","42","13747415.00",""
"1229","8559","000104430000068","1","12/9/2024","I","1","M","1/1/2025","711058.00","","","0.00","","Y","","12/9/2024","55555","","","","","","","","47","711058.00",""
"1230","8561","000104430000068","1","4/14/2025","I","1","M","5/1/2025","8265624.00","","","0.00","","Y","","4/14/2025","55555","","","","","","","","43","8265624.00",""
"1231","8562","000104430000068","1","4/16/2025","I","1","M","5/1/2025","8265624.00","","","0.00","","Y","","4/16/2025","55555","","","","","","","","43","8265624.00",""
"1232","8563","000104430000068","1","4/17/2025","I","1","M","5/1/2025","8265624.00","","","0.00","","Y","","4/17/2025","55555","","","","","","","","43","8265624.00",""
"1233","8564","000104430000068","1","4/22/2025","I","1","M","5/1/2025","8265624.00","","","0.00","","Y","","4/22/2025","55555","","","","","","","","43","8265624.00",""
"1234","8565","000104430000068","1","4/23/2025","I","1","M","5/1/2025","8265624.00","","","0.00","","Y","","4/23/2025","55555","","","","","","","","43","8265624.00",""
"1235","8567","000104430000068","1","5/19/2025","I","1","M","6/1/2025","8256514.00","","","0.00","","Y","","5/19/2025","55555","","","","","","","","42","8256514.00",""
"1236","8568","000104430000068","1","5/22/2025","I","1","M","6/1/2025","8256514.00","","","0.00","","Y","","5/22/2025","55555","","","","","","","","42","8256514.00",""
"1237","8569","000104430000068","1","5/27/2025","I","1","M","6/1/2025","8268318.00","","","0.00","","Y","","5/27/2025","55555","","","","","","","","42","8268318.00",""
"1238","8571","000104430000068","1","6/5/2025","I","1","M","7/1/2025","8259044.00","","","0.00","","Y","","6/5/2025","55555","","","","","","","","41","8259044.00",""
"1239","8573","000104430000068","1","7/8/2025","I","1","M","8/1/2025","8260832.00","","","0.00","","Y","","7/8/2025","55555","","","","","","","","40","8260832.00",""
"1240","8574","000104430000068","1","7/15/2025","I","1","M","8/1/2025","8260832.00","","","0.00","","Y","","7/15/2025","55555","","","","","","","","40","8260832.00",""
"1241","8575","000104430000068","1","7/16/2025","I","1","M","8/1/2025","8260832.00","","","0.00","","Y","","7/16/2025","55555","","","","","","","","40","8260832.00",""
"1242","8577","000104430000068","1","9/3/2025","I","1","M","10/1/2025","8241142.00","","","0.00","","Y","","9/3/2025","55555","","","","","","","","38","8241142.00",""
"1243","8580","000104430000068","1","12/9/2024","I","1","M","1/1/2025","711058.00","","","0.00","","Y","","12/9/2024","55555","","","","","","","","47","711058.00",""
"1244","8582","000104430000068","1","4/14/2025","I","1","M","5/1/2025","8251710.00","","","0.00","","Y","","4/14/2025","55555","","","","","","","","43","8251710.00",""
"1245","8583","000104430000068","1","4/16/2025","I","1","M","5/1/2025","8251710.00","","","0.00","","Y","","4/16/2025","55555","","","","","","","","43","8251710.00",""
"1246","8584","000104430000068","1","4/17/2025","I","1","M","5/1/2025","8251710.00","","","0.00","","Y","","4/17/2025","55555","","","","","","","","43","8251710.00",""
"1247","8585","000104430000068","1","4/22/2025","I","1","M","5/1/2025","8251710.00","","","0.00","","Y","","4/22/2025","55555","","","","","","","","43","8251710.00",""
"1248","8586","000104430000068","1","4/23/2025","I","1","M","5/1/2025","8251710.00","","","0.00","","Y","","4/23/2025","55555","","","","","","","","43","8251710.00",""
"1249","8588","000104430000068","1","5/19/2025","I","1","M","6/1/2025","8242656.00","","","0.00","","Y","","5/19/2025","55555","","","","","","","","42","8242656.00",""
"1250","8589","000104430000068","1","5/22/2025","I","1","M","6/1/2025","8242656.00","","","0.00","","Y","","5/22/2025","55555","","","","","","","","42","8242656.00",""
"1251","8590","000104430000068","1","5/27/2025","I","1","M","6/1/2025","8254450.00","","","0.00","","Y","","5/27/2025","55555","","","","","","","","42","8254450.00",""
"1252","8592","000104430000068","1","6/5/2025","I","1","M","7/1/2025","8245230.00","","","0.00","","Y","","6/5/2025","55555","","","","","","","","41","8245230.00",""
"1253","8594","000104430000068","1","7/8/2025","I","1","M","8/1/2025","8247064.00","","","0.00","","Y","","7/8/2025","55555","","","","","","","","40","8247064.00",""
"1254","8595","000104430000068","1","7/15/2025","I","1","M","8/1/2025","8247064.00","","","0.00","","Y","","7/15/2025","55555","","","","","","","","40","8247064.00",""
"1255","8596","000104430000068","1","7/16/2025","I","1","M","8/1/2025","8247064.00","","","0.00","","Y","","7/16/2025","55555","","","","","","","","40","8247064.00",""
"1256","8598","000104430000068","1","9/3/2025","I","1","M","10/1/2025","8227494.00","","","0.00","","Y","","9/3/2025","55555","","","","","","","","38","8227494.00",""
"1257","8601","000104430000068","1","9/16/2024","I","1","M","10/14/2024","7504058.00","12/13/2024","","0.00","","N","","9/16/2024","55555","","","","","","","","47","7504058.00",""
"1258","8602","000104430000068","1","12/9/2024","I","1","M","12/14/2024","7487438.00","","","0.00","","Y","","12/9/2024","55555","","","","","","","","45","7487438.00",""
"1259","8603","000104430000068","1","12/10/2024","I","1","M","12/14/2024","7476222.00","4/13/2025","","0.00","","N","","12/10/2024","55555","","","","","","","","45","7476222.00",""
"1260","8604","000104430000068","1","4/14/2025","I","1","M","4/14/2025","7294246.00","5/13/2025","","0.00","","N","","4/14/2025","55555","","","","","","","","41","7294246.00",""
"1261","8605","000104430000068","1","4/16/2025","I","1","M","5/14/2025","7177996.00","","","0.00","","Y","","4/16/2025","55555","","","","","","","","40","7177996.00",""
"1262","8606","000104430000068","1","4/17/2025","I","1","M","5/14/2025","7177996.00","","","0.00","","Y","","4/17/2025","55555","","","","","","","","40","7177996.00",""
"1263","8607","000104430000068","1","4/22/2025","I","1","M","5/14/2025","7177996.00","","","0.00","","Y","","4/22/2025","55555","","","","","","","","40","7177996.00",""
"1264","8608","000104430000068","1","4/23/2025","I","1","M","5/14/2025","7177996.00","","","0.00","","Y","","4/23/2025","55555","","","","","","","","40","7177996.00",""
"1265","8609","000104430000068","1","4/30/2025","I","1","M","5/14/2025","7177996.00","6/13/2025","","0.00","","N","","4/30/2025","55555","","","","","","","","40","7177996.00",""
"1266","8610","000104430000068","1","5/19/2025","I","1","M","6/14/2025","7169644.00","","","0.00","","Y","","5/19/2025","55555","","","","","","","","39","7169644.00",""
"1267","8611","000104430000068","1","5/22/2025","I","1","M","6/14/2025","7169644.00","","","0.00","","Y","","5/22/2025","55555","","","","","","","","39","7169644.00",""
"1268","8612","000104430000068","1","5/27/2025","I","1","M","6/14/2025","7179310.00","","","0.00","","Y","","5/27/2025","55555","","","","","","","","39","7179310.00",""
"1269","8613","000104430000068","1","5/28/2025","I","1","M","6/14/2025","7179310.00","","","0.00","","Y","","5/28/2025","55555","","","","","","","","39","7179310.00",""
"1270","8614","000104430000068","1","6/5/2025","I","1","M","6/14/2025","7179310.00","7/13/2025","","0.00","","N","","6/5/2025","55555","","","","","","","","39","7179310.00",""
"1271","8615","000104430000068","1","6/16/2025","I","1","M","7/14/2025","7054572.00","","","0.00","","Y","","6/16/2025","55555","","","","","","","","38","7054572.00",""
"1272","8616","000104430000068","1","7/8/2025","I","1","M","7/14/2025","7073218.00","8/13/2025","","0.00","","N","","7/8/2025","55555","","","","","","","","38","7073218.00",""
"1273","8617","000104430000068","1","7/15/2025","I","1","M","8/14/2025","6958820.00","","","0.00","","Y","","7/15/2025","55555","","","","","","","","37","6958820.00",""
"1274","8618","000104430000068","1","7/16/2025","I","1","M","8/14/2025","6958820.00","","","0.00","","Y","","7/16/2025","55555","","","","","","","","37","6958820.00",""
"1275","8619","000104430000068","1","7/23/2025","I","1","M","8/14/2025","6958820.00","9/13/2025","","0.00","","N","","7/23/2025","55555","","","","","","","","37","6958820.00",""
"1276","8620","000104430000068","1","9/3/2025","I","1","M","9/14/2025","6950270.00","10/13/2025","","0.00","","N","","9/3/2025","55555","","","","","","","","36","6950270.00",""
"1277","8621","000104430000068","1","10/1/2025","I","1","M","10/14/2025","6846434.00","11/13/2025","","0.00","","N","","10/1/2025","55555","","","","","","","","35","6846434.00",""
"1278","8622","000104430000068","1","11/1/2025","I","1","M","11/14/2025","6727274.00","2/13/2026","","0.00","","N","","11/1/2025","55555","","","","","","","","34","6727274.00",""
"1279","9354","000104430000068","1","2/4/2026","I","1","M","2/14/2026","10935363.00","","","0.00","","Y","N9","2/4/2026","55555","","","","","","","","30","10935363.00",""
"1280","9378","000104430000068","1","2/26/2026","I","1","M","2/14/2026","6685055.00","3/13/2026","","0.00","","N","N3","2/26/2026","9999","","","","","","","","30","6685055.00",""
"1281","9413","000104430000068","1","3/5/2026","I","1","M","3/14/2026","6418540.00","5/13/2026","","0.00","","N","N2","3/9/2026","51","0-1-09/03/2026-14:35:39-192.168.002.001","","","","","","","29","6508828.00",""
"1282","9436","000104430000068","1","4/20/2026","I","1","M","5/14/2026","6198522.00","6/13/2026","","0.00","","N","N2","5/6/2026","51","0-1-23/04/2026-09:51:19-192.168.002.001","","","","","","","27","6208845.00",""
"1283","9466","000104430000068","1","6/3/2026","I","1","M","6/14/2026","6179018.00","7/13/2026","","0.00","","N","N2","6/3/2026","51","0-1-12/06/2026-17:50:15-172.016.016.016","","","","","","","26","6179018.00",""
"1284","9486","000104430000068","1","7/3/2026","I","1","M","7/14/2026","6016191.00","8/13/2026","","0.00","","N","N2","7/3/2026","52","0-1-09/07/2026-10:33:22-192.168.002.001","","","","","","","25","6016191.00",""
"1285","9503","000104430000068","1","8/5/2026","I","1","M","8/14/2026","5948331.00","9/13/2026","","0.00","","N","N2","8/5/2026","51","0-1-10/08/2026-12:01:30-192.168.002.001","","","","","","","24","5948331.00",""
"1286","9522","000104430000068","1","9/3/2026","I","1","M","9/14/2026","5884687.00","","","0.00","","N","N2","9/3/2026","52","0-1-10/09/2026-17:36:32-192.168.002.001","","","","","","","23","5884687.00",""
"1287","1664","000104430000069","1","12/23/2024","O","1","M","1/1/2025","10674304.00","","","0.00","Installment Details through Disbursement","Y","N1","12/23/2024","19","0-1-09/01/2025-17:33:32-192.168.002.001","","","18","0-1-10/01/2025-09:55:17-192.168.002.001","31209","1016","24","10674304.00","1/1/2025"
"1288","1730","000104430000069","1","12/24/2024","D","1","M","1/1/2025","21348608.00","4/30/2025","","0.00","Installment Details through Disbursement","Y","N66","12/24/2024","18","0-1-10/01/2025-17:20:38-192.168.002.001","","","19","0-1-13/01/2025-09:31:58-192.168.002.001","31544","1082","24","21348608.00","1/1/2025"
"1289","2140","000104430000069","1","5/9/2025","I","1","M","5/1/2025","21382838.00","5/31/2025","","0.00","","Y","N32","5/9/2025","16","0-1-09/05/2025-15:27:41-192.168.002.001","","","","","","","20","21382838.00",""
"1290","2575","000104430000069","1","6/10/2025","I","1","H","12/9/2024","142540013.00","6/8/2025","","0.00","","N","N2","6/10/2025","51","0-1-10/06/2025-14:00:08-192.168.002.001","","","","","","","24","19991082.00",""
"1291","8623","000104430000069","1","12/10/2024","I","1","H","6/9/2025","","","","0.00","","Y","","12/10/2024","55555","","55555","","","","","","4","",""
"1292","8624","000104430000069","1","4/14/2025","I","1","H","6/9/2025","","","","0.00","","Y","","4/14/2025","55555","","55555","","","","","","4","",""
"1293","8625","000104430000069","1","4/16/2025","I","1","H","6/9/2025","","","","0.00","","Y","","4/16/2025","55555","","55555","","","","","","4","",""
"1294","8626","000104430000069","1","4/17/2025","I","1","H","6/9/2025","","","","0.00","","Y","","4/17/2025","55555","","55555","","","","","","4","",""
"1295","8627","000104430000069","1","4/22/2025","I","1","H","6/9/2025","","","","0.00","","Y","","4/22/2025","55555","","55555","","","","","","4","",""
"1296","8628","000104430000069","1","4/23/2025","I","1","H","6/9/2025","","","","0.00","","Y","","4/23/2025","55555","","55555","","","","","","4","",""
"1297","8629","000104430000069","1","4/30/2025","I","1","H","6/9/2025","","","","0.00","","Y","","4/30/2025","55555","","55555","","","","","","4","",""
"1298","8630","000104430000069","1","5/19/2025","I","1","H","6/9/2025","","","","0.00","","Y","","5/19/2025","55555","","55555","","","","","","4","",""
"1299","8631","000104430000069","1","5/22/2025","I","1","H","6/9/2025","","","","0.00","","Y","","5/22/2025","55555","","55555","","","","","","4","",""
"1300","8632","000104430000069","1","5/27/2025","I","1","H","6/9/2025","","","","0.00","","Y","","5/27/2025","55555","","55555","","","","","","4","",""
"1301","8633","000104430000069","1","5/28/2025","I","1","H","6/9/2025","","","","0.00","","Y","","5/28/2025","55555","","55555","","","","","","4","",""
"1302","8634","000104430000069","1","6/5/2025","I","1","H","6/9/2025","","12/8/2025","","0.00","","N","","6/5/2025","55555","","","","","","","","4","",""
"1303","8635","000104430000069","1","6/16/2025","I","1","H","12/9/2025","206779666.00","","","0.00","","Y","","6/16/2025","55555","","55555","","","","","","3","206779666.00",""
"1304","8636","000104430000069","1","7/8/2025","I","1","H","12/9/2025","207163932.00","","","0.00","","Y","","7/8/2025","55555","","55555","","","","","","3","207163932.00",""
"1305","8637","000104430000069","1","7/15/2025","I","1","H","12/9/2025","207163932.00","","","0.00","","Y","","7/15/2025","55555","","55555","","","","","","3","207163932.00",""
"1306","8638","000104430000069","1","7/16/2025","I","1","H","12/9/2025","207163932.00","","","0.00","","Y","","7/16/2025","55555","","55555","","","","","","3","207163932.00",""
"1307","8639","000104430000069","1","7/23/2025","I","1","H","12/9/2025","207163932.00","","","0.00","","Y","","7/23/2025","55555","","55555","","","","","","3","207163932.00",""
"1308","8640","000104430000069","1","9/3/2025","I","1","H","12/9/2025","207163932.00","","","0.00","","Y","","9/3/2025","55555","","55555","","","","","","3","207163932.00",""
"1309","8641","000104430000069","1","10/1/2025","I","1","H","12/9/2025","207356258.00","","","0.00","","Y","","10/1/2025","55555","","55555","","","","","","3","207356258.00",""
"1310","8642","000104430000069","1","11/1/2025","I","1","H","12/9/2025","207163932.00","2/8/2026","","0.00","","N","","11/1/2025","55555","","","","","","","","3","207163932.00",""
"1311","9364","000104430000069","1","2/4/2026","I","1","H","2/9/2026","340366827.00","","","0.00","","Y","N9","2/4/2026","55555","","","","","","","","2","340366827.00",""
"1312","9388","000104430000069","1","2/26/2026","I","1","H","2/9/2026","241514438.00","8/8/2026","","0.00","","N","N3","2/26/2026","9999","","","","","","","","2","241514438.00",""
"1313","9420","000104430000069","1","3/5/2026","I","1","H","8/9/2026","-339686055.00","2/8/2027","","0.00","","N","N2","8/5/2026","51","0-1-09/03/2026-14:35:39-192.168.002.001","","","","","","","1","162067531.00",""
"1314","9529","000104430000069","1","9/3/2026","I","1","H","2/9/2027","0.00","","","0.00","","N","N2","9/3/2026","52","0-1-10/09/2026-17:36:32-192.168.002.001","","","","","","","0","0.00",""
"1315","1911","000104430000070","1","1/31/2025","O","1","M","1/9/2025","16578217.00","","","0.00","Installment Details through Disbursement","Y","N2","1/31/2025","19","0-1-25/02/2025-18:26:46-192.168.002.001","55555","","18","0-1-25/02/2025-18:29:28-192.168.002.001","36935","1263","60","11063981.00","2/1/2025"
"1316","1972","000104430000070","1","2/25/2025","D","1","M","3/1/2025","14675662.00","4/30/2025","","0.00","Installment Details through Disbursement","Y","N4","2/25/2025","18","0-1-24/03/2025-18:01:01-192.168.002.001","","","19","0-1-24/03/2025-18:08:07-192.168.002.001","40273","1324","60","14675662.00","2/1/2025"
"1317","2141","000104430000070","1","5/9/2025","I","1","M","5/1/2025","14765172.00","5/31/2025","","0.00","","Y","N32","5/9/2025","16","0-1-09/05/2025-15:27:41-192.168.002.001","","","","","","","57","14765172.00",""
"1318","2577","000104430000070","1","6/10/2025","I","1","M","6/1/2025","14287221.00","8/31/2025","","0.00","","Y","N2","6/10/2025","51","0-1-10/06/2025-14:00:08-192.168.002.001","","","","","","","56","14287221.00",""
"1319","8643","000104430000070","1","12/10/2024","I","1","M","1/9/2025","16578218.00","5/8/2025","","0.00","","N","","12/10/2024","55555","","","","","","","","60","16578218.00",""
"1320","8644","000104430000070","1","4/14/2025","I","1","M","5/9/2025","16947674.00","","","0.00","","Y","","4/14/2025","55555","","55555","","","","","","59","16947674.00",""
"1321","8645","000104430000070","1","4/16/2025","I","1","M","5/9/2025","16947674.00","","","0.00","","Y","","4/16/2025","55555","","55555","","","","","","59","16947674.00",""
"1322","8646","000104430000070","1","4/17/2025","I","1","M","5/9/2025","16947674.00","","","0.00","","Y","","4/17/2025","55555","","55555","","","","","","59","16947674.00",""
"1323","8647","000104430000070","1","4/22/2025","I","1","M","5/9/2025","16947674.00","","","0.00","","Y","","4/22/2025","55555","","55555","","","","","","59","16947674.00",""
"1324","8648","000104430000070","1","4/23/2025","I","1","M","5/9/2025","16947674.00","","","0.00","","Y","","4/23/2025","55555","","55555","","","","","","59","16947674.00",""
"1325","8649","000104430000070","1","4/30/2025","I","1","M","5/9/2025","16947674.00","6/8/2025","","0.00","","N","","4/30/2025","55555","","","","","","","","59","16947674.00",""
"1326","8650","000104430000070","1","5/19/2025","I","1","M","6/9/2025","16934912.00","","","0.00","","Y","","5/19/2025","55555","","55555","","","","","","55","16934912.00",""
"1327","8651","000104430000070","1","5/22/2025","I","1","M","6/9/2025","16934912.00","","","0.00","","Y","","5/22/2025","55555","","55555","","","","","","55","16934912.00",""
"1328","8652","000104430000070","1","5/27/2025","I","1","M","6/9/2025","16964852.00","","","0.00","","Y","","5/27/2025","55555","","55555","","","","","","55","16964852.00",""
"1329","8653","000104430000070","1","5/28/2025","I","1","M","6/9/2025","16964852.00","","","0.00","","Y","","5/28/2025","55555","","55555","","","","","","55","16964852.00",""
"1330","8654","000104430000070","1","6/5/2025","I","1","M","6/9/2025","16964852.00","7/8/2025","","0.00","","N","","6/5/2025","55555","","","","","","","","55","16964852.00",""
"1331","8655","000104430000070","1","6/16/2025","I","1","M","7/9/2025","16608050.00","","","0.00","","Y","","6/16/2025","55555","","55555","","","","","","54","16608050.00",""
"1332","8656","000104430000070","1","7/8/2025","I","1","M","7/9/2025","16666036.00","8/8/2025","","0.00","","N","","7/8/2025","55555","","","","","","","","54","16666036.00",""
"1333","8657","000104430000070","1","7/15/2025","I","1","M","8/9/2025","16342224.00","","","0.00","","Y","","7/15/2025","55555","","55555","","","","","","53","16342224.00",""
"1334","8658","000104430000070","1","7/16/2025","I","1","M","8/9/2025","16342224.00","","","0.00","","Y","","7/16/2025","55555","","55555","","","","","","53","16342224.00",""
"1335","8659","000104430000070","1","7/23/2025","I","1","M","8/9/2025","16342224.00","9/8/2025","","0.00","","N","","7/23/2025","55555","","","","","","","","53","16342224.00",""
"1336","8660","000104430000070","1","9/3/2025","I","1","M","9/9/2025","16327156.00","10/8/2025","","0.00","","N","","9/3/2025","55555","","","","","","","","52","16327156.00",""
"1337","8661","000104430000070","1","10/1/2025","I","1","M","10/9/2025","16037126.00","11/8/2025","","0.00","","N","","10/1/2025","55555","","","","","","","","51","16037126.00",""
"1338","8662","000104430000070","1","11/1/2025","I","1","M","11/9/2025","15699002.00","2/8/2026","","0.00","","N","","11/1/2025","55555","","","","","","","","50","15699002.00",""
"1339","9365","000104430000070","1","2/4/2026","I","1","M","2/9/2026","22031662.00","","","0.00","","Y","N9","2/4/2026","55555","","","","","","","","46","22031662.00",""
"1340","9389","000104430000070","1","2/26/2026","I","1","M","2/9/2026","15368501.00","3/8/2026","","0.00","","N","N3","2/26/2026","9999","","","","","","","","46","15368501.00",""
"1341","9421","000104430000070","1","3/5/2026","I","1","M","3/9/2026","14737310.00","5/8/2026","","0.00","","N","N2","3/9/2026","51","0-1-09/03/2026-14:35:39-192.168.002.001","","","","","","","45","14846325.00",""
"1342","9441","000104430000070","1","4/20/2026","I","1","M","5/9/2026","13881151.00","6/8/2026","","0.00","","N","N2","5/6/2026","51","0-1-23/04/2026-09:51:19-192.168.002.001","","","","","","","43","13928407.00",""
"1343","9473","000104430000070","1","6/3/2026","I","1","M","6/9/2026","13828892.00","7/8/2026","","0.00","","N","N2","6/3/2026","51","0-1-12/06/2026-17:50:15-172.016.016.016","","","","","","","42","13828892.00",""
"1344","9491","000104430000070","1","7/3/2026","I","1","M","7/9/2026","13398437.00","8/8/2026","","0.00","","N","N2","7/3/2026","52","0-1-09/07/2026-10:33:22-192.168.002.001","","","","","","","41","13398437.00",""
"1345","9509","000104430000070","1","8/5/2026","I","1","M","8/9/2026","13233800.00","9/8/2026","","0.00","","N","N2","8/5/2026","51","0-1-10/08/2026-12:01:30-192.168.002.001","","","","","","","40","13233800.00",""
"1346","9530","000104430000070","1","9/3/2026","I","1","M","9/9/2026","13085292.00","","","0.00","","N","N2","9/3/2026","52","0-1-10/09/2026-17:36:32-192.168.002.001","","","","","","","39","13085292.00",""
"1347","2118","000104430000071","1","5/2/2025","O","1","M","5/16/2025","33818737.00","","","0.00","Installment Details through Disbursement","Y","N1","5/2/2025","19","0-1-02/05/2025-19:14:18-192.168.002.001","55555","","18","0-1-02/05/2025-19:17:44-192.168.002.001","53371","1470","60","23044598.00","5/1/2025"
"1348","2119","000104430000071","1","5/6/2025","D","1","M","6/1/2025","33179514.00","8/31/2025","","0.00","Installment Details through Disbursement","Y","N1","5/6/2025","19","0-1-06/05/2025-16:23:40-192.168.002.001","","","18","0-1-06/05/2025-17:16:30-192.168.002.001","53376","1471","60","33179514.00","5/1/2025"
"1349","2573","000104430000071","1","6/10/2025","I","1","M","6/1/2025","33116655.00","8/31/2025","","0.00","","Y","N2","6/10/2025","51","0-1-10/06/2025-14:00:08-192.168.002.001","","","","","","","59","33116655.00",""
"1350","8663","000104430000071","1","4/16/2025","I","1","M","5/16/2025","33818738.00","","","0.00","","Y","","4/16/2025","55555","","55555","","","","","","60","33818738.00",""
"1351","8664","000104430000071","1","4/17/2025","I","1","M","5/16/2025","33818738.00","","","0.00","","Y","","4/17/2025","55555","","55555","","","","","","60","33818738.00",""
"1352","8665","000104430000071","1","4/22/2025","I","1","M","5/16/2025","33818738.00","","","0.00","","Y","","4/22/2025","55555","","55555","","","","","","60","33818738.00",""
"1353","8666","000104430000071","1","4/23/2025","I","1","M","5/16/2025","33818738.00","","","0.00","","Y","","4/23/2025","55555","","55555","","","","","","60","33818738.00",""
"1354","8667","000104430000071","1","4/30/2025","I","1","M","5/16/2025","33818738.00","8/15/2025","","0.00","","N","","4/30/2025","55555","","","","","","","","60","33818738.00",""
"1355","8668","000104430000071","1","5/19/2025","I","1","M","6/16/2025","34664206.00","","","0.00","","Y","","5/19/2025","55555","","55555","","","","","","59","34664206.00",""
"1356","8669","000104430000071","1","5/22/2025","I","1","M","6/16/2025","34664206.00","","","0.00","","Y","","5/22/2025","55555","","55555","","","","","","59","34664206.00",""
"1357","8670","000104430000071","1","5/27/2025","I","1","M","6/16/2025","34729280.00","","","0.00","","Y","","5/27/2025","55555","","55555","","","","","","59","34729280.00",""
"1358","8671","000104430000071","1","5/28/2025","I","1","M","6/16/2025","34729280.00","","","0.00","","Y","","5/28/2025","55555","","55555","","","","","","59","34729280.00",""
"1359","8672","000104430000071","1","6/5/2025","I","1","M","6/16/2025","34729280.00","","","0.00","","Y","","6/5/2025","55555","","55555","","","","","","59","34729280.00",""
"1360","8673","000104430000071","1","6/16/2025","I","1","M","7/16/2025","34664206.00","","","0.00","","Y","","6/16/2025","55555","","55555","","","","","","59","34664206.00",""
"1361","8674","000104430000071","1","7/8/2025","I","1","M","7/16/2025","34794410.00","","","0.00","","Y","","7/8/2025","55555","","55555","","","","","","59","34794410.00",""
"1362","8675","000104430000071","1","7/15/2025","I","1","M","7/16/2025","34794410.00","","","0.00","","Y","","7/15/2025","55555","","55555","","","","","","59","34794410.00",""
"1363","8676","000104430000071","1","7/16/2025","I","1","M","8/16/2025","34794410.00","","","0.00","","Y","","7/16/2025","55555","","55555","","","","","","59","34794410.00",""
"1364","8677","000104430000071","1","7/23/2025","I","1","M","8/16/2025","34794410.00","9/15/2025","","0.00","","N","","7/23/2025","55555","","","","","","","","59","34794410.00",""
"1365","8678","000104430000071","1","9/3/2025","I","1","M","9/16/2025","33894144.00","10/15/2025","","0.00","","N","","9/3/2025","55555","","","","","","","","56","33894144.00",""
"1366","8679","000104430000071","1","10/1/2025","I","1","M","10/16/2025","33517822.00","11/15/2025","","0.00","","N","","10/1/2025","55555","","","","","","","","55","33517822.00",""
"1367","8680","000104430000071","1","11/1/2025","I","1","M","11/16/2025","33027038.00","2/15/2026","","0.00","","N","","11/1/2025","55555","","","","","","","","54","33027038.00",""
"1368","9358","000104430000071","1","2/4/2026","I","1","M","2/16/2026","41662786.00","","","0.00","","Y","N9","2/4/2026","55555","","","","","","","","50","41662786.00",""
"1369","9382","000104430000071","1","2/26/2026","I","1","M","2/16/2026","32509881.00","3/15/2026","","0.00","","N","N3","2/26/2026","9999","","","","","","","","50","32509881.00",""
"1370","9416","000104430000071","1","3/5/2026","I","1","M","3/16/2026","30897048.00","5/15/2026","","0.00","","N","N2","3/9/2026","51","0-1-09/03/2026-14:35:39-192.168.002.001","","","","","","","49","31574598.00",""
"1371","9439","000104430000071","1","4/20/2026","I","1","M","5/16/2026","29630399.00","6/15/2026","","0.00","","N","N2","5/6/2026","51","0-1-23/04/2026-09:51:19-192.168.002.001","","","","","","","47","29716905.00",""
"1372","9469","000104430000071","1","6/3/2026","I","1","M","6/16/2026","29514772.00","7/15/2026","","0.00","","N","N2","6/3/2026","51","0-1-12/06/2026-17:50:15-172.016.016.016","","","","","","","46","29514772.00",""
"1373","9490","000104430000071","1","7/3/2026","I","1","M","7/16/2026","28932781.00","8/15/2026","","0.00","","N","N2","7/3/2026","52","0-1-09/07/2026-10:33:22-192.168.002.001","","","","","","","45","28932781.00",""
"1374","9506","000104430000071","1","8/5/2026","I","1","M","8/16/2026","28752440.00","9/15/2026","","0.00","","N","N2","8/5/2026","51","0-1-10/08/2026-12:01:30-192.168.002.001","","","","","","","44","28752440.00",""
"1375","9525","000104430000071","1","9/3/2026","I","1","M","9/16/2026","28609534.00","","","0.00","","N","N2","9/3/2026","52","0-1-10/09/2026-17:36:32-192.168.002.001","","","","","","","43","28609534.00",""
"1376","2120","000104430000072","1","5/7/2025","O","1","M","6/1/2025","101992007.00","8/31/2025","","0.00","Installment Details through Disbursement","Y","N1","5/7/2025","19","0-1-07/05/2025-09:20:18-192.168.002.001","","","18","0-1-07/05/2025-10:11:02-192.168.002.001","53403","1472","12","101992007.00","6/1/2025"
"1377","2576","000104430000072","1","6/10/2025","I","1","Q","7/22/2025","313689167.00","","","0.00","","Y","N2","6/10/2025","51","0-1-10/06/2025-14:00:08-192.168.002.001","55555","","","","","","12","94551174.00",""
"1378","8681","000104430000072","1","4/23/2025","I","1","Q","7/22/2025","313689168.00","","","0.00","","Y","","4/23/2025","55555","","55555","","","","","","4","313689168.00",""
"1379","8682","000104430000072","1","4/30/2025","I","1","Q","7/22/2025","313689168.00","","","0.00","","Y","","4/30/2025","55555","","55555","","","","","","4","313689168.00",""
"1380","8683","000104430000072","1","5/19/2025","I","1","Q","7/22/2025","313689168.00","","","0.00","","Y","","5/19/2025","55555","","55555","","","","","","4","313689168.00",""
"1381","8684","000104430000072","1","5/22/2025","I","1","Q","7/22/2025","313689168.00","","","0.00","","Y","","5/22/2025","55555","","55555","","","","","","4","313689168.00",""
"1382","8685","000104430000072","1","5/27/2025","I","1","Q","7/22/2025","313873402.00","","","0.00","","Y","","5/27/2025","55555","","55555","","","","","","4","313873402.00",""
"1383","8686","000104430000072","1","5/28/2025","I","1","Q","7/22/2025","313873402.00","","","0.00","","Y","","5/28/2025","55555","","55555","","","","","","4","313873402.00",""
"1384","8687","000104430000072","1","6/5/2025","I","1","Q","7/22/2025","313873402.00","","","0.00","","Y","","6/5/2025","55555","","55555","","","","","","4","313873402.00",""
"1385","8688","000104430000072","1","6/16/2025","I","1","Q","7/22/2025","313689168.00","","","0.00","","Y","","6/16/2025","55555","","55555","","","","","","4","313689168.00",""
"1386","8689","000104430000072","1","7/8/2025","I","1","Q","7/22/2025","314057708.00","","","0.00","","Y","","7/8/2025","55555","","55555","","","","","","4","314057708.00",""
"1387","8690","000104430000072","1","7/15/2025","I","1","Q","7/22/2025","314057708.00","","","0.00","","Y","","7/15/2025","55555","","55555","","","","","","4","314057708.00",""
"1388","8691","000104430000072","1","7/16/2025","I","1","Q","7/22/2025","314057708.00","10/21/2025","","0.00","","N","","7/16/2025","55555","","","","","","","","4","314057708.00",""
"1389","8692","000104430000072","1","7/23/2025","I","1","Q","10/22/2025","321406384.00","","","0.00","","Y","","7/23/2025","55555","","55555","","","","","","3","321406384.00",""
"1390","8693","000104430000072","1","9/3/2025","I","1","Q","10/22/2025","321406384.00","","","0.00","","Y","","9/3/2025","55555","","55555","","","","","","3","321406384.00",""
"1391","8694","000104430000072","1","10/1/2025","I","1","Q","10/22/2025","321559272.00","1/21/2026","","0.00","","N","","10/1/2025","55555","","","","","","","","3","321559272.00",""
"1392","8695","000104430000072","1","11/1/2025","I","1","Q","1/22/2026","317541418.00","","","0.00","","N","","11/1/2025","55555","","","","","","","","2","317541418.00",""
"1393","2144","000104430000073","1","4/23/2025","O","1","M","5/23/2025","27982154.00","","","0.00","Installment Details through Disbursement","Y","N2","5/16/2025","10002","0-1-16/05/2025-16:46:42-192.168.002.001","55555","","19","0-1-16/05/2025-16:48:23-192.168.002.001","53561","1475","24","28214428.00","6/1/2025"
"1394","2579","000104430000073","1","6/10/2025","I","1","M","6/1/2025","27326125.00","8/31/2025","","0.00","","Y","N2","6/10/2025","51","0-1-10/06/2025-14:00:08-192.168.002.001","","","","","","","24","27326125.00",""
"1395","8696","000104430000073","1","4/30/2025","I","1","M","5/23/2025","27982154.00","","","0.00","","Y","","4/30/2025","55555","","55555","","","","","","24","27982154.00",""
"1396","8697","000104430000073","1","5/19/2025","I","1","M","5/23/2025","27982154.00","","","0.00","","Y","","5/19/2025","55555","","55555","","","","","","24","27982154.00",""
"1397","8698","000104430000073","1","5/22/2025","I","1","M","5/23/2025","27982154.00","6/22/2025","","0.00","","N","","5/22/2025","55555","","","","","","","","24","27982154.00",""
"1398","8699","000104430000073","1","5/27/2025","I","1","M","6/23/2025","28544450.00","","","0.00","","Y","","5/27/2025","55555","","55555","","","","","","23","28544450.00",""
"1399","8700","000104430000073","1","5/28/2025","I","1","M","6/23/2025","28544450.00","","","0.00","","Y","","5/28/2025","55555","","55555","","","","","","23","28544450.00",""
"1400","8701","000104430000073","1","6/5/2025","I","1","M","6/23/2025","28544450.00","","","0.00","","Y","","6/5/2025","55555","","55555","","","","","","23","28544450.00",""
"1401","8702","000104430000073","1","6/16/2025","I","1","M","6/23/2025","28519136.00","8/22/2025","","0.00","","N","","6/16/2025","55555","","","","","","","","23","28519136.00",""
"1402","8703","000104430000073","1","7/8/2025","I","1","M","7/23/2025","28364114.00","","","0.00","","Y","","7/8/2025","55555","","55555","","","","","","22","28364114.00",""
"1403","8704","000104430000073","1","7/15/2025","I","1","M","7/23/2025","28364114.00","","","0.00","","Y","","7/15/2025","55555","","55555","","","","","","22","28364114.00",""
"1404","8705","000104430000073","1","7/16/2025","I","1","M","7/23/2025","28364114.00","","","0.00","","Y","","7/16/2025","55555","","55555","","","","","","22","28364114.00",""
"1405","8706","000104430000073","1","7/23/2025","I","1","M","8/23/2025","28364114.00","9/22/2025","","0.00","","N","","7/23/2025","55555","","","","","","","","22","28364114.00",""
"1406","8707","000104430000073","1","9/3/2025","I","1","M","9/23/2025","28085604.00","10/22/2025","","0.00","","N","","9/3/2025","55555","","","","","","","","20","28085604.00",""
"1407","8708","000104430000073","1","10/1/2025","I","1","M","10/23/2025","27902374.00","11/22/2025","","0.00","","N","","10/1/2025","55555","","","","","","","","19","27902374.00",""
"1408","8709","000104430000073","1","11/1/2025","I","1","M","11/23/2025","27678410.00","2/22/2026","","0.00","","N","","11/1/2025","55555","","","","","","","","18","27678410.00",""
"1409","9368","000104430000073","1","2/4/2026","I","1","M","2/23/2026","36988653.00","","","0.00","","Y","N9","2/4/2026","55555","","","","","","","","14","36988653.00",""
"1410","9393","000104430000073","1","2/26/2026","I","1","M","2/23/2026","28839156.00","3/22/2026","","0.00","","N","N3","2/26/2026","9999","","","","","","","","14","28839156.00",""
"1411","9425","000104430000073","1","3/5/2026","I","1","M","3/23/2026","28275054.00","4/22/2026","","0.00","","N","N2","3/9/2026","51","0-1-09/03/2026-14:35:39-192.168.002.001","","","","","","","13","28475616.00",""
"1412","9445","000104430000073","1","4/20/2026","I","1","M","4/23/2026","27863668.00","5/22/2026","","0.00","","N","N6","4/20/2026","51","0-1-23/04/2026-09:51:19-192.168.002.001","","","","","","","12","27863668.00",""
"1413","9453","000104430000073","1","5/6/2026","I","1","M","5/23/2026","27691730.00","6/22/2026","","0.00","","N","N2","5/6/2026","51","0-1-12/05/2026-08:41:33-192.168.002.001","","","","","","","11","27691730.00",""
"1414","9476","000104430000073","1","6/3/2026","I","1","M","6/23/2026","27490650.00","7/22/2026","","0.00","","N","N2","6/3/2026","51","0-1-12/06/2026-17:50:15-172.016.016.016","","","","","","","10","27490650.00",""
"1415","9494","000104430000073","1","7/3/2026","I","1","M","7/23/2026","27324713.00","8/22/2026","","0.00","","N","N2","7/3/2026","52","0-1-09/07/2026-10:33:22-192.168.002.001","","","","","","","9","27324713.00",""
"1416","9512","000104430000073","1","8/5/2026","I","1","M","8/23/2026","27174801.00","9/22/2026","","0.00","","N","N2","8/5/2026","51","0-1-10/08/2026-12:01:30-192.168.002.001","","","","","","","8","27174801.00",""
"1417","9533","000104430000073","1","9/3/2026","I","1","M","9/23/2026","27025419.00","","","0.00","","N","N2","9/3/2026","52","0-1-10/09/2026-17:36:32-192.168.002.001","","","","","","","7","27025419.00",""
"1418","2567","000104430000074","1","5/31/2025","O","1","M","6/1/2025","16773846.00","","","0.00","Installment Details through Disbursement","Y","N86","5/31/2025","10002","0-1-31/05/2025-21:42:23-192.168.002.001","55555","","19","0-1-31/05/2025-21:45:10-192.168.002.001","54752","1898","24","2945728.00","6/1/2025"
"1419","2578","000104430000074","1","6/10/2025","I","1","M","6/1/2025","2852040.00","8/31/2025","","0.00","","Y","N2","6/10/2025","51","0-1-10/06/2025-14:00:08-192.168.002.001","","","","","","","24","2852040.00",""
"1420","8008","000104430000074","1","8/8/2025","D","1","M","9/1/2025","16804746.00","8/31/2025","","0.00","Installment Details through Disbursement","Y","N1","8/8/2025","19","0-1-08/08/2025-15:15:45-192.168.002.001","","","18","0-1-08/08/2025-17:33:46-192.168.002.001","209788","7052","24","16804746.00","6/1/2025"
"1421","8728","000104430000074","1","5/19/2025","I","1","M","6/1/2025","2945728.00","","","0.00","","Y","","5/19/2025","55555","","55555","","","","","","24","2945728.00",""
"1422","8729","000104430000074","1","5/22/2025","I","1","M","6/1/2025","2945728.00","","","0.00","","Y","","5/22/2025","55555","","55555","","","","","","24","2945728.00",""
"1423","8730","000104430000074","1","5/27/2025","I","1","M","6/1/2025","2948442.00","","","0.00","","Y","","5/27/2025","55555","","55555","","","","","","24","2948442.00",""
"1424","8731","000104430000074","1","5/28/2025","I","1","M","6/1/2025","2948442.00","6/30/2025","","0.00","","N","","5/28/2025","55555","","","","","","","","24","2948442.00",""
"1425","8732","000104430000074","1","6/5/2025","I","1","M","7/1/2025","3206802.00","","","0.00","","Y","","6/5/2025","55555","","55555","","","","","","22","3206802.00",""
"1426","8733","000104430000074","1","6/16/2025","I","1","M","7/1/2025","3204064.00","8/7/2025","","0.00","","N","","6/16/2025","55555","","","","","","","","22","3204064.00",""
"1427","8734","000104430000074","1","7/8/2025","I","1","M","8/1/2025","3204370.00","","","0.00","","Y","","7/8/2025","55555","","55555","","","","","","21","3204370.00",""
"1428","8735","000104430000074","1","7/15/2025","I","1","M","8/1/2025","3204370.00","","","0.00","","Y","","7/15/2025","55555","","55555","","","","","","21","3204370.00",""
"1429","8736","000104430000074","1","7/16/2025","I","1","M","8/1/2025","3204370.00","","","0.00","","Y","","7/16/2025","55555","","55555","","","","","","21","3204370.00",""
"1430","8737","000104430000074","1","7/23/2025","I","1","M","8/8/2025","18387787.00","9/30/2025","","0.00","","N","","7/23/2025","55555","","","","","","","","21","3204370.00",""
"1431","8738","000104430000074","1","9/3/2025","I","1","M","10/1/2025","3199188.00","","","0.00","","Y","","9/3/2025","55555","","55555","","","","","","20","3199188.00",""
"1432","8739","000104430000074","1","10/1/2025","I","1","M","10/1/2025","18401626.00","10/31/2025","","0.00","","N","","10/1/2025","55555","","55555","","","","","","20","3201706.00",""
"1433","8740","000104430000074","1","11/1/2025","I","1","M","11/1/2025","18388420.00","1/31/2026","","0.00","","N","","11/1/2025","55555","","","","","","","","20","3199188.00",""
"1434","9397","000104430000074","1","2/26/2026","I","1","M","2/1/2026","27645103.00","","","0.00","","Y","N8","2/26/2026","9999","","","","","","","","14","27645103.00",""
"1435","9399","000104430000074","1","2/26/2026","I","1","M","2/1/2026","27645103.00","","","0.00","","Y","N10","2/26/2026","9999","","","","","","","","14","27645103.00",""
"1436","9403","000104430000074","1","2/27/2026","I","1","M","2/1/2026","17331521.00","3/31/2026","","0.00","","N","N3","2/27/2026","9999","","","","","","","","14","17331521.00",""
"1437","9422","000104430000074","1","3/5/2026","I","1","M","4/1/2026","18410628.00","4/30/2026","","0.00","","N","N2","3/9/2026","51","0-1-09/03/2026-14:35:39-192.168.002.001","","","","","","","12","18532378.00",""
"1438","9442","000104430000074","1","4/20/2026","I","1","M","5/1/2026","18235616.00","5/31/2026","","0.00","","N","N6","4/20/2026","51","0-1-23/04/2026-09:51:19-192.168.002.001","","","","","","","11","18235616.00",""
"1439","9451","000104430000074","1","5/6/2026","I","1","M","6/1/2026","18168822.00","6/30/2026","","0.00","","N","N2","5/6/2026","51","0-1-12/05/2026-08:41:33-192.168.002.001","","","","","","","10","18168822.00",""
"1440","9474","000104430000074","1","6/3/2026","I","1","M","7/1/2026","18106868.00","7/31/2026","","0.00","","N","N2","6/3/2026","51","0-1-12/06/2026-17:50:15-172.016.016.016","","","","","","","9","18106868.00",""
"1441","9492","000104430000074","1","7/3/2026","I","1","M","8/1/2026","18060981.00","8/31/2026","","0.00","","N","N2","7/3/2026","52","0-1-09/07/2026-10:33:22-192.168.002.001","","","","","","","8","18060981.00",""
"1442","9510","000104430000074","1","8/5/2026","I","1","M","9/1/2026","18018911.00","9/30/2026","","0.00","","N","N2","8/5/2026","51","0-1-10/08/2026-12:01:30-192.168.002.001","","","","","","","7","18018911.00",""
"1443","9531","000104430000074","1","9/3/2026","I","1","M","10/1/2026","17969833.00","","","0.00","","N","N2","9/3/2026","52","0-1-10/09/2026-17:36:32-192.168.002.001","","","","","","","6","17969833.00",""
"1444","2145","000104430000075","1","5/23/2025","O","1","M","6/1/2025","5694746.00","8/31/2025","","0.00","Installment Details through Disbursement","Y","N1","5/23/2025","19","0-1-23/05/2025-15:21:32-192.168.002.001","","","18","0-1-23/05/2025-16:51:19-192.168.002.001","53617","1476","24","5694746.00","6/1/2025"
"1445","2574","000104430000075","1","6/10/2025","I","1","Q","7/14/2025","17561339.00","","","0.00","","Y","N2","6/10/2025","51","0-1-10/06/2025-14:00:08-192.168.002.001","55555","","","","","","24","5517265.00",""
"1446","8710","000104430000075","1","4/16/2025","I","1","Q","7/14/2025","17561340.00","","","0.00","","Y","","4/16/2025","55555","","55555","","","","","","8","17561340.00",""
"1447","8711","000104430000075","1","4/17/2025","I","1","Q","7/14/2025","17561340.00","","","0.00","","Y","","4/17/2025","55555","","55555","","","","","","8","17561340.00",""
"1448","8712","000104430000075","1","4/22/2025","I","1","Q","7/14/2025","17561340.00","","","0.00","","Y","","4/22/2025","55555","","55555","","","","","","8","17561340.00",""
"1449","8713","000104430000075","1","4/23/2025","I","1","Q","7/14/2025","17561340.00","","","0.00","","Y","","4/23/2025","55555","","55555","","","","","","8","17561340.00",""
"1450","8714","000104430000075","1","4/30/2025","I","1","Q","7/14/2025","17561340.00","","","0.00","","Y","","4/30/2025","55555","","55555","","","","","","8","17561340.00",""
"1451","8715","000104430000075","1","5/19/2025","I","1","Q","7/14/2025","17561340.00","","","0.00","","Y","","5/19/2025","55555","","55555","","","","","","8","17561340.00",""
"1452","8716","000104430000075","1","5/22/2025","I","1","Q","7/14/2025","17561340.00","","","0.00","","Y","","5/22/2025","55555","","55555","","","","","","8","17561340.00",""
"1453","8717","000104430000075","1","5/27/2025","I","1","Q","7/14/2025","17578820.00","","","0.00","","Y","","5/27/2025","55555","","55555","","","","","","8","17578820.00",""
"1454","8718","000104430000075","1","5/28/2025","I","1","Q","7/14/2025","17578820.00","","","0.00","","Y","","5/28/2025","55555","","55555","","","","","","8","17578820.00",""
"1455","8719","000104430000075","1","6/5/2025","I","1","Q","7/14/2025","17578820.00","","","0.00","","Y","","6/5/2025","55555","","55555","","","","","","8","17578820.00",""
"1456","8720","000104430000075","1","6/16/2025","I","1","Q","7/14/2025","17561340.00","","","0.00","","Y","","6/16/2025","55555","","55555","","","","","","8","17561340.00",""
"1457","8721","000104430000075","1","7/8/2025","I","1","Q","7/14/2025","17596312.00","10/13/2025","","0.00","","N","","7/8/2025","55555","","","","","","","","8","17596312.00",""
"1458","8722","000104430000075","1","7/15/2025","I","1","Q","10/14/2025","17828588.00","","","0.00","","Y","","7/15/2025","55555","","55555","","","","","","7","17828588.00",""
"1459","8723","000104430000075","1","7/16/2025","I","1","Q","10/14/2025","17828588.00","","","0.00","","Y","","7/16/2025","55555","","55555","","","","","","7","17828588.00",""
"1460","8724","000104430000075","1","7/23/2025","I","1","Q","10/14/2025","17828588.00","","","0.00","","Y","","7/23/2025","55555","","55555","","","","","","7","17828588.00",""
"1461","8725","000104430000075","1","9/3/2025","I","1","Q","10/14/2025","17828588.00","","","0.00","","Y","","9/3/2025","55555","","55555","","","","","","7","17828588.00",""
"1462","8726","000104430000075","1","10/1/2025","I","1","Q","10/14/2025","17844578.00","1/13/2026","","0.00","","N","","10/1/2025","55555","","","","","","","","7","17844578.00",""
"1463","8727","000104430000075","1","11/1/2025","I","1","Q","1/14/2026","17499870.00","2/13/2026","","0.00","","N","","11/1/2025","55555","","","","","","","","6","17499870.00",""
"1464","9359","000104430000075","1","2/4/2026","I","1","Q","2/14/2026","23756155.00","","","0.00","","Y","N9","2/4/2026","55555","","","","","","","","5","23756155.00",""
"1465","9383","000104430000075","1","2/26/2026","I","1","Q","2/14/2026","18223660.00","5/13/2026","","0.00","","N","N3","2/26/2026","9999","","","","","","","","5","18223660.00",""
"1466","9417","000104430000075","1","3/5/2026","I","1","Q","5/14/2026","22913264.00","8/13/2026","","0.00","","N","N2","5/6/2026","51","0-1-09/03/2026-14:35:39-192.168.002.001","","","","","","","4","16617288.00",""
"1467","9470","000104430000075","1","6/3/2026","I","1","Q","8/14/2026","21753262.00","11/13/2026","","0.00","","N","N2","8/5/2026","51","0-1-12/06/2026-17:50:15-172.016.016.016","","","","","","","3","16271428.00",""
"1468","9526","000104430000075","1","9/3/2026","I","1","Q","11/14/2026","11345955.00","","","0.00","","N","N2","9/3/2026","52","0-1-10/09/2026-17:36:32-192.168.002.001","","","","","","","2","11345955.00",""
"1469","4181","000104430000076","1","6/18/2025","O","1","H","10/17/2025","33062324.00","","","0.00","Installment Details through Disbursement","Y","N33","6/18/2025","19","0-1-18/06/2025-09:51:03-192.168.002.001","55555","","18","0-1-18/06/2025-15:43:32-192.168.002.001","90098","3500","60","5133003.00","7/1/2025"
"1470","9291","000104430000076","1","4/22/2025","I","1","H","10/17/2025","33062324.00","","","0.00","","Y","","4/22/2025","55555","","55555","","","","","","10","33062324.00",""
"1471","9292","000104430000076","1","4/23/2025","I","1","H","10/17/2025","33062324.00","","","0.00","","Y","","4/23/2025","55555","","55555","","","","","","10","33062324.00",""
"1472","9293","000104430000076","1","4/30/2025","I","1","H","10/17/2025","33062324.00","","","0.00","","Y","","4/30/2025","55555","","55555","","","","","","10","33062324.00",""
"1473","9294","000104430000076","1","5/19/2025","I","1","H","10/17/2025","33062324.00","","","0.00","","Y","","5/19/2025","55555","","55555","","","","","","10","33062324.00",""
"1474","9295","000104430000076","1","5/22/2025","I","1","H","10/17/2025","33062324.00","","","0.00","","Y","","5/22/2025","55555","","55555","","","","","","10","33062324.00",""
"1475","9296","000104430000076","1","5/27/2025","I","1","H","10/17/2025","33130090.00","","","0.00","","Y","","5/27/2025","55555","","55555","","","","","","10","33130090.00",""
"1476","9297","000104430000076","1","5/28/2025","I","1","H","10/17/2025","33130090.00","","","0.00","","Y","","5/28/2025","55555","","55555","","","","","","10","33130090.00",""
"1477","9298","000104430000076","1","6/5/2025","I","1","H","10/17/2025","33130090.00","","","0.00","","Y","","6/5/2025","55555","","55555","","","","","","10","33130090.00",""
"1478","9299","000104430000076","1","6/16/2025","I","1","H","10/17/2025","33062324.00","","","0.00","","Y","","6/16/2025","55555","","55555","","","","","","10","33062324.00",""
"1479","9300","000104430000076","1","7/8/2025","I","1","H","10/17/2025","33197932.00","","","0.00","","Y","","7/8/2025","55555","","55555","","","","","","10","33197932.00",""
"1480","9301","000104430000076","1","7/15/2025","I","1","H","10/17/2025","33197932.00","","","0.00","","Y","","7/15/2025","55555","","55555","","","","","","10","33197932.00",""
"1481","9302","000104430000076","1","7/16/2025","I","1","H","10/17/2025","33197932.00","","","0.00","","Y","","7/16/2025","55555","","55555","","","","","","10","33197932.00",""
"1482","9303","000104430000076","1","7/23/2025","I","1","H","10/17/2025","33197932.00","","","0.00","","Y","","7/23/2025","55555","","55555","","","","","","10","33197932.00",""
"1483","9304","000104430000076","1","9/3/2025","I","1","H","10/17/2025","33197932.00","","","0.00","","Y","","9/3/2025","55555","","55555","","","","","","10","33197932.00",""
"1484","9305","000104430000076","1","10/1/2025","I","1","H","10/17/2025","33265850.00","4/16/2026","","0.00","","N","","10/1/2025","55555","","","","","","","","10","33265850.00",""
"1485","9306","000104430000076","1","11/1/2025","I","1","H","4/17/2026","39386515.00","10/16/2026","","0.00","","N","N2","3/9/2026","55555","","","","","","","","9","33757134.00",""
"1486","9440","000104430000076","1","4/20/2026","I","1","H","10/17/2026","37701991.00","","","0.00","","N","N2","9/3/2026","51","0-1-23/04/2026-09:51:19-192.168.002.001","","","","","","","7","32423199.00",""
"1487","4377","000104430000077","1","6/19/2025","O","1","M","7/1/2025","4928522.00","","","0.00","Installment Details through Disbursement","Y","N1","6/19/2025","19","0-1-19/06/2025-16:53:29-192.168.002.001","","","18","0-1-19/06/2025-17:06:04-192.168.002.001","90490","3696","60","4928522.00","7/1/2025"
"1488","4378","000104430000077","1","6/19/2025","D","1","M","7/1/2025","5021247.00","","","0.00","Installment Details through Disbursement","Y","N2","6/19/2025","19","0-1-19/06/2025-16:54:38-192.168.002.001","","","18","0-1-19/06/2025-17:06:20-192.168.002.001","90492","3697","60","5021247.00","7/1/2025"
"1489","4379","000104430000077","1","12/5/2025","D","1","H","12/5/2025","33205945.00","","","0.00","Installment Details through Disbursement","Y","N3","6/19/2025","19","0-1-19/06/2025-16:56:36-192.168.002.001","55555","","18","0-1-19/06/2025-17:06:39-192.168.002.001","90494","3698","60","5176543.00","7/1/2025"
"1490","8783","000104430000077","1","6/16/2025","I","1","H","12/5/2025","33136130.00","","","0.00","","Y","","6/16/2025","55555","","55555","","","","","","10","33136130.00",""
"1491","8784","000104430000077","1","7/8/2025","I","1","H","12/5/2025","33275844.00","","","0.00","","Y","","7/8/2025","55555","","55555","","","","","","10","33275844.00",""
"1492","8785","000104430000077","1","7/15/2025","I","1","H","12/5/2025","33275844.00","","","0.00","","Y","","7/15/2025","55555","","55555","","","","","","10","33275844.00",""
"1493","8786","000104430000077","1","7/16/2025","I","1","H","12/5/2025","33275844.00","","","0.00","","Y","","7/16/2025","55555","","55555","","","","","","10","33275844.00",""
"1494","8787","000104430000077","1","7/23/2025","I","1","H","12/5/2025","33275844.00","","","0.00","","Y","","7/23/2025","55555","","55555","","","","","","10","33275844.00",""
"1495","8788","000104430000077","1","9/3/2025","I","1","H","12/5/2025","33275844.00","","","0.00","","Y","","9/3/2025","55555","","55555","","","","","","10","33275844.00",""
"1496","8789","000104430000077","1","10/1/2025","I","1","H","12/5/2025","33345826.00","","","0.00","","Y","","10/1/2025","55555","","55555","","","","","","10","33345826.00",""
"1497","8790","000104430000077","1","11/1/2025","I","1","H","12/5/2025","33275844.00","6/4/2026","","0.00","","N","","11/1/2025","55555","","","","","","","","10","33275844.00",""
"1498","9355","000104430000077","1","2/4/2026","I","1","H","2/5/2026","41583593.00","","","0.00","","Y","N9","2/4/2026","55555","","","","","","","","9","41583593.00",""
"1499","9379","000104430000077","1","2/26/2026","I","1","H","6/5/2026","39620050.00","12/4/2026","","0.00","","N","N2","6/3/2026","9999","","","","","","","","9","34068609.00",""
"1500","9487","000104430000077","1","7/3/2026","I","1","H","12/5/2026","35801320.00","","","0.00","","N","N2","9/3/2026","52","0-1-09/07/2026-10:33:22-192.168.002.001","","","","","","","7","32831595.00",""
"1501","4554","000104430000078","1","6/30/2025","O","1","M","6/28/2025","4928623.00","","","0.00","Installment Details through Disbursement","Y","N1","6/30/2025","10002","0-1-30/06/2025-17:32:49-192.168.002.001","55555","","18","0-1-30/06/2025-18:59:00-192.168.002.001","91165","3873","12","4923677.00","7/1/2025"
"1502","8774","000104430000078","1","6/5/2025","I","1","M","6/28/2025","4928624.00","","","0.00","","Y","","6/5/2025","55555","","55555","","","","","","12","4928624.00",""
"1503","8775","000104430000078","1","6/16/2025","I","1","M","6/28/2025","4926150.00","7/27/2025","","0.00","","N","","6/16/2025","55555","","","","","","","","12","4926150.00",""
"1504","8776","000104430000078","1","7/8/2025","I","1","M","7/28/2025","5060924.00","","","0.00","","Y","","7/8/2025","55555","","55555","","","","","","11","5060924.00",""
"1505","8777","000104430000078","1","7/15/2025","I","1","M","7/28/2025","5060924.00","","","0.00","","Y","","7/15/2025","55555","","55555","","","","","","11","5060924.00",""
"1506","8778","000104430000078","1","7/16/2025","I","1","M","7/28/2025","5060924.00","","","0.00","","Y","","7/16/2025","55555","","55555","","","","","","11","5060924.00",""
"1507","8779","000104430000078","1","7/23/2025","I","1","M","7/28/2025","5060924.00","9/27/2025","","0.00","","N","","7/23/2025","55555","","","","","","","","11","5060924.00",""
"1508","8780","000104430000078","1","9/3/2025","I","1","M","9/28/2025","5043642.00","10/27/2025","","0.00","","N","","9/3/2025","55555","","","","","","","","10","5043642.00",""
"1509","8781","000104430000078","1","10/1/2025","I","1","M","10/28/2025","5006374.00","11/27/2025","","0.00","","N","","10/1/2025","55555","","","","","","","","8","5006374.00",""
"1510","8782","000104430000078","1","11/1/2025","I","1","M","11/28/2025","4987668.00","2/27/2026","","0.00","","N","","11/1/2025","55555","","","","","","","","7","4987668.00",""
"1511","9367","000104430000078","1","2/4/2026","I","1","M","2/28/2026","8160256.00","","","0.00","","Y","N9","2/4/2026","55555","","","","","","","","3","8160256.00",""
"1512","9391","000104430000078","1","2/26/2026","I","1","M","2/28/2026","6426769.00","3/27/2026","","0.00","","N","N3","2/26/2026","9999","","","","","","","","3","6426769.00",""
"1513","9423","000104430000078","1","3/5/2026","I","1","M","3/28/2026","6381159.00","4/27/2026","","0.00","","N","N2","3/9/2026","51","0-1-09/03/2026-14:35:39-192.168.002.001","","","","","","","2","6391242.00",""
"1514","9443","000104430000078","1","4/20/2026","I","1","M","4/28/2026","6341371.00","5/27/2026","","0.00","","N","N6","4/20/2026","51","0-1-23/04/2026-09:51:19-192.168.002.001","","","","","","","1","6341371.00",""
"1515","9452","000104430000078","1","5/6/2026","I","1","M","5/28/2026","0.00","","","0.00","","N","N2","5/6/2026","51","0-1-12/05/2026-08:41:33-192.168.002.001","","","","","","","0","0.00",""
"1516","4665","000104430000079","1","7/10/2025","O","1","M","8/1/2025","5466387.00","","","0.00","Installment Details through Disbursement","Y","N1","7/10/2025","19","0-1-10/07/2025-17:12:08-192.168.002.001","","","18","0-1-10/07/2025-17:17:14-192.168.002.001","104384","3874","24","5466387.00","8/1/2025"
"1517","4666","000104430000079","1","7/10/2025","D","1","M","8/1/2025","5637229.00","","","0.00","Installment Details through Disbursement","Y","N2","7/10/2025","19","0-1-10/07/2025-17:13:38-192.168.002.001","","","18","0-1-10/07/2025-17:17:38-192.168.002.001","104386","3875","24","5637229.00","8/1/2025"
"1518","4667","000104430000079","1","7/10/2025","D","1","Q","8/22/2025","17561339.00","","","0.00","Installment Details through Disbursement","Y","N3","7/10/2025","19","0-1-10/07/2025-17:15:18-192.168.002.001","55555","","18","0-1-10/07/2025-17:18:02-192.168.002.001","104388","3876","24","5694746.00","8/1/2025"
"1519","8753","000104430000079","1","5/27/2025","I","1","Q","8/22/2025","17578820.00","","","0.00","","Y","","5/27/2025","55555","","55555","","","","","","8","17578820.00",""
"1520","8754","000104430000079","1","5/28/2025","I","1","Q","8/22/2025","17578820.00","","","0.00","","Y","","5/28/2025","55555","","55555","","","","","","8","17578820.00",""
"1521","8755","000104430000079","1","6/5/2025","I","1","Q","8/22/2025","17578820.00","","","0.00","","Y","","6/5/2025","55555","","55555","","","","","","8","17578820.00",""
"1522","8756","000104430000079","1","6/16/2025","I","1","Q","8/22/2025","17561340.00","","","0.00","","Y","","6/16/2025","55555","","55555","","","","","","8","17561340.00",""
"1523","8757","000104430000079","1","7/8/2025","I","1","Q","8/22/2025","17596312.00","","","0.00","","Y","","7/8/2025","55555","","55555","","","","","","8","17596312.00",""
"1524","8758","000104430000079","1","7/15/2025","I","1","Q","8/22/2025","17596312.00","","","0.00","","Y","","7/15/2025","55555","","55555","","","","","","8","17596312.00",""
"1525","8759","000104430000079","1","7/16/2025","I","1","Q","8/22/2025","17596312.00","","","0.00","","Y","","7/16/2025","55555","","55555","","","","","","8","17596312.00",""
"1526","8760","000104430000079","1","7/23/2025","I","1","Q","8/22/2025","17596312.00","11/21/2025","","0.00","","N","","7/23/2025","55555","","","","","","","","8","17596312.00",""
"1527","8761","000104430000079","1","9/3/2025","I","1","Q","11/22/2025","18061194.00","","","0.00","","Y","","9/3/2025","55555","","55555","","","","","","7","18061194.00",""
"1528","8762","000104430000079","1","10/1/2025","I","1","Q","11/22/2025","18077392.00","","","0.00","","Y","","10/1/2025","55555","","55555","","","","","","7","18077392.00",""
"1529","8763","000104430000079","1","11/1/2025","I","1","Q","11/22/2025","18061194.00","2/21/2026","","0.00","","N","","11/1/2025","55555","","","","","","","","7","18061194.00",""
"1530","9363","000104430000079","1","2/4/2026","I","1","Q","2/22/2026","27424539.00","","","0.00","","Y","N9","2/4/2026","55555","","","","","","","","5","27424539.00",""
"1531","9387","000104430000079","1","2/26/2026","I","1","Q","2/22/2026","21600485.00","5/21/2026","","0.00","","N","N3","2/26/2026","9999","","","","","","","","5","21600485.00",""
"1532","9419","000104430000079","1","3/5/2026","I","1","Q","5/22/2026","26584003.00","8/21/2026","","0.00","","N","N2","5/6/2026","51","0-1-09/03/2026-14:35:39-192.168.002.001","","","","","","","4","19901231.00",""
"1533","9472","000104430000079","1","6/3/2026","I","1","Q","8/22/2026","25646243.00","11/21/2026","","0.00","","N","N2","8/5/2026","51","0-1-12/06/2026-17:50:15-172.016.016.016","","","","","","","3","19483076.00",""
"1534","9528","000104430000079","1","9/3/2026","I","1","Q","11/22/2026","15238598.00","","","0.00","","N","N2","9/3/2026","52","0-1-10/09/2026-17:36:32-192.168.002.001","","","","","","","2","15238598.00",""
"1535","7839","000104430000080","1","7/23/2025","O","1","M","8/1/2025","2726662.00","","","0.00","Installment Details through Disbursement","Y","N5","7/23/2025","10002","0-1-23/07/2025-17:27:57-192.168.002.001","","","19","0-1-23/07/2025-17:28:30-192.168.002.001","194392","7045","24","2726662.00","8/1/2025"
"1536","7840","000104430000080","1","7/23/2025","D","1","M","8/1/2025","2812865.00","","","0.00","Installment Details through Disbursement","Y","N6","7/23/2025","10002","0-1-23/07/2025-17:29:59-192.168.002.001","","","19","0-1-23/07/2025-17:30:25-192.168.002.001","194394","7046","24","2812865.00","8/1/2025"
"1537","7841","000104430000080","1","7/23/2025","D","1","M","8/1/2025","2862001.00","","","0.00","Installment Details through Disbursement","Y","N7","7/23/2025","10002","0-1-23/07/2025-17:31:59-192.168.002.001","","","19","0-1-23/07/2025-17:32:27-192.168.002.001","194396","7047","24","2862001.00","8/1/2025"
"1538","7842","000104430000080","1","5/27/2025","D","1","H","11/27/2025","18490910.00","","","0.00","Installment Details through Disbursement","Y","N8","7/23/2025","10002","0-1-23/07/2025-17:34:31-192.168.002.001","55555","","19","0-1-23/07/2025-17:34:44-192.168.002.001","194398","7048","24","2873432.00","8/1/2025"
"1539","8764","000104430000080","1","5/28/2025","I","1","H","11/27/2025","18490910.00","","","0.00","","Y","","5/28/2025","55555","","55555","","","","","","4","18490910.00",""
"1540","8765","000104430000080","1","6/5/2025","I","1","H","11/27/2025","18490910.00","","","0.00","","Y","","6/5/2025","55555","","55555","","","","","","4","18490910.00",""
"1541","8766","000104430000080","1","6/16/2025","I","1","H","11/27/2025","18470248.00","","","0.00","","Y","","6/16/2025","55555","","55555","","","","","","4","18470248.00",""
"1542","8767","000104430000080","1","7/8/2025","I","1","H","11/27/2025","18511590.00","","","0.00","","Y","","7/8/2025","55555","","55555","","","","","","4","18511590.00",""
"1543","8768","000104430000080","1","7/15/2025","I","1","H","11/27/2025","18511590.00","","","0.00","","Y","","7/15/2025","55555","","55555","","","","","","4","18511590.00",""
"1544","8769","000104430000080","1","7/16/2025","I","1","H","11/27/2025","18511590.00","","","0.00","","Y","","7/16/2025","55555","","55555","","","","","","4","18511590.00",""
"1545","8770","000104430000080","1","7/23/2025","I","1","H","11/27/2025","18511590.00","","","0.00","","Y","","7/23/2025","55555","","55555","","","","","","4","18511590.00",""
"1546","8771","000104430000080","1","9/3/2025","I","1","H","11/27/2025","18511590.00","","","0.00","","Y","","9/3/2025","55555","","55555","","","","","","4","18511590.00",""
"1547","8772","000104430000080","1","10/1/2025","I","1","H","11/27/2025","18532284.00","","","0.00","","Y","","10/1/2025","55555","","55555","","","","","","4","18532284.00",""
"1548","8773","000104430000080","1","11/1/2025","I","1","H","11/27/2025","18511590.00","","","0.00","","N","","11/1/2025","55555","","","","","","","","4","18511590.00",""
"1549","7843","000104430000082","1","7/31/2025","D","1","M","8/1/2025","28214428.00","","","0.00","Installment Details through Disbursement","Y","N2","7/31/2025","19","0-1-31/07/2025-17:02:04-192.168.002.001","","","18","0-1-31/07/2025-19:46:53-192.168.002.001","195317","7049","24","28214428.00","8/1/2025"
"1550","7844","000104430000082","1","7/31/2025","D","1","M","8/1/2025","29907294.00","","","0.00","Installment Details through Disbursement","Y","N3","7/31/2025","19","0-1-31/07/2025-17:04:01-192.168.002.001","","","18","0-1-31/07/2025-19:47:37-192.168.002.001","195319","7050","24","29907294.00","8/1/2025"
"1551","7845","000104430000082","1","7/31/2025","D","1","Q","8/19/2025","94858140.00","","","0.00","Installment Details through Disbursement","Y","N4","7/31/2025","19","0-1-31/07/2025-17:05:28-192.168.002.001","55555","","18","0-1-31/07/2025-19:48:19-192.168.002.001","195321","7051","24","30816433.00","8/1/2025"
"1552","8741","000104430000082","1","5/22/2025","D","1","Q","8/19/2025","94858140.00","","","0.00","","Y","","5/22/2025","55555","","55555","","","","","","8","94858140.00",""
"1553","8742","000104430000082","1","5/27/2025","D","1","Q","8/19/2025","94952968.00","","","0.00","","Y","","5/27/2025","55555","","55555","","","","","","8","94952968.00",""
"1554","8743","000104430000082","1","5/28/2025","D","1","Q","8/19/2025","94952968.00","","","0.00","","Y","","5/28/2025","55555","","55555","","","","","","8","94952968.00",""
"1555","8744","000104430000082","1","6/5/2025","D","1","Q","8/19/2025","94952968.00","","","0.00","","Y","","6/5/2025","55555","","55555","","","","","","8","94952968.00",""
"1556","8745","000104430000082","1","6/16/2025","D","1","Q","8/19/2025","94858140.00","","","0.00","","Y","","6/16/2025","55555","","55555","","","","","","8","94858140.00",""
"1557","8746","000104430000082","1","7/8/2025","D","1","Q","8/19/2025","95047856.00","","","0.00","","Y","","7/8/2025","55555","","55555","","","","","","8","95047856.00",""
"1558","8747","000104430000082","1","7/15/2025","D","1","Q","8/19/2025","95047856.00","","","0.00","","Y","","7/15/2025","55555","","55555","","","","","","8","95047856.00",""
"1559","8748","000104430000082","1","7/16/2025","D","1","Q","8/19/2025","95047856.00","","","0.00","","Y","","7/16/2025","55555","","55555","","","","","","8","95047856.00",""
"1560","8749","000104430000082","1","7/23/2025","D","1","Q","8/19/2025","95047856.00","11/18/2025","","0.00","","N","","7/23/2025","55555","","","","","","","","8","95047856.00",""
"1561","8750","000104430000082","1","9/3/2025","D","1","Q","11/19/2025","97471896.00","","","0.00","","Y","","9/3/2025","55555","","55555","","","","","","7","97471896.00",""
"1562","8751","000104430000082","1","10/1/2025","D","1","Q","11/19/2025","97559642.00","","","0.00","","Y","","10/1/2025","55555","","55555","","","","","","7","97559642.00",""
"1563","8752","000104430000082","1","11/1/2025","D","1","Q","11/19/2025","97471896.00","2/18/2026","","0.00","","N","","11/1/2025","55555","","","","","","","","7","97471896.00",""
"1564","9362","000104430000082","1","2/4/2026","D","1","Q","2/19/2026","146376199.00","","","0.00","","Y","N9","2/4/2026","55555","","","","","","","","5","146376199.00",""
"1565","9386","000104430000082","1","2/26/2026","D","1","Q","2/19/2026","116221193.00","5/18/2026","","0.00","","N","N3","2/26/2026","9999","","","","","","","","5","116221193.00",""
"1566","9418","000104430000082","1","3/5/2026","D","1","Q","5/19/2026","142849694.00","8/18/2026","","0.00","","N","N2","5/6/2026","51","0-1-09/03/2026-14:35:39-192.168.002.001","","","","","","","4","107010906.00",""
"1567","9471","000104430000082","1","6/3/2026","D","1","Q","8/19/2026","104780526.00","","","0.00","","Y","N2","6/3/2026","51","0-1-12/06/2026-17:50:15-172.016.016.016","","","","","","","3","104780526.00",""
"1568","9478","000104430000082","1","6/30/2026","I","1","M","8/19/2026","61824294.00","9/18/2026","","0.00","Installment Details through Disbursement","N","N2","8/5/2026","62","0-1-07/07/2026-10:50:26-192.168.002.001","","","18","0-1-07/07/2026-13:55:42-192.168.002.001","383213","7141","11","73729821.00","8/19/2026"
"1569","8009","000104430000084","1","8/8/2025","O","1","M","9/1/2025","9840997.00","","","0.00","Installment Details through Disbursement","Y","N2","8/8/2025","19","0-1-08/08/2025-15:18:39-192.168.002.001","","","18","0-1-08/08/2025-17:34:06-192.168.002.001","209790","7053","60","9840997.00","9/1/2025"
"1570","8010","000104430000084","1","8/8/2025","D","1","M","9/1/2025","10137730.00","","","0.00","Installment Details through Disbursement","Y","N3","8/8/2025","19","0-1-08/08/2025-15:20:02-192.168.002.001","","","18","0-1-08/08/2025-17:34:26-192.168.002.001","209792","7054","60","10137730.00","9/1/2025"
"1571","8011","000104430000084","1","8/8/2025","D","1","M","9/1/2025","10332254.00","","","0.00","Installment Details through Disbursement","Y","N4","8/8/2025","19","0-1-08/08/2025-15:21:30-192.168.002.001","","","18","0-1-08/08/2025-17:34:44-192.168.002.001","209794","7055","60","10332254.00","9/1/2025"
"1572","8012","000104430000084","1","8/8/2025","D","1","M","9/1/2025","10382353.00","","","0.00","Installment Details through Disbursement","Y","N5","8/8/2025","19","0-1-08/08/2025-15:22:41-192.168.002.001","","","18","0-1-08/08/2025-17:35:09-192.168.002.001","209796","7056","60","10382353.00","9/1/2025"
"1573","8013","000104430000084","1","8/8/2025","D","1","M","8/15/2025","10421438.00","","","0.00","Installment Details through Disbursement","Y","N6","8/8/2025","19","0-1-08/08/2025-15:23:35-192.168.002.001","55555","","18","0-1-08/08/2025-17:35:35-192.168.002.001","209798","7057","60","10382383.00","9/1/2025"
"1574","8791","000104430000084","1","7/16/2025","I","1","M","8/15/2025","10421438.00","","","0.00","","Y","","7/16/2025","55555","","55555","","","","","","60","10421438.00",""
"1575","8792","000104430000084","1","7/23/2025","I","1","M","8/15/2025","10421438.00","9/14/2025","","0.00","","N","","7/23/2025","55555","","","","","","","","60","10421438.00",""
"1576","8793","000104430000084","1","9/3/2025","I","1","M","9/15/2025","10692396.00","10/14/2025","","0.00","","N","","9/3/2025","55555","","","","","","","","59","10692396.00",""
"1577","8794","000104430000084","1","10/1/2025","I","1","M","10/15/2025","10560566.00","11/14/2025","","0.00","","N","","10/1/2025","55555","","","","","","","","58","10560566.00",""
"1578","8795","000104430000084","1","11/1/2025","I","1","M","11/15/2025","10391942.00","2/14/2026","","0.00","","N","","11/1/2025","55555","","","","","","","","57","10391942.00",""
"1579","9356","000104430000084","1","2/4/2026","I","1","M","2/15/2026","12207361.00","","","0.00","","Y","N9","2/4/2026","55555","","","","","","","","53","12207361.00",""
"1580","9380","000104430000084","1","2/26/2026","I","1","M","2/15/2026","10198939.00","3/14/2026","","0.00","","N","N3","2/26/2026","9999","","","","","","","","53","10198939.00",""
"1581","9414","000104430000084","1","3/5/2026","I","1","M","3/15/2026","9667091.00","5/14/2026","","0.00","","N","N2","3/9/2026","51","0-1-09/03/2026-14:35:39-192.168.002.001","","","","","","","52","9886992.00",""
"1582","9437","000104430000084","1","4/20/2026","I","1","M","5/15/2026","9248042.00","6/14/2026","","0.00","","N","N2","5/6/2026","51","0-1-23/04/2026-09:51:19-192.168.002.001","","","","","","","50","9275615.00",""
"1583","9467","000104430000084","1","6/3/2026","I","1","M","6/15/2026","9210550.00","7/14/2026","","0.00","","N","N2","6/3/2026","51","0-1-12/06/2026-17:50:15-172.016.016.016","","","","","","","49","9210550.00",""
"1584","9488","000104430000084","1","7/3/2026","I","1","M","7/15/2026","9008553.00","8/14/2026","","0.00","","N","N2","7/3/2026","52","0-1-09/07/2026-10:33:22-192.168.002.001","","","","","","","48","9008553.00",""
"1585","9504","000104430000084","1","8/5/2026","I","1","M","8/15/2026","8943981.00","9/14/2026","","0.00","","N","N2","8/5/2026","51","0-1-10/08/2026-12:01:30-192.168.002.001","","","","","","","47","8943981.00",""
"1586","9523","000104430000084","1","9/3/2026","I","1","M","9/15/2026","8891749.00","","","0.00","","N","N2","9/3/2026","52","0-1-10/09/2026-17:36:32-192.168.002.001","","","","","","","46","8891749.00",""
"1587","8014","000104430000085","1","8/8/2025","O","1","M","9/1/2025","20114022.00","","","0.00","Installment Details through Disbursement","Y","N7","8/8/2025","19","0-1-08/08/2025-15:25:37-192.168.002.001","","","18","0-1-08/08/2025-17:35:56-192.168.002.001","209800","7058","24","20114022.00","9/1/2025"
"1588","8015","000104430000085","1","8/8/2025","D","1","M","9/1/2025","21838081.00","","","0.00","Installment Details through Disbursement","Y","N8","8/8/2025","19","0-1-08/08/2025-15:27:40-192.168.002.001","","","18","0-1-08/08/2025-17:36:18-192.168.002.001","209802","7059","24","21838081.00","9/1/2025"
"1589","8016","000104430000085","1","8/8/2025","D","1","M","8/15/2025","43005666.00","","","0.00","Installment Details through Disbursement","Y","N9","8/8/2025","19","0-1-08/08/2025-15:59:29-192.168.002.001","","","18","0-1-08/08/2025-17:36:46-192.168.002.001","209804","7060","24","22852574.00","9/1/2025"
"1590","8060","000104430000085","1","11/28/2025","D","1","M","12/1/2025","42927545.00","8/31/2025","","0.00","Installment Details through Disbursement","Y","N2","11/28/2025","62","0-1-28/11/2025-16:28:06-192.168.002.001","","","20","0-1-01/12/2025-07:34:23-192.168.002.001","257843","7076","24","42927545.00","9/1/2025"
"1591","8813","000104430000085","1","7/16/2025","I","1","M","8/15/2025","43005666.00","","","0.00","","Y","","7/16/2025","55555","","","","","","","","24","43005666.00",""
"1592","8814","000104430000085","1","7/23/2025","I","1","M","8/15/2025","43005666.00","9/14/2025","","0.00","","N","","7/23/2025","55555","","","","","","","","24","43005666.00",""
"1593","8815","000104430000085","1","9/3/2025","I","1","M","9/15/2025","44191906.00","10/14/2025","","0.00","","N","","9/3/2025","55555","","","","","","","","23","44191906.00",""
"1594","8816","000104430000085","1","10/1/2025","I","1","M","10/15/2025","43549202.00","11/14/2025","","0.00","","N","","10/1/2025","55555","","","","","","","","22","43549202.00",""
"1595","8817","000104430000085","1","11/1/2025","I","1","M","11/15/2025","42841504.00","2/14/2026","","0.00","","N","","11/1/2025","55555","","","","","","","","21","42841504.00",""
"1596","9314","000104430000085","1","2/2/2026","D","1","M","3/1/2026","75065452.00","","","0.00","Installment Details through Disbursement","Y","N9","2/4/2026","62","0-1-04/02/2026-15:19:19-192.168.002.001","","","19","0-1-04/02/2026-16:14:35-192.168.002.001","324409","7126","24","60261933.00","12/1/2025"
"1597","9392","000104430000085","1","2/26/2026","I","1","M","2/15/2026","75065452.00","3/14/2026","","0.00","","N","N3","2/26/2026","9999","","","","","","","","17","75065452.00",""
"1598","9424","000104430000085","1","3/5/2026","I","1","M","3/15/2026","64103606.00","5/14/2026","","0.00","","N","N2","3/9/2026","51","0-1-09/03/2026-14:35:39-192.168.002.001","","","","","","","16","64644952.00",""
"1599","9444","000104430000085","1","4/20/2026","I","1","M","5/15/2026","62353368.00","6/14/2026","","0.00","","N","N2","5/6/2026","51","0-1-23/04/2026-09:51:19-192.168.002.001","","","","","","","14","62404948.00",""
"1600","9475","000104430000085","1","6/3/2026","I","1","M","6/15/2026","62157946.00","7/14/2026","","0.00","","N","N2","6/3/2026","51","0-1-12/06/2026-17:50:15-172.016.016.016","","","","","","","13","62157946.00",""
"1601","9493","000104430000085","1","7/3/2026","I","1","M","7/15/2026","60567209.00","8/14/2026","","0.00","","N","N2","7/3/2026","52","0-1-09/07/2026-10:33:22-192.168.002.001","","","","","","","12","60567209.00",""
"1602","9511","000104430000085","1","8/5/2026","I","1","M","8/15/2026","59819319.00","9/14/2026","","0.00","","N","N2","8/5/2026","51","0-1-10/08/2026-12:01:30-192.168.002.001","","","","","","","11","59819319.00",""
"1603","9532","000104430000085","1","9/3/2026","I","1","M","9/15/2026","59082183.00","","","0.00","","N","N2","9/3/2026","52","0-1-10/09/2026-17:36:32-192.168.002.001","","","","","","","10","59082183.00",""
"1604","8017","000104430000086","1","8/27/2025","O","1","M","9/1/2025","4300115.00","","","0.00","Installment Details through Disbursement","Y","N1","8/27/2025","10002","0-1-27/08/2025-10:21:14-192.168.002.001","","","19","0-1-27/08/2025-17:27:17-192.168.002.001","210061","7061","36","4300115.00","9/1/2025"
"1605","8018","000104430000086","1","8/27/2025","D","1","M","9/1/2025","4429978.00","","","0.00","Installment Details through Disbursement","Y","N2","8/27/2025","10002","0-1-27/08/2025-10:23:51-192.168.002.001","","","19","0-1-27/08/2025-17:27:34-192.168.002.001","210063","7062","36","4429978.00","9/1/2025"
"1606","8019","000104430000086","1","8/27/2025","D","1","M","9/1/2025","4752487.00","10/31/2025","","0.00","Installment Details through Disbursement","Y","N3","8/27/2025","10002","0-1-27/08/2025-10:26:15-192.168.002.001","","","19","0-1-27/08/2025-17:27:56-192.168.002.001","210065","7063","36","4752487.00","9/1/2025"
"1607","8055","000104430000086","1","1/8/2026","D","1","H","1/8/2026","69122097.00","","","0.00","Installment Details through Disbursement","Y","N1","10/24/2025","19","0-1-24/10/2025-16:58:39-192.168.002.001","","","18","0-1-24/10/2025-17:13:29-192.168.002.001","242249","7071","36","10736506.00","9/1/2025"
"1608","8804","000104430000086","1","7/15/2025","I","1","H","1/8/2026","69122098.00","","","0.00","","Y","","7/15/2025","55555","","","","","","","","6","69122098.00",""
"1609","8805","000104430000086","1","7/16/2025","I","1","H","1/8/2026","69122098.00","","","0.00","","Y","","7/16/2025","55555","","","","","","","","6","69122098.00",""
"1610","8806","000104430000086","1","7/23/2025","I","1","H","1/8/2026","69122098.00","","","0.00","","Y","","7/23/2025","55555","","","","","","","","6","69122098.00",""
"1611","8807","000104430000086","1","9/3/2025","I","1","H","1/8/2026","69122098.00","","","0.00","","Y","","9/3/2025","55555","","","","","","","","6","69122098.00",""
"1612","8808","000104430000086","1","10/1/2025","I","1","H","1/8/2026","69225076.00","","","0.00","","Y","","10/1/2025","55555","","","","","","","","6","69225076.00",""
"1613","8809","000104430000086","1","11/1/2025","I","1","H","1/8/2026","69122098.00","7/7/2026","","0.00","","N","","11/1/2025","55555","","","","","","","","6","69122098.00",""
"1614","9361","000104430000086","1","2/4/2026","I","1","H","2/8/2026","84251037.00","","","0.00","","Y","N9","2/4/2026","55555","","","","","","","","5","84251037.00",""
"1615","9385","000104430000086","1","2/26/2026","I","1","H","7/8/2026","110312406.00","1/7/2027","","0.00","","N","N2","7/3/2026","9999","","","","","","","","5","70349587.00",""
"1616","9508","000104430000086","1","8/5/2026","I","1","H","1/8/2027","91509114.00","","","0.00","","N","N2","9/3/2026","51","0-1-10/08/2026-12:01:30-192.168.002.001","","","","","","","3","82657378.00",""
"1617","8052","000104430000087","1","9/30/2025","O","1","M","10/1/2025","4411132.00","","","0.00","Installment Details through Disbursement","Y","N1","9/30/2025","18","0-1-30/09/2025-11:30:45-192.168.002.001","","","19","0-1-30/09/2025-11:34:26-192.168.002.001","226010","7068","36","4411132.00","10/1/2025"
"1618","8053","000104430000087","1","9/30/2025","D","1","Q","10/23/2025","28586465.00","","","0.00","Installment Details through Disbursement","Y","N2","9/30/2025","18","0-1-30/09/2025-11:36:55-192.168.002.001","55555","","19","0-1-30/09/2025-12:07:26-192.168.002.001","226012","7069","36","9234098.00","10/1/2025"
"1619","8810","000104430000087","1","9/3/2025","I","1","Q","10/23/2025","28586466.00","","","0.00","","Y","","9/3/2025","55555","","55555","","","","","","12","28586466.00",""
"1620","8811","000104430000087","1","10/1/2025","I","1","Q","10/23/2025","28624982.00","1/22/2026","","0.00","","N","","10/1/2025","55555","","","","","","","","12","28624982.00",""
"1621","8812","000104430000087","1","11/1/2025","I","1","Q","1/23/2026","29239220.00","4/22/2026","","0.00","","N","","11/1/2025","55555","","","","","","","","11","29239220.00",""
"1622","9360","000104430000087","1","2/4/2026","I","1","Q","2/23/2026","35456032.00","","","0.00","","Y","N9","2/4/2026","55555","","","","","","","","10","35456032.00",""
"1623","9384","000104430000087","1","2/26/2026","I","1","Q","4/23/2026","33950226.00","7/22/2026","","0.00","","N","N6","4/20/2026","9999","","","","","","","","10","29271334.00",""
"1624","9450","000104430000087","1","5/6/2026","I","1","Q","7/23/2026","33386044.00","10/22/2026","","0.00","","N","N2","7/3/2026","51","0-1-12/05/2026-08:41:33-192.168.002.001","","","","","","","8","29743212.00",""
"1625","9507","000104430000087","1","8/5/2026","I","1","Q","10/23/2026","32263400.00","","","0.00","","N","N2","9/3/2026","51","0-1-10/08/2026-12:01:30-192.168.002.001","","","","","","","7","28581015.00",""
"1626","8056","000104430000089","1","10/31/2025","O","1","M","11/1/2025","9015676.00","","","0.00","Installment Details through Disbursement","Y","N1","10/31/2025","19","0-1-31/10/2025-18:34:25-192.168.002.001","","","8","0-1-31/10/2025-19:09:57-192.168.002.001","242856","7072","72","9015676.00","11/1/2025"
"1627","8057","000104430000089","1","10/31/2025","D","1","M","11/1/2025","9299916.00","","","0.00","Installment Details through Disbursement","Y","N2","10/31/2025","19","0-1-31/10/2025-18:46:00-192.168.002.001","","","8","0-1-31/10/2025-19:10:51-192.168.002.001","242862","7073","72","9299916.00","11/1/2025"
"1628","8058","000104430000089","1","10/31/2025","D","1","M","11/1/2025","9446932.00","","","0.00","Installment Details through Disbursement","Y","N3","10/31/2025","19","0-1-31/10/2025-18:47:39-192.168.002.001","","","8","0-1-31/10/2025-19:11:29-192.168.002.001","242864","7074","72","9446932.00","11/1/2025"
"1629","8059","000104430000089","1","10/31/2025","D","1","M","7/16/2025","9435243.00","","","0.00","Installment Details through Disbursement","Y","N4","10/31/2025","19","0-1-31/10/2025-18:52:07-192.168.002.001","","","8","0-1-31/10/2025-19:12:03-192.168.002.001","242866","7075","72","9474685.00","11/1/2025"
"1630","8797","000104430000089","1","7/8/2025","I","1","M","7/16/2025","9474686.00","","","0.00","","Y","","7/8/2025","55555","","","","","","","","72","9474686.00",""
"1631","8798","000104430000089","1","7/15/2025","I","1","M","7/16/2025","9474686.00","","","0.00","","Y","","7/15/2025","55555","","","","","","","","72","9474686.00",""
"1632","8799","000104430000089","1","7/16/2025","I","1","M","7/16/2025","9474686.00","8/15/2025","","0.00","","N","","7/16/2025","55555","","","","","","","","72","9474686.00",""
"1633","8800","000104430000089","1","7/23/2025","I","1","M","8/16/2025","9602032.00","9/15/2025","","0.00","","N","","7/23/2025","55555","","","","","","","","71","9602032.00",""
"1634","8801","000104430000089","1","9/3/2025","I","1","M","9/16/2025","9593790.00","10/15/2025","","0.00","","N","","9/3/2025","55555","","","","","","","","70","9593790.00",""
"1635","8802","000104430000089","1","10/1/2025","I","1","M","10/16/2025","9481466.00","11/15/2025","","0.00","","N","","10/1/2025","55555","","","","","","","","69","9481466.00",""
"1636","8803","000104430000089","1","11/1/2025","I","1","M","11/16/2025","9332268.00","2/15/2026","","0.00","","N","","11/1/2025","55555","","","","","","","","68","9332268.00",""
"1637","9357","000104430000089","1","2/4/2026","I","1","M","2/16/2026","11283791.00","","","0.00","","Y","N9","2/4/2026","55555","","","","","","","","64","11283791.00",""
"1638","9381","000104430000089","1","2/26/2026","I","1","M","2/16/2026","9125972.00","3/15/2026","","0.00","","N","N3","2/26/2026","9999","","","","","","","","64","9125972.00",""
"1639","9415","000104430000089","1","3/5/2026","I","1","M","3/16/2026","8608273.00","5/15/2026","","0.00","","N","N2","3/9/2026","51","0-1-09/03/2026-14:35:39-192.168.002.001","","","","","","","63","8830671.00",""
"1640","9438","000104430000089","1","4/20/2026","I","1","M","5/16/2026","8201971.00","6/15/2026","","0.00","","N","N2","5/6/2026","51","0-1-23/04/2026-09:51:19-192.168.002.001","","","","","","","61","8230173.00",""
"1641","9468","000104430000089","1","6/3/2026","I","1","M","6/16/2026","8164724.00","7/15/2026","","0.00","","N","N2","6/3/2026","51","0-1-12/06/2026-17:50:15-172.016.016.016","","","","","","","60","8164724.00",""
"1642","9489","000104430000089","1","7/3/2026","I","1","M","7/16/2026","7992798.00","8/15/2026","","0.00","","N","N2","7/3/2026","52","0-1-09/07/2026-10:33:22-192.168.002.001","","","","","","","59","7992798.00",""
"1643","9505","000104430000089","1","8/5/2026","I","1","M","8/16/2026","7944244.00","9/15/2026","","0.00","","N","N2","8/5/2026","51","0-1-10/08/2026-12:01:30-192.168.002.001","","","","","","","58","7944244.00",""
"1644","9524","000104430000089","1","9/3/2026","I","1","M","9/16/2026","7908764.00","","","0.00","","N","N2","9/3/2026","52","0-1-10/09/2026-17:36:32-192.168.002.001","","","","","","","57","7908764.00",""
"1645","21","000104450000012","1","3/28/2024","O","1","M","4/1/2022","614925.01","","","0.00","","Y","","3/28/2024","9999","","","","9999","","","1","24","0.00",""
"1646","1242","000104450000012","1","3/28/2024","O","1","M","1/1/2022","0.00","3/31/2022","","","","N","","","9999","","","","9999","","","1","24","",""
"1647","1243","000104450000012","1","3/28/2024","O","1","M","4/1/2022","614925.01","","","","","N","","","9999","","","","9999","","","1","24","",""
"1648","22","000104450000013","1","3/28/2024","O","1","M","1/1/2022","461449.26","","","0.00","","N","","3/28/2024","9999","","","","9999","","","2","24","0.00",""
"1649","23","000104450000015","1","3/28/2024","O","1","M","1/1/2022","461449.26","","","0.00","","Y","","3/28/2024","9999","","","","9999","","","23","24","0.00",""
"1650","1244","000104450000015","1","3/28/2024","O","1","M","1/1/2022","461449.26","","","","","N","","","9999","","","","9999","","","23","24","",""
"1651","24","000104450000016","1","3/28/2024","O","1","M","5/1/2022","846736.89","","","0.00","","N","","3/28/2024","9999","","","","9999","","","91","36","0.00",""
"1652","25","000104450000018","1","3/28/2024","O","1","M","2/1/2022","599884.04","","","0.00","","N","","3/28/2024","9999","","","","9999","","","39","24","0.00",""
"1653","26","000104450000020","1","3/28/2024","O","1","M","6/1/2022","1093316.44","","","0.00","","Y","","3/28/2024","9999","","","","9999","","","40","24","0.00",""
"1654","1245","000104450000020","1","3/28/2024","O","1","M","2/17/2022","0.00","5/31/2022","","","","N","","","9999","","","","9999","","","40","24","",""
"1655","1246","000104450000020","1","3/28/2024","O","1","M","6/1/2022","1093316.44","3/31/2024","","","","Y","","","9999","","","","9999","","","40","24","",""
"1656","1247","000104450000020","1","3/28/2024","O","1","M","4/1/2024","1208064.86","","","","","N","","","9999","","","","9999","","","40","24","",""
"1657","27","000104450000022","1","3/28/2024","O","1","M","7/1/2022","669192.53","","","0.00","","Y","","3/28/2024","9999","","","","9999","","","3","24","0.00",""
"1658","1248","000104450000022","1","3/28/2024","O","1","M","3/24/2022","0.00","6/30/2022","","","","Y","","","9999","","","","9999","","","3","24","",""
"1659","1249","000104450000022","1","3/28/2024","O","1","M","7/1/2022","669192.53","10/31/2023","","","","Y","","","9999","","","","9999","","","3","24","",""
"1660","1250","000104450000022","1","3/28/2024","O","1","M","11/1/2023","840490.46","","","","","N","","","9999","","","","9999","","","3","24","",""
"1661","28","000104450000023","1","3/28/2024","O","1","M","5/1/2022","793772.80","","","0.00","","Y","","3/28/2024","9999","","","","9999","","","92","36","0.00",""
"1662","1251","000104450000023","1","3/28/2024","O","1","M","4/22/2022","60657.53","4/30/2022","","","","Y","","","9999","","","","9999","","","92","36","",""
"1663","1252","000104450000023","1","3/28/2024","O","1","M","5/1/2022","793772.80","","","","","Y","","","9999","","","","9999","","","92","36","",""
"1664","1419","000104450000023","1","3/28/2024","O","1","Y","4/1/2023","9585931.13","3/31/2024","","","","N","","","9999","","","","9999","","","92","3","",""
"1665","1420","000104450000023","1","3/28/2024","O","1","Y","4/1/2024","9525273.60","3/31/2025","","","","N","","","9999","","","","9999","","","92","3","",""
"1666","1421","000104450000023","1","3/28/2024","O","1","Y","4/1/2025","9525273.60","","","","","N","","","9999","","","","9999","","","92","3","",""
"1667","29","000104450000025","1","3/28/2024","O","1","M","9/1/2022","581938.90","","","0.00","","N","","3/28/2024","9999","","","","9999","","","4","24","0.00",""
"1668","30","000104450000026","1","3/28/2024","O","1","M","9/1/2022","1067777.79","","","0.00","","N","","3/28/2024","9999","","","","9999","","","41","24","0.00",""
"1669","31","000104450000027","1","3/28/2024","O","1","M","9/1/2022","533888.90","","","0.00","","N","","3/28/2024","9999","","","","9999","","","86","24","0.00",""
"1670","32","000104450000028","1","3/28/2024","O","1","M","9/1/2022","1281333.35","","","0.00","","N","","3/28/2024","9999","","","","9999","","","87","24","0.00",""
"1671","33","000104450000030","1","3/28/2024","O","1","M","1/1/2023","660282.61","","","0.00","","Y","","3/28/2024","9999","","","","9999","","","42","24","0.00",""
"1672","1253","000104450000030","1","3/28/2024","O","1","M","6/14/2022","0.00","12/31/2022","","","","N","","","9999","","","","9999","","","42","24","",""
"1673","1254","000104450000030","1","3/28/2024","O","1","M","1/1/2023","660282.61","","","","","N","","","9999","","","","9999","","","42","24","",""
"1674","34","000104450000033","1","3/28/2024","O","1","M","11/1/2022","642030.93","","","0.00","","Y","","3/28/2024","9999","","","","9999","","","5","24","0.00",""
"1675","1255","000104450000033","1","3/28/2024","O","1","M","7/5/2022","0.00","10/31/2022","","","","N","","","9999","","","","9999","","","5","24","",""
"1676","1256","000104450000033","1","3/28/2024","O","1","M","11/1/2022","642030.93","","","","","N","","","9999","","","","9999","","","5","24","",""
"1677","35","000104450000034","1","3/28/2024","O","1","M","8/1/2022","679158.87","3/31/2022","","0.00","","Y","","3/28/2024","9999","","","","9999","","","43","12","0.00",""
"1678","305","000104450000034","1","4/4/2023","O","1","M","4/1/2023","679158.87","3/31/2022","","0.00","","Y","","3/28/2024","9999","","","","9999","","","43","12","0.00",""
"1679","1257","000104450000034","1","3/28/2024","O","1","M","7/7/2022","69444.44","7/31/2022","","","","N","","","9999","","","","9999","","","43","12","",""
"1680","1258","000104450000034","1","3/28/2024","O","1","M","8/1/2022","879158.87","3/31/2023","","","","N","","","9999","","","","9999","","","43","12","",""
"1681","1259","000104450000034","1","3/28/2024","O","1","M","4/1/2023","245243.98","","","","","N","","","9999","","","","9999","","","43","12","",""
"1682","36","000104450000035","1","3/28/2024","O","1","M","11/1/2022","537773.15","","","0.00","","N","","3/28/2024","9999","","","","9999","","","88","24","0.00",""
"1683","37","000104450000036","1","3/28/2024","O","1","M","11/1/2022","1288806.03","","","0.00","","N","","3/28/2024","9999","","","","9999","","","6","24","0.00",""
"1684","38","000104450000037","1","3/28/2024","O","1","M","11/1/2022","537002.51","","","0.00","","Y","","3/28/2024","9999","","","","9999","","","44","24","0.00",""
"1685","1262","000104450000037","1","3/28/2024","O","1","M","8/1/2024","1605220.55","","","","","N","","","9999","","","","9999","","","44","24","",""
"1686","39","000104450000038","1","11/1/2022","O","1","M","11/1/2022","537002.51","2/28/2023","","0.00","","Y","","3/28/2024","9999","","","","9999","","","7","24","0.00",""
"1687","307","000104450000038","1","3/1/2023","O","1","M","3/1/2023","0.00","6/30/2023","","0.00","","Y","","3/28/2024","9999","","","","9999","","","7","24","0.00",""
"1688","308","000104450000038","1","7/1/2023","O","1","M","7/1/2023","590416.87","10/31/2023","","0.00","","Y","","3/28/2024","9999","","","","9999","","","7","24","0.00",""
"1689","309","000104450000038","1","11/1/2023","O","1","M","11/1/2023","0.00","1/31/2024","","0.00","","Y","","3/28/2024","9999","","","","9999","","","7","24","0.00",""
"1690","310","000104450000038","1","2/1/2024","O","1","M","2/1/2024","688334.00","","","0.00","","Y","","3/28/2024","9999","","","","9999","","","7","24","0.00",""
"1691","1263","000104450000038","1","3/28/2024","O","1","M","7/13/2022","0.00","10/31/2022","","","","N","","","9999","","","","9999","","","7","24","",""
"1692","1264","000104450000038","1","3/28/2024","O","1","M","11/1/2022","537002.51","6/30/2023","","","","N","","","9999","","","","9999","","","7","24","",""
"1693","1265","000104450000038","1","3/28/2024","O","1","M","7/1/2023","590416.87","1/31/2024","","","","N","","","9999","","","","9999","","","7","24","",""
"1694","1266","000104450000038","1","3/28/2024","O","1","M","2/1/2024","688334.40","","","","","N","","","9999","","","","9999","","","7","24","",""
"1695","40","000104450000039","1","3/28/2024","O","1","M","11/1/2022","375901.76","","","0.00","","N","","3/28/2024","9999","","","","9999","","","89","24","0.00",""
"1696","41","000104450000041","1","3/28/2024","O","1","M","12/1/2022","645184.06","","","0.00","","Y","","3/28/2024","9999","","","","9999","","","53","24","0.00",""
"1697","1267","000104450000041","1","3/28/2024","O","1","M","8/2/2022","0.00","11/30/2022","","","","N","","","9999","","","","9999","","","53","24","",""
"1698","1268","000104450000041","1","3/28/2024","O","1","M","12/1/2022","645184.06","","","","","N","","","9999","","","","9999","","","53","24","",""
"1699","42","000104450000042","1","3/28/2024","O","1","M","12/1/2022","615136.74","","","0.00","","Y","","3/28/2024","9999","","","","9999","","","8","24","0.00",""
"1700","1269","000104450000042","1","3/28/2024","O","1","M","8/2/2022","0.00","11/30/2022","","","","N","","","9999","","","","9999","","","8","24","",""
"1701","1270","000104450000042","1","3/28/2024","O","1","M","12/1/2022","615136.74","","","","","N","","","9999","","","","9999","","","8","24","",""
"1702","43","000104450000045","1","3/28/2024","O","1","M","2/1/2023","537342.36","","","0.00","","Y","","3/28/2024","9999","","","","9999","","","9","24","0.00",""
"1703","1271","000104450000045","1","3/28/2024","O","1","M","10/10/2022","0.00","1/31/2023","","","","N","","","9999","","","","9999","","","9","24","",""
"1704","1272","000104450000045","1","3/28/2024","O","1","M","2/1/2023","537342.36","","","","","N","","","9999","","","","9999","","","9","24","",""
"1705","44","000104450000046","1","3/28/2024","O","1","M","2/1/2023","644810.83","","","0.00","","Y","","3/28/2024","9999","","","","9999","","","10","24","0.00",""
"1706","1273","000104450000046","1","3/28/2024","O","1","M","10/10/2022","0.00","1/31/2023","","","","N","","","9999","","","","9999","","","10","24","",""
"1707","1274","000104450000046","1","3/28/2024","O","1","M","2/1/2023","644810.83","","","","","N","","","9999","","","","9999","","","10","24","",""
"1708","45","000104450000047","1","3/28/2024","O","1","M","2/1/2023","1286864.59","","","0.00","","N","","3/28/2024","9999","","","","9999","","","11","24","0.00",""
"1709","46","000104450000048","1","3/28/2024","O","1","M","2/1/2023","1283762.88","","","0.00","","Y","","3/28/2024","9999","","","","9999","","","54","24","0.00",""
"1710","1275","000104450000048","1","3/28/2024","O","1","M","10/27/2022","0.00","1/31/2023","","","","N","","","9999","","","","9999","","","54","24","",""
"1711","1276","000104450000048","1","3/28/2024","O","1","M","2/1/2023","1283762.88","","","","","N","","","9999","","","","9999","","","54","24","",""
"1712","47","000104450000049","1","3/28/2024","O","1","M","3/1/2023","538486.36","","","0.00","","Y","","3/28/2024","9999","","","","9999","","","55","24","0.00",""
"1713","1277","000104450000049","1","3/28/2024","O","1","M","11/2/2022","0.00","2/28/2023","","","","N","","","9999","","","","9999","","","55","24","",""
"1714","1278","000104450000049","1","3/28/2024","O","1","M","3/1/2023","538486.36","","","","","N","","","9999","","","","9999","","","55","24","",""
"1715","48","000104450000050","1","3/28/2024","O","1","M","3/1/2023","537447.67","","","0.00","","Y","","3/28/2024","9999","","","","9999","","","12","24","0.00",""
"1716","1279","000104450000050","1","3/28/2024","O","1","M","11/9/2022","0.00","2/28/2023","","","","N","","","9999","","","","9999","","","12","24","",""
"1717","1280","000104450000050","1","3/28/2024","O","1","M","3/1/2023","537447.67","","","","","N","","","9999","","","","9999","","","12","24","",""
"1718","49","000104450000051","1","3/28/2024","O","1","M","3/1/2023","1289518.28","","","0.00","","N","","3/28/2024","9999","","","","9999","","","56","24","0.00",""
"1719","50","000104450000053","1","3/28/2024","O","1","M","5/1/2023","3162022.73","","","0.00","","Y","","3/28/2024","9999","","","","9999","","","24","36","0.00",""
"1720","1281","000104450000053","1","3/28/2024","O","1","M","1/24/2023","0.00","4/30/2023","","","","N","","","9999","","","","9999","","","24","36","",""
"1721","1282","000104450000053","1","3/28/2024","O","1","M","5/1/2023","3162022.73","","","","","N","","","9999","","","","9999","","","24","36","",""
"1722","51","000104450000056","1","3/28/2024","O","1","M","3/1/2024","3176493.28","","","0.00","","Y","","3/28/2024","9999","","","","9999","","","45","72","0.00",""
"1723","1283","000104450000056","1","3/28/2024","O","1","M","2/2/2023","0.00","2/29/2024","","","","N","","","9999","","","","9999","","","45","72","",""
"1724","1284","000104450000056","1","3/28/2024","O","1","M","3/1/2024","3176493.28","","","","","N","","","9999","","","","9999","","","45","72","",""
"1725","52","000104450000057","1","3/28/2024","O","1","M","6/1/2023","1290434.02","","","0.00","","Y","","3/28/2024","9999","","","","9999","","","25","24","0.00",""
"1726","1285","000104450000057","1","3/28/2024","O","1","M","2/7/2023","0.00","5/31/2023","","","","N","","","9999","","","","9999","","","25","24","",""
"1727","1286","000104450000057","1","3/28/2024","O","1","M","6/1/2023","1290434.02","","","","","N","","","9999","","","","9999","","","25","24","",""
"1728","53","000104450000060","1","3/28/2024","O","1","M","2/1/2024","22100837.02","","","0.00","","Y","","3/28/2024","9999","","","","9999","","","77","12","0.00",""
"1729","1287","000104450000060","1","3/28/2024","O","1","Y","11/1/2024","30000000.00","","","","","N","","","9999","","","","9999","","","77","12","",""
"1730","1390","000104450000060","1","3/28/2024","O","0","M","2/28/2023","0.00","","","0.00","","N","","3/28/2024","9999","","","","9999","","","77","12","0.00",""
"1731","54","000104450000063","1","3/28/2024","O","1","M","11/1/2023","7079204.84","","","0.00","","Y","","3/28/2024","9999","","","","9999","","","26","48","0.00",""
"1732","1288","000104450000063","1","3/28/2024","O","1","M","4/18/2023","902777.78","4/30/2023","","","","N","","","9999","","","","9999","","","26","48","",""
"1733","1289","000104450000063","1","3/28/2024","O","1","M","5/1/2023","2083333.33","10/31/2023","","","","N","","","9999","","","","9999","","","26","48","",""
"1734","1290","000104450000063","1","3/28/2024","O","1","M","11/1/2023","7079204.84","","","","","N","","","9999","","","","9999","","","26","48","",""
"1735","55","000104450000067","1","3/28/2024","O","1","M","9/1/2023","1608149.95","","","0.00","","Y","","3/28/2024","9999","","","","9999","","","13","24","0.00",""
"1736","1291","000104450000067","1","3/28/2024","O","1","M","5/19/2023","0.00","8/31/2023","","","","N","","","9999","","","","9999","","","13","24","",""
"1737","1292","000104450000067","1","3/28/2024","O","1","M","9/1/2023","1608149.95","","","","","N","","","9999","","","","9999","","","13","24","",""
"1738","56","000104450000068","1","3/28/2024","O","1","M","11/1/2023","6894076.41","","","0.00","","Y","","3/28/2024","9999","","","","9999","","","51","48","0.00",""
"1739","1293","000104450000068","1","3/28/2024","O","1","M","7/10/2023","0.00","10/31/2023","","","","N","","","9999","","","","9999","","","51","48","",""
"1740","1294","000104450000068","1","3/28/2024","O","1","M","11/1/2023","6894076.41","","","","","N","","","9999","","","","9999","","","51","48","",""
"1741","57","000104450000069","1","3/28/2024","O","1","M","2/1/2024","5971698.96","","","0.00","","Y","","3/28/2024","9999","","","","9999","","","14","48","0.00",""
"1742","1295","000104450000069","1","3/28/2024","O","1","M","7/20/2023","0.00","1/31/2024","","","","N","","","9999","","","","9999","","","14","48","",""
"1743","1296","000104450000069","1","3/28/2024","O","1","M","2/1/2024","5971698.96","","","","","N","","","9999","","","","9999","","","14","48","",""
"1744","58","000104450000072","1","3/28/2024","O","1","M","11/1/2023","707486.15","","","0.00","","Y","","3/28/2024","9999","","","","9999","","","46","24","0.00",""
"1745","1297","000104450000072","1","3/28/2024","O","1","M","7/31/2023","0.00","10/31/2023","","","","N","","","9999","","","","9999","","","46","24","",""
"1746","1298","000104450000072","1","3/28/2024","O","1","M","11/1/2023","707486.15","","","","","N","","","9999","","","","9999","","","46","24","",""
"1747","59","000104450000074","1","3/28/2024","O","1","M","10/1/2023","1535877.60","","","0.00","","Y","","3/28/2024","9999","","","","9999","","","15","24","0.00",""
"1748","1299","000104450000074","1","3/28/2024","O","1","M","7/1/2023","0.00","9/30/2023","","","","N","","","9999","","","","9999","","","15","24","",""
"1749","1300","000104450000074","1","3/28/2024","O","1","M","10/1/2023","1535877.60","","","","","N","","","9999","","","","9999","","","15","24","",""
"1750","60","000104450000076","1","3/28/2024","O","1","M","11/1/2023","1038638.60","","","0.00","","Y","","3/28/2024","9999","","","","9999","","","52","24","0.00",""
"1751","1301","000104450000076","1","3/28/2024","O","1","M","8/15/2023","0.00","10/31/2023","","","","N","","","9999","","","","9999","","","52","24","",""
"1752","1302","000104450000076","1","3/28/2024","O","1","M","11/1/2023","1038638.60","","","","","N","","","9999","","","","9999","","","52","24","",""
"1753","61","000104450000077","1","3/28/2024","O","1","M","2/1/2024","4385374.79","","","0.00","","Y","","3/28/2024","9999","","","","9999","","","79","48","0.00",""
"1754","1303","000104450000077","1","3/28/2024","O","1","M","10/17/2023","617204.30","10/31/2023","","","","N","","","9999","","","","9999","","","79","48","",""
"1755","1304","000104450000077","1","3/28/2024","O","1","M","11/1/2023","1366666.67","1/31/2024","","","","N","","","9999","","","","9999","","","79","48","",""
"1756","1305","000104450000077","1","3/28/2024","O","1","M","2/1/2024","4385374.79","","","","","N","","","9999","","","","9999","","","79","48","",""
"1757","62","000104450000082","1","3/28/2024","O","1","M","12/1/2023","2637476.62","","","0.00","","N","","3/28/2024","9999","","","","9999","","","16","12","0.00",""
"1758","63","000104450000084","1","3/28/2024","O","1","M","4/1/2024","521048.16","","","0.00","","Y","","3/28/2024","9999","","","","9999","","","57","24","0.00",""
"1759","1306","000104450000084","1","3/28/2024","O","1","M","12/13/2023","0.00","3/31/2024","","","","N","","","9999","","","","9999","","","57","24","",""
"1760","1307","000104450000084","1","3/28/2024","O","1","M","4/1/2024","521048.16","","","","","N","","","9999","","","","9999","","","57","24","",""
"1761","64","000104450000085","1","3/28/2024","O","1","M","8/1/2025","10089964.40","","","0.00","","Y","","3/28/2024","9999","","","","9999","","","17","36","0.00",""
"1762","1308","000104450000085","1","3/28/2024","O","1","M","1/26/2024","0.00","7/31/2025","","","","N","","","9999","","","","9999","","","17","36","",""
"1763","1309","000104450000085","1","3/28/2024","O","1","M","8/1/2025","10089964.40","","","","","N","","","9999","","","","9999","","","17","36","",""
"1764","65","000104450000086","1","3/28/2024","O","1","M","8/1/2024","8503620.80","","","0.00","","Y","","3/28/2024","9999","","","","9999","","","58","60","0.00",""
"1765","1310","000104450000086","1","3/28/2024","O","1","M","2/1/2024","0.00","7/31/2024","","","","N","","","9999","","","","9999","","","58","60","",""
"1766","1311","000104450000086","1","3/28/2024","O","1","M","1/1/2025","9581902.40","","","","","N","","","9999","","","","9999","","","58","60","",""
"1767","320","000104450000090","1","3/31/2024","O","1","M","5/1/2024","3650191.88","","","0.00","","Y","","3/31/2024","9999","","","","9999","","","305","48","0.00",""
"1768","1312","000104450000090","1","3/31/2024","O","1","M","2/8/2024","0.00","5/31/2024","","","","N","","","9999","","","","9999","","","305","48","",""
"1769","1313","000104450000090","1","3/31/2024","O","1","M","6/1/2024","3651167.87","","","","","N","","","9999","","","","9999","","","305","48","",""
"1770","66","000104450000091","1","3/28/2024","O","1","M","6/1/2024","3650191.88","","","0.00","","Y","","3/28/2024","9999","","","","9999","","","59","48","0.00",""
"1771","1314","000104450000091","1","3/28/2024","O","1","M","2/29/2024","0.00","8/31/2024","","","","N","","","9999","","","","9999","","","59","48","",""
"1772","1315","000104450000091","1","3/28/2024","O","1","M","9/1/2024","5952497.36","","","","","N","","","9999","","","","9999","","","59","48","",""
"1773","506","000104450000095","1","4/30/2024","O","0","M","4/30/2024","13888.89","4/30/2024","","0.00","","Y","","4/30/2024","9999","","","","9999","","","312","24","0.00",""
"1774","510","000104450000095","1","4/30/2024","O","0","M","5/1/2024","416666.67","7/31/2024","","0.00","","Y","","4/30/2024","9999","","","","9999","","","312","24","0.00",""
"1775","511","000104450000095","1","4/30/2024","O","0","M","8/1/2024","2605240.78","","","0.00","","Y","","4/30/2024","9999","","","","9999","","","312","24","0.00",""
"1776","1316","000104450000095","1","4/30/2024","O","1","M","4/30/2024","13888.89","4/30/2024","","","","N","","","9999","","","","9999","","","312","24","",""
"1777","1317","000104450000095","1","4/30/2024","O","1","M","5/1/2024","416666.67","7/31/2024","","","","N","","","9999","","","","9999","","","312","24","",""
"1778","1318","000104450000095","1","4/30/2024","O","1","M","8/1/2024","2605240.78","","","","","N","","","9999","","","","9999","","","312","24","",""
"1779","9516","000104450000098","1","8/25/2026","O","1","H","9/1/2027","127616867.00","","","0.00","Installment Details through Disbursement","N","N1","8/25/2026","62","0-1-26/08/2026-16:51:29-192.168.002.001","","","18","0-1-26/08/2026-17:10:30-192.168.002.001","411068","7148","4","127616867.00","9/1/2027"
"1780","67","000104460000014","1","3/28/2024","O","1","M","7/1/2022","1262463.86","","","0.00","","N","","3/28/2024","9999","","","","9999","","","18","24","0.00",""
"1781","68","000104460000017","1","3/28/2024","O","1","M","10/1/2023","1565024.68","","","0.00","","Y","","3/28/2024","9999","","","","9999","","","80","24","0.00",""
"1782","1319","000104460000017","1","3/28/2024","O","1","M","1/24/2022","0.00","2/28/2023","","","","N","","","9999","","","","9999","","","80","24","",""
"1783","1320","000104460000017","1","3/28/2024","O","1","M","3/1/2023","1565024.68","","","","","N","","","9999","","","","9999","","","80","24","",""
"1784","69","000104460000019","1","3/28/2024","O","1","M","6/1/2022","1288362.10","","","0.00","","N","","3/28/2024","9999","","","","9999","","","60","24","0.00",""
"1785","70","000104460000024","1","3/28/2024","O","1","M","9/1/2022","640666.68","2/29/2024","","0.00","","Y","","3/28/2024","9999","","","","9999","","","61","24","0.00",""
"1786","312","000104460000024","1","3/28/2024","O","1","M","3/1/2024","564052.75","","","0.00","","Y","","3/28/2024","9999","","","","9999","","","61","24","0.00",""
"1787","1321","000104460000024","1","3/28/2024","O","1","M","6/3/2022","0.00","8/31/2022","","","","N","","","9999","","","","9999","","","61","24","",""
"1788","1322","000104460000024","1","3/28/2024","O","1","M","9/1/2022","640666.68","4/30/2024","","","","N","","","9999","","","","9999","","","61","24","",""
"1789","1323","000104460000024","1","3/28/2024","O","1","M","5/1/2024","549916.36","","","","","N","","","9999","","","","9999","","","61","24","",""
"1790","71","000104460000029","1","3/28/2024","O","1","M","10/1/2022","1288093.79","","","0.00","","N","","3/28/2024","9999","","","","9999","","","62","24","0.00",""
"1791","72","000104460000031","1","3/28/2024","O","1","M","10/1/2022","536408.98","","","0.00","","N","","3/28/2024","9999","","","","9999","","","93","24","0.00",""
"1792","73","000104460000055","1","3/28/2024","O","1","M","2/1/2024","990395.09","","","0.00","","Y","","3/28/2024","9999","","","","9999","","","63","36","0.00",""
"1793","1324","000104460000055","1","3/28/2024","O","1","M","1/26/2023","0.00","1/31/2024","","","","N","","","9999","","","","9999","","","63","36","",""
"1794","1325","000104460000055","1","3/28/2024","O","1","M","2/1/2024","990395.09","","","","","N","","","9999","","","","9999","","","63","36","",""
"1795","74","000104460000058","1","3/28/2024","O","1","M","9/1/2023","3650631.73","","","0.00","","N","","3/28/2024","9999","","","","9999","","","27","24","0.00",""
"1796","75","000104460000059","1","3/28/2024","O","1","M","9/1/2023","3742560.90","2/29/2024","","0.00","","Y","","3/28/2024","9999","","","","9999","","","64","60","0.00",""
"1797","313","000104460000059","1","3/28/2024","O","1","M","3/1/2024","4278725.87","","","0.00","","Y","","3/28/2024","9999","","","","9999","","","64","60","0.00",""
"1798","1326","000104460000059","1","3/28/2024","O","1","M","2/20/2023","0.00","8/31/2023","","","","N","","","9999","","","","9999","","","64","60","",""
"1799","1327","000104460000059","1","3/28/2024","O","1","M","9/1/2023","3203215.51","2/29/2024","","","","N","","","9999","","","","9999","","","64","60","",""
"1800","1328","000104460000059","1","3/28/2024","O","1","M","3/1/2024","3739380.47","","","","","N","","","9999","","","","9999","","","64","60","",""
"1801","76","000104460000061","1","3/28/2024","O","1","M","7/1/2023","1286175.32","","","0.00","","Y","","3/28/2024","9999","","","","9999","","","47","24","0.00",""
"1802","1329","000104460000061","1","3/28/2024","O","1","M","3/20/2023","0.00","6/30/2023","","","","N","","","9999","","","","9999","","","47","24","",""
"1803","1330","000104460000061","1","3/28/2024","O","1","M","7/1/2023","1286175.32","","","","","N","","","9999","","","","9999","","","47","24","",""
"1804","77","000104460000064","1","3/28/2024","O","1","M","8/1/2023","1602549.64","","","0.00","","Y","","3/28/2024","9999","","","","9999","","","65","24","0.00",""
"1805","1331","000104460000064","1","3/28/2024","O","1","M","5/2/2023","0.00","7/31/2023","","","","N","","","9999","","","","9999","","","65","24","",""
"1806","1332","000104460000064","1","3/28/2024","O","1","M","8/1/2023","1602549.64","","","","","N","","","9999","","","","9999","","","65","24","",""
"1807","78","000104460000065","1","3/28/2024","O","1","M","12/1/2023","1493724.81","","","0.00","","Y","","3/28/2024","9999","","","","9999","","","81","48","0.00",""
"1808","1333","000104460000065","1","3/28/2024","O","1","M","5/18/2023","0.00","11/30/2023","","","","N","","","9999","","","","9999","","","81","48","",""
"1809","1334","000104460000065","1","3/28/2024","O","1","M","12/1/2023","1493724.81","","","","","N","","","9999","","","","9999","","","81","48","",""
"1810","79","000104460000066","1","3/28/2024","O","1","M","9/1/2023","4534278.96","","","0.00","","Y","","3/28/2024","9999","","","","9999","","","66","24","0.00",""
"1811","1335","000104460000066","1","3/28/2024","O","1","M","5/18/2023","0.00","8/31/2023","","","","N","","","9999","","","","9999","","","66","24","",""
"1812","1336","000104460000066","1","3/28/2024","O","1","M","9/1/2023","4534278.96","","","","","N","","","9999","","","","9999","","","66","24","",""
"1813","80","000104460000070","1","3/28/2024","O","1","M","2/1/2024","6839801.64","","","0.00","","Y","","3/28/2024","9999","","","","9999","","","28","48","0.00",""
"1814","1337","000104460000070","1","3/28/2024","O","1","M","7/20/2023","0.00","1/31/2024","","","","N","","","9999","","","","9999","","","28","48","",""
"1815","1338","000104460000070","1","3/28/2024","O","1","M","2/1/2024","6839801.64","","","","","N","","","9999","","","","9999","","","28","48","",""
"1816","81","000104460000071","1","3/28/2024","O","1","M","2/1/2024","7035893.55","","","0.00","","Y","","3/28/2024","9999","","","","9999","","","67","48","0.00",""
"1817","1339","000104460000071","1","3/28/2024","O","1","M","7/31/2023","0.00","1/31/2024","","","","N","","","9999","","","","9999","","","67","48","",""
"1818","1340","000104460000071","1","3/28/2024","O","1","M","2/1/2024","7035893.55","","","","","N","","","9999","","","","9999","","","67","48","",""
"1819","82","000104460000073","1","3/28/2024","O","1","M","11/1/2023","1144060.19","","","0.00","","Y","","3/28/2024","9999","","","","9999","","","90","24","0.00",""
"1820","1341","000104460000073","1","3/28/2024","O","1","M","7/31/2023","0.00","10/31/2023","","","","N","","","9999","","","","9999","","","90","24","",""
"1821","1342","000104460000073","1","3/28/2024","O","1","M","11/1/2023","1144060.19","","","","","N","","","9999","","","","9999","","","90","24","",""
"1822","83","000104460000075","1","3/28/2024","O","1","M","9/1/2023","6383257.73","","","0.00","","Y","","3/28/2024","9999","","","","9999","","","78","48","0.00",""
"1823","1422","000104460000075","1","3/28/2024","O","1","Y","8/1/2024","76599092.76","7/31/2025","","0.00","","N","","3/28/2024","9999","","","","9999","","","78","48","0.00",""
"1824","1423","000104460000075","1","3/28/2024","O","1","Y","8/1/2025","76599092.76","7/31/2026","","0.00","","N","","3/28/2024","9999","","","","9999","","","78","48","0.00",""
"1825","1424","000104460000075","1","3/28/2024","O","1","Y","8/1/2026","76599092.76","7/31/2027","","0.00","","N","","3/28/2024","9999","","","","9999","","","78","48","0.00",""
"1826","1425","000104460000075","1","3/28/2024","O","1","Y","8/1/2027","76599092.76","","","0.00","","N","","3/28/2024","9999","","","","9999","","","78","48","0.00",""
"1827","84","000104460000078","1","3/28/2024","O","1","M","5/1/2024","876200.03","","","0.00","","Y","","3/28/2024","9999","","","","9999","","","48","36","0.00",""
"1828","1356","000104460000078","1","3/28/2024","O","1","M","10/23/2023","0.00","4/30/2024","","","","N","","","9999","","","","9999","","","48","36","",""
"1829","1357","000104460000078","1","3/28/2024","O","1","M","5/1/2024","876200.03","","","","","N","","","9999","","","","9999","","","48","36","",""
"1830","85","000104460000079","1","3/28/2024","O","1","M","5/1/2024","4247522.90","","","0.00","","Y","","3/28/2024","9999","","","","9999","","","82","48","0.00",""
"1831","1358","000104460000079","1","3/28/2024","O","1","M","10/18/2023","524193.55","10/31/2023","","","","N","","","9999","","","","9999","","","82","48","",""
"1832","1359","000104460000079","1","3/28/2024","O","1","M","11/1/2023","1250000.00","4/30/2024","","","","N","","","9999","","","","9999","","","82","48","",""
"1833","1360","000104460000079","1","3/28/2024","O","1","M","5/1/2024","4247522.90","","","","","N","","","9999","","","","9999","","","82","48","",""
"1834","86","000104460000080","1","3/28/2024","O","1","M","5/1/2024","3398018.32","","","0.00","","Y","","3/28/2024","9999","","","","9999","","","83","48","0.00",""
"1835","1361","000104460000080","1","3/28/2024","O","1","M","10/18/2023","419354.84","10/31/2023","","","","N","","","9999","","","","9999","","","83","48","",""
"1836","1362","000104460000080","1","3/28/2024","O","1","M","11/1/2023","1000000.00","4/30/2024","","","","N","","","9999","","","","9999","","","83","48","",""
"1837","1363","000104460000080","1","3/28/2024","O","1","M","5/1/2024","3398018.32","","","","","N","","","9999","","","","9999","","","83","48","",""
"1838","87","000104460000081","1","3/28/2024","O","1","M","3/1/2024","2087143.71","","","0.00","","Y","","3/28/2024","9999","","","","9999","","","68","36","0.00",""
"1839","1364","000104460000081","1","3/28/2024","O","1","M","11/22/2023","133333.33","11/30/2023","","","","N","","","9999","","","","9999","","","68","36","",""
"1840","1365","000104460000081","1","3/28/2024","O","1","M","12/1/2023","500000.00","2/29/2024","","","","N","","","9999","","","","9999","","","68","36","",""
"1841","1366","000104460000081","1","3/28/2024","O","1","M","3/1/2024","2087143.71","","","","","N","","","9999","","","","9999","","","68","36","",""
"1842","88","000104460000083","1","3/28/2024","O","1","M","7/1/2024","3398018.32","","","0.00","","Y","","3/28/2024","9999","","","","9999","","","84","48","0.00",""
"1843","1367","000104460000083","1","3/28/2024","O","1","M","12/28/2023","96774.19","12/31/2023","","","","N","","","9999","","","","9999","","","84","48","",""
"1844","1368","000104460000083","1","3/28/2024","O","1","M","1/1/2024","1000000.00","6/30/2024","","","","N","","","9999","","","","9999","","","84","48","",""
"1845","1369","000104460000083","1","3/28/2024","O","1","M","7/1/2024","3398018.32","","","","","N","","","9999","","","","9999","","","84","48","",""
"1846","89","000104460000087","1","3/28/2024","O","1","M","8/1/2024","5663363.87","","","0.00","","Y","","3/28/2024","9999","","","","9999","","","49","24","0.00",""
"1847","1370","000104460000087","1","3/28/2024","O","1","M","2/1/2024","1666666.67","7/31/2024","","","","N","","","9999","","","","9999","","","49","24","",""
"1848","1371","000104460000087","1","3/28/2024","O","1","M","8/1/2024","5663363.87","","","","","N","","","9999","","","","9999","","","49","24","",""
"1849","90","000104460000088","1","3/28/2024","O","1","M","5/1/2024","908111.46","","","0.00","","Y","","3/28/2024","9999","","","","9999","","","69","24","0.00",""
"1850","1372","000104460000088","1","3/28/2024","O","1","M","2/1/2024","0.00","4/30/2024","","","","N","","","9999","","","","9999","","","69","24","",""
"1851","1373","000104460000088","1","3/28/2024","O","1","M","5/1/2024","908111.46","","","","","N","","","9999","","","","9999","","","69","24","",""
"1852","91","000104460000089","1","3/28/2024","O","1","M","8/1/2024","4438189.01","","","0.00","","Y","","3/28/2024","9999","","","","9999","","","29","48","0.00",""
"1853","1374","000104460000089","1","3/28/2024","O","1","M","2/20/2024","0.00","7/31/2024","","","","N","","","9999","","","","9999","","","29","48","",""
"1854","1375","000104460000089","1","3/28/2024","O","1","M","8/1/2024","4438189.01","","","","","N","","","9999","","","","9999","","","29","48","",""
"1855","92","000104460000092","1","3/28/2024","O","1","M","7/1/2024","1605134.40","","","0.00","","Y","","3/28/2024","9999","","","","9999","","","37","24","0.00",""
"1856","1376","000104460000092","1","3/28/2024","O","1","M","3/25/2024","0.00","6/30/2024","","","","N","","","9999","","","","9999","","","37","24","",""
"1857","1377","000104460000092","1","3/28/2024","O","1","M","7/1/2024","1605134.40","","","","","N","","","9999","","","","9999","","","37","24","",""
"1858","93","000104460000093","1","3/28/2024","O","1","M","10/1/2024","4772862.93","","","0.00","","Y","","3/28/2024","9999","","","","9999","","","38","36","0.00",""
"1859","1378","000104460000093","1","3/28/2024","O","1","M","3/28/2024","0.00","9/30/2024","","","","N","","","9999","","","","9999","","","38","36","",""
"1860","1379","000104460000093","1","3/28/2024","O","1","M","10/1/2024","4772862.93","","","","","N","","","9999","","","","9999","","","38","36","",""
"1861","507","000104460000096","1","4/30/2024","O","0","M","4/30/2024","18055.56","4/30/2024","","0.00","","Y","","4/30/2024","9999","","","","9999","","","313","60","0.00",""
"1862","508","000104460000096","1","4/30/2024","O","0","M","5/1/2024","541666.67","10/31/2024","","0.00","","Y","","4/30/2024","9999","","","","9999","","","313","60","0.00",""
"1863","509","000104460000096","1","4/30/2024","O","0","M","11/1/2024","1499706.48","","","0.00","","Y","","4/30/2024","9999","","","","9999","","","313","60","0.00",""
"1864","1380","000104460000096","1","4/30/2024","O","1","M","4/30/2024","18055.56","4/30/2024","","","","N","","","9999","","","","9999","","","313","60","",""
"1865","1381","000104460000096","1","4/30/2024","O","1","M","5/1/2024","541666.67","10/31/2024","","","","N","","","9999","","","","9999","","","313","60","",""
"1866","1382","000104460000096","1","4/30/2024","O","1","M","11/1/2024","1499706.48","","","","","N","","","9999","","","","9999","","","313","60","",""
"1867","512","000104460000098","1","5/31/2024","O","1","M","12/1/2024","11326728.00","","","0.00","Installment Details through Disbursement","Y","N1","5/31/2024","18","0-1-04/06/2024-16:34:16-192.167.001.134","","","21","0-1-04/06/2024-16:36:16-192.167.001.112","9802","323","48","10145033.00","6/30/2024"
"1868","1383","000104460000098","1","5/31/2024","O","1","M","5/29/2024","2000000.00","5/31/2024","","","","N","","","9999","","","","9999","","","323","0","",""
"1869","1384","000104460000098","1","5/31/2024","O","1","M","6/1/2024","3333333.33","11/30/2024","","","","N","","","9999","","","","9999","","","323","0","",""
"1870","1385","000104460000098","1","5/31/2024","O","1","M","12/1/2024","11326727.74","","","","","N","","","9999","","","","9999","","","323","0","",""
"1871","620","000104460000099","1","6/5/2024","O","1","M","7/4/2024","12750090.00","","","0.00","Installment Details through Disbursement","Y","N1","6/5/2024","18","0-1-17/07/2024-16:06:08-192.167.001.102","","","16","0-1-17/07/2024-16:13:42-192.167.001.145","10441","340","48","2750090.00","7/5/2024"
"1872","1386","000104460000099","1","6/5/2024","O","1","M","6/5/2024","0.00","11/30/2024","","","","N","","","9999","","","","9999","","","340","0","",""
"1873","1387","000104460000099","1","6/5/2024","O","1","M","12/1/2024","3223620.09","","","","","N","","","9999","","","","9999","","","340","0","",""
"1874","621","000104460000100","1","6/5/2024","O","1","M","7/4/2024","2307246.00","","","0.00","Installment Details through Disbursement","N","N2","6/5/2024","18","0-1-18/07/2024-11:14:15-192.167.001.102","","","16","0-1-18/07/2024-11:19:58-192.167.001.145","10446","341","24","2307246.00","7/5/2024"
"1875","1534","000104460000104","1","10/29/2024","O","1","M","10/1/2025","11855710.08","","","0.00","Installment Details through Disbursement","N","N1","10/29/2024","19","0-1-29/10/2024-16:27:59-192.167.001.118","","","18","0-1-29/10/2024-16:40:27-192.167.001.102","26088","890","60","4249409.00","11/29/2024"
"1876","1538","000104460000105","1","11/1/2024","O","1","M","11/30/2024","2536258.00","","","0.00","Installment Details through Disbursement","Y","N1","11/1/2024","19","0-1-11/11/2024-14:05:53-192.167.001.118","","","18","0-1-11/11/2024-14:14:27-192.167.001.102","28321","892","48","2536258.00","12/1/2024"
"1877","1541","000104460000105","1","11/14/2024","O","1","M","12/1/2024","2536258.00","","","0.00","Installment Details through Disbursement","Y","N3","11/14/2024","9998","0-1-15/11/2024-11:55:19-192.167.001.036","9998","0-1-15/11/2024-12:01:40-192.167.001.036","9998","0-1-15/11/2024-12:01:40-192.167.001.036","28457","894","48","2536258.00","12/1/2024"
"1878","1542","000104460000105","1","11/14/2024","O","1","M","12/1/2024","2536258.00","","","0.00","Installment Details through Disbursement","N","N4","11/14/2024","9998","0-1-15/11/2024-12:03:57-192.167.001.036","","","18","0-1-11/11/2024-14:14:27-192.167.001.102","28459","895","48","2536258.00","12/1/2024"
"1879","1539","000104460000106","1","11/5/2024","O","1","M","12/4/2024","4780585.00","","","0.00","Installment Details through Disbursement","Y","N3","11/5/2024","19","0-1-11/11/2024-18:09:18-192.167.001.118","","","18","0-1-11/11/2024-18:16:05-192.167.001.102","28367","893","60","4780585.00","12/5/2024"
"1880","1543","000104460000106","1","11/14/2024","O","1","M","1/1/2025","4780585.00","","","0.00","Installment Details through Disbursement","Y","N5","11/14/2024","9997","0-1-15/11/2024-15:19:48-192.167.001.036","","","18","0-1-11/11/2024-18:16:05-192.167.001.102","28461","896","60","4780585.00","1/1/2025"
"1881","1734","000104460000107","1","12/31/2024","O","1","M","1/1/2025","2420039.00","","","0.00","Installment Details through Disbursement","N","N2","12/31/2024","18","0-1-22/01/2025-15:19:18-192.168.002.001","","","19","0-1-25/01/2025-09:44:06-192.168.002.001","31789","1086","36","2420039.00","1/1/2025"
"1882","1910","000104460000108","1","1/31/2025","O","1","M","2/1/2025","1613359.00","","","0.00","Installment Details through Disbursement","N","N1","1/31/2025","19","0-1-25/02/2025-18:24:31-192.168.002.001","","","18","0-1-25/02/2025-18:28:20-192.168.002.001","36933","1262","36","1613359.00","2/1/2025"
"1883","2142","000104460000109","1","5/12/2025","O","1","M","6/1/2025","5311761.00","","","0.00","Installment Details through Disbursement","N","N1","5/12/2025","19","0-1-12/05/2025-16:39:32-192.168.002.001","","","10002","0-1-12/05/2025-16:41:38-192.168.002.001","53457","1473","60","5311761.00","6/1/2025"
"1884","2143","000104460000110","1","5/16/2025","O","1","M","6/1/2025","4768678.00","","","0.00","Installment Details through Disbursement","N","N1","5/16/2025","10002","0-1-16/05/2025-16:31:19-192.168.002.001","","","19","0-1-16/05/2025-16:33:22-192.168.002.001","53553","1474","60","4768678.00","6/1/2025"
"1885","2171","000104460000111","1","5/26/2025","O","1","M","6/1/2025","0.00","","","0.00","Installment Details through Disbursement","N","N1","5/26/2025","19","0-1-26/05/2025-10:25:10-192.168.002.001","","","18","0-1-26/05/2025-12:21:47-192.168.002.001","53669","1502","36","0.00","6/1/2025"
"1886","7835","000104460000112","1","7/23/2025","O","1","M","8/1/2025","2226211.00","","","0.00","Installment Details through Disbursement","Y","N1","7/23/2025","10002","0-1-23/07/2025-17:19:27-192.168.002.001","","","19","0-1-23/07/2025-17:26:53-192.168.002.001","194384","7041","24","2226211.00","8/1/2025"
"1887","7836","000104460000112","1","7/23/2025","D","1","M","8/1/2025","2249284.00","","","0.00","Installment Details through Disbursement","Y","N2","7/23/2025","10002","0-1-23/07/2025-17:21:40-192.168.002.001","","","19","0-1-23/07/2025-17:27:10-192.168.002.001","194386","7042","24","2249284.00","8/1/2025"
"1888","7837","000104460000112","1","7/23/2025","D","1","M","8/1/2025","2288738.00","","","0.00","Installment Details through Disbursement","Y","N3","7/23/2025","10002","0-1-23/07/2025-17:23:47-192.168.002.001","","","19","0-1-23/07/2025-17:27:27-192.168.002.001","194388","7043","24","2288738.00","8/1/2025"
"1889","7838","000104460000112","1","7/23/2025","D","1","M","8/1/2025","2307246.00","","","0.00","Installment Details through Disbursement","N","N4","7/23/2025","10002","0-1-23/07/2025-17:25:12-192.168.002.001","","","19","0-1-23/07/2025-17:27:47-192.168.002.001","194390","7044","24","2307246.00","8/1/2025"
"1890","8077","000104460000113","1","12/8/2025","O","1","M","12/1/2025","3074017.00","12/31/2025","","0.00","Installment Details through Disbursement","N","N1","12/8/2025","19","0-1-09/12/2025-16:57:28-192.168.002.001","","","18","0-1-09/12/2025-16:58:29-192.168.002.001","272396","7093","60","3074017.00","12/1/2025"
"1891","8078","000104460000113","1","12/8/2025","D","1","M","1/1/2026","3105888.00","","","0.00","Installment Details through Disbursement","Y","N2","12/8/2025","19","0-1-09/12/2025-16:58:53-192.168.002.001","","","18","0-1-09/12/2025-17:02:07-192.168.002.001","272398","7094","60","3105888.00","12/1/2025"
"1892","8079","000104460000113","1","12/8/2025","D","1","M","1/1/2026","3160812.00","12/31/2025","","0.00","Installment Details through Disbursement","Y","N3","12/8/2025","19","0-1-09/12/2025-17:00:25-192.168.002.001","","","18","0-1-09/12/2025-17:02:44-192.168.002.001","272400","7095","60","3160812.00","1/1/2026"
"1893","8080","000104460000113","1","12/8/2025","D","1","M","1/1/2026","3187057.00","12/31/2025","","0.00","Installment Details through Disbursement","N","N4","12/8/2025","19","0-1-09/12/2025-17:01:19-192.168.002.001","","","18","0-1-09/12/2025-17:03:29-192.168.002.001","272402","7096","60","3187057.00","1/1/2026"
"1894","8088","000104460000114","1","12/18/2025","O","1","M","12/1/2025","2465305.00","12/31/2025","","0.00","Installment Details through Disbursement","N","N8","12/18/2025","62","0-1-22/12/2025-12:19:42-192.168.002.001","","","19","0-1-22/12/2025-12:24:59-192.168.002.001","273289","7104","36","2465305.00","12/1/2025"
"1895","8089","000104460000114","1","12/18/2025","D","1","M","1/1/2026","2545973.00","","","0.00","Installment Details through Disbursement","Y","N9","12/18/2025","62","0-1-22/12/2025-12:22:37-192.168.002.001","","","19","0-1-22/12/2025-12:25:48-192.168.002.001","273291","7105","36","2545973.00","12/1/2025"
"1896","8090","000104460000114","1","12/18/2025","D","1","M","1/1/2026","2680688.00","12/31/2025","","0.00","Installment Details through Disbursement","Y","N10","12/18/2025","62","0-1-22/12/2025-12:25:00-192.168.002.001","","","19","0-1-22/12/2025-12:25:30-192.168.002.001","273293","7106","36","2680688.00","1/1/2026"
"1897","8091","000104460000114","1","12/18/2025","D","1","M","1/1/2026","2709421.00","1/31/2026","","0.00","Installment Details through Disbursement","N","N11","12/18/2025","62","0-1-22/12/2025-12:27:01-192.168.002.001","","","19","0-1-22/12/2025-12:27:50-192.168.002.001","273295","7107","36","2709421.00","1/1/2026"
"1898","9313","000104460000114","1","1/22/2026","D","1","M","2/1/2026","8066797.00","12/31/2025","","0.00","Installment Details through Disbursement","N","N1","1/22/2026","62","0-1-27/01/2026-09:47:19-192.168.002.001","","","18","0-1-27/01/2026-10:03:38-192.168.002.001","310235","7125","36","8066797.00","1/1/2026"
"1899","8085","000104460000115","1","12/18/2025","O","1","M","1/1/2026","6780305.00","","","0.00","Installment Details through Disbursement","Y","N5","12/18/2025","62","0-1-22/12/2025-12:07:21-192.168.002.001","","","19","0-1-22/12/2025-12:17:11-192.168.002.001","273283","7101","24","6780305.00","1/1/2026"
"1900","8086","000104460000115","1","12/18/2025","D","1","M","1/1/2026","6849522.00","","","0.00","Installment Details through Disbursement","Y","N6","12/18/2025","62","0-1-22/12/2025-12:12:57-192.168.002.001","","","18","0-1-22/12/2025-12:27:23-192.168.002.001","273285","7102","24","6849522.00","1/1/2026"
"1901","8087","000104460000115","1","12/18/2025","D","1","M","1/1/2026","6921739.00","","","0.00","Installment Details through Disbursement","N","N7","12/18/2025","62","0-1-22/12/2025-12:14:41-192.168.002.001","","","19","0-1-22/12/2025-12:16:53-192.168.002.001","273287","7103","24","6921739.00","1/1/2026"
"1902","8081","000104460000116","1","12/18/2025","O","1","M","1/1/2026","18051434.00","","","0.00","Installment Details through Disbursement","Y","N1","12/18/2025","62","0-1-22/12/2025-09:17:21-192.168.002.001","","","18","0-1-22/12/2025-11:52:26-192.168.002.001","273248","7097","24","18051434.00","1/1/2026"
"1903","8082","000104460000116","1","12/18/2025","D","1","M","1/1/2026","18236013.00","","","0.00","Installment Details through Disbursement","Y","N2","12/18/2025","62","0-1-22/12/2025-09:27:49-192.168.002.001","","","18","0-1-22/12/2025-11:52:45-192.168.002.001","273250","7098","24","18236013.00","1/1/2026"
"1904","8083","000104460000116","1","12/18/2025","D","1","M","1/1/2026","18424746.00","","","0.00","Installment Details through Disbursement","Y","N3","12/18/2025","62","0-1-22/12/2025-09:32:07-192.168.002.001","","","18","0-1-22/12/2025-11:53:06-192.168.002.001","273252","7099","24","18424746.00","1/1/2026"
"1905","8084","000104460000116","1","12/18/2025","D","1","M","1/1/2026","18457971.00","","","0.00","Installment Details through Disbursement","N","N4","12/18/2025","62","0-1-22/12/2025-09:39:30-192.168.002.001","","","18","0-1-22/12/2025-11:53:31-192.168.002.001","273254","7100","24","18457971.00","1/1/2026"
"1906","8092","000104460000117","1","12/19/2025","O","1","M","1/1/2026","6606024.00","","","0.00","Installment Details through Disbursement","Y","N1","12/19/2025","62","0-1-22/12/2025-14:44:22-192.168.002.001","","","18","0-1-22/12/2025-15:31:19-192.168.002.001","273297","7108","36","6606024.00","1/1/2026"
"1907","8093","000104460000117","1","12/19/2025","D","1","M","1/1/2026","6720184.00","","","0.00","Installment Details through Disbursement","Y","N2","12/19/2025","62","0-1-22/12/2025-14:46:12-192.168.002.001","","","20","0-1-22/12/2025-15:44:37-192.168.002.001","273299","7109","36","6720184.00","1/1/2026"
"1908","8094","000104460000117","1","12/19/2025","D","1","M","1/1/2026","6788064.00","","","0.00","Installment Details through Disbursement","N","N3","12/19/2025","62","0-1-22/12/2025-14:48:09-192.168.002.001","","","18","0-1-22/12/2025-15:31:46-192.168.002.001","273301","7110","36","6788064.00","1/1/2026"
"1909","8098","000104460000118","1","12/29/2025","O","1","M","1/1/2026","1549375.00","","","0.00","Installment Details through Disbursement","Y","N1","12/29/2025","62","0-1-29/12/2025-15:26:53-192.168.002.001","","","18","0-1-29/12/2025-17:14:49-192.168.002.001","273448","7114","36","1549375.00","1/1/2026"
"1910","8099","000104460000118","1","12/29/2025","D","1","M","1/1/2026","1565509.00","","","0.00","Installment Details through Disbursement","Y","N2","12/29/2025","62","0-1-29/12/2025-15:28:53-192.168.002.001","","","18","0-1-29/12/2025-17:15:10-192.168.002.001","273450","7115","36","1565509.00","1/1/2026"
"1911","8100","000104460000118","1","12/29/2025","D","1","M","1/1/2026","1602582.00","","","0.00","Installment Details through Disbursement","Y","N3","12/29/2025","62","0-1-29/12/2025-15:30:48-192.168.002.001","","","18","0-1-29/12/2025-17:15:43-192.168.002.001","273452","7116","36","1602582.00","1/1/2026"
"1912","8101","000104460000118","1","12/29/2025","D","1","M","1/1/2026","1613359.00","","","0.00","Installment Details through Disbursement","N","N4","12/29/2025","62","0-1-29/12/2025-15:32:27-192.168.002.001","","","18","0-1-29/12/2025-17:16:31-192.168.002.001","273454","7117","36","1613359.00","1/1/2026"
"1913","9307","000104460000119","1","1/12/2026","O","1","M","4/1/2026","1783132.00","1/31/2026","","0.00","Installment Details through Disbursement","N","N1","1/12/2026","62","0-1-19/01/2026-10:39:27-192.168.002.001","","","18","0-1-19/01/2026-15:25:51-192.168.002.001","309966","7119","36","0.00","1/1/2026"
"1914","9308","000104460000119","1","1/12/2026","D","1","M","2/1/2026","0.00","","","0.00","Installment Details through Disbursement","Y","N2","1/12/2026","62","0-1-19/01/2026-10:41:38-192.168.002.001","","","20","0-1-19/01/2026-15:37:32-192.168.002.001","309968","7120","36","0.00","1/1/2026"
"1915","9309","000104460000119","1","1/12/2026","D","1","M","2/1/2026","1613359.00","1/31/2026","","0.00","Installment Details through Disbursement","Y","N3","1/12/2026","62","0-1-19/01/2026-10:46:18-192.168.002.001","","","18","0-1-19/01/2026-15:26:14-192.168.002.001","309970","7121","36","0.00","2/1/2026"
"1916","9428","000104460000120","1","3/31/2026","O","1","M","4/1/2026","12127986.00","","","0.00","Installment Details through Disbursement","N","N1","3/31/2026","62","0-1-07/04/2026-11:53:13-192.168.002.001","","","18","0-1-08/04/2026-16:39:56-192.168.002.001","340629","7129","60","12127986.00","4/1/2026"
"1917","8061","000106050000001","1","11/30/2025","O","1","M","12/1/2025","12702530.00","","","0.00","Installment Details through Disbursement","Y","N9","11/30/2025","19","0-1-09/12/2025-14:11:39-192.168.002.001","","","18","0-1-09/12/2025-15:17:57-192.168.002.001","258249","7077","48","12702530.00","12/1/2025"
"1918","8062","000106050000001","1","11/30/2025","D","1","M","12/1/2025","12920659.00","","","0.00","Installment Details through Disbursement","Y","N10","11/30/2025","19","0-1-09/12/2025-14:15:50-192.168.002.001","","","18","0-1-09/12/2025-15:30:52-192.168.002.001","258251","7078","48","12920659.00","12/1/2025"
"1919","8063","000106050000001","1","11/30/2025","D","1","M","12/1/2025","13323536.00","","","0.00","Installment Details through Disbursement","Y","N11","11/30/2025","19","0-1-09/12/2025-14:17:20-192.168.002.001","","","18","0-1-09/12/2025-15:25:09-192.168.002.001","258253","7079","48","13323536.00","12/1/2025"
"1920","8064","000106050000001","1","11/7/2025","D","1","M","12/7/2025","13523856.00","","","0.00","Installment Details through Disbursement","N","N12","11/30/2025","19","0-1-09/12/2025-14:18:23-192.168.002.001","","","18","0-1-09/12/2025-15:50:49-192.168.002.001","258255","7080","48","13429220.00","12/1/2025"
"1921","8071","000106050000002","1","11/30/2025","O","1","M","12/1/2025","6573493.00","","","0.00","Installment Details through Disbursement","Y","N19","11/30/2025","19","0-1-09/12/2025-14:43:52-192.168.002.001","","","18","0-1-09/12/2025-15:51:22-192.168.002.001","258269","7087","24","6573493.00","12/1/2025"
"1922","8072","000106050000002","1","11/30/2025","D","1","M","12/1/2025","6780649.00","","","0.00","Installment Details through Disbursement","Y","N20","11/30/2025","19","0-1-09/12/2025-14:46:39-192.168.002.001","","","18","0-1-09/12/2025-15:22:02-192.168.002.001","258271","7088","24","6780649.00","12/1/2025"
"1923","8073","000106050000002","1","11/30/2025","D","1","M","12/1/2025","6886497.00","","","0.00","Installment Details through Disbursement","Y","N21","11/30/2025","19","0-1-09/12/2025-14:47:54-192.168.002.001","","","18","0-1-09/12/2025-15:21:29-192.168.002.001","258273","7089","24","6886497.00","12/1/2025"
"1924","8074","000106050000002","1","11/17/2025","D","1","H","5/17/2026","44547542.00","","","0.00","Installment Details through Disbursement","N","N22","11/30/2025","19","0-1-09/12/2025-14:49:05-192.168.002.001","","","18","0-1-09/12/2025-15:51:51-192.168.002.001","258275","7090","24","6905197.00","12/1/2025"
"1925","8066","000106050000003","1","11/30/2025","O","1","M","12/1/2025","3855558.00","","","0.00","Installment Details through Disbursement","Y","N14","11/30/2025","19","0-1-09/12/2025-14:22:41-192.168.002.001","","","18","0-1-09/12/2025-15:52:48-192.168.002.001","258259","7082","36","3855558.00","12/1/2025"
"1926","8067","000106050000003","1","11/30/2025","O","1","M","12/1/2025","5212640.00","","","0.00","Installment Details through Disbursement","Y","N15","11/30/2025","19","0-1-09/12/2025-14:26:04-192.168.002.001","","","18","0-1-09/12/2025-15:24:37-192.168.002.001","258261","7083","36","5212640.00","12/1/2025"
"1927","8068","000106050000003","1","11/30/2025","O","1","M","12/1/2025","5926944.00","","","0.00","Installment Details through Disbursement","Y","N16","11/30/2025","19","0-1-09/12/2025-14:27:33-192.168.002.001","","","18","0-1-09/12/2025-15:24:06-192.168.002.001","258263","7084","36","5926944.00","12/1/2025"
"1928","8069","000106050000003","1","11/30/2025","O","1","M","12/1/2025","6274441.00","","","0.00","Installment Details through Disbursement","Y","N17","11/30/2025","19","0-1-09/12/2025-14:28:26-192.168.002.001","","","18","0-1-09/12/2025-15:23:34-192.168.002.001","258265","7085","36","6274441.00","12/1/2025"
"1929","8070","000106050000003","1","11/30/2025","O","1","M","12/1/2025","17091408.00","","","0.00","Installment Details through Disbursement","Y","N18","11/30/2025","19","0-1-09/12/2025-14:30:13-192.168.002.001","","","18","0-1-09/12/2025-15:23:06-192.168.002.001","258267","7086","36","17091408.00","12/1/2025"
"1930","8075","000106050000003","1","11/30/2025","O","1","M","12/1/2025","23950639.00","","","0.00","Installment Details through Disbursement","Y","N23","11/30/2025","19","0-1-09/12/2025-14:51:51-192.168.002.001","","","18","0-1-09/12/2025-15:20:44-192.168.002.001","258277","7091","36","23950639.00","12/1/2025"
"1931","8076","000106050000003","1","11/24/2025","O","1","M","12/24/2025","25977214.00","7/23/2026","","0.00","Installment Details through Disbursement","N","N24","11/30/2025","19","0-1-09/12/2025-14:53:02-192.168.002.001","","","18","0-1-09/12/2025-15:20:11-192.168.002.001","258279","7092","36","25977214.00","12/1/2025"
"1932","9477","000106050000003","1","6/30/2026","I","1","M","7/24/2026","35543774.00","7/30/2026","","0.00","Installment Details through Disbursement","N","N3","6/30/2026","62","0-1-07/07/2026-10:29:05-192.168.002.001","","","18","0-1-07/07/2026-13:55:18-192.168.002.001","383211","7140","29","35543774.00","7/24/2026"
"1933","9495","000106050000003","1","7/14/2026","I","1","M","7/31/2026","38353367.00","8/30/2026","","0.00","Installment Details through Disbursement","N","N1","7/14/2026","62","0-1-14/07/2026-10:38:11-192.168.002.001","","","18","0-1-14/07/2026-14:08:04-192.168.002.001","396692","7143","28","38353367.00","7/31/2026"
"1934","9496","000106050000003","1","7/30/2026","I","1","M","8/31/2026","39859217.00","","","0.00","Installment Details through Disbursement","Y","N1","7/30/2026","62","0-1-30/07/2026-11:06:33-192.168.002.001","","","18","0-1-30/07/2026-13:59:21-192.168.002.001","397077","7144","28","39859217.00","8/31/2026"
"1935","9514","000106050000003","1","8/19/2026","I","1","M","8/31/2026","44025471.00","8/30/2026","","0.00","Installment Details through Disbursement","Y","N1","8/19/2026","62","0-1-19/08/2026-16:16:31-192.168.002.001","","","18","0-1-19/08/2026-16:35:02-192.168.002.001","410873","7146","27","44025471.00","8/31/2026"
"1936","9515","000106050000003","1","8/19/2026","I","1","M","8/31/2026","45597647.00","8/30/2026","","0.00","Installment Details through Disbursement","N","N2","8/19/2026","62","0-1-19/08/2026-16:19:14-192.168.002.001","","","18","0-1-19/08/2026-16:35:53-192.168.002.001","410875","7147","27","45597647.00","8/31/2026"
"1937","8065","000106050000004","1","11/13/2025","O","1","M","12/13/2025","16543248.00","","","0.00","Installment Details through Disbursement","N","N13","11/30/2025","19","0-1-09/12/2025-14:20:16-192.168.002.001","","","18","0-1-09/12/2025-15:25:37-192.168.002.001","258257","7081","60","16408444.00","12/1/2025"
"1938","8095","000106050000005","1","12/23/2025","O","1","M","1/1/2026","10112812.00","","","0.00","Installment Details through Disbursement","Y","N2","12/23/2025","62","0-1-23/12/2025-14:23:58-192.168.002.001","","","18","0-1-23/12/2025-14:41:48-192.168.002.001","273324","7111","60","10112812.00","1/1/2026"
"1939","8096","000106050000005","1","12/23/2025","D","1","M","1/1/2026","10432513.00","","","0.00","Installment Details through Disbursement","Y","N3","12/23/2025","62","0-1-23/12/2025-14:26:34-192.168.002.001","","","18","0-1-23/12/2025-14:43:00-192.168.002.001","273326","7112","60","10432513.00","1/1/2026"
"1940","8097","000106050000005","1","12/23/2025","D","1","M","1/1/2026","10656696.00","","","0.00","Installment Details through Disbursement","N","N4","12/23/2025","62","0-1-23/12/2025-14:29:06-192.168.002.001","","","18","0-1-23/12/2025-14:43:26-192.168.002.001","273328","7113","60","10656696.00","1/1/2026"
"1941","9310","000106050000006","1","1/19/2026","O","1","M","2/1/2026","175160444.00","","","0.00","Installment Details through Disbursement","Y","N1","1/19/2026","62","0-1-27/01/2026-09:07:51-192.168.002.001","","","18","0-1-27/01/2026-09:19:56-192.168.002.001","310229","7122","24","175160444.00","2/1/2026"
"1942","9311","000106050000006","1","1/19/2026","D","1","M","2/1/2026","180415258.00","","","0.00","Installment Details through Disbursement","Y","N2","1/19/2026","62","0-1-27/01/2026-09:10:51-192.168.002.001","","","18","0-1-27/01/2026-09:21:01-192.168.002.001","310231","7123","24","180415258.00","2/1/2026"
"1943","9312","000106050000006","1","1/19/2026","D","1","M","2/1/2026","183291334.00","","","0.00","Installment Details through Disbursement","N","N3","1/19/2026","62","0-1-27/01/2026-09:12:42-192.168.002.001","","","18","0-1-27/01/2026-09:21:24-192.168.002.001","310233","7124","24","183291334.00","2/1/2026"
"1944","9426","000106050000007","1","3/25/2026","O","1","M","4/1/2026","7066083.00","","","0.00","Installment Details through Disbursement","Y","N1","3/25/2026","62","0-1-26/03/2026-10:54:26-192.168.002.001","","","18","0-1-26/03/2026-15:50:04-192.168.002.001","340183","7127","60","7066083.00","4/1/2026"
"1945","9427","000106050000007","1","3/25/2026","D","1","Y","4/1/2027","116849871.00","4/30/2026","","0.00","Installment Details through Disbursement","Y","N2","3/25/2026","62","0-1-26/03/2026-11:18:52-192.168.002.001","","","18","0-1-26/03/2026-15:50:46-192.168.002.001","340185","7128","60","9206053.00","4/1/2026"
"1946","9429","000106050000007","1","4/14/2026","D","1","Y","4/1/2027","152969229.00","","","0.00","Installment Details through Disbursement","Y","N1","4/14/2026","62","0-1-15/04/2026-14:45:16-192.168.002.001","","","18","0-1-15/04/2026-15:24:03-192.168.002.001","354222","7130","60","10842472.00","4/1/2026"
"1947","9454","000106050000007","1","5/19/2026","D","1","Y","4/1/2027","170284587.00","","","0.00","Installment Details through Disbursement","Y","N1","5/19/2026","62","0-1-27/05/2026-16:29:32-192.168.002.001","","","18","0-1-27/05/2026-16:32:53-192.168.002.001","368453","7133","5","170284587.00","4/1/2027"
"1948","9456","000106050000007","1","6/2/2026","D","1","Y","3/24/2027","249040219.00","","","0.00","Installment Details through Disbursement","N","N1","6/2/2026","62","0-1-11/06/2026-16:01:09-192.168.002.001","","","18","0-1-12/06/2026-16:57:03-192.168.002.001","382440","7135","5","249040219.00","4/1/2027"
"1949","9446","000106050000008","1","4/23/2026","O","1","M","5/1/2026","22099246.00","","","0.00","Installment Details through Disbursement","N","N1","4/23/2026","62","0-1-27/04/2026-15:08:59-192.168.002.001","","","18","0-1-27/04/2026-16:28:44-192.168.002.001","354496","7131","60","22099246.00","5/1/2026"
"1950","9447","000106050000009","1","4/28/2026","O","1","M","5/1/2026","9465798.00","","","0.00","Installment Details through Disbursement","N","N1","4/28/2026","62","0-1-30/04/2026-17:46:18-192.168.002.001","","","18","0-1-30/04/2026-17:51:16-192.168.002.001","354637","7132","84","9465798.00","5/1/2026"
"1951","9455","000106050000010","1","5/20/2026","O","1","M","6/1/2026","25904394.00","6/30/2026","","0.00","Installment Details through Disbursement","N","N1","5/20/2026","62","0-1-28/05/2026-12:18:06-192.168.002.001","","","18","0-1-28/05/2026-12:25:14-192.168.002.001","368460","7134","84","25904394.00","6/1/2026"
"1952","9459","000106050000010","1","6/2/2026","D","1","M","7/1/2026","28171028.00","","","0.00","Installment Details through Disbursement","Y","N4","6/2/2026","62","0-1-12/06/2026-17:08:42-192.168.002.001","","","18","0-1-12/06/2026-17:14:42-192.168.002.001","382456","7138","84","28171028.00","6/1/2026"
"1953","9460","000106050000010","1","6/2/2026","D","1","M","7/1/2026","48570738.00","6/30/2026","","0.00","Installment Details through Disbursement","N","N5","6/2/2026","62","0-1-12/06/2026-17:11:23-192.168.002.001","","","18","0-1-12/06/2026-17:15:28-192.168.002.001","382458","7139","84","48570738.00","7/1/2026"
"1954","9457","000106050000011","1","6/2/2026","O","1","M","12/1/2026","23920388.00","","","0.00","Installment Details through Disbursement","N","N2","6/2/2026","62","0-1-12/06/2026-16:11:48-192.168.002.001","","","18","0-1-12/06/2026-16:58:43-192.168.002.001","382442","7136","60","23920388.00","12/1/2026"
"1955","9458","000106050000012","1","6/2/2026","O","1","M","12/1/2026","30119016.00","","","0.00","Installment Details through Disbursement","N","N3","6/2/2026","62","0-1-12/06/2026-16:35:17-192.168.002.001","","","18","0-1-12/06/2026-16:57:53-192.168.002.001","382450","7137","36","30119016.00","12/1/2026"
"1956","9479","000106050000013","1","7/1/2026","O","1","M","4/1/2027","41895269.00","","","0.00","Installment Details through Disbursement","N","N1","7/1/2026","62","0-1-07/07/2026-16:37:17-192.168.002.001","","","18","0-1-08/07/2026-11:16:49-192.168.002.001","396576","7142","60","41895269.00","4/1/2027"
"1957","9513","000106050000014","1","8/17/2026","O","1","M","11/1/2026","19549482.00","","","0.00","Installment Details through Disbursement","N","N1","8/17/2026","62","0-1-17/08/2026-13:58:56-192.168.002.001","","","18","0-1-17/08/2026-14:32:15-192.168.002.001","410749","7145","23","19549482.00","11/1/2026"
"1958","9517","000106050000015","1","8/31/2026","O","1","M","9/1/2027","52305473.00","","","0.00","Installment Details through Disbursement","N","N1","8/31/2026","62","0-1-31/08/2026-16:55:56-192.168.002.001","","","18","0-1-01/09/2026-15:01:55-192.168.002.001","411329","7149","60","52305473.00","9/1/2027"
