"   ","TABLE_NAME","INDEX_NAME","UNIQUENESS","COLUMN_POSITION","COLUMN_NAME"
"1","ABB_CHARGES_SLAB","PK_ABB_CHRG_SLAB_ID","UNIQUE","1","ABB_CHRG_SLAB_ID"
"2","ABB_PARAMETER","PK_ABB_PARAMETER_ID","UNIQUE","1","ABB_PARA_DET_ID"
"3","ACCOUNT_BALANCE","IDX_ACBALNEWSUBACNOTRANALNX","NONUNIQUE","1","ALNX_TYPE"
"4","ACCOUNT_BALANCE","IDX_ACBALNEWSUBACNOTRANALNX","NONUNIQUE","2","NEW_AC_NUMBER"
"5","ACCOUNT_BALANCE","IDX_ACBALNEWSUBACNOTRANALNX","NONUNIQUE","3","SUB_AC_NUMBER"
"6","ACCOUNT_BALANCE","IDX_ACBALNEWSUBACNOTRANALNX","NONUNIQUE","4","TRANSACTION_DATE"
"7","ACCOUNT_BALANCE","PK_ACCOUNT_BAL_MST_ID","UNIQUE","1","ACCOUNT_BAL_MST_ID"
"8","ACCOUNT_BALANCE_HISTORY","IDX_AC_BAL_LEGFOL","NONUNIQUE","1","LEGFOL"
"9","ACCOUNT_BALANCE_HISTORY","UK_AC_NEWACSUBACNO","UNIQUE","1","NEW_AC_NUMBER"
"10","ACCOUNT_BALANCE_HISTORY","UK_AC_NEWACSUBACNO","UNIQUE","2","SUB_AC_NUMBER"
"11","ACCOUNT_CLOSER_HISTORY","PK_ACCOUNT_CLO_HISTID","UNIQUE","1","ACT_CLOSE_DET_ID"
"12","ACCOUNT_CODE_DETAILS","IDX_ACCOUNT_CODE_NEWSUBACNO","NONUNIQUE","1","NEW_AC_NUMBER"
"13","ACCOUNT_CODE_DETAILS","IDX_ACCOUNT_CODE_NEWSUBACNO","NONUNIQUE","2","SUB_AC_NUMBER"
"14","ACCOUNT_CODE_DETAILS","PK_ACCOUNT_CODE_DETAILS_ID","UNIQUE","1","ACC_CODE_DET_ID"
"15","ACCOUNT_NO_GEN_MASTER","IDX_ACC_NO_GEN_MAST_BR_MST_ID","NONUNIQUE","1","BRANCH_MST_ID"
"16","ACCOUNT_NO_GEN_MASTER","IDX_ACC_NO_GEN_MAST_GLCODE","NONUNIQUE","1","GLCODE"
"17","ACCOUNT_NO_GEN_MASTER","PK_ACNOGENMAST_MST_ID","UNIQUE","1","ACCOUNT_GEN_MST_ID"
"18","ACCOUNT_NO_GEN_MASTER","UK_ACNOGENMAST_BRGLCODE","UNIQUE","1","BRANCH_MST_ID"
"19","ACCOUNT_NO_GEN_MASTER","UK_ACNOGENMAST_BRGLCODE","UNIQUE","2","GLCODE"
"20","ACCOUNT_NO_GEN_MASTER","UK_ACNOGENMAST_BRGLCODE","UNIQUE","3","AGENT_NUMBER"
"21","ACCOUNT_PAGE_DETAILS","PK_ACCPAGEDET_ID","UNIQUE","1","ACCPAGE_DET_ID"
"22","ACCOUNT_PASSBOOK_DETAILS","PK_ACC_PASSBK_DET_ID","UNIQUE","1","ACC_PASSBK_DET_ID"
"23","ACCOUNT_STATUS_HISTORY","IDX_ACC_STATUS_NEWSUBAC","NONUNIQUE","1","NEW_AC_NUMBER"
"24","ACCOUNT_STATUS_HISTORY","IDX_ACC_STATUS_NEWSUBAC","NONUNIQUE","2","SUB_AC_NUMBER"
"25","ACCOUNT_STATUS_HISTORY","IDX_ACC_STATUS_NEWSUBAC","NONUNIQUE","3","SYS_NC00023$"
"26","ACCOUNT_STATUS_HISTORY","IDX_ACC_STATUS_NEWSUBAC","NONUNIQUE","4","SYS_NC00024$"
"27","ACCOUNT_STATUS_HISTORY","PK_ACCOUNT_STATUS_HIST_ID","UNIQUE","1","AC_STATUS_MST_ID"
"28","ACCOUNT_TRF_DETAILS","IDX_ACC_TRF_NEWACNO","NONUNIQUE","1","NEW_AC_NUMBER"
"29","ACCOUNT_TRF_DETAILS","PK_ACC_TRF_DET_ID","UNIQUE","1","ACC_TRF_DET_ID"
"30","ACC_AGENT_LINK_MASTER","PK_ACC_AGENT_LINKMSTID","UNIQUE","1","ACC_AGT_MST_ID"
"31","ACDEPOMASTER","IDX_ACDEPONEWSUBACNO","NONUNIQUE","1","NEW_AC_NUMBER"
"32","ACDEPOMASTER","IDX_ACDEPONEWSUBACNO","NONUNIQUE","2","SUB_ACCOUNT_NO"
"33","ACDEPOMASTER","PK_ACDEPOMASTER_MST_ID","UNIQUE","1","ACSUB_MST_ID"
"34","ACLOANMASTER","IDX_ACLOAN_NEWSUBACNO","NONUNIQUE","1","NEW_AC_NUMBER"
"35","ACLOANMASTER","IDX_ACLOAN_NEWSUBACNO","NONUNIQUE","2","SUB_ACCOUNT_NO"
"36","ACLOANMASTER","PK_ACLOANMASTER_MST_ID","UNIQUE","1","ACLOAN_MST_ID"
"37","ACMASTER","IDX_ACMASTECUSTOMERID","NONUNIQUE","1","CUSTOMER_ID"
"38","ACMASTER","IDX_ACMASTERGLCODE","NONUNIQUE","1","GLCODE"
"39","ACMASTER","IDX_ACMASTER_OPIDOPDT","NONUNIQUE","1","OPERATION_ID"
"40","ACMASTER","IDX_ACMASTER_OPIDOPDT","NONUNIQUE","2","OPERATION_DATE"
"41","ACMASTER","IDX_AC_BRGLOLDSTDF","NONUNIQUE","1","BRANCH_MST_ID"
"42","ACMASTER","IDX_AC_BRGLOLDSTDF","NONUNIQUE","2","GLCODE"
"43","ACMASTER","IDX_AC_BRGLOLDSTDF","NONUNIQUE","3","OLD_AC_NUMBER"
"44","ACMASTER","IDX_AC_BRGLOLDSTDF","NONUNIQUE","4","STATUS_CODE"
"45","ACMASTER","IDX_AC_BRGLOLDSTDF","NONUNIQUE","5","SYS_NC00142$"
"46","ACMASTER","IDX_BRMSTSHAREACNUMBER","NONUNIQUE","1","BRANCH_MST_ID"
"47","ACMASTER","IDX_BRMSTSHAREACNUMBER","NONUNIQUE","2","SHARE_AC_NUMBER"
"48","ACMASTER","IDX_SHAREACNO","NONUNIQUE","1","SHARE_AC_NUMBER"
"49","ACMASTER","PK_ACMASTER_MST_ID","UNIQUE","1","ACCOUNT_MST_ID"
"50","ACMASTER","UK_ACMASTERBRGLOLDSUB","UNIQUE","1","BRANCH_MST_ID"
"51","ACMASTER","UK_ACMASTERBRGLOLDSUB","UNIQUE","2","GLCODE"
"52","ACMASTER","UK_ACMASTERBRGLOLDSUB","UNIQUE","3","OLD_AC_NUMBER"
"53","ACMASTER","UK_ACMASTERBRGLOLDSUB","UNIQUE","4","SUB_AC_NUMBER"
"54","ACMASTER","UK_ACMASTERBRGLOLDSUB","UNIQUE","5","AGENT_NUMBER"
"55","ACMASTER","UK_ACMST_NEWACSUBACNO","UNIQUE","1","NEW_AC_NUMBER"
"56","ACMASTER","UK_ACMST_NEWACSUBACNO","UNIQUE","2","SUB_AC_NUMBER"
"57","AC_CONTACT_PERSON","PK_AC_CONTACT_PER_DETID","UNIQUE","1","AC_CONTACT_PER_DETID"
"58","AC_CREDIT_RATING_DETAILS","PK_AC_CR_DET_ID","UNIQUE","1","AC_CR_DET_ID"
"59","AC_DEFAULT_DATE_DETAILS","IDX_ACDETGLNEWACDATE","NONUNIQUE","1","GLCODE"
"60","AC_DEFAULT_DATE_DETAILS","IDX_ACDETGLNEWACDATE","NONUNIQUE","2","NEW_AC_NUMBER"
"61","AC_DEFAULT_DATE_DETAILS","IDX_ACDETGLNEWACDATE","NONUNIQUE","3","SUB_AC_NUMBER"
"62","AC_DEFAULT_DATE_DETAILS","IDX_ACDETGLNEWACDATE","NONUNIQUE","4","CALC_DATE"
"63","AC_DEFAULT_DATE_DETAILS","IDX_ACDETGLNEWACDATE","NONUNIQUE","5","NPA_REASON_ID"
"64","AC_DEFAULT_DATE_DETAILS","PK_AC_DEF_DT_ID","UNIQUE","1","AC_DEF_DT_DET_ID"
"65","AC_FORWARD_CONTRACT","PK_AC_FOR_CON_DET_ID","UNIQUE","1","AC_FOR_CON_DET_ID"
"66","AC_FORW_CONTR_TRAN","PK_AC_FORW_CONTR_TRN_ID","UNIQUE","1","AC_FORW_CONTR_TRN_ID"
"67","AC_MIN_BALANCE","IDX_ACMINBALNEWSUBACNO","NONUNIQUE","1","NEW_AC_NUMBER"
"68","AC_MIN_BALANCE","IDX_ACMINBALNEWSUBACNO","NONUNIQUE","2","SUB_AC_NUMBER"
"69","AC_STATEMENT_LOG","PK_AC_STAT_LOG_DET_ID","UNIQUE","1","AC_STAT_LOG_DET_ID"
"70","AC_TRAN_INTIMATE","PK_AC_TRAN_INTTIMATE","UNIQUE","1","AC_TRN_MST_ID"
"71","ADDRESS_CODE_MASTER","IDX_ADDCODEDESCRIPTION","NONUNIQUE","1","CODE_DESCRIPTION"
"72","ADDRESS_CODE_MASTER","PK_ADDCODE_MST_ID","UNIQUE","1","CODE_MST_ID"
"73","ADDRESS_DETAILS","INDX_ADDRESS_CUSTCORRFLAG","NONUNIQUE","1","CUSTOMER_ID"
"74","ADDRESS_DETAILS","INDX_ADDRESS_CUSTCORRFLAG","NONUNIQUE","2","CORRESPONDANCE_FLAG"
"75","ADDRESS_DETAILS","INDX_ADDRESS_CUSTCORRFLAG","NONUNIQUE","3","SYS_NC00043$"
"76","ADDRESS_DETAILS","PK_ADD_ADDRESS_DET_ID","UNIQUE","1","ADDRESS_DET_ID"
"77","ADDRESS_DETAILS_OTHER","PK_ADDRESOTHADD_DET_ID","UNIQUE","1","ADDRESS_DET_ID"
"78","ADVICE_PRINT_DETAILS","PK_ADV_PRN_DET_ID","UNIQUE","1","ADV_PRN_DET_ID"
"79","ADV_FEE_DETAILS","PK_ADV_FEE_DETID","UNIQUE","1","ADV_FEE_DET_ID"
"80","AGB_FIELD_MAPPING","PK_AGB_FIELD_DET_ID","UNIQUE","1","AGB_FIELD_DET_ID"
"81","AGB_REQUEST_DETAILS","PK_AGB_REQ_DET_ID","UNIQUE","1","AGB_REQ_DET_ID"
"82","AGB_RESPONCE_DETAILS","PK_AGB_RES_DET_ID","UNIQUE","1","AGB_RES_DET_ID"
"83","AGB_TYPE_MASTER","PK_AGB_TYPE_MST_ID","UNIQUE","1","AGB_TYPE_MST_ID"
"84","AGENT_COMMISSION_DETAILS","PK_AGETN_COMM_SETTING_ID","UNIQUE","1","AGENT_COM_DET_ID"
"85","AGENT_COMMISSION_SETTING","PK_AGENT_COMM_SETTING_ID","UNIQUE","1","AGENT_COM_SET_ID"
"86","AGENT_COMM_DEDUCT_DETAILS","PK_AGETN_COMM_DEDUCT_DET_ID","UNIQUE","1","AG_COM_DED_DETID"
"87","AGENT_DED_AC_MASTER","PK_AGENT_DED_AC_MAST_ID","UNIQUE","1","AG_DED_ACMST_ID"
"88","AGENT_MASTER","PK_AGENT_MAST_ID","UNIQUE","1","AGENT_MST_ID"
"89","AGENT_MASTER","UK_AGENT_MAST_BRMSTID_AGEN_NO","UNIQUE","1","BRANCH_MST_ID"
"90","AGENT_MASTER","UK_AGENT_MAST_BRMSTID_AGEN_NO","UNIQUE","2","AGENT_NO"
"91","AGENT_NO_GEN_MASTER","PK_AGENTNOGENMASTID","UNIQUE","1","AGENT_GEN_MST_ID"
"92","AGENT_NO_GEN_MASTER","UK_AGENTNOGENMAST_BRAGNO","UNIQUE","1","BRANCH_MST_ID"
"93","AGENT_NO_GEN_MASTER","UK_AGENTNOGENMAST_BRAGNO","UNIQUE","2","LAST_AGENT_NO"
"94","AGENT_SUSPENCE_SETTING","PK_AGENT_SUS_SETTING_ID","UNIQUE","1","AG_SUSP_DET_ID"
"95","ALNXTYPEWISE_TERM_SETTING","PK_ALNX_TYPE_SET_ID","UNIQUE","1","ALNX_TYPE_SET_ID"
"96","ALNX_TYPE_MASTER","UK_ALNX_TYPE","UNIQUE","1","ALNX_TYPE"
"97","AMC_DETAILS","PK_AMC_DETAILS_ID","UNIQUE","1","AMC_DET_ID"
"98","AML_NODE_REPORT","PK_RENTITY_ID_Y","UNIQUE","1","RENTITY_ID_Y"
"99","AML_NODE_TRANS","UK_AML_TRAN_MSTID","UNIQUE","1","AML_TRAN_MSTID"
"100","AML_NODE_TRANS","UK_AML_TRAN_MSTID","UNIQUE","2","RENTITY_ID_Y"
"101","AML_T_ADDRESS","PK_T_ADDRESS_ID","UNIQUE","1","T_ADDRESS_ID"
"102","AML_T_ENTITY","PK_T_ENTITY_ID","UNIQUE","1","T_ENTITY_ID"
"103","AML_T_ENTITY_MY_CLIENT","PK_T_ENTITY_MY_CLIENT_ID","UNIQUE","1","T_ENTITY_MY_CLIENT_ID"
"104","AML_T_FOREIGN_CURRENCY","PK_T_FOREIGN_CURR_ID","UNIQUE","1","T_FOREIGN_CURR_ID"
"105","AML_T_FROM","PK_T_FROM_ID","UNIQUE","1","T_FROM_ID"
"106","AML_T_FROM_MY_CLIENT","PK_T_FROM_MY_CLIENT_ID","UNIQUE","1","T_FROM_MY_CLIENT_ID"
"107","AML_T_PERSON","PK_T_PERSON_ID","UNIQUE","1","T_PERSON_ID"
"108","AML_T_PERSON_IDENT","PK_T_PRSN_IDENT_ID","UNIQUE","1","T_PRSN_IDENT_ID"
"109","AML_T_PERSON_MY_CLIENT","PK_T_PRSN_MY_CLIENT_ID","UNIQUE","1","T_PRSN_MY_CLIENT_ID"
"110","AML_T_PERS_REG_IN_RPT","PK_T_PERS_REG_IN_RPT_ID","UNIQUE","1","T_PERS_REG_IN_RPT_ID"
"111","AML_T_PHONE","PK_T_PHONE_ID","UNIQUE","1","T_PHONE_ID"
"112","AML_T_TO","PK_T_TO_ID","UNIQUE","1","T_TO_ID"
"113","AML_T_TO_MY_CLIENT","PK_T_TO_MY_CLIENT_ID","UNIQUE","1","T_TO_MY_CLIENT_ID"
"114","ANNEXURE_1","PK_ANNEX1_MST_ID","UNIQUE","1","ANNEX1_MST_ID"
"115","API_FILENAME_FORMAT","PK_API_FILENAME_MST_ID","UNIQUE","1","API_FILENAME_MST_ID"
"116","API_FILE_CONFIG","PK_API_FILE_CONFIG_ID","UNIQUE","1","API_FILE_CONFIG_ID"
"117","API_PROCESSING_CODE","PK_API_PROCESS_CODE_ID","UNIQUE","1","API_PROCESS_CODE_ID"
"118","API_REQUEST_DETAILS","PK_API_REQ_ID","UNIQUE","1","API_REQ_ID"
"119","API_RESPONCE_DETAILS","PK_API_RES_ID","UNIQUE","1","API_RES_ID"
"120","API_SERVICE_PROVIDERS","PK_API_SERV_PROV_ID","UNIQUE","1","API_SERV_PROV_ID"
"121","API_SERVICE_TYPES","PK_API_SERV_TYPE_ID","UNIQUE","1","API_SERV_TYPE_ID"
"122","API_SWITCH_MASTER","PK_API_SWITCH_MST_ID","UNIQUE","1","API_SWITCH_MST_ID"
"123","API_TOKEN_DETAILS","PK_API_TOKEN_DET_ID","UNIQUE","1","API_TOKEN_DET_ID"
"124","ATM_AC_MASTER","IDX_ATMACCD","NONUNIQUE","1","CARD_NO"
"125","ATM_AC_MASTER","IDX_ATMACCD","NONUNIQUE","2","SYS_NC00038$"
"126","ATM_AC_MASTER","IDX_ATMACCD","NONUNIQUE","3","SYS_NC00039$"
"127","ATM_AC_MASTER","PK_ATM_AC_MST_ID","UNIQUE","1","ATM_AC_MST_ID"
"128","ATM_AC_MASTER","UK_ATMNEWAC_SUBAC_CARDNO","UNIQUE","1","NEW_AC_NUMBER"
"129","ATM_AC_MASTER","UK_ATMNEWAC_SUBAC_CARDNO","UNIQUE","2","SUB_AC_NUMBER"
"130","ATM_AC_MASTER","UK_ATMNEWAC_SUBAC_CARDNO","UNIQUE","3","CARD_NO"
"131","ATM_CARD_MASTER","PK_ATM_CARD_MSTID","UNIQUE","1","ATM_CARD_MST_ID"
"132","ATM_CARD_MASTER","UK_ATMCARDNO","UNIQUE","1","CARD_NO"
"133","ATM_CARD_REQUEST","PK_ATM_CARD_REQID","UNIQUE","1","ATM_CARD_REQ_ID"
"134","ATM_CBS_RECON","PK_ATM_CBSRECOND_ID","UNIQUE","1","ATM_CBSRECOND_ID"
"135","ATM_CHARGES_MAST","PK_ATM_CHG_MST_ID","UNIQUE","1","ATM_CHG_MST_ID"
"136","ATM_CHQBK_STPRN_REQ","PK_ATM_CHQBK_ID","UNIQUE","1","ATM_CHBK_STPRN_ID"
"137","ATM_CODES","PK_ATM_CODE_ID","UNIQUE","1","ATM_CODE_ID"
"138","ATM_CODES","UK_ATM_PARAM_FLAG","UNIQUE","1","ATM_SWITCH_MST_ID"
"139","ATM_CODES","UK_ATM_PARAM_FLAG","UNIQUE","2","CODE_TYPE"
"140","ATM_CODES","UK_ATM_PARAM_FLAG","UNIQUE","3","PARAM_FLAG"
"141","ATM_CODES","UK_ATM_PARAM_FLAG","UNIQUE","4","REQ_RES_CODE"
"142","ATM_FILE_DETAILS","PK_ATM_FILE_DETAILS_ID","UNIQUE","1","ATM_FILE_ID"
"143","ATM_INSTACARD_REQRESDET","PK_ATM_INST_DET_ID","UNIQUE","1","ATM_INST_DET_ID"
"144","ATM_LOAN_CONFIG","PK_LOAN_CONFIG_MST_ID","UNIQUE","1","LOAN_CONFIG_MST_ID"
"145","ATM_MACH_MASTER","PK_ATM_MAC_MST_ID","UNIQUE","1","ATM_MAC_MST_ID"
"146","ATM_MACH_MASTER","UK_ATM_MAC_ATM_CODE","UNIQUE","1","ATM_CODE"
"147","ATM_MAKE_MASTER","PK_ATM_MAKE_MST_ID","UNIQUE","1","ATM_MAKE_MST_ID"
"148","ATM_MESSAGE_TYPE","PK_ATM_MESSAGE_TYPE_ID","UNIQUE","1","ATM_MTI_ID"
"149","ATM_MESSAGE_TYPE","UK_MTIREQ","UNIQUE","1","MTI_REQUEST"
"150","ATM_MIN_STAT_DETAILS","PK_ATM_MIN_STAT_DET_ID","UNIQUE","1","ATM_MIN_STAT_DET_ID"
"151","ATM_PARAMETERS","PK_ATM_PARA_MSTID","UNIQUE","1","ATM_PARA_MST_ID"
"152","ATM_PARAMETERS","UK_GL_CODE","UNIQUE","1","GLCODE"
"153","ATM_RECON_FILE_DETAILS","PK_ATM_REC_FILE_DET_ID","UNIQUE","1","ATM_REC_FILE_ID"
"154","ATM_REQUEST_DETAILS","IDX_ATM_REQ_FIELD117","NONUNIQUE","1","FIELD11"
"155","ATM_REQUEST_DETAILS","IDX_ATM_REQ_FIELD117","NONUNIQUE","2","FIELD7"
"156","ATM_REQUEST_DETAILS","PK_ATM_REQ_DET_ID","UNIQUE","1","ATM_REQ_ID"
"157","ATM_RESPONCE_DETAILS","IDX_ATM_RES_171137","NONUNIQUE","1","FIELD2"
"158","ATM_RESPONCE_DETAILS","IDX_ATM_RES_171137","NONUNIQUE","2","FIELD7"
"159","ATM_RESPONCE_DETAILS","IDX_ATM_RES_171137","NONUNIQUE","3","FIELD11"
"160","ATM_RESPONCE_DETAILS","IDX_ATM_RES_171137","NONUNIQUE","4","FIELD37"
"161","ATM_RESPONCE_DETAILS","IDX_ATM_RES_F117","NONUNIQUE","1","FIELD11"
"162","ATM_RESPONCE_DETAILS","IDX_ATM_RES_F117","NONUNIQUE","2","FIELD7"
"163","ATM_RESPONCE_DETAILS","IDX_ATM_RES_MTI","NONUNIQUE","1","MTI"
"164","ATM_RESPONCE_DETAILS","IDX_ATM_RES_REQ_ID","NONUNIQUE","1","ATM_REQ_ID"
"165","ATM_RESPONCE_DETAILS","PK_ATM_RES_DET_ID","UNIQUE","1","ATM_RES_ID"
"166","ATM_STANDARD_FIELD","PK_ATM_STAN_ID","UNIQUE","1","ATM_FIELD_ID"
"167","ATM_STANDARD_FIELD","UK_ATM_STAN_FIELD_CD","UNIQUE","1","ATM_SWITCH_MST_ID"
"168","ATM_STANDARD_FIELD","UK_ATM_STAN_FIELD_CD","UNIQUE","2","FIELD_CODE"
"169","ATM_SWITCH_MASTER","PK_ATM_SWITCH_MSTID","UNIQUE","1","ATM_SWITCH_MST_ID"
"170","ATM_SWITCH_RECON","PK_ATM_SWITCHRECOND_ID","UNIQUE","1","ATM_SWITCHRECOND_ID"
"171","ATM_TRANSACTIONS","IDX_ATM_TRAN_ACNO_DT","NONUNIQUE","1","NEW_AC_NUMBER"
"172","ATM_TRANSACTIONS","IDX_ATM_TRAN_ACNO_DT","NONUNIQUE","2","SUB_AC_NUMBER"
"173","ATM_TRANSACTIONS","IDX_ATM_TRAN_ACNO_DT","NONUNIQUE","3","CB_DATE"
"174","ATM_TRANSACTIONS","IDX_ATM_TRAN_ACNO_DT","NONUNIQUE","4","DBCR"
"175","ATM_TRANSACTIONS","PK_ATM_TRAN_DETID","UNIQUE","1","ATM_TRAN_DET_ID"
"176","AUTO_CHARGES_MASTER","PK_AUTO_CH_MAST_ID","UNIQUE","1","CHARGES_MST_ID"
"177","AUTO_PROCESS_DETAILS","PK_AUTO_PR_DET_ID","UNIQUE","1","AUTO_PRO_DET_ID"
"178","AUTO_PROCESS_MASTER","PK_AUTO_PRO_MST_ID","UNIQUE","1","AUTO_PROC_MST_ID"
"179","AUTO_PROCESS_SCHEDULE","PK_AUTO_PRODET_ID","UNIQUE","1","AUTO_PROSCH_DET_ID"
"180","AUTO_PROCESS_SCHEDULE","UK_AUTO_PRO_SCH_DT","UNIQUE","1","SCHEDUL_DATE"
"181","AUTO_PROC_EXEC_HIST","PK_AUTO_PROC_DET_ID","UNIQUE","1","AUTO_PROC_DET_ID"
"182","BACKDATED_TRAN_PROCESS","PK_BACKDATED_TRAN_ID","UNIQUE","1","BACKDATED_TRAN_ID"
"183","BANK_BUDGET_MASTER","PK_BANK_BUDGET_MST_ID","UNIQUE","1","BANK_BUDGET_MST_ID"
"184","BANK_CLEARING_TYPE","PK_BANK_CLG_TYPE_ID","UNIQUE","1","BANK_CLG_TYPE_ID"
"185","BANK_CLEARING_TYPE","UK_BANK_CLEARING_TYPE_1","UNIQUE","1","BRANCH_MST_ID"
"186","BANK_CLEARING_TYPE","UK_BANK_CLEARING_TYPE_1","UNIQUE","2","CLG_TYPE_DESCRIPTION"
"187","BANK_CLG_OW_DETAILS","PK_BANK_CLG_OW_DET_IS","UNIQUE","1","CLG_OW_DET_ID"
"188","BANK_COMMITEE_DETAILS","PK_COMMITEE_DET_ID","UNIQUE","1","COMMITEE_DET_ID"
"189","BANK_DEMAND_DRAFT","PK_BANK_DEMAND_DRAFT_ID","UNIQUE","1","DEMAND_DRAFT_DET_ID"
"190","BANK_GUARANTEE_DETAILS","PK_BANK_GUAR_DET_ID","UNIQUE","1","BG_DET_ID"
"191","BANK_INFO_MAST","PK_BNK_INFOMAST_BANKCD","UNIQUE","1","BANK_CODE"
"192","BANK_MEETING_DETAILS","PK_MEETING_DET_ID","UNIQUE","1","MEETING_DET_ID"
"193","BANK_MEETING_MEMBER_DETAILS","UK_MEETING_DETID_EMPID","UNIQUE","1","MEETING_DET_ID"
"194","BANK_MEETING_MEMBER_DETAILS","UK_MEETING_DETID_EMPID","UNIQUE","2","DIR_EMP_MST_ID"
"195","BANK_MEETING_REVIEW_DETAILS","UK_MEETING_DETID_REVIEWID","UNIQUE","1","MEETING_DET_ID"
"196","BANK_MEETING_REVIEW_DETAILS","UK_MEETING_DETID_REVIEWID","UNIQUE","2","REVIEW_ID"
"197","BANK_TARGET_DETAILS","PK_BANK_TR_DET_ID","UNIQUE","1","BANK_TR_DET_ID"
"198","BANK_TARGET_MASTER","PK_BANK_TARGET_MASTER_ID","UNIQUE","1","BANK_TAR_MST_ID"
"199","BANK_TEMPLATE_SUBTRAN","PK_BTEMP_STRN_DET_ID","UNIQUE","1","BANK_TMP_STRAN_DET_ID"
"200","BANK_TEMPLATE_TRANSACTION","PK_BTEMP_TRN_DET_ID","UNIQUE","1","BANK_TMP_TRAN_DET_ID"
"201","BANK_TEMPLATE_TRANSACTION","UK_BTEMP_MSTDET_GENDATE","UNIQUE","1","TEMPLATE_DET_MST_ID"
"202","BANK_TEMPLATE_TRANSACTION","UK_BTEMP_MSTDET_GENDATE","UNIQUE","2","TEMPLATE_MST_ID"
"203","BANK_TEMPLATE_TRANSACTION","UK_BTEMP_MSTDET_GENDATE","UNIQUE","3","GENERATION_DATE"
"204","BANK_TEMPLATE_TRANSACTION","UK_BTEMP_MSTDET_GENDATE","UNIQUE","4","BRANCH_MST_ID"
"205","BASERATE_DETAILS","PK_BASERATE_DET_ID","UNIQUE","1","BASERATE_DET_ID"
"206","BATCH_LOCK_DETAILS","UK_BATCH_LOCK_BRBATCNO","UNIQUE","1","BATCH_NO"
"207","BATCH_LOCK_DETAILS","UK_BATCH_LOCK_BRBATCNO","UNIQUE","2","BRANCH_MST_ID"
"208","BATCH_PASS_DETAILS","PK_BATCH_PASS_DET_ID","UNIQUE","1","BATCH_PASS_DET_ID"
"209","BATCH_TYPE_MASTER","PK_BATCH_TYPE_MAST_MST_ID","UNIQUE","1","BATCH_TYPE_MST_ID"
"210","BATCH_TYPE_MASTER","UK_BATCH_TYPE_MAST_BATCH_TYPE","UNIQUE","1","BATCH_TYPE"
"211","BATCH_TYPE_MASTER","UK_BATCH_TYPE_MAST_BATCH_TYPE","UNIQUE","2","BATCH_SUB_TYPE"
"212","BBPS_SETTING_MASTER","PK_BBPS_SET_MST_ID","UNIQUE","1","BBPS_SET_MST_ID"
"213","BG_BENEFICIARY_DETAILS","PK_BG_BEN_DETAILS_ID","UNIQUE","1","BG_BENEF_DET_ID"
"214","BG_COMISSION_DETAILS","PK_BG_COMM_DET_ID","UNIQUE","1","BG_COMM_DET_ID"
"215","BG_COMMISSION_MASTER","PK_GUAR_COMM_MST_ID","UNIQUE","1","GUAR_COMM_MST_ID"
"216","BG_PERFORMANCE_DETAILS","PK_PERFOR_DET_ID","UNIQUE","1","BG_PERFOR_DET_ID"
"217","BG_REV_INV_DETAILS","PK_BG_REV_INV_ID","UNIQUE","1","BG_REV_INV_DET_ID"
"218","BG_SHIPPING_DETAILS","PK_BG_SHIPPING_DET_ID","UNIQUE","1","SHIPPING_MST_ID"
"219","BG_TRAN_DETAILS","PK_BG_TRDET_ID","UNIQUE","1","BG_TRDET_ID"
"220","BG_TYPE_MASTER","PK_BG_TYPE_MST_ID","UNIQUE","1","BG_TYPE_MST_ID"
"221","BILL_INSTRUCTIONS_DETAILS","PK_BILL_INSTU_DETAI_ID","UNIQUE","1","BILL_INST_DET_ID"
"222","BORROW_CHART_DETAILS","PK_BORRW_CHART_DET_ID","UNIQUE","1","BORRW_CHART_DET_ID"
"223","BORROW_DETAILS","PK_BORRW_DET_ID","UNIQUE","1","BORRW_DET_ID"
"224","BORROW_DISB_DETAILS","PK_BORRW_DISB_DET_ID","UNIQUE","1","BORRW_DISB_DET_ID"
"225","BORROW_INST_DETAILS","PK_BORRW_INST_ID","UNIQUE","1","BORRW_INST_ID"
"226","BORROW_SANCTION_DETAILS","PK_BORRW_SANC_DET_ID","UNIQUE","1","BORRW_SANC_DET_ID"
"227","BORROW_SECURITY_DETAILS","PK_BORRW_CHART_DETID","UNIQUE","1","BORRW_CHART_DET_ID"
"228","BRANCHWISE_CHEQUE_SERIES","PK_BRWISE_CHQSER_MST_ID","UNIQUE","1","CHQBK_SERIES_MSTID"
"229","BRANCHWISE_MESSAGES","PK_BRANCH_WISE_MEG_ID","UNIQUE","1","MESG_DET_ID"
"230","BRANCHWISE_SHIFT_DETAILS","PK_BRWISESHIFTDET_ID","UNIQUE","1","SHIFT_DET_ID"
"231","BRANCH_DAY_STATUS","PK_BRANCH_DAY_STATUS_ID","UNIQUE","1","BRANCH_DAY_STATUS_ID"
"232","BRANCH_DAY_STATUS","UK_BR_DAY_STATUS_BRMSTIDWDT","UNIQUE","1","BRANCH_MST_ID"
"233","BRANCH_DAY_STATUS","UK_BR_DAY_STATUS_BRMSTIDWDT","UNIQUE","2","WORKING_DATE"
"234","BRANCH_DAY_STATUS","UK_BR_DAY_STATUS_BRMSTIDWDT","UNIQUE","3","CURRENT_DAY_FLAG"
"235","BRANCH_DAY_STATUS","UK_BR_DAY_STATUS_BRMSTIDWDT","UNIQUE","4","BANK_WORKING_DATE"
"236","BRANCH_GLOBAL_PARAMETERS","PK_BRANCH_GL_PARA_PARA_MST_ID","UNIQUE","1","PARAMETER_MST_ID"
"237","BRANCH_GLOBAL_PARAMETERS","UK_BRANCH_GL_PARAID_BRMSTID","UNIQUE","1","PARAMETER_ID"
"238","BRANCH_GLOBAL_PARAMETERS","UK_BRANCH_GL_PARAID_BRMSTID","UNIQUE","2","BRANCH_MST_ID"
"239","BRANCH_INFO_MAST","PK_BR_INFO_MAST_BR_MST_ID","UNIQUE","1","BRANCH_MST_ID"
"240","BRANCH_INFO_MAST","UK_BRINOMSTBANKBRCODE","UNIQUE","1","BANK_CODE"
"241","BRANCH_INFO_MAST","UK_BRINOMSTBANKBRCODE","UNIQUE","2","BRANCH_CODE"
"242","BRANCH_PENDING_STOCK","PK_BRANCH_PEND_STOCK_ID","UNIQUE","1","PENDING_TRANS_DET_ID"
"243","BRANCH_RIGHTS_MASTER","PK_BRRIGMSTBR_DET_ID","UNIQUE","1","BRANCH_DET_ID"
"244","BRANCH_RIGHTS_MASTER","UK_BRRIGBRMSTIDMENUMSTID","UNIQUE","1","BRANCH_MST_ID"
"245","BRANCH_RIGHTS_MASTER","UK_BRRIGBRMSTIDMENUMSTID","UNIQUE","2","MENU_MST_ID"
"246","BRANCH_TERMINAL_MASTER","PK_BRNCH_TERM_MAST_TERM_ID","UNIQUE","1","TERMINAL_ID"
"247","BRTYPE_DEF_RIGHT_MASTER","PKBRTYPEBR_DET_ID","UNIQUE","1","BRANCH_DET_ID"
"248","BRTYPE_DEF_RIGHT_MASTER","UK_BRBRMSTIDMENUMSTID","UNIQUE","1","BRANCH_TYPE_ID"
"249","BRTYPE_DEF_RIGHT_MASTER","UK_BRBRMSTIDMENUMSTID","UNIQUE","2","MENU_MST_ID"
"250","CARD_PROVIDER_MASTER","PK_CARD_PRVDR_ID","UNIQUE","1","CARD_PROVIDER_ID"
"251","CARD_TYPE_MASTER","PK_CARD_TYPE_ID","UNIQUE","1","CARD_TYPE_ID"
"252","CASE_BENCH_DETAILS","PK_CASE_BENCH_DETID","UNIQUE","1","CASE_BENCH_DET_ID"
"253","CASE_DIARY_TRANSACTION","PK_CASE_DIARY_TRAN_ID","UNIQUE","1","CASE_DAIRY_MST_ID"
"254","CASE_RECOVERY_DETAILS","PK_CASE_RECOV_DET_ID","UNIQUE","1","CASE_REC_DET_ID"
"255","CASE_STAGE_DETAILS","PK_CASE_STAGE_DET_ID","UNIQUE","1","CASE_STAGE_DET_ID"
"256","CASE_STAGE_MASTER","PK_CASE_STAGE_MAST_ID","UNIQUE","1","STAGE_MST_ID"
"257","CASHIER_DENOMINATION","PK_CASHDENO_MST_ID","UNIQUE","1","CASHIER_DENOM_MST_ID"
"258","CASHIER_DENOMINATION","UK_CASHIERDENOBRUSERDENO","UNIQUE","1","USERID"
"259","CASHIER_DENOMINATION","UK_CASHIERDENOBRUSERDENO","UNIQUE","2","DENOMINATION_CODE"
"260","CASHIER_DENOMINATION","UK_CASHIERDENOBRUSERDENO","UNIQUE","3","CASH_CURR_MST_ID"
"261","CASHIER_DENOMINATION","UK_CASHIERDENOBRUSERDENO","UNIQUE","4","BRANCH_MST_ID"
"262","CASHIER_TRANSACTIONS","IDX_CASHIER_DENOMIDTRANDATE","NONUNIQUE","1","DENOM_SET_ID"
"263","CASHIER_TRANSACTIONS","IDX_CASHIER_DENOMIDTRANDATE","NONUNIQUE","2","TRANSACTION_DATE"
"264","CASHIER_TRANSACTIONS","PK_CASHIER_TRANS_DET_ID","UNIQUE","1","CASHIER_TRAN_DET_ID"
"265","CASHSCROLL","PK_CASHSCROLL_DET_ID","UNIQUE","1","SCROLL_DET_ID"
"266","CASHSCROLL","UK_OPBR_TRNDATE_SCRNO","UNIQUE","1","OPERATION_BRANCH"
"267","CASHSCROLL","UK_OPBR_TRNDATE_SCRNO","UNIQUE","2","TRANSACTION_DATE"
"268","CASHSCROLL","UK_OPBR_TRNDATE_SCRNO","UNIQUE","3","SCR_NO"
"269","CASH_BOOK","IDX_CASHBOOK_TRDTGLCD","NONUNIQUE","1","TRANSACTION_DATE"
"270","CASH_BOOK","IDX_CASHBOOK_TRDTGLCD","NONUNIQUE","2","GLCODE"
"271","CASH_BOOK","PK_CASH_BOOK_CASH_BOOK_DET_ID","UNIQUE","1","CASH_BOOK_DET_ID"
"272","CASH_BOOK","UK_CASHBOOK_TRBRGLIDTBDTAFCL","UNIQUE","1","BRANCH_MST_ID"
"273","CASH_BOOK","UK_CASHBOOK_TRBRGLIDTBDTAFCL","UNIQUE","2","TRANSACTION_DATE"
"274","CASH_BOOK","UK_CASHBOOK_TRBRGLIDTBDTAFCL","UNIQUE","3","GLCODE"
"275","CASH_BOOK","UK_CASHBOOK_TRBRGLIDTBDTAFCL","UNIQUE","4","CASH_CURR_MST_ID"
"276","CASH_CURRENCY_MASTER","PK_CASH_CURR_MST_ID","UNIQUE","1","CASH_CURR_MST_ID"
"277","CASH_CURRENCY_MASTER","UK_CASH_CURR_CODE","UNIQUE","1","CURRENCY_CODE"
"278","CASH_CURRENCY_MASTER","UK_CASH_CURR_TYPE","UNIQUE","1","CURRENCY_TYPE"
"279","CASH_RETENTION_DETAILS","PK_CASH_RET_DET_ID","UNIQUE","1","CASH_RET_DET_ID"
"280","CASH_RETENTION_MASTER","PK_CASH_RET_MAST_ID","UNIQUE","1","CASH_RETENTION_ID"
"281","CBIL_CODE_TYPE","CBIL_CODE_TYPE_ID","UNIQUE","1","CBIL_CODE_TYPE_ID"
"282","CBS_SERVICE_REQUEST","PK_CBS_SER_REQID","UNIQUE","1","CBS_SER_REQID"
"283","CG_PARTY_LOAN_DETAILS","PK_CG_LOAN_DET_ID","UNIQUE","1","CG_LOAN_DET_ID"
"284","CG_PARTY_SECURITY_DETAILS","PK_CG_PARTY_SECU_DET_ID","UNIQUE","1","CG_PARTY_SECU_DET_ID"
"285","CHARGES_AMORTIZE_DETAILS","IDX_CHGCOM_NEWSUBNO","NONUNIQUE","1","NEW_AC_NUMBER"
"286","CHARGES_AMORTIZE_DETAILS","IDX_CHGCOM_NEWSUBNO","NONUNIQUE","2","SUB_AC_NUMBER"
"287","CHARGES_AMORTIZE_DETAILS","PK_CHGCOM_CHG_SET_MSTID","UNIQUE","1","COM_CHG_SET_MSTID"
"288","CHARGES_AMORTIZE_SETTING","PK_COM_CHG_SET_MSTID","UNIQUE","1","COM_CHG_SET_MSTID"
"289","CHARGES_POSTING_HISALL","PK_CHG_POST_ALL_DET_ID","UNIQUE","1","CHG_POST_ALL_DET_ID"
"290","CHARGES_POSTING_HISTORY","IDX_CHG_ACC_POST_IDX","NONUNIQUE","1","BRANCH_MST_ID"
"291","CHARGES_POSTING_HISTORY","IDX_CHG_ACC_POST_IDX","NONUNIQUE","2","GLCODE"
"292","CHARGES_POSTING_HISTORY","IDX_CHG_ACC_POST_IDX","NONUNIQUE","3","TRANSACTION_DATE"
"293","CHARGES_POSTING_HISTORY","IDX_CHG_ACC_POST_IDX","NONUNIQUE","4","CHARGES_FROMDATE"
"294","CHARGES_POSTING_HISTORY","IDX_CHG_ACC_POST_IDX","NONUNIQUE","5","CHARGES_UPTODATE"
"295","CHARGES_POSTING_HISTORY","IDX_CHG_ACC_POST_IDX","NONUNIQUE","6","ENTER_USER_ID"
"296","CHARGES_POSTING_HISTORY","IDX_CHG_ACC_POST_IDX","NONUNIQUE","7","CHARGES_MODULE_TYPE"
"297","CHARGES_POSTING_HISTORY","PK_CHG_ACC_POST_DET_ID","UNIQUE","1","CHG_ACC_POST_DET_ID"
"298","CHAT_HISTORY","PK_CHAT_MST_ID","UNIQUE","1","CHAT_MST_ID"
"299","CHEQUE_BOOK_DETAILS","INX_CHE_BOOK_NEWSUBACNO","NONUNIQUE","1","NEW_AC_NUMBER"
"300","CHEQUE_BOOK_DETAILS","INX_CHE_BOOK_NEWSUBACNO","NONUNIQUE","2","SUB_ACCOUNT_NO"
"301","CHEQUE_BOOK_DETAILS","PK_CHE_BOOK_DET_ID","UNIQUE","1","CHEQUE_BOOK_DET_ID"
"302","CHEQUE_BOOK_MASTER","PK_CHE_BOOK_MAST_MST_ID","UNIQUE","1","CHEQUE_BOOK_MST_ID"
"303","CHEQUE_BOOK_REQUEST","PK_CHEQUE_BOOK_REQ_ID","UNIQUE","1","CHQ_BK_REQ_ID"
"304","CHEQUE_LEAVES_DETAIL","PK_CHEQUE_LEAVES_DETID","UNIQUE","1","CHEQUE_LEAVES_DETID"
"305","CHEQUE_PURCHASE_MASTER","PK_CH_PURCHASE_MST_ID","UNIQUE","1","CH_PURCHASE_MST_ID"
"306","CHEST_MASTER","PK_CHEST_MASTER_ID","UNIQUE","1","CASH_CHEST_MST_ID"
"307","CHEST_MASTER","UK_TRANDTBRCHDENOCURR","UNIQUE","1","TRANSACTION_DATE"
"308","CHEST_MASTER","UK_TRANDTBRCHDENOCURR","UNIQUE","2","BRANCH_MST_ID"
"309","CHEST_MASTER","UK_TRANDTBRCHDENOCURR","UNIQUE","3","DENOMINATION_CODE"
"310","CHEST_MASTER","UK_TRANDTBRCHDENOCURR","UNIQUE","4","CASH_CURR_MST_ID"
"311","CLEARING_CONTROL_MASTER","PK_CLG_CONT_MAST_ID","UNIQUE","1","CLG_CONTROL_DET_ID"
"312","CLEARING_FILENAME_MASTER","PK_CLG_FILEID","UNIQUE","1","CLG_FILENAME_MST_ID"
"313","CLEARING_FILE_DETAILS","PK_CLF_DET_ID","UNIQUE","1","CLF_DET_ID"
"314","CLEARING_FILE_FORMAT","PK_CFF_FIELDID","UNIQUE","1","CFF_FIELD_ID"
"315","CLEARING_HOUSE","PK_CLG_HOUSE_DET_ID","UNIQUE","1","CLG_HOUSE_DETID"
"316","CLEARING_HOUSE","UK_CLG_HOUSE_CODE","UNIQUE","1","CLG_HOUSE_CODE"
"317","CLEAR_FILESUB_MASTER","PK_CFS_MST_ID","UNIQUE","1","CFS_MST_ID"
"318","CLG_BANK_BRANCH_MASTER","PK_CLG_BANK_MST_ID","UNIQUE","1","CLG_BANK_MSTID"
"319","CLG_INSTRUMENT_TYPE","PK_CLG_INSTRU_TYPE_ID","UNIQUE","1","CLG_INSTRU_TYPE_ID"
"320","CLG_MULTI_CHQ_DEAILS","PK_MULTI_CHQ_DET_ID","UNIQUE","1","MULTI_CHQ_DET_ID"
"321","CLG_PAYSLIP_DETAILS","PK_PAYSLIP_DET_ID","UNIQUE","1","PAYSLIP_DET_ID"
"322","CODE_MASTER","PK_CODE_MASTER_CODE_MST_ID","UNIQUE","1","CODE_MST_ID"
"323","CODE_MASTER","UK_CO_MSTCDGPCDOEDESCDISDESC","UNIQUE","1","CODE_GROUP_ID"
"324","CODE_MASTER","UK_CO_MSTCDGPCDOEDESCDISDESC","UNIQUE","2","CODE_DESC"
"325","CODE_MASTER","UK_CO_MSTCDGPCDOEDESCDISDESC","UNIQUE","3","DISPLAY_CODE"
"326","CONSUMER_LOAN_DETAILS","PK_LOAN_COSUM_DET_ID","UNIQUE","1","LOAN_COSUM_DET_ID"
"327","CONTROL_ENTRY_DETAILS","PK_CONTROL_ENTRY_DETAILS_ID","UNIQUE","1","CNT_ENT_DET_ID"
"328","COURT_ACT_MASTER","PK_COURT_ACT_MST_ID","UNIQUE","1","COURT_ACT_MST_ID"
"329","COURT_ADVOCATE_MASTER","PK_COURT_ADV_MAST_ID","UNIQUE","1","ADV_MST_ID"
"330","COURT_BENCH_MASTER","PK_COURT_BENCH_MAST_ID","UNIQUE","1","BENCH_MST_ID"
"331","COURT_CASE_ADV_DETAILS","PK_COURT_CASE_ADV_MST_ID","UNIQUE","1","CASE_ADV_MST_ID"
"332","COURT_CASE_MASTER","PK_COURT_CASE_MAST_ID","UNIQUE","1","COURT_CASE_MST_ID"
"333","COURT_CASE_TRANSACTION","PK_COURT_CASE_TRAN_ID","UNIQUE","1","COURT_TRANS_ID"
"334","COURT_MASTER","PK_COURT_MAST_ID","UNIQUE","1","COURT_MST_ID"
"335","COURT_NOTICE_TRANSACTION","PK_COURT_NOT_TRAN_ID","UNIQUE","1","NOTICE_TRAN_ID"
"336","COURT_PARTY_LOAN_DETAILS","PK_COURT_PARTY_LOAN_DETID","UNIQUE","1","PARTY_LOAN_ID"
"337","COURT_PARTY_MASTER","PK_COURT_PARTY_MST_ID","UNIQUE","1","PARTY_MST_ID"
"338","COURT_SECTION_MASTER","PK_COURT_SECTION_MAST_ID","UNIQUE","1","SECTION_MST_ID"
"339","COURT_TRAN_TYPE","PK_COURT_TRAN_TYPE_ID","UNIQUE","1","TRAN_TYPE_ID"
"340","CRAR_PERCENT","PK_CRAR_MST_ID","UNIQUE","1","CRAR_MST_ID"
"341","CRAR_REPORT","IDX_CRAR_RTP_CALDT_LOCK_FLAG","NONUNIQUE","1","CALCULATION_DATE"
"342","CRAR_REPORT","IDX_CRAR_RTP_CALDT_LOCK_FLAG","NONUNIQUE","2","LOCK_FLAG"
"343","CRAR_REPORT","PK_CRAR_REPORT_CRAR_MST_ID","UNIQUE","1","CRAR_MST_ID"
"344","CREDIT_BALANCE","IDX_CRBAL_BRGLTRDT","NONUNIQUE","1","BRANCH_MST_ID"
"345","CREDIT_BALANCE","IDX_CRBAL_BRGLTRDT","NONUNIQUE","2","GLCODE"
"346","CREDIT_BALANCE","IDX_CRBAL_BRGLTRDT","NONUNIQUE","3","TRANSACTION_DATE"
"347","CREDIT_BALANCE","PK_CREDIT_BAL_MST_ID","UNIQUE","1","CREDIT_BAL_MST_ID"
"348","CREDIT_BALANCE","UK_CRNEWAC_SUB_AC_TRDATE","UNIQUE","1","NEW_AC_NUMBER"
"349","CREDIT_BALANCE","UK_CRNEWAC_SUB_AC_TRDATE","UNIQUE","2","SUB_AC_NUMBER"
"350","CREDIT_BALANCE","UK_CRNEWAC_SUB_AC_TRDATE","UNIQUE","3","BALANCE_DATE"
"351","CREDIT_RATING_MASTER","PK_CR_PARA_MST_ID","UNIQUE","1","CR_PARA_MST_ID"
"352","CR_RATING_PARA_SETTING","PK_CR_PARA_SETTING_ID","UNIQUE","1","CR_PARA_SETTING_ID"
"353","CTS_FILENAME_FORMAT","PK_CTS_FILENAME_ID","UNIQUE","1","CTS_FILENAME_ID"
"354","CTS_FILENAME_FORMAT","UK_CTSFILENAME_INOUT","UNIQUE","1","CTS_SWITCH_MST_ID"
"355","CTS_FILENAME_FORMAT","UK_CTSFILENAME_INOUT","UNIQUE","2","INWARD_OUTWARD"
"356","CTS_FILENAME_FORMAT","UK_CTSFILENAME_INOUT","UNIQUE","3","FILENAME_TYPE"
"357","CTS_FILE_FORMAT","PK_CTS_FIELD_ID","UNIQUE","1","CTS_FIELD_ID"
"358","CTS_FILE_FORMAT","UK_CTSFILE_FILEDCD","UNIQUE","1","FIELD_CODE"
"359","CTS_FILE_FORMAT","UK_CTSFILE_FILEDCD","UNIQUE","2","HEADER_DETAIL_FLAG"
"360","CTS_FILE_FORMAT","UK_CTSFILE_FILEDCD","UNIQUE","3","CTS_FILENAME_ID"
"361","CTS_FILE_FORMAT","UK_CTSFILE_FILEDCD","UNIQUE","4","CTS_FIELD_POSITION"
"362","CTS_IMAGE_FILE","PK_CTS_IMG_DET_ID","UNIQUE","1","CTS_IMG_DET_ID"
"363","CTS_OWD_FILE_SUMMARY","PK_CTS_OWD_FILE_SUM_ID","UNIQUE","1","CTS_OWD_FILE_SUM_ID"
"364","CTS_SERVICE_BR_MASTER","PK_CTS_SERV_MST_ID","UNIQUE","1","CTS_SERV_MST_ID"
"365","CTS_SERVICE_BR_MASTER","UK_SWITCH_SER_BRANCH","UNIQUE","1","SERVICE_BRANCH"
"366","CTS_SERVICE_BR_MASTER","UK_SWITCH_SER_BRANCH","UNIQUE","2","SWITCH_MST_ID"
"367","CTS_STRING_DETAILS","PK_CTS_STR_DET_ID","UNIQUE","1","CTS_STR_DET_ID"
"368","CTS_SWITCH_MASTER","PK_CTS_SWITCH_MSTID","UNIQUE","1","CTS_SWITCH_MST_ID"
"369","CUMVOUCH","IDX_CUMBATTYPEBATNOTRANDATE","NONUNIQUE","1","BATCH_TYPE"
"370","CUMVOUCH","IDX_CUMBATTYPEBATNOTRANDATE","NONUNIQUE","2","BATCH_NUMBER"
"371","CUMVOUCH","IDX_CUMBATTYPEBATNOTRANDATE","NONUNIQUE","3","TRANSACTION_DATE"
"372","CUMVOUCH","IDX_CUMBRACGLOLDACTRDT","NONUNIQUE","1","AC_GLCODE"
"373","CUMVOUCH","IDX_CUMBRACGLOLDACTRDT","NONUNIQUE","2","TRANSACTION_DATE"
"374","CUMVOUCH","IDX_CUMBRACGLOLDACTRDT","NONUNIQUE","3","DELETE_FLAG"
"375","CUMVOUCH","IDX_CUMBRTRDTDELPASS","NONUNIQUE","1","CB_BRANCH_MST_ID"
"376","CUMVOUCH","IDX_CUMBRTRDTDELPASS","NONUNIQUE","2","TRANSACTION_DATE"
"377","CUMVOUCH","IDX_CUMBRTRDTDELPASS","NONUNIQUE","3","DELETE_FLAG"
"378","CUMVOUCH","IDX_CUMBRTRDTDELPASS","NONUNIQUE","4","PASS_FLAG"
"379","CUMVOUCH","IDX_CUMCBACGLCODTRANNEWACSUBAC","NONUNIQUE","1","CB_GLCODE"
"380","CUMVOUCH","IDX_CUMCBACGLCODTRANNEWACSUBAC","NONUNIQUE","2","TRANSACTION_DATE"
"381","CUMVOUCH","IDX_CUMCBACGLCODTRANNEWACSUBAC","NONUNIQUE","3","NEW_AC_NUMBER"
"382","CUMVOUCH","IDX_CUMCBACGLCODTRANNEWACSUBAC","NONUNIQUE","4","SUB_ACCOUNT_NO"
"383","CUMVOUCH","IDX_CUMCBACGLCODTRANNEWACSUBAC","NONUNIQUE","5","AC_GLCODE"
"384","CUMVOUCH","IDX_CUMCBACGLCODTRANNEWACSUBAC","NONUNIQUE","6","SYS_NC00085$"
"385","CUMVOUCH","IDX_CUMCBACGLCODTRANNEWACSUBAC","NONUNIQUE","7","SYS_NC00086$"
"386","CUMVOUCH","IDX_CUMNEWACTRDTDBCR","NONUNIQUE","1","NEW_AC_NUMBER"
"387","CUMVOUCH","IDX_CUMNEWACTRDTDBCR","NONUNIQUE","2","SUB_ACCOUNT_NO"
"388","CUMVOUCH","IDX_CUMNEWACTRDTDBCR","NONUNIQUE","3","TRANSACTION_DATE"
"389","CUMVOUCH","IDX_CUMNEWACTRDTDBCR","NONUNIQUE","4","DBCR"
"390","CUMVOUCH","IDX_CUMNEWACTRDTDBCR","NONUNIQUE","5","SYS_NC00084$"
"391","CUMVOUCH","IDX_CUMNEWACTRDTDBCR","NONUNIQUE","6","SYS_NC00085$"
"392","CUMVOUCH","IDX_CUMVOTRANDATETRANTYPE","NONUNIQUE","1","TRANSACTION_DATE"
"393","CUMVOUCH","IDX_CUMVOTRANDATETRANTYPE","NONUNIQUE","2","CB_GLTYPE"
"394","CUMVOUCH","IDX_CUMVOTRANDATETRANTYPE","NONUNIQUE","3","TRANTYPE"
"395","CUMVOUCH","IDX_CUMVOUCHTRANDATECBBRMSTID","NONUNIQUE","1","CB_BRANCH_MST_ID"
"396","CUMVOUCH","IDX_CUMVOUCHTRANDATECBBRMSTID","NONUNIQUE","2","TRANSACTION_DATE"
"397","CUMVOUCH","IDX_CUMVSCRTBRMSTTRANDATE","NONUNIQUE","1","VSCRNO"
"398","CUMVOUCH","IDX_CUMVSCRTBRMSTTRANDATE","NONUNIQUE","2","T_BRANCH_MST_ID"
"399","CUMVOUCH","IDX_CUMVSCRTBRMSTTRANDATE","NONUNIQUE","3","TRANSACTION_DATE"
"400","CUMVOUCH","IDX_CUMVSCRTBRMSTTRANDATE","NONUNIQUE","4","BATCH_NUMBER"
"401","CUMVOUCH","IDX_CUM_OPIDDATE","NONUNIQUE","1","OPERATION_ID"
"402","CUMVOUCH","IDX_CUM_OPIDDATE","NONUNIQUE","2","OPERATION_DATE"
"403","CUMVOUCH","PK_CUMVOUCH_DET_ID","UNIQUE","1","CUMVOUCH_DET_ID"
"404","CURRENCY_RATE_MASTER","PK_CURR_RATE_MST_ID","UNIQUE","1","CURR_RATE_MST_ID"
"405","CURRENCY_RATE_MASTER","UK_CASH_CURR_MST_ID","UNIQUE","1","CASH_CURR_MST_ID"
"406","CURRENCY_RATE_MASTER","UK_CURR_TYPE","UNIQUE","1","CURRENCY_TYPE"
"407","CURR_RATE_MASTER_HIST","PK_CURR_RATE_HIST_ID","UNIQUE","1","CURR_RATE_MST_ID"
"408","CUSTOMER_LINKING","PK_CUST_LINK_MST_ID","UNIQUE","1","CUST_LINK_MST_ID"
"409","CUSTOMER_LINKING_DETAILS","PK_CUST_LINK_DET_ID","UNIQUE","1","CUST_LINK_DET_ID"
"410","CUSTOMER_MAST","IDX_CUST_CRB_NEW_1","NONUNIQUE","1","CUSTOMER_ID"
"411","CUSTOMER_MAST","IDX_CUST_CRB_NEW_1","NONUNIQUE","2","BRANCH_MST_ID"
"412","CUSTOMER_MAST","IDX_CUST_CRB_NEW_1","NONUNIQUE","3","CUSTOMER_TYPE"
"413","CUSTOMER_MAST","IDX_CUST_CRB_NEW_1","NONUNIQUE","4","SYS_NC00119$"
"414","CUSTOMER_MAST","IDX_CUST_CRB_NEW_2","NONUNIQUE","1","CUSTOMER_TYPE"
"415","CUSTOMER_MAST","IDX_CUST_CRB_NEW_2","NONUNIQUE","2","SYS_NC00119$"
"416","CUSTOMER_MAST","PK_CUSTOMER_MAST_ID","UNIQUE","1","CUSTOMER_ID"
"417","CUSTOMER_MAST","TMP_CUST","NONUNIQUE","1","CUSTOMER_NAME"
"418","CUSTOMER_MAST","TMP_OLDPRIMARYKEY","NONUNIQUE","1","OLD_PRIMARY_KEY"
"419","CUSTWISE_TDS_DETAILS","PK_CUSTWI_TDS_DET_ID","UNIQUE","1","CUSTTDS_DET_ID"
"420","CUSTWISE_TDS_DETAILS","UK_CUSTTDS_NEWACSUBACNO","UNIQUE","1","NEW_AC_NUMBER"
"421","CUSTWISE_TDS_DETAILS","UK_CUSTTDS_NEWACSUBACNO","UNIQUE","2","SUB_AC_NUMBER"
"422","CUST_APPRAISAL_DETAILS","PK_CUST_APPRAISAL_DET_ID","UNIQUE","1","CUST_APPR_DET_ID"
"423","CUST_CIBIL_DETAILS","PK_CUST_CIB_DET_ID","UNIQUE","1","CUST_CIB_DET_ID"
"424","CUST_FAMILY_DETAILS","PK_CUST_FAM_DET_ID","UNIQUE","1","CUST_FAM_DET_ID"
"425","CUST_INT_LINK_MASTER","PK_CUST_INT_LINK_ID","UNIQUE","1","LINK_MST_ID"
"426","CUST_OFFICE_MAST","PK_CUSTOFF_MAST_MST_ID","UNIQUE","1","OFFICE_MST_ID"
"427","CUST_ORG_AUDITOR_INFO","PK_CUST_ORG_AUD_DETID","UNIQUE","1","CUST_ORG_AUD_DETID"
"428","CUST_ORG_DIR_PROMO_INFO","PK_CUST_ORG_DIR_DETID","UNIQUE","1","CUST_ORG_DIR_DETID"
"429","CUST_ORG_FIN_DETAILS","PK_CUST_ORG_FIN_DETID","UNIQUE","1","CUST_ORG_FIN_DETID"
"430","CUST_OTH_INFO","PK_CUST_OTHINFO_DETID","UNIQUE","1","CUST_OTHINFO_DETID"
"431","CUST_OTH_INVESTMENT","PK_CUST_OTH_INV_DETID","UNIQUE","1","CUST_OTH_INV_DETID"
"432","CUST_OTH_LOAN_DETAILS","PK_CUST_OTH_LOAN_DETID","UNIQUE","1","CUST_OTH_LOAN_DETID"
"433","CUST_PHOTO_MAST","PK_CUST_PHOTO_MST_ID","UNIQUE","1","CUST_PHOTO_MST_ID"
"434","CUST_PROMO_CASE_INFO","PK_CUST_CASE_DETID","UNIQUE","1","CUST_CASE_DETID"
"435","CUST_SECURITY_DETAILS","PK_CUST_SEC_DET_ID","UNIQUE","1","CUST_SEC_DET_ID"
"436","CUST_SIGN_MAST","PK_CUST_SIGN_MST_ID","UNIQUE","1","CUST_SIGN_MST_ID"
"437","CUST_SURETY_DETAILS","PK_CUST_SURETY_DETID","UNIQUE","1","CUST_SURETY_DETID"
"438","CUST_THUMB_MAST","PK_CUST_THUMB_MST_ID","UNIQUE","1","CUST_THUMB_MST_ID"
"439","DAILY_INTEREST_ACCRUAL","IDX_DLYINTACCRUBRDATE","NONUNIQUE","1","OP_BRANCH_MST_ID"
"440","DAILY_INTEREST_ACCRUAL","IDX_DLYINTACCRUBRDATE","NONUNIQUE","2","TRANSACTION_DATE"
"441","DAILY_INTEREST_ACCRUAL","IDX_DLYINTACCRUNEWAC","NONUNIQUE","1","NEW_AC_NUMBER"
"442","DAILY_INTEREST_ACCRUAL","IDX_DLYINTACCRUNEWAC","NONUNIQUE","2","SUB_AC_NUMBER"
"443","DAILY_INTEREST_ACCRUAL","IDX_DLYINTACCRUNEWAC","NONUNIQUE","3","TRANSACTION_DATE"
"444","DAILY_INTEREST_ACCRUAL","SYS_C0087764","UNIQUE","1","INT_ACCRU_DET_ID"
"445","DAILY_INT_ACCRUAL_LOANS","SYS_C0089185","UNIQUE","1","INT_ACCRU_DET_ID"
"446","DASHBOARD_AUTO_SMS","PK_DASH_MST_ID","UNIQUE","1","DASH_MST_ID"
"447","DATA_VALIDATION_MASTER","PK_DATA_MST_ID","UNIQUE","1","DATA_MST_ID"
"448","DCB_LOAN_ADJUSTMENTS","SYS_C0088451","UNIQUE","1","LOAN_ADJ_DET_ID"
"449","DD_COMMISSION_MASTER","PK_DD_COMM_MAST_ID","UNIQUE","1","DD_COMM_MST_ID"
"450","DD_PRINT_LOG","PK_DD_PRINT_DET_ID","UNIQUE","1","DD_PRINT_DET_ID"
"451","DD_STATUS_HISTORY","PK_DD_STATUS_HIST_ID","UNIQUE","1","DD_STAT_HIS_ID"
"452","DD_STOP_DETAILS","PK_DD_STOP_DETAILS_ID","UNIQUE","1","DD_STOP_DET_ID"
"453","DD_TYPE_MASTER","PK_DD_TYPE_MASTER_ID","UNIQUE","1","DD_TYPE_MST_ID"
"454","DECEASE_AC_DETAILS","PK_DECEASE_AC_DET_ID","UNIQUE","1","DECEASE_AC_DET_ID"
"455","DECEASE_CASE_DETAILS","PK_DECS_CASE_DETID","UNIQUE","1","DECEASE_DET_ID"
"456","DENOMINATION_MASTER","PK_DENOMAST_ID","UNIQUE","1","DENOM_MST_ID"
"457","DENOMINATION_MASTER","UK_DENOMAST_DENOMCODE","UNIQUE","1","DENOMINATION_CODE"
"458","DENOMINATION_MASTER","UK_DENOMAST_DENOMCODE","UNIQUE","2","CURRENCY_MST_ID"
"459","DEPARTMENT_MASTER","PK_DEPARTMST_MST_ID","UNIQUE","1","DEPARTMENT_MST_ID"
"460","DEPRICIATION_DETAILS","PK_DEPRICIATION_DETAILS_ID","UNIQUE","1","DEPRI_DET_ID"
"461","DESIGNATION_MASTER","PK_DESIGMST_ID","UNIQUE","1","DESIGNATION_MST_ID"
"462","DIFF_INTEREST_PRODUCT","PK_DIFF_INT_MSTID","UNIQUE","1","INTEREST_MST_ID"
"463","DIFF_INTEREST_SUMMARY","PK_DIFF_INT_SUM_MS_T_ID","UNIQUE","1","INTEREST_MST_ID"
"464","DIRECTOR_MASTER","PK_DIRECTOR_MAST_ID","UNIQUE","1","DIRECTOR_ID"
"465","DISBURSE_CHARGES_DETAILS","PK_DISB_CHG_TYP_ID","UNIQUE","1","DISB_CHG_TYP_ID"
"466","DISCOUNT_CHQ_DEAILS","PK_DISC_CHQ_ID","UNIQUE","1","DISC_CHQ_DET_ID"
"467","DIVIDEND_SLAB_DETAILS","PK_DIV_SLAB_DETAILS_ID","UNIQUE","1","DIV_SLAB_DET_ID"
"468","DIVIDENT_DETAILS","PK_DIVIVENT_DETAILT_ID","UNIQUE","1","DIV_DET_ID"
"469","DIV_WARR_PRINT_LOG","PK_DIV_PRINT_DET_ID","UNIQUE","1","DIV_PRINT_DET_ID"
"470","DOCUMENT_DETAIL","IDX_DOCDETAIL","NONUNIQUE","1","CUSTOMER_ID"
"471","DOCUMENT_DETAIL","IDX_DOCDETAIL","NONUNIQUE","2","DELETE_FLAG"
"472","DOCUMENT_DETAIL","IDX_DOCDETAIL","NONUNIQUE","3","ACTIVE_FLAG"
"473","DOCUMENT_DETAIL","IDX_DOCU_DOCMSTID","NONUNIQUE","1","DOC_MST_ID"
"474","DOCUMENT_DETAIL","IDX_DOCU_DOCMSTID","NONUNIQUE","2","SYS_NC00033$"
"475","DOCUMENT_DETAIL","IDX_DOCU_DOCMSTID","NONUNIQUE","3","SYS_NC00034$"
"476","DOCUMENT_DETAIL","PK_DOC_DET_ID","UNIQUE","1","DOC_DET_ID"
"477","DOCUMENT_MASTER","IDX_DOCMAST_DTID_P","NONUNIQUE","1","DOC_TYPE_ID"
"478","DOCUMENT_MASTER","IDX_DOCMAST_DTID_P","NONUNIQUE","2","PARENT_MST_ID"
"479","DOCUMENT_MASTER","IDX_DOCMAST_DTID_P","NONUNIQUE","3","ACTIVE_FLAG"
"480","DOCUMENT_MASTER","IDX_DOCMAST_DTID_P","NONUNIQUE","4","SYS_NC00030$"
"481","DOCUMENT_MASTER","PK_DOC_MST_ID","UNIQUE","1","DOC_MST_ID"
"482","DOCUMENT_TYPE_MASTER","PK_DOC_TYPE_ID","UNIQUE","1","DOC_TYPE_ID"
"483","DORMANT_SHIFT_SETTING","PK_DORMANT_SHIFT_MST_ID","UNIQUE","1","DORMANT_SHIFT_MST_ID"
"484","DRAWAL_AC_DETAILS","PK_DRW_AC_DET_ID","UNIQUE","1","DRW_AC_DET_ID"
"485","DRAWAL_AC_TYPE","PK_DRW_AC_TYPE_ID","UNIQUE","1","DRW_AC_TYPE_ID"
"486","DRAWAL_CALC_DETAILS","PK_DRAWAL_CALC_DET_ID","UNIQUE","1","DRAWAL_CALC_DET_ID"
"487","DRAWAL_DEMAND_DETAILS","PK_DRW_DEMAND_DET_ID","UNIQUE","1","DRW_DEMAND_DET_ID"
"488","DRAWAL_EARMARK_DETAILS","PK_DRW_EARMARK_DET_ID","UNIQUE","1","DRW_EARMARK_DET_ID"
"489","DRAWAL_EARMARK_TYPES","PK_EARMARK_TYPE_ID","UNIQUE","1","EARMARK_TYPE_ID"
"490","DRAWAL_PRODUCT_MASTER","PK_PRODUCT_MST_ID","UNIQUE","1","PRODUCT_MST_ID"
"491","DRAWAL_PRODUCT_TYPE","PK_PRODUCT_TYPE_ID","UNIQUE","1","PRODUCT_TYPE_ID"
"492","DRAWAL_SEASON_MASTER","PK_DRAWAL_SEASON_MST_ID","UNIQUE","1","DRAWAL_SEASON_MST_ID"
"493","DRAWAL_STOCK_DETAILS","PK_DRW_STOCK_DET_ID","UNIQUE","1","DRW_STOCK_DET_ID"
"494","DRAWAL_TAGGING_MASTER","PK_DRW_TAG_MST_ID","UNIQUE","1","DRW_TAG_MST_ID"
"495","DRAWEE_BEN_DETAILS","PK_DRAWEE_BEN_DETAILS_ID","UNIQUE","1","DRAWEE_DET_ID"
"496","DUAL_OTHBR_PASS","PK_DUAL_OTH_PASS_ID","UNIQUE","1","DUAL_OTH_PASS_ID"
"497","ECLECTICS_TRAN_DETAILS","PK_ECLE_TRAN_DET_ID","UNIQUE","1","ECLE_TRAN_DET_ID"
"498","ECS_DETAILS","PK_ECS_DET_ID","UNIQUE","1","ECS_DET_ID"
"499","ECS_FILENAME_FORMAT","PK_ECS_FILENAME_ID","UNIQUE","1","ECS_FILENAME_ID"
"500","ECS_STRING_DETAILS","PK_ECS_STR_DET_ID","UNIQUE","1","ECS_STR_DET_ID"
"501","ECS_TYPE_MASTER","PK_ECS_TYPE_MST_ID","UNIQUE","1","ECS_TYPE_MST_ID"
"502","EDUCATION_LOAN_DETAILS","PK_EDU_LOAN_DET_ID","UNIQUE","1","EDU_LOAN_DET_ID"
"503","EMAIL_SENT_DETAILS","PK_EMAIL_SENT_DET_ID","UNIQUE","1","EMAIL_SENT_DET_ID"
"504","EMAIL_SETTING_MASTER","PK_EMAIL_SET_MST_ID","UNIQUE","1","EMAIL_SET_MST_ID"
"505","EMPLOYEE_MASTER","PK_EMPLOYEE_MST_ID","UNIQUE","1","EMPLOYEE_MST_ID"
"506","EMPLOYEE_OT_DETAILS","PK_EMP_OT_DET_ID","UNIQUE","1","EMP_OT_DET_ID"
"507","EMPLOYEE_THUMB_DETAILS","PK_THUMB_MST_ID","UNIQUE","1","THUMB_MST_ID"
"508","EMP_ACHIEVEMENT_DET","PK_EMP_ACIEVE_DETID","UNIQUE","1","EMP_ACIEVE_DETID"
"509","EMP_ACHIEVEMENT_MASTER","PK_EMP_ACHIEVE_MSTID","UNIQUE","1","EMP_ACHIEVE_MSTID"
"510","EMP_APPRAISAL_DETAILS","PK_EMP_APPR_DET_ID","UNIQUE","1","EMP_APPR_DET_ID"
"511","EMP_APPR_ASSES_DETAILS","PK_EMP_APPR_ASSES_DETID","UNIQUE","1","EMP_APPR_ASSES_DETID"
"512","EMP_APPR_MOVEMENT","PK_EMP_APPR_MOVEMENT_ID","UNIQUE","1","EMP_APPR_MOVEMENT_ID"
"513","EMP_AWARD_DETAILS","PK_EMP_AWARD_DETID","UNIQUE","1","EMP_AWARD_DETID"
"514","EMP_AWARD_MASTER","PK_EMP_AWARD_MSTID","UNIQUE","1","EMP_AWARD_MSTID"
"515","EMP_CALENDAR_DETAILS","PK_EMP_CAL_DET_ID","UNIQUE","1","EMP_CAL_DET_ID"
"516","EMP_EXIT_DETAILS","PK_EMP_EXIT_DET_ID","UNIQUE","1","EMP_EXIT_DET_ID"
"517","EMP_EXIT_QUEST_DETAILS","PK_EMP_QUE_DET_ID","UNIQUE","1","EMP_QUE_DET_ID"
"518","EMP_GRIEVANCE_DET","PK_EMP_GRIEV_DET_ID","UNIQUE","1","EMP_GRIEV_DET_ID"
"519","EMP_GRIEV_EVIDENCE","PK_EMP_GRIEVE_EVI_DET_ID","UNIQUE","1","EMP_GRIEVE_EVI_DET_ID"
"520","EMP_GRIEV_FORWARD","PK_EMP_GRIEVE_FORWARD_ID","UNIQUE","1","EMP_GRIEVE_FORWARD_ID"
"521","EMP_INSU_CONTRI_RATE","PK_EMP_INSU_CONTRI_ID","UNIQUE","1","EMP_INSU_CONTRI_ID"
"522","EMP_INSU_INFO","PK_EMP_INSU_INFO_DET_ID","UNIQUE","1","EMP_INSU_INFO_DET_ID"
"523","EMP_INSU_MAST","PK_EMP_INSU_MST_ID","UNIQUE","1","EMP_INSU_MST_ID"
"524","EMP_ONBOARD_CHKLIST","PK_EMP_ONBRD_CHLST_ID","UNIQUE","1","EMP_ONBRD_CHLST_ID"
"525","EMP_ONBOARD_MASTER","PK_EMP_ONBRD_MST_ID","UNIQUE","1","EMP_ONBRD_MST_ID"
"526","EQUI_SHARES_SECU_DETAILS","PK_EQUI_SHARE_SEC_DET_ID","UNIQUE","1","EQUI_SHARE_SEC_DET_ID"
"527","ERROR_LOG","PK_ERROR_LOG_ERROR_LOG_DET_ID","UNIQUE","1","ERROR_LOG_DET_ID"
"528","EXCEPTION_MASTER","PK_EXCEPTION_MAST_MSTID","UNIQUE","1","EXCEPTION_CODE"
"529","EXTERNAL_USER_MASTER","PK_AUDITOR_MS_T_ID","UNIQUE","1","EXTERNAL_MST_ID"
"530","FDRECEIPT_PRINT_LOG","PK_PRINT_DET_ID","UNIQUE","1","PRINT_DET_ID"
"531","FILE_DETAILS","PK_FILE_MST_ID","UNIQUE","1","FILE_MST_ID"
"532","FILE_DOC_DETAILS","PK_FILE_DOC_DET_ID","UNIQUE","1","FILE_DOC_DET_ID"
"533","FILE_GUARANTER_MASTER","PK_FILE_GUARAN_MST_ID","UNIQUE","1","FILE_GUARAN_MST_ID"
"534","FILE_IMPORT_BATCH","PK_FILE_IMP_BATCH_ID","UNIQUE","1","FILE_IMP_BATCH_ID"
"535","FILE_IMPORT_MASTER","PK_FILE_IMP_MST_ID","UNIQUE","1","FILE_IMP_MST_ID"
"536","FILE_LOAN_MASTER","PK_FILE_LOAN_DET_ID","UNIQUE","1","FILE_LOAN_DET_ID"
"537","FILE_MOVEMENT","PK_FILE_MOVE_ID","UNIQUE","1","FILE_MOVE_ID"
"538","FILE_NOT_IMPORTED","PK_FILE_TRAN_ID","UNIQUE","1","FILE_TRAN_ID"
"539","FILE_OPERATOR_DETAILS","PK_FILE_OPER_DET_ID","UNIQUE","1","FILE_OPER_DET_ID"
"540","FILE_OTHER_AC_DETAILS","PK_FILE_OTH_LOAN_ID","UNIQUE","1","FILE_OTH_LOAN_ID"
"541","FILE_PARTY_MASTER","PK_PARTY_MST_ID","UNIQUE","1","PARTY_MST_ID"
"542","FILE_SALARY_DETAILS","PK_FILERSAL_FILER_SALLN_ID","UNIQUE","1","FILER_SALLN_ID"
"543","FILE_SECURITY_DETAILS","PK_FILE_SECUR_DET_ID","UNIQUE","1","FILE_SECUR_DET_ID"
"544","FILE_TEMPLATE_MASTER","PK_FILE_TEMP_ID","UNIQUE","1","FILE_TEMP_ID"
"545","FILE_TEMPLATE_TRANSACTION","PK_FILE__TRAN_ID","UNIQUE","1","FILE_TEMP_TRAN_ID"
"546","FILE_TYPE_MASTER","PK_FILE_TYPE_MST_ID","UNIQUE","1","FILE_TYPE_MST_ID"
"547","FIN_FIELD_TYPES","PK_FIN_FIELD_TYPE_IS","UNIQUE","1","FIN_FIELD_ID"
"548","FIN_YEAR_MASTER","PK_FIN_YEAR_MASTERMSTID","UNIQUE","1","FIN_YEAR_MST_ID"
"549","FIN_YEAR_MASTER","UK_FINYEARSMST_BRMSTIDST","UNIQUE","1","BRANCH_MST_ID"
"550","FIN_YEAR_MASTER","UK_FINYEARSMST_BRMSTIDST","UNIQUE","2","FIN_YEAR_START_DATE"
"551","FIN_YEAR_MASTER","UK_FINYEARSMST_BRMSTIDST","UNIQUE","3","FIN_YEAR_END_DATE"
"552","FIN_YEAR_MASTER","UK_FINYEARSMST_BRMSTIDST","UNIQUE","4","DELETE_FLAG"
"553","FIN_YEAR_MASTER","UK_FIN_YEAR_MASTERMSTID","UNIQUE","1","BRANCH_MST_ID"
"554","FIN_YEAR_MASTER","UK_FIN_YEAR_MASTERMSTID","UNIQUE","2","FIN_YEAR_START_DATE"
"555","FIN_YEAR_MASTER","UK_FIN_YEAR_MASTERMSTID","UNIQUE","3","DELETE_FLAG"
"556","FIXLOAN_INST_CHART","IDX_FIXCHARTNEWSUBACNO","NONUNIQUE","1","NEW_AC_NUMBER"
"557","FIXLOAN_INST_CHART","IDX_FIXCHARTNEWSUBACNO","NONUNIQUE","2","SUB_ACCOUNT_NO"
"558","FIXLOAN_INST_CHART","IDX_TEMPP","NONUNIQUE","1","INST_DET_ID"
"559","FIXLOAN_INST_CHART","IDX_TEMPP","NONUNIQUE","2","NEW_AC_NUMBER"
"560","FIXLOAN_INST_CHART","PK_INST_CHART_DET_ID","UNIQUE","1","INST_CHART_DET_ID"
"561","FIXLOAN_INST_CHART_TEMP","PK_INST_CHART_TEMP_ID","UNIQUE","1","INST_CHART_TEMP_ID"
"562","FIXLOAN_OVERDUE_DETAILS","IDX_FXLNOVDDET","NONUNIQUE","1","NEW_AC_NUMBER"
"563","FIXLOAN_OVERDUE_DETAILS","IDX_FXLNOVDDET","NONUNIQUE","2","SUB_AC_NUMBER"
"564","FIXLOAN_OVERDUE_DETAILS","IDX_FXLNOVDDET","NONUNIQUE","3","OVD_CALC_DATE"
"565","FIXLOAN_OVERDUE_DETAILS","IDX_FXLNOVDDET","NONUNIQUE","4","DELETE_FLAG"
"566","FIXLOAN_OVERDUE_DETAILS","PK_FIXLOANOVD_DET_ID","UNIQUE","1","FIXLOANOVD_DET_ID"
"567","FIXLOAN_OVERDUE_DETAILS","UK_FIXOVD_OVDDT_NEWSUBAC","UNIQUE","1","OP_BRANCH_MST_ID"
"568","FIXLOAN_OVERDUE_DETAILS","UK_FIXOVD_OVDDT_NEWSUBAC","UNIQUE","2","OVD_CALC_DATE"
"569","FIXLOAN_OVERDUE_DETAILS","UK_FIXOVD_OVDDT_NEWSUBAC","UNIQUE","3","GLCODE"
"570","FIXLOAN_OVERDUE_DETAILS","UK_FIXOVD_OVDDT_NEWSUBAC","UNIQUE","4","NEW_AC_NUMBER"
"571","FIXLOAN_OVERDUE_DETAILS","UK_FIXOVD_OVDDT_NEWSUBAC","UNIQUE","5","SUB_AC_NUMBER"
"572","FIXLOAN_OVERDUE_DETAILS","UK_FIXOVD_OVDDT_NEWSUBAC","UNIQUE","6","INSTALLMENT_DATE"
"573","FLEXI_AC_DETAILS","PK_FLEXI_DET_ID","UNIQUE","1","FLEXI_DET_ID"
"574","FLEXI_PARAMETERS","PK_FLEXI_PARA_DET_ID","UNIQUE","1","FLEXI_PARA_DET_ID"
"575","FOREIGN_CURR_EXCHANGE","PK_FOREIGN_EXG_DET_ID","UNIQUE","1","FOREIGN_EXG_DET_ID"
"576","FOREIGN_EXCHANGE_SETTING","PK_FOREIGN_EXC_SET_ID","UNIQUE","1","FOREIGN_EXCHNG_MST_ID"
"577","FORGIVE_INTEREST_DETAILS","PK_FORG_INT_DET_ID","UNIQUE","1","FORG_INT_DET_ID"
"578","FRIDAY_MASTER","PK_FRIDAY_MST_ID","UNIQUE","1","FRIDAY_MST_ID"
"579","FUND_PROV_RPT_SETTING","PK_FUND_PROV_MSTID","UNIQUE","1","FUND_PROV_MST_ID"
"580","F_FILER_DETAILS","PK_F_FILER_DETAILS_ID","UNIQUE","1","FILER_MST_ID"
"581","GATE_PASS_STOCK_MASTER","PK_GATE_PASS_ID","UNIQUE","1","GATE_PASS_ID"
"582","GEPG_API_URL_CONFIG","PK_URL_CONFIG_DET_ID3","UNIQUE","1","URL_CONFIG_DET_ID"
"583","GEPG_FILENAME_FORMAT","PK_GEPG_FILENAME_ID","UNIQUE","1","GEPG_FILENAME_ID"
"584","GEPG_FILE_FORMAT","PK_GEPG_FIELD_ID","UNIQUE","1","GEPG_FIELD_ID"
"585","GEPG_REQUEST_DETAILS","PK_GEPG_REQ_DET_ID","UNIQUE","1","GEPG_REQ_DET_ID"
"586","GEPG_RESPONCE_CODE","PK_GEPG_RES_CODE_ID","UNIQUE","1","GEPG_RES_CODE_ID"
"587","GEPG_RESPONCE_DETAILS","PK_GEPG_RES_DET_ID","UNIQUE","1","GEPG_RES_DET_ID"
"588","GEPG_SWITCH_MASTER","PK_GEPG_SWITCH_MST_ID","UNIQUE","1","GEPG_SWITCH_MST_ID"
"589","GEPG_URL_MASTER","PK_GEPG_URL_MST_ID","UNIQUE","1","API_URL_MST_ID"
"590","GLMASTER","IDX_GLMASTALTYONFLAG","NONUNIQUE","1","ALNX_TYPE"
"591","GLMASTER","IDX_GLMASTALTYONFLAG","NONUNIQUE","2","ONLINE_FLAG"
"592","GLMASTER","IDX_GLMASTER_GLTYPE","NONUNIQUE","1","GLTYPE"
"593","GLMASTER","IDX_GLMASTER_GLTYPE","NONUNIQUE","2","ONLINE_FLAG"
"594","GLMASTER","PK_GLM_GLM_DETID","UNIQUE","1","GLMASTER_DET_ID"
"595","GLMASTER","UK_GLMASTER_OLD_GLCODE","UNIQUE","1","OLD_GLCODE"
"596","GLMASTER","UK_GLMST_SHORT_GL","UNIQUE","1","SHORT_GLCODE"
"597","GLOBAL_PARAMETER_MASTER","PK_GLOBAL_PARA_MAST_ID","UNIQUE","1","PARAMETER_ID"
"598","GLTYPE","PK_GLTYP","UNIQUE","1","GLTYPE"
"599","GL_CODE_DETAILS","PK_GL_CODE_DET_ID","UNIQUE","1","GL_CODE_DET_ID"
"600","GL_OPENING_BALANCE","PK_GLOPBAL_GLDETID","UNIQUE","1","GL_OPENING_BAL_DET_ID"
"601","GOLD_LOAN_DETAILS","PK_GOLDLOANDET_MST_ID","UNIQUE","1","GOLD_LOAN_MST_ID"
"602","GPEP_APP_FILENAME_FORMAT","PK_API_FILENAME_ID","UNIQUE","1","API_FILENAME_ID"
"603","GPEP_APP_FILE_FORMAT","PK_APP_FIELD_ID","UNIQUE","1","APP_FIELD_ID"
"604","GPEP_APP_REQ_RES","PK_GPEP_APP_REQ_RES_ID","UNIQUE","1","GPEP_APP_REQ_RES_ID"
"605","GPEP_APP_URL_CONFIG","PK_URL_CONFIG_DET_ID","UNIQUE","1","URL_CONFIG_DET_ID"
"606","GRADE_MASTER","PK_GRADEMST_GRADE_MST_ID","UNIQUE","1","GRADE_MST_ID"
"607","GRAPH_GENERATION","PK_GRAPH_MST_ID","UNIQUE","1","GRAPH_MST_ID"
"608","GROUP_AUTH_DETAILS","PK_GROUP_AUTH_DETID","UNIQUE","1","GRP_AUTH_DET_ID"
"609","GROUP_EXIT_REINSTATE","PK_GROUP_EXIT_RE_ID","UNIQUE","1","GRP_EXREINST_DET_ID"
"610","GROUP_EXREINSTATE_REASONS","PK_GRP_EXRINS_REID","UNIQUE","1","GRP_EXREINS_REASON_ID"
"611","GROUP_LN_APPLI_DETAILS","IDX_GRPLN","NONUNIQUE","1","OP_BRANCH_MST_ID"
"612","GROUP_LN_APPLI_DETAILS","IDX_GRPLN","NONUNIQUE","2","NEW_AC_NUMBER"
"613","GROUP_LN_APPLI_DETAILS","IDX_GRPLN","NONUNIQUE","3","SUB_AC_NUMBER"
"614","GROUP_LN_APPLI_DETAILS","IDX_GRPLN","NONUNIQUE","4","APPLICATON_DATE"
"615","GROUP_LN_APPLI_DETAILS","IDX_GRPLNAPP_MEMMSTID","NONUNIQUE","1","GRP_MEM_MST_ID"
"616","GROUP_LN_APPLI_DETAILS","PK_GRP_LNAPP_ID","UNIQUE","1","GRP_LN_APP_DET_ID"
"617","GROUP_LN_LEVEL_MASTER","PK_GRP_LEV_MST_ID","UNIQUE","1","GRP_LEV_MST_ID"
"618","GROUP_LN_RECOVERY_DETAILS","PK_GRPLN_REC_DETID","UNIQUE","1","GRPLN_REC_DETID"
"619","GROUP_LN_TYPE_MASTER","PK_GRP_TYPE_ID","UNIQUE","1","GRP_TYPE_MST_ID"
"620","GROUP_MASTER","PK_GROUP_MST_ID","UNIQUE","1","GROUP_MST_ID"
"621","GROUP_MEET_SCH_DETAILS","PK_GRPMEET_SCH_ID","UNIQUE","1","GRPMEET_SCH_DET_ID"
"622","GROUP_MEMBER_MASTER","IDX_GRP_MEM_CUSTID","NONUNIQUE","1","CUSTOMER_ID"
"623","GROUP_MEMBER_MASTER","PK_GRP_MEM_MST_ID","UNIQUE","1","GRP_MEM_MST_ID"
"624","GROUP_REGION_MASTER","PK_GRP_REG_MST_ID","UNIQUE","1","GRP_REG_MST_ID"
"625","GUARANTER_MASTER","IDX_GUAR_NEWSUBACNO","NONUNIQUE","1","NEW_AC_NUMBER"
"626","GUARANTER_MASTER","IDX_GUAR_NEWSUBACNO","NONUNIQUE","2","SUB_ACCOUNT_NO"
"627","GUARANTER_MASTER","PK_GUARANTER_MST_ID","UNIQUE","1","GUARANTER_MST_ID"
"628","GURANTEE_TYPE_MASTER","PK_GURA_TYPE_MST_ID","UNIQUE","1","GUAR_TYPE_MST_ID"
"629","G_RTGS_API_KEY_MASTER","PK_RTGS_API_KEY_HIS_ID","UNIQUE","1","RTGS_API_KEY_HIS_ID"
"630","HELP_MASTER","PK_HELPMST_MST_ID","UNIQUE","1","HELP_MASTER_ID"
"631","HELP_MASTER","UK_HELPMST_HELPPARAM","UNIQUE","1","HELP_CALL_PARAMETER"
"632","HELP_OPTION_DETAILS","PK_HELP_OPT_ID","UNIQUE","1","HELP_OPT_DET_ID"
"633","HIDE_ACS_FM_USERLVL","PK_HIDE_ACS_DET_ID","UNIQUE","1","HIDE_ACS_DET_ID"
"634","HOLIDAY_MASTER","PK_HOLIDAY_MASTER_MST_ID","UNIQUE","1","HOLIDAY_MST_ID"
"635","HOLIDAY_MASTER","UK_HOLIDAY_MST_BRMSTI_HOLIDT","UNIQUE","1","BRANCH_MST_ID"
"636","HOLIDAY_MASTER","UK_HOLIDAY_MST_BRMSTI_HOLIDT","UNIQUE","2","HOLIDAY_DATE"
"637","HO_MAPPING_MASTER","PK_HOMAPMAPPED_GL_ID","UNIQUE","1","MAPPED_GL_ID"
"638","HO_TEMPLATE_DETAILS","PK_TEMPLATE_DET_MST_ID","UNIQUE","1","TEMPLATE_DET_MST_ID"
"639","HO_TEMPLATE_MASTER","PK_HO_TEMP_MAST_TEMP_MSTID","UNIQUE","1","TEMPLATE_MST_ID"
"640","HR_ADVERTISE_DETAILS","PK_HR_ADV_DET_ID","UNIQUE","1","HR_ADV_DET_ID"
"641","HR_HIRE_DETAILS","PK_HR_HIRE_DET_ID","UNIQUE","1","HR_HIRE_DET_ID"
"642","HR_HIRE_MASTER","PK_HR_HIRE_MST_ID","UNIQUE","1","HR_HIRE_MST_ID"
"643","HR_RESUME_SUBMIT","PK_HR_RESUME_DET_ID","UNIQUE","1","HR_RESUME_DET_ID"
"644","HR_UPLOAD_CV","PK_HR_UPLOAD_DET_ID","UNIQUE","1","HR_UPLOAD_DET_ID"
"645","IBCOBC_COMM_MASTER","PK_IBCOBC_COMM_MAST_ID","UNIQUE","1","IBCOBC_COMM_MST_ID"
"646","IBC_DETAILS","PK_IBC_DETAILS_ID","UNIQUE","1","IBC_DET_ID"
"647","IBC_OBC_CFORM_DETAILS","PK_IBC_OBC_CFORM_ID","UNIQUE","1","CFORM_DET_ID"
"648","IBC_OBC_CHALAN_DETAILS","PK_IBC_OBC_CHALAN_ID","UNIQUE","1","CHALAN_DET_ID"
"649","IBC_OBC_CONSIGN_DETAILS","PK_IBC_OBC_CONSIGN_ID","UNIQUE","1","CONSIGN_DET_ID"
"650","IBC_OBC_DOCUMENT_MASTER","PK_IBC_OBC_DOC_MST_ID","UNIQUE","1","DOC_MST_ID"
"651","IBC_OBC_INSU_DETAILS","PK_IBC_OBC_INSU_ID","UNIQUE","1","IBC_OBC_INSU_DET_ID"
"652","IBC_OBC_INVOICE_DETAILS","PK_IBC_OBC_INVOICE_ID","UNIQUE","1","INVOICE_DET_ID"
"653","IBC_OBC_LC_DETAILS","PK_IBC_OBC_LC_DET_ID","UNIQUE","1","LC_DET_ID"
"654","IMPS_SETTING","PK_IMPS_SETTID","UNIQUE","1","IMPS_DET_ID"
"655","IMPS_SWITCH_MASTER","PK_IMPS_SWITHCHID","UNIQUE","1","IMPS_SWITCH_MST_ID"
"656","INET_ACOPEN_REQUEST","PK_INET_ACOP_DET_ID","UNIQUE","1","INET_ACOP_DET_ID"
"657","INET_ACSTAT_SUBSCRIPTION","PK_INET_ACSTAT_SUBSDETID","UNIQUE","1","INET_ACSTAT_SUBSDETID"
"658","INET_ACSTAT_SUBSCRIPTION","UK_INET_ACSTAT_SUBSCRIPTION","UNIQUE","1","INET_USER_ID"
"659","INET_ACSTAT_SUBSCRIPTION","UK_INET_ACSTAT_SUBSCRIPTION","UNIQUE","2","ACCOUNT_NUMBER"
"660","INET_AUTHORIZE","PK_AUTH_DET_ID","UNIQUE","1","AUTH_DET_ID"
"661","INET_BANK_LOGIN","PK_INET_LOGIN_DET_ID","UNIQUE","1","INET_LOGIN_DET_ID"
"662","INET_BANK_LOG_PASS_HIST","PK_INET_BANK_PASS_ID","UNIQUE","1","INET_BANK_PASS_ID"
"663","INET_BANK_REGISTER","PK_INET_REG_DET_ID","UNIQUE","1","INET_REG_DET_ID"
"664","INET_BANK_REGISTER","UK_INET_USER_ID","UNIQUE","1","INET_USER_ID"
"665","INET_BANK_REQUEST","PK_INET_BANK_REQ_ID","UNIQUE","1","INET_BANK_REQ_ID"
"666","INET_BANK_TRAN_PASS_HIST","PK_INET_BANK_PASS_HIST_ID","UNIQUE","1","INET_BANK_PASS_ID"
"667","INET_BANK_TRAN_RIGHTS","PK_INET_BANK_RIGHT_ID","UNIQUE","1","INET_BANK_RIGHT_ID"
"668","INET_BANK_WISE_LIMIT","PK_BANK_LIMIT_MST_ID","UNIQUE","1","BANK_LIMIT_MST_ID"
"669","INET_BENE_DETAILS","PK_INET_BENE_MST_ID","UNIQUE","1","INET_BENE_MST_ID"
"670","INET_BENE_GROUP_DETAILS","PK_INET_BENE_GRP_DETID","UNIQUE","1","INET_BENE_GRP_DETID"
"671","INET_BENE_MODI_LOG","PK_INET_BENE_MODI_ID","UNIQUE","1","INET_BENE_MODI_ID"
"672","INET_BULK_TRANSACTIONS","PK_INET_BULK_TRAN_ID","UNIQUE","1","INET_BULK_TRAN_ID"
"673","INET_CARD_BLOCK_HISTORY","PK_CARD_BLOCK_DET_ID","UNIQUE","1","CARD_BLOCK_DET_ID"
"674","INET_CHKBK_REQUEST","PK_INET_CHK_REQ_ID","UNIQUE","1","INET_CHKBK_REQ_ID"
"675","INET_CHQBOOK_REQUEST","PK_INET_CHQ_DET_ID","UNIQUE","1","INET_CHQ_DET_ID"
"676","INET_CUMVOUCH","PK_INET_CUMVOUCH_DET_ID","UNIQUE","1","INET_CUMVOUCH_DET_ID"
"677","INET_CUST_REQUEST_DETAILS","PK_CUST_REQ_DET_ID","UNIQUE","1","CUST_REQ_DET_ID"
"678","INET_CUST_REQUEST_HIST","PK_CUST_REQ_HIST_ID","UNIQUE","1","CUST_REQ_HIST_ID"
"679","INET_CUST_REQUEST_TYPE","PK_CUST_REQ_TYPE_ID","UNIQUE","1","CUST_REQ_TYPE_ID"
"680","INET_CUST_REQUEST_TYPE","UK_CUST_REQ_SHORTNAME","UNIQUE","1","CUST_REQ_SHORTNAME"
"681","INET_DEPO_MATURITY_REQ","PK_INET_DEPO_MATU_ID","UNIQUE","1","INET_DEPO_MATU_ID"
"682","INET_DISPLAY_NOTIFI_DET","PK_DIS_NOTI_DET_ID","UNIQUE","1","DIS_NOTI_DET_ID"
"683","INET_EMAIL_DETAILS","PK_INET_EMAIL_MST_ID","UNIQUE","1","INET_EMAIL_MST_ID"
"684","INET_EMAIL_LOG","PK_INET_EMAIL_LOG_ID","UNIQUE","1","INET_EMAIL_LOG_ID"
"685","INET_EMAIL_REQUEST","PK_INET_EMAIL_REQ_ID","UNIQUE","1","INET_EMAIL_REQ_ID"
"686","INET_EMAIL_USER_MAPPING","PK_INET_TOIDS_ID","UNIQUE","1","INET_TOIDS_ID"
"687","INET_ERROR_LOG","PK_INET_ERR_LOG_DET_ID","UNIQUE","1","INET_ERR_LOG_DET_ID"
"688","INET_ESTAT_REQUEST","PK_INET_ESTAT_DET_ID","UNIQUE","1","INET_ESTAT_DET_ID"
"689","INET_LIMIT_SETTING","PK_INET_LIMI_DET_ID","UNIQUE","1","INET_LIMI_DET_ID"
"690","INET_LOAN_REQUEST","PK_INET_LOAN_REQ_ID","UNIQUE","1","INET_LOAN_REQ_ID"
"691","INET_LOGIN_HIST","PK_INET_LOG_DET_ID","UNIQUE","1","INET_LOG_DET_ID"
"692","INET_LOGIN_TRAN_PASS_HIST","PK_INET_BANK_PASS_HISTID","UNIQUE","1","INET_BANK_PASS_ID"
"693","INET_MARQUEE_DATA","PK_INET_MARQUEE_MST_ID","UNIQUE","1","INET_MARQUEE_MST_ID"
"694","INET_MENU_MASTER","PK_INET_MENU_MST_ID","UNIQUE","1","INET_MENU_MST_ID"
"695","INET_NOTIFICATION_DETAILS","PK_NOTI_DET_ID","UNIQUE","1","NOTI_DET_ID"
"696","INET_OTP_DETAILS","PK_INET_OTP_DET_ID","UNIQUE","1","INET_OTP_DET_ID"
"697","INET_OTP_TYPE_MASTER","PK_OTP_TYPE_MST_ID","UNIQUE","1","OTP_TYPE_MST_ID"
"698","INET_OTP_TYPE_MASTER","UK_OTP_TYPE_SHORTNAME","UNIQUE","1","OTP_SHORT_NAME"
"699","INET_PARAMETER","PK_INET_PARA_MST_ID","UNIQUE","1","INET_PARA_MST_ID"
"700","INET_PASSWORD_HIST","PK_INET_PASS_DET_ID","UNIQUE","1","INET_PASS_DET_ID"
"701","INET_PAYEE_DETAILS","PK_INET_PAYEE_MST_ID","UNIQUE","1","INET_PAYEE_MST_ID"
"702","INET_PAYEE_DETAILS","UK_INET_PAY_ACNOIFSC","UNIQUE","1","PAYEE_ACCOUNT_NUMBER"
"703","INET_PAYEE_DETAILS","UK_INET_PAY_ACNOIFSC","UNIQUE","2","IFSC_CODE"
"704","INET_POLICY_MASTER","PK_INET_POLICY_MST_ID","UNIQUE","1","INET_POLICY_MST_ID"
"705","INET_PORTAL_MODI_LOG","PK_INET_PORT_LOG_DET_ID","UNIQUE","1","INET_PORT_LOG_DET_ID"
"706","INET_QUICK_TRAN_DETAILS","PK_QUICK_TRAN_DET_ID","UNIQUE","1","QUICK_TRAN_DET_ID"
"707","INET_REGISTER_DEVICE","PK_INET_DEV_ID","UNIQUE","1","INET_DEV_ID"
"708","INET_REQUEST_MASTER","PK_INET_REQUEST_ID","UNIQUE","1","INET_REQUEST_ID"
"709","INET_REQUEST_MASTER","UK_REQUEST_SHORT_CODE","UNIQUE","1","REQUEST_SHORT_CODE"
"710","INET_REQUEST_TYPE","PK_REQ_TYPE_ID","UNIQUE","1","INET_REQ_TYPE_ID"
"711","INET_RESET_PASS","PK_INET_RESET_ID","UNIQUE","1","INET_RESET_ID"
"712","INET_RESET_PASS","UK_INET_KEY","UNIQUE","1","INET_KEY"
"713","INET_SESSION_LOGS","PK_TRANSACTION_ID","UNIQUE","1","TRANSACTION_ID"
"714","INET_SESSION_MANAGEMENT","PK_INET_SESS_ID","UNIQUE","1","INET_SESS_ID"
"715","INET_SMS_SENT_DETAILS","PK_INET_SMS_SENT_ID","UNIQUE","1","INET_SMS_SENT_DET_ID"
"716","INET_STOPPAY_REQUEST","PK_INET_STOP_DET_ID","UNIQUE","1","INET_STOP_DET_ID"
"717","INET_SWIFT_DETAILS","PK_ISWIFTDET_INET_SWIFT_ID","UNIQUE","1","INET_SWIFT_ID"
"718","INET_TOIDS","PK_INET_TOIDSID","UNIQUE","1","INET_TOIDS_ID"
"719","INET_TO_DO_LIST","PK_TODOLIST_INET_TODO_MSTID","UNIQUE","1","INET_TODO_MSTID"
"720","INET_TRAN_FILE_DETAILS","PK_INET_TRAN_FILE_DET_ID","UNIQUE","1","INET_TRAN_FILE_DET_ID"
"721","INET_TRAN_LOG","PK_INET_TRAN_ID","UNIQUE","1","INET_TRAN_ID"
"722","INET_TRAN_MODE_MASTER","PK_INET_TRAN_MODE_ID","UNIQUE","1","INET_TRAN_MODE_ID"
"723","INET_TRAN_TYPE","PK_INET_TRAN_TYPE_ID","UNIQUE","1","INET_TRAN_TYPE_ID"
"724","INET_USERWISE_LIMIT","PK_INET_LIMIT_DET_ID","UNIQUE","1","INET_LIMIT_DET_ID"
"725","INET_USER_DETAILS","PK_INET_USER_DET_ID","UNIQUE","1","INET_USER_DET_ID"
"726","INET_USER_DETAILS","UK_INETIDNAME","UNIQUE","1","INET_USER_ID"
"727","INET_USER_DETAILS","UK_INETIDNAME","UNIQUE","2","INET_USER_NAME"
"728","INET_USER_DETAILS","UK_INETIDNAME","UNIQUE","3","INET_CORP_ID"
"729","INET_USER_DETAILS","UK_INETIDNAME","UNIQUE","4","CORPORATE_FLAG"
"730","INET_VERSION_DETAIL","PK_INET_VERSION_ID","UNIQUE","1","INET_VERSION_ID"
"731","INET_WEBSEVICE_REQUEST","PK_INET_WEB_REQ_ID","UNIQUE","1","INET_WEB_REQ_ID"
"732","INTEREST_POSTING_HISTORY","PK_INT_POST_DET_ID","UNIQUE","1","INT_POST_DET_ID"
"733","INTEREST_PRODUCT","IDX_INTPRODGLACINTDT","NONUNIQUE","1","GLCODE"
"734","INTEREST_PRODUCT","IDX_INTPRODGLACINTDT","NONUNIQUE","2","NEW_AC_NUMBER"
"735","INTEREST_PRODUCT","IDX_INTPRODGLACINTDT","NONUNIQUE","3","SUB_AC_NUMBER"
"736","INTEREST_PRODUCT","IDX_INTPRODGLACINTDT","NONUNIQUE","4","INTEREST_FROM_DATE"
"737","INTEREST_PRODUCT","IDX_INTPRODGLACINTDT","NONUNIQUE","5","INTEREST_UPTO_DATE"
"738","INTEREST_PRODUCT","IDX_INTPRODGLACINTDT","NONUNIQUE","6","CALC_USER_ID"
"739","INTEREST_PRODUCT","IDX_INTPRODGLCODEUSERID","NONUNIQUE","1","GLCODE"
"740","INTEREST_PRODUCT","IDX_INTPRODGLCODEUSERID","NONUNIQUE","2","CALC_USER_ID"
"741","INTEREST_PRODUCT","IDX_INTPRODNEWSUBPROFROM","NONUNIQUE","1","NEW_AC_NUMBER"
"742","INTEREST_PRODUCT","IDX_INTPRODNEWSUBPROFROM","NONUNIQUE","2","SUB_AC_NUMBER"
"743","INTEREST_PRODUCT","IDX_INTPRODNEWSUBPROFROM","NONUNIQUE","3","PRODUCT_FROM_DATE"
"744","INTEREST_PRODUCT","PK_INT_PROD_INT_MST_ID","UNIQUE","1","INTEREST_MST_ID"
"745","INTEREST_PRODUCT_TEMP","IDX_INTPRODTEMPGLACINTDT","NONUNIQUE","1","GLCODE"
"746","INTEREST_PRODUCT_TEMP","IDX_INTPRODTEMPGLACINTDT","NONUNIQUE","2","NEW_AC_NUMBER"
"747","INTEREST_PRODUCT_TEMP","IDX_INTPRODTEMPGLACINTDT","NONUNIQUE","3","SUB_AC_NUMBER"
"748","INTEREST_PRODUCT_TEMP","IDX_INTPRODTEMPGLACINTDT","NONUNIQUE","4","INTEREST_FROM_DATE"
"749","INTEREST_PRODUCT_TEMP","IDX_INTPRODTEMPGLACINTDT","NONUNIQUE","5","INTEREST_UPTO_DATE"
"750","INTEREST_PRODUCT_TEMP","IDX_INTPRODTEMPGLACINTDT","NONUNIQUE","6","CALC_USER_ID"
"751","INTEREST_PRODUCT_TEMP","IDX_INTPRODTEMPGLUSERID","NONUNIQUE","1","GLCODE"
"752","INTEREST_PRODUCT_TEMP","IDX_INTPRODTEMPGLUSERID","NONUNIQUE","2","CALC_USER_ID"
"753","INTEREST_PRODUCT_TEMP","IDX_INTPRODTEMPNEWSUBPROFROM","NONUNIQUE","1","NEW_AC_NUMBER"
"754","INTEREST_PRODUCT_TEMP","IDX_INTPRODTEMPNEWSUBPROFROM","NONUNIQUE","2","SUB_AC_NUMBER"
"755","INTEREST_PRODUCT_TEMP","IDX_INTPRODTEMPNEWSUBPROFROM","NONUNIQUE","3","PRODUCT_FROM_DATE"
"756","INTEREST_PRODUCT_TEMP","IDX_INTPROTEMP_BRGL","NONUNIQUE","1","BRANCH_MST_ID"
"757","INTEREST_PRODUCT_TEMP","IDX_INTPROTEMP_BRGL","NONUNIQUE","2","GLCODE"
"758","INTEREST_PRODUCT_TEMP","PK_INTPRODTEMP_INT_MST_ID","UNIQUE","1","INTEREST_MST_ID"
"759","INTEREST_SLAB_DETAILS","IDX_INTSLABDETNEWSUBACDATE","NONUNIQUE","1","NEW_AC_NUMBER"
"760","INTEREST_SLAB_DETAILS","IDX_INTSLABDETNEWSUBACDATE","NONUNIQUE","2","SUB_ACCOUNT_NO"
"761","INTEREST_SLAB_DETAILS","IDX_INTSLABDETNEWSUBACDATE","NONUNIQUE","3","APPLICABLE_FROM_DATE"
"762","INTEREST_SLAB_DETAILS","PK_INT_SLAB_DET_ID","UNIQUE","1","INTEREST_RATE_DET_ID"
"763","INTEREST_SLAB_MASTER","PK_INT_SLAB_MAST_ID","UNIQUE","1","INTEREST_RATE_SLAB_ID"
"764","INTEREST_SUMMARY","IDX_INTSUMGLCODEUSERID","NONUNIQUE","1","GLCODE"
"765","INTEREST_SUMMARY","IDX_INTSUMGLCODEUSERID","NONUNIQUE","2","CALC_USER_ID"
"766","INTEREST_SUMMARY","PK_INT_SUM_INT_MST_ID","UNIQUE","1","INTEREST_MST_ID"
"767","INTEREST_SUMMARY_TEMP","IDX_INTSUMTEMPGLCODEUSERID","NONUNIQUE","1","GLCODE"
"768","INTEREST_SUMMARY_TEMP","IDX_INTSUMTEMPGLCODEUSERID","NONUNIQUE","2","CALC_USER_ID"
"769","INTEREST_SUMMARY_TEMP","IDX_INTSUMTEMPNEWACSUBAC","NONUNIQUE","1","NEW_AC_NUMBER"
"770","INTEREST_SUMMARY_TEMP","IDX_INTSUMTEMPNEWACSUBAC","NONUNIQUE","2","SUB_AC_NUMBER"
"771","INTEREST_SUMMARY_TEMP","IDX_INTSUMTEMP_BRID_GLCD","NONUNIQUE","1","BRANCH_MST_ID"
"772","INTEREST_SUMMARY_TEMP","IDX_INTSUMTEMP_BRID_GLCD","NONUNIQUE","2","GLCODE"
"773","INTEREST_SUMMARY_TEMP","IDX_INTSUMTEMP_DEL","NONUNIQUE","1","BRANCH_MST_ID"
"774","INTEREST_SUMMARY_TEMP","IDX_INTSUMTEMP_DEL","NONUNIQUE","2","GLCODE"
"775","INTEREST_SUMMARY_TEMP","IDX_INTSUMTEMP_DEL","NONUNIQUE","3","TRANSACTION_DATE"
"776","INTEREST_SUMMARY_TEMP","IDX_INTSUMTEMP_DEL","NONUNIQUE","4","INTEREST_FROM_DATE"
"777","INTEREST_SUMMARY_TEMP","IDX_INTSUMTEMP_DEL","NONUNIQUE","5","INTEREST_UPTO_DATE"
"778","INTEREST_SUMMARY_TEMP","IDX_INTSUMTEMP_DEL","NONUNIQUE","6","CALC_USER_ID"
"779","INTEREST_SUMMARY_TEMP","IDX_INTSUMTEMP_DEL","NONUNIQUE","7","SYS_NC00042$"
"780","INTEREST_SUMMARY_TEMP","PK_INTSUMTEMP_INT_MSTID","UNIQUE","1","INTEREST_MST_ID"
"781","INTERNAL_USER","UK_INTE_USERID","UNIQUE","1","INTERNAL_USER_ID"
"782","INTERNAL_USER","UK_NTERNAL_USERSHN","UNIQUE","1","USER_SHORT_NAME"
"783","INV_BROKER_MASTER","PK_INV_BRKR_MST_ID","UNIQUE","1","INV_BROKER_MST_ID"
"784","INV_CALL_DETAILS","IDX_INV_CALL_NEWSBNO","NONUNIQUE","1","NEW_AC_NUMBER"
"785","INV_CALL_DETAILS","IDX_INV_CALL_NEWSBNO","NONUNIQUE","2","SUB_ACCOUNT_NO"
"786","INV_CALL_DETAILS","PK_INV_CALL_DET_ID","UNIQUE","1","INV_CALL_DET_ID"
"787","INV_CALL_MASTER","IDX_INV_CALL_NEWSUBNO","NONUNIQUE","1","NEW_AC_NUMBER"
"788","INV_CALL_MASTER","IDX_INV_CALL_NEWSUBNO","NONUNIQUE","2","SUB_AC_NUMBER"
"789","INV_CALL_MASTER","PK_INV_CALL_MST_ID","UNIQUE","1","INV_CALL_MST_ID"
"790","INV_CALL_TRAN_DETAILS","IDX_INVCALTRDET","NONUNIQUE","1","INV_CALL_DET_ID"
"791","INV_CALL_TRAN_DETAILS","IDX_INVCALTRDET","NONUNIQUE","2","TRANSACTION_DATE"
"792","INV_CALL_TRAN_DETAILS","IDX_INVCALTRDET","NONUNIQUE","3","TRANTYPE"
"793","INV_CALL_TRAN_DETAILS","IDX_INV_CALL_DETID","NONUNIQUE","1","INV_CALL_DET_ID"
"794","INV_CALL_TRAN_DETAILS","IDX_INV_CALL_DETID","NONUNIQUE","2","SYS_NC00035$"
"795","INV_CALL_TRAN_DETAILS","PK_INV_CALL_TRAN_ID","UNIQUE","1","INV_CALL_TRAN_ID"
"796","INV_COUPAN_DATE","PK_INV_COUPAN_DATE_ID","UNIQUE","1","INV_COUPAN_DATE_ID"
"797","INV_GOVT_MASTER","PK_INV_GOVT_MAST_ID","UNIQUE","1","INV_GOVT_MST_ID"
"798","INV_GOVT_MASTER","UK_INV_GOVT_NEWSUB_ACNO","UNIQUE","1","NEW_AC_NUMBER"
"799","INV_GOVT_MASTER","UK_INV_GOVT_NEWSUB_ACNO","UNIQUE","2","SUB_AC_NUMBER"
"800","INV_GOVT_TRAN","IDX_INV_GOVTTRNEWSUBNO","NONUNIQUE","1","NEW_AC_NUMBER"
"801","INV_GOVT_TRAN","IDX_INV_GOVTTRNEWSUBNO","NONUNIQUE","2","SUB_ACCOUNT_NO"
"802","INV_GOVT_TRAN","PK_INV_GOVT_TRAN_ID","UNIQUE","1","INV_GOVT_TRAN_ID"
"803","INV_GOVT_TRAN_DETAILS","IDX_INV_GOVT_TRDET","NONUNIQUE","1","INV_GOVT_TRAN_ID"
"804","INV_GOVT_TRAN_DETAILS","IDX_INV_GOVT_TRDET","NONUNIQUE","2","TRANSACTION_DATE"
"805","INV_GOVT_TRAN_DETAILS","IDX_INV_GOVT_TRDET","NONUNIQUE","3","CB_GLCODE"
"806","INV_GOVT_TRAN_DETAILS","PK_INV_GOVT_TRDET_ID","UNIQUE","1","INV_GOVT_TRDET_ID"
"807","INV_INSTITUTE_MASTER","PK_INV_INSTI_MST_ID","UNIQUE","1","INV_INSTI_MST_ID"
"808","INV_MARKET_RATE","PK_INV_MARKET_RATE_ID","UNIQUE","1","INV_MARKET_RATE_ID"
"809","INV_OTHER_MASTER","IDX_INV_OTH_NEWSUBNO","NONUNIQUE","1","NEW_AC_NUMBER"
"810","INV_OTHER_MASTER","IDX_INV_OTH_NEWSUBNO","NONUNIQUE","2","SUB_AC_NUMBER"
"811","INV_OTHER_MASTER","PK_INV_OTH_MAST_ID","UNIQUE","1","INVTD_MST_ID"
"812","INV_SECURITY_MASTER","PK_INV_SECURITY_ID","UNIQUE","1","INV_SECURITY_ID"
"813","INV_SHARES_MASTER","IDX_INV_SH_NEWSUBNO","NONUNIQUE","1","NEW_AC_NUMBER"
"814","INV_SHARES_MASTER","IDX_INV_SH_NEWSUBNO","NONUNIQUE","2","SUB_AC_NUMBER"
"815","INV_SHARES_MASTER","PK_INV_SH_MST_ID","UNIQUE","1","INV_SH_MST_ID"
"816","INV_SHARE_MARKET_RATE","PK_INV_SH_MARK_RATE_ID","UNIQUE","1","INV_SH_MARK_RATE_ID"
"817","INV_TD_MASTER","IDX_INV_TD_NEWSUBNO","NONUNIQUE","1","NEW_AC_NUMBER"
"818","INV_TD_MASTER","IDX_INV_TD_NEWSUBNO","NONUNIQUE","2","SUB_AC_NUMBER"
"819","INV_TD_MASTER","PK_INVTD_MST_ID","UNIQUE","1","INVTD_MST_ID"
"820","INV_TREASURY_BILL_TRAN","PK_INV_TREASURY_BILL_TRAN_ID","UNIQUE","1","INV_TREASURY_BILL_TRAN_ID"
"821","INWARD_CLEARING_DETAILS","PK_INWARD_CLG_DETIALS_IS","UNIQUE","1","CLG_IW_DET_ID"
"822","ITEMS_ASSOCIATED","PK_ITEMS_ASSOCIATED_ID","UNIQUE","1","ITEM_ASSO_DET_ID"
"823","ITEM_MASTER","PK_ITEM_MASTER_ID","UNIQUE","1","ITEM_MST_ID"
"824","ITEM_MASTER","UK_ITEM_MAST_ITEM_CODE","UNIQUE","1","ITEM_CODE"
"825","ITEM_MASTER_0909","PK_ITEM_MASTER_0909_ID","UNIQUE","1","ITEM_MST_ID"
"826","ITEM_OPENING","PK_ITEM_OPENING_ID","UNIQUE","1","ITEM_OP_ID"
"827","ITEM_QUOTATION_MASTER","PK_ITEM_QUOT_MST_ID","UNIQUE","1","ITEM_QUOT_MST_ID"
"828","ITEM_REQUISITION_DETAILS","PK_ITEM_REQ_DET_ID","UNIQUE","1","ITEM_REQ_DET_ID"
"829","ITEM_REQUISITION_MASTER","PK_ITEM_REQ_MST_ID","UNIQUE","1","ITEM_REQ_MST_ID"
"830","ITEM_REQUI_MOVEMENT","PK_ITEM_REQ_MOV_DET_ID","UNIQUE","1","ITEM_REQ_MOV_DET_ID"
"831","ITEM_SUB_MASTER","PK_ITEM_SUB_MAST_ID","UNIQUE","1","ITEM_SUB_MST_ID"
"832","ITEM_SUB_MASTER","UK_ITEM_SUB_MAST_IDSRNO","UNIQUE","1","ITEM_MST_ID"
"833","ITEM_SUB_MASTER","UK_ITEM_SUB_MAST_IDSRNO","UNIQUE","2","ITEM_SRNO"
"834","ITEM_TENDERING_DETAILS","PK_ITEM_TENDER_DET_ID","UNIQUE","1","ITEM_TENDER_DET_ID"
"835","ITEM_TENDERING_MASTER","PK_ITEM_TENDER_MST_ID","UNIQUE","1","ITEM_TENDER_MST_ID"
"836","ITEM_TRANSACTIONS","IDX_ITEMTRANREFBATNOVSCRNO","NONUNIQUE","1","REF_CUMVOUCH_BATCHNO"
"837","ITEM_TRANSACTIONS","IDX_ITEMTRANREFBATNOVSCRNO","NONUNIQUE","2","REF_CUMVOUCH_VSCRNO"
"838","ITEM_TRANSACTIONS","IDX_ITEMTRAN_NEW","NONUNIQUE","1","ITEM_SUB_MST_ID"
"839","ITEM_TRANSACTIONS","IDX_ITEMTRAN_NEW","NONUNIQUE","2","FROM_BR_MST_ID"
"840","ITEM_TRANSACTIONS","IDX_ITEMTRAN_NEW","NONUNIQUE","3","TRANSACTION_DATE"
"841","ITEM_TRANSACTIONS","IDX_ITEMTRAN_NEW","NONUNIQUE","4","SYS_NC00044$"
"842","ITEM_TRANSACTIONS","IDX_ITEMTRAN_NEW","NONUNIQUE","5","SYS_NC00045$"
"843","ITEM_TRANSACTIONS","PK_ITEM_TRANS_DET_ID","UNIQUE","1","ITEM_TRANS_DET_ID"
"844","KIOS_CODES","PK_KIOS_CODE_ID","UNIQUE","1","KIOS_CODE_ID"
"845","KIOS_CODES","UK_KIOS_PARAM_FLAG","UNIQUE","1","KIOS_VENDOR_MST_ID"
"846","KIOS_CODES","UK_KIOS_PARAM_FLAG","UNIQUE","2","CODE_TYPE"
"847","KIOS_CODES","UK_KIOS_PARAM_FLAG","UNIQUE","3","PARAM_FLAG"
"848","KIOS_MACH_MASTER","PK_KIOS_MAC_MST_ID","UNIQUE","1","KIOS_MAC_MST_ID"
"849","KIOS_MACH_MASTER","UK_KIOS_MAC_KIOS_CODE","UNIQUE","1","KIOS_CODE"
"850","KIOS_REQUEST","PK_KIOS_REQUECT_ID","UNIQUE","1","KIOSREQ_MST_ID"
"851","KIOS_RESPONCE","PK_KIOS_RESPONCE_ID","UNIQUE","1","KIOS_RESPONCE_ID"
"852","KIOS_STANDARD_FIELD","PK_KIOS_STAN_ID","UNIQUE","1","KIOS_FIELD_ID"
"853","KIOS_STANDARD_FIELD","UK_KIOS_STAN_FIELD_CD","UNIQUE","1","FIELD_CODE"
"854","KIOS_VENDOR_MASTER","PK_KIOS_VENDOR_MST_ID","UNIQUE","1","KIOS_VENDOR_MST_ID"
"855","LC_BILL_DETAILS","PK_BILL_DET_ID","UNIQUE","1","BILL_DET_ID"
"856","LC_CHARGES_DETAILS","PK_LC_CHG_DET_ID","UNIQUE","1","LC_CHG_DET_ID"
"857","LC_CHARGES_MASTER","PK_LC_CHG_MST_ID","UNIQUE","1","LC_CHG_MST_ID"
"858","LC_CONSIGN_DETAILS","PK_LC_CONSIGN_ID","UNIQUE","1","LC_CONSIGN_ID"
"859","LC_DETAILS","PK_LC_DET_ID","UNIQUE","1","LC_DET_ID"
"860","LC_DOCUMENT_DETAILS","PK_LC_DOC_DET_ID","UNIQUE","1","LC_DOC_DET_ID"
"861","LC_DOCUMENT_MASTER","PK_LC_DOC_MST_ID","UNIQUE","1","DOC_MST_ID"
"862","LC_INSU_DETAILS","PK_LC_INSU_DET_ID","UNIQUE","1","LC_INSU_DET_ID"
"863","LC_INVOICE_DETAILS","PK_LC_INVOICE_DET_ID","UNIQUE","1","LC_INVOICE_DET_ID"
"864","LC_PAYMENT_DETAILS","PK_LC_PAY_DET_ID","UNIQUE","1","LC_PAY_DET_ID"
"865","LC_TRANSACTION","PK_LC_TRAN_DET_ID","UNIQUE","1","LC_TRAN_DET_ID"
"866","LC_TYPE_MASTER","PK_LC_TYPE_MST_TYPE_ID","UNIQUE","1","LC_TYPE_ID"
"867","LEASE_DEPRI_SCHEDULE","PK_LEASE_DEPRI_SCH_ID","UNIQUE","1","LEASE_DEPRI_SCH_ID"
"868","LEASE_DETAILS","PK_LEASE_MST_ID","UNIQUE","1","LEASE_MST_ID"
"869","LEASE_DOC_DETAILS","PK_LEASE_DOC_DET_ID","UNIQUE","1","LEASE_DOC_DET_ID"
"870","LEASE_FEE_DETAILS","FK_LEASE_PAY_MST_ID","UNIQUE","1","LEASE_PAY_MST_ID"
"871","LEASE_INTEREST_SCHEDULE","PK_LEASE_INT_SCH_ID","UNIQUE","1","LEASE_INT_SCH_ID"
"872","LEASE_SUPPLIER_MASTER","PK_LEASE_SUPP_MST_ID","UNIQUE","1","LEASE_SUPP_MST_ID"
"873","LEASE_SUPPLIER_OPERATOR","PK_LEASE_SUPP_OPER_DET_ID","UNIQUE","1","LEASE_SUPP_OPER_DET_ID"
"874","LEASE_TRANSACTION","PK_LEASE_TRAN_DET_ID","UNIQUE","1","LEASE_TRAN_DET_ID"
"875","LEASE_TYPE_CONFIG","PK_LEASE_TYPE_ID","UNIQUE","1","LEASE_TYPE_ID"
"876","LETTER_FORMAT","PK_LETTER_FMT_ID","UNIQUE","1","LETTER_FMT_ID"
"877","LIEN_DETAILS","PK_LIEN_DETAILS_ID","UNIQUE","1","LIEN_DET_ID"
"878","LIVESTOCK_DETAILS","PK_LIVESTOCKDET_MST_ID","UNIQUE","1","LIVE_LOAN_MST_ID"
"879","LOAN_APPRAISAL_TYPE","PK_LOAN_APPRAI_TYPE_ID","UNIQUE","1","LOAN_APPR_TYPE_ID"
"880","LOAN_APPR_FIN_TYPES","PK_LOAN_APPR_FINID","UNIQUE","1","LOAN_APPR_FIN_ID"
"881","LOAN_APPR_MAPPING_DETAIL","PK_LOAN_APPR_MAP_ID","UNIQUE","1","APPR_TEMP_MAPP_ID"
"882","LOAN_APPR_OCCU_TYPES","PK_LOAN_APPR_OCC_ID","UNIQUE","1","LOAN_APPR_OCCU_ID"
"883","LOAN_APPR_TEMPLATE_DETAIL","PK_LOAN_APR_TEMP_DET_ID","UNIQUE","1","APPR_TEMP_DET_ID"
"884","LOAN_APPR_TEMPLATE_MASTER","PK_LOAN_APPR_TEMP_MAST_ID","UNIQUE","1","APPR_TEMP_MST_ID"
"885","LOAN_APPR_TRANS_DETAILS","PK_TRANS_DET_ID","UNIQUE","1","APPR_TRANS_DET_ID"
"886","LOAN_BOOK_DETAILS","PK_LOAN_BOOK_DET_ID","UNIQUE","1","LOAN_BOOK_DET_ID"
"887","LOAN_BOOK_DETAILS_ALL","PK_LOAN_BOOK_DET_ID_A","UNIQUE","1","LOAN_BOOK_DET_ID_A"
"888","LOAN_BOOK_MAPPING","SYS_C0087960","UNIQUE","1","LOAN_BOOK_MAP_ID"
"889","LOAN_DISBURSMENT_SCHEDULE","IDX_LOANDIS_NEWSUBNO","NONUNIQUE","1","NEW_AC_NUMBER"
"890","LOAN_DISBURSMENT_SCHEDULE","IDX_LOANDIS_NEWSUBNO","NONUNIQUE","2","SUB_ACCOUNT_NO"
"891","LOAN_DISBURSMENT_SCHEDULE","PK_LOADISBSCHEDULE","UNIQUE","1","LOAN_DISB_DET_ID"
"892","LOAN_DP_DETAILS","IDX_LN_DP_NEWSUBACNO","NONUNIQUE","1","NEW_AC_NUMBER"
"893","LOAN_DP_DETAILS","IDX_LN_DP_NEWSUBACNO","NONUNIQUE","2","SUB_ACCOUNT_NO"
"894","LOAN_DP_DETAILS","PK_LN_DP_DET_DRWNG_PWR_DETID","UNIQUE","1","DRAWING_POWER_DET_ID"
"895","LOAN_INSURANCE_DETAILS","IDX_LN_INS_NEW_SUB_ACNO","NONUNIQUE","1","NEW_AC_NUMBER"
"896","LOAN_INSURANCE_DETAILS","IDX_LN_INS_NEW_SUB_ACNO","NONUNIQUE","2","SUB_ACCOUNT_NO"
"897","LOAN_INSURANCE_DETAILS","PK_LN_INS_DET_INS_DETID","UNIQUE","1","INSURANCE_DET_ID"
"898","LOAN_INT_SUBVEN_DETAILS","PK_LN_SUBVEN_DETID","UNIQUE","1","LN_SUBVEN_DETID"
"899","LOAN_INT_SUBVEN_SETTING","PK_LN_INTSUBVEN_MST_ID","UNIQUE","1","LN_INTSUBVEN_MST_ID"
"900","LOAN_RESCHEDULE_DETAILS","PK_LOAN_RESCH_DET_ID","UNIQUE","1","LOAN_RESCH_DET_ID"
"901","LOAN_SANCTION_FORWARD","PK_LOAN_SAN_DET_ID","UNIQUE","1","LOAN_SAN_DET_ID"
"902","LOAN_SECURITY_DETAILS","IDX_LNSEC_NEW_1","NONUNIQUE","1","NEW_AC_NUMBER"
"903","LOAN_SECURITY_DETAILS","IDX_LNSEC_NEW_1","NONUNIQUE","2","SUB_ACCOUNT_NO"
"904","LOAN_SECURITY_DETAILS","IDX_LNSEC_NEW_1","NONUNIQUE","3","SYS_NC00029$"
"905","LOAN_SECURITY_DETAILS","IDX_LNSEC_NEW_1","NONUNIQUE","4","SYS_NC00030$"
"906","LOAN_SECURITY_DETAILS","PK_LN_SERURITY_DET_ID","UNIQUE","1","SECURITY_DET_ID"
"907","LOAN_SHARE_LINK_CONFIG","PK_LOAN_SHARE_CONIG","UNIQUE","1","LOAN_SHARE_LINK_ID"
"908","LOAN_SUBSIDY_DETAILS","PK_LOANSUBD_MST_ID","UNIQUE","1","SUBSIDY_DET_ID"
"909","LOAN_SUBSIDY_SETTING","PK_LOAN_SUBSIDY_SETTING_ID","UNIQUE","1","SUBSIDY_SETTING_ID"
"910","LOAN_WRITEOFF_MASTER","PK_LOAN_WRITEOFF_MST_ID","UNIQUE","1","LOAN_WRITEOFF_MST_ID"
"911","LOAN_WRITEOFF_TRANS","PK_LN_WRTOFF_DET_ID","UNIQUE","1","LN_WRTOFF_DET_ID"
"912","LOCKER_BREAK_OPEN_DETAILS","PK_LOCKER_BREAK_ID","UNIQUE","1","LOCKER_BREAK_DET_ID"
"913","LOCKER_CABINET_MASTER","PK_LOCKER_CAB_MST_ID","UNIQUE","1","LOCKER_CAB_MST_ID"
"914","LOCKER_ISSUE_DEATILS","PK_LOCKER_ISSUE_DET_ID","UNIQUE","1","LOCKER_ISSUE_ID"
"915","LOCKER_MAKE_MASTER","PK_LOCKER_MAKE_MAST_ID","UNIQUE","1","LOCK_MAKE_MST_ID"
"916","LOCKER_MASTER","PK_LOCKER_MST_ID","UNIQUE","1","LOCKER_MST_ID"
"917","LOCKER_MASTER","UK_LOCKER_MAST_BRMSTLOKCNO","UNIQUE","1","LOCKER_NUMBER"
"918","LOCKER_MASTER","UK_LOCKER_MAST_BRMSTLOKCNO","UNIQUE","2","BRANCH_MST_ID"
"919","LOCKER_OPERATION_DETAILS","PK_LOCKER_OP_DET_ID","UNIQUE","1","LOCKER_OP_DET_ID"
"920","LOCKER_PASSWORD_TRAIL","PK_LOCKER_PASS_ID","UNIQUE","1","LOCKER_PASS_ID"
"921","LOCKER_RENT_CALC","PK_LOCKER_RENT_CALC_ID","UNIQUE","1","RENT_CALC_DET_ID"
"922","LOCKER_RENT_MASTER","PK_LOCKER_RENT_MAST_ID","UNIQUE","1","LOCKER_RENT_MST_ID"
"923","LOCKER_RENT_MULTI_INST","PK_LOCKER_MULTI_ID","UNIQUE","1","LOCKER_INST_ID"
"924","LOCKER_TYPE_MASTER","PK_LOCK_TYPE_MST_ID","UNIQUE","1","LOCKER_TYPE_MST_ID"
"925","LOCKER_WAITING_REGISTER","PK_LOCKER_WAIT_MST_ID","UNIQUE","1","LOCKER_WAIT_MST_ID"
"926","LOS_DISB_CHARGES_POST","PK_LO_DISB_CHARG_DET_ID","UNIQUE","1","LO_DISB_CHARG_DET_ID"
"927","LOS_REQUEST_DETAILS","PK_LOS_REQ_ID","UNIQUE","1","LOS_REQ_ID"
"928","MAIIC_CASHFLOW_REGISTER","PK_MAIIC_CASHFLOW","UNIQUE","1","RUN_ID"
"929","MAIIC_CASHFLOW_REGISTER","PK_MAIIC_CASHFLOW","UNIQUE","2","LOAN_ACCOUNT_NUMBER"
"930","MAIIC_CASHFLOW_REGISTER","PK_MAIIC_CASHFLOW","UNIQUE","3","SUB_ACCOUNT_NO"
"931","MAIIC_CASHFLOW_REGISTER","PK_MAIIC_CASHFLOW","UNIQUE","4","GL_POSTING_REF"
"932","MAIIC_FACILITY_REGISTER","PK_MAIIC_FAC_REG","UNIQUE","1","AS_OF_DATE"
"933","MAIIC_FACILITY_REGISTER","PK_MAIIC_FAC_REG","UNIQUE","2","LOAN_ACCOUNT_NUMBER"
"934","MAIIC_FACILITY_REGISTER","PK_MAIIC_FAC_REG","UNIQUE","3","SUB_ACCOUNT_NO"
"935","MAIIC_GL_INTEREST_RECOGNIZED","PK_MAIIC_GL_INT_RECON","UNIQUE","1","RUN_ID"
"936","MAIIC_GL_INTEREST_RECOGNIZED","PK_MAIIC_GL_INT_RECON","UNIQUE","2","LOAN_ACCOUNT_NUMBER"
"937","MAIIC_GL_INTEREST_RECOGNIZED","PK_MAIIC_GL_INT_RECON","UNIQUE","3","SUB_ACCOUNT_NO"
"938","MAIIC_GL_INTEREST_RECOGNIZED","PK_MAIIC_GL_INT_RECON","UNIQUE","4","GL_ACCOUNT_CODE"
"939","MAIIC_GL_INTEREST_RECOGNIZED","PK_MAIIC_GL_INT_RECON","UNIQUE","5","PERIOD_TYPE"
"940","MAIIC_GL_INTEREST_RECOGNIZED","PK_MAIIC_GL_INT_RECON","UNIQUE","6","PERIOD_YEAR"
"941","MAIIC_GL_INTEREST_RECOGNIZED","PK_MAIIC_GL_INT_RECON","UNIQUE","7","PERIOD_MONTH"
"942","MANUAL_CHARGES_MASTER","PK_MANUAL_CHAR_MST_ID","UNIQUE","1","CHARGES_MST_ID"
"943","MEETING_MEMBER_DETAILS","PK_MEETING_MEM_DET_ID","UNIQUE","1","MEETING_MEM_DET_ID"
"944","MEETING_REVIEW_DETAILS","PK_MEETING_REVIW_DET_ID","UNIQUE","1","MEETING_REVIW_DET_ID"
"945","MEMBER_MASTER","PK_MEMBER_NO","UNIQUE","1","MEMBER_MST_ID"
"946","MEMBER_MASTER","UK_MEMBER_NO","UNIQUE","1","MEMBER_NO"
"947","MEMBER_MASTER","UK_MEMBER_NO","UNIQUE","2","MEMBER_TYPE"
"948","MENU_ICON","PK_MENUICON_MST_ID","UNIQUE","1","MENU_ICON_MST_ID"
"949","MENU_LOG_DETAILS","PK_MENULOG_DET_ID","UNIQUE","1","LOG_DET_ID"
"950","MENU_MASTER","PK_MENU_MST_ID","UNIQUE","1","MENU_MST_ID"
"951","MISC_RECEIVABLE","IDX_GLCODE","NONUNIQUE","1","GLCODE"
"952","MISC_RECEIVABLE","IDX_GLCODE","NONUNIQUE","2","CHARGES_MODULE_TYPE"
"953","MISC_RECEIVABLE","IDX_MISC_NEWACSUBAC","NONUNIQUE","1","NEW_AC_NUMBER"
"954","MISC_RECEIVABLE","IDX_MISC_NEWACSUBAC","NONUNIQUE","2","SUB_ACCOUNT_NO"
"955","MISC_RECEIVABLE","IDX_MISC_NEWACSUBAC","NONUNIQUE","3","TRANSACTION_DATE"
"956","MISC_RECEIVABLE","IDX_MISC_NEWACSUBAC","NONUNIQUE","4","CHG_DET_ID"
"957","MISC_RECEIVABLE","IDX_MISC_NEWACSUBAC","NONUNIQUE","5","DELETE_FLAG"
"958","MISC_RECEIVABLE","PK_MISCREC_DET_ID","UNIQUE","1","REC_DET_ID"
"959","MISC_REC_CHG_MASTER","PK_MISC_CHG_DET_ID","UNIQUE","1","CHG_DET_ID"
"960","MIS_SMS_NUMBER","PK_MIS_MST_ID","UNIQUE","1","MIS_MST_ID"
"961","MOB_BANKING_CODES","PK_MOB_BANK_CODE_ID","UNIQUE","1","MOB_BANK_CODE_ID"
"962","MOB_BANK_PENDING_REQUEST","PK_REV_PEND_REQ_MST_ID","UNIQUE","1","REV_PEND_REQ_MST_ID"
"963","MOB_BANK_REQUEST","PK_MOB_DET_ID","UNIQUE","1","MOB_BANK_REQ_DET_ID"
"964","MOB_BANK_REQUEST_LOG","PK_MOB_BANK_REQ_LOG_ID","UNIQUE","1","MOB_BANK_REQ_LOG_ID"
"965","MOB_FULLSTMT_REQ","PK_FULLSTMT_REQ_DETID","UNIQUE","1","FULLSTMT_REQ_DETID"
"966","MODIFICATION_LOG","PK_MODIFICATION_LOG_DET_ID","UNIQUE","1","MOD_LOG_DET_ID"
"967","MODULE_MASTER","PK_MODULE_MST_ID","UNIQUE","1","MODULE_MST_ID"
"968","MODULE_MASTER","UK_MODULE_DESC","UNIQUE","1","MODULE_DESC"
"969","MT_REQ_RES_DETAIL","PK_MT_REQ_RES_ID","UNIQUE","1","MT_REQ_RES_ID"
"970","MULTI_FORMAT_REPORT_OLD","PK_MULTI_FORMAT_REPORT_ID","UNIQUE","1","MULTI_FORMAT_REPORT_ID"
"971","MULTI_INST_DETAILS","IDX_MULTINEWACSUBAC","NONUNIQUE","1","NEW_AC_NUMBER"
"972","MULTI_INST_DETAILS","IDX_MULTINEWACSUBAC","NONUNIQUE","2","SUB_ACCOUNT_NO"
"973","MULTI_INST_DETAILS","IDX_MULTINEWACSUBAC","NONUNIQUE","3","SYS_NC00028$"
"974","MULTI_INST_DETAILS","IDX_MULTI_NEWSUBACNO","NONUNIQUE","1","NEW_AC_NUMBER"
"975","MULTI_INST_DETAILS","IDX_MULTI_NEWSUBACNO","NONUNIQUE","2","SUB_ACCOUNT_NO"
"976","MULTI_INST_DETAILS","PK_MULTI_INST_DET_ID","UNIQUE","1","INST_DET_ID"
"977","MULTI_REPORT_DETAILS_OLD","PK_REPORT_TEMPLATE_ID","UNIQUE","1","REPORT_TMP_DET_ID"
"978","NFS_TRAN_SETTING","PK_NFS_TRAN_DET_ID","UNIQUE","1","NFS_TRAN_DET_ID"
"979","NOMINEE_DETAILS","PK_NOMINEE_DETAILS_DET_ID","UNIQUE","1","NOMINEE_DET_ID"
"980","NPA_CALCULATION_SETTING","PK_NPA_CAL_SETTING_ID","UNIQUE","1","NPA_CALC_SETTING_ID"
"981","NPA_CLASS_PARAMETERS","PK_NPACLASS_PR_NPACLASS_PRAID","UNIQUE","1","NPA_CLASS_PARAM_ID"
"982","NPA_DETAILS","IDX_NPA_DETAILS_ACBRMSTIDDATE","NONUNIQUE","1","AC_BRANCH_MST_ID"
"983","NPA_DETAILS","IDX_NPA_DETAILS_ACBRMSTIDDATE","NONUNIQUE","2","NPA_CALC_DATE"
"984","NPA_DETAILS","IDX_NPA_DET_NEWSUBACNO","NONUNIQUE","1","NEW_AC_NUMBER"
"985","NPA_DETAILS","IDX_NPA_DET_NEWSUBACNO","NONUNIQUE","2","SUB_AC_NUMBER"
"986","NPA_DETAILS","PK_NPA_DETAILS_ID","UNIQUE","1","NPA_DET_ID"
"987","NPA_LOSS_ASSET","PK_NPA_LOSS_ASSET_ID","UNIQUE","1","NPA_LOSS_ASSET_ID"
"988","NPA_REASON_MASTER","PK_NPA_REASON_MAST_ID","UNIQUE","1","NPA_REASON_ID"
"989","OBC_DETAILS","PK_OBC_DETAILS","UNIQUE","1","OBC_DET_ID"
"990","OBC_IBC_BATCH_DETAILS","PK_OBC_IBC_BATCH_ID","UNIQUE","1","OBC_IBC_BATCH_ID"
"991","OBC_IBC_TYPE","PK_IBC_OBC_TYPE_ID","UNIQUE","1","OBC_IBC_TYPE_ID"
"992","OD_DEDUCTION_MASTER","PK_ODMASTER_ODID","UNIQUE","1","OD_MST_ID"
"993","OFFLINE_BATCH_MASTER","PK_OFF_BATCH_MST_ID","UNIQUE","1","OFF_BATCH_MST_ID"
"994","OFFLINE_BATCH_SETTING","PK_OFFLINE_BATCH_DET_ID","UNIQUE","1","OFF_BATCH_DET_ID"
"995","OFFLINE_BATCH_TRANS","PK_OFF_BATCH_TRAN_ID","UNIQUE","1","OFF_BATCH_TRAN_ID"
"996","OPERATION_DETAILS","PK_OPERATION_DET_ID","UNIQUE","1","OPERATION_DET_ID"
"997","OPERATION_DETAILS","UK_OPERATION_DET_TRANDATE","UNIQUE","1","OPERATION_BRANCH_ID"
"998","OPERATION_DETAILS","UK_OPERATION_DET_TRANDATE","UNIQUE","2","TRANSACTION_DATE"
"999","OPERATION_DETAILS","UK_OPERATION_DET_TRANDATE","UNIQUE","3","OPERATION_ID"
"1000","OPERATOR_DETAILS","IDX_OPER_NEWSUBNO","NONUNIQUE","1","NEW_AC_NUMBER"
"1001","OPERATOR_DETAILS","IDX_OPER_NEWSUBNO","NONUNIQUE","2","SUB_ACCOUNT_NO"
"1002","OPERATOR_DETAILS","PK_OPERDETID","UNIQUE","1","OPERATOR_DET_ID"
"1003","OSS_PARAMETERS","PK_PARAM_DET_ID","UNIQUE","1","PARAM_DET_ID"
"1004","OTH_BRANCH_CONFIGURATION","PK_OP_CONF_DET_ID","UNIQUE","1","OP_CONF_DET_ID"
"1005","OTH_BR_USER_RIGHT_MASTER","PK_OTH_BRANCH_DET_ID","UNIQUE","1","OTH_BRANCH_DET_ID"
"1006","OTP_DETAILS","PK_OTP_DET_ID","UNIQUE","1","OTP_DET_ID"
"1007","OTP_TYPE_MASTER","PK_OTP_TYPE_MSTID","UNIQUE","1","OTP_TYPE_MST_ID"
"1008","OTP_TYPE_MASTER","UK_OTP_TYPE_SHRTNAME","UNIQUE","1","OTP_SHORT_NAME"
"1009","OTS_DETAILS","PK_OTS_DET_ID","UNIQUE","1","OTS_DET_ID"
"1010","OTS_DET_LOG","PK_OTS_DET_LOG_ID","UNIQUE","1","OTS_DET_LOG_ID"
"1011","OT_SETTING_MASTER","PK_OT_SETTING_MST_ID","UNIQUE","1","OT_SETTING_MST_ID"
"1012","OVD_NPA_LOCK_DETAILS","PK_OVD_NPA_LOCK_ID","UNIQUE","1","OD_LOCK_MST_ID"
"1013","OVERDUE_DETAILS","IDX_OVERDUE_DET_NEWSUBACNO","NONUNIQUE","1","NEW_AC_NUMBER"
"1014","OVERDUE_DETAILS","IDX_OVERDUE_DET_NEWSUBACNO","NONUNIQUE","2","SUB_AC_NUMBER"
"1015","OVERDUE_DETAILS","PK_OVERDUE_DETAILS_ID","UNIQUE","1","OVERDUE_DET_ID"
"1016","OVERDUE_DETAILS","UK_OVERDUE_OVDDT_NEWSUBAC","UNIQUE","1","AC_BRANCH_MST_ID"
"1017","OVERDUE_DETAILS","UK_OVERDUE_OVDDT_NEWSUBAC","UNIQUE","2","OVD_CALC_DATE"
"1018","OVERDUE_DETAILS","UK_OVERDUE_OVDDT_NEWSUBAC","UNIQUE","3","GLCODE"
"1019","OVERDUE_DETAILS","UK_OVERDUE_OVDDT_NEWSUBAC","UNIQUE","4","NEW_AC_NUMBER"
"1020","OVERDUE_DETAILS","UK_OVERDUE_OVDDT_NEWSUBAC","UNIQUE","5","SUB_AC_NUMBER"
"1021","OW_CLG_DETAILS","PK_OW_CLG_DET_ID","UNIQUE","1","OW_CLG_DET_ID"
"1022","OW_CLG_FILENAME_FORMAT","PK_OW_CLG_FILENAME_ID","UNIQUE","1","OW_CLG_FILENAME_ID"
"1023","OW_CLG_FILE_FORMAT","PK_OW_CLG_FIELD_ID","UNIQUE","1","OW_CLG_FIELD_ID"
"1024","OW_CLG_FILE_IMPORT","PK_OW_CLG_FILE_ID","UNIQUE","1","OW_CLG_FILE_ID"
"1025","OW_CLG_RESP_HIST","PK_OW_CLG_RESP_HIST_ID","UNIQUE","1","OW_CLG_RESP_HIST_ID"
"1026","OW_CLG_STRING_DETAILS","PK_OW_CLG_STR_DET_ID","UNIQUE","1","OW_CLG_STR_DET_ID"
"1027","OW_CLG_SWITCH_MASTER","PK_OW_CLG_SWITCH_MST_ID","UNIQUE","1","OW_CLG_SWITCH_MST_ID"
"1028","PACS_SHARE_SETTING","PK_PACS_SHARE_SETT_ID","UNIQUE","1","PAC_SHR_MST_ID"
"1029","PAC_BATCH_TRANS","PK_PAC_BATCH_TRAN_ID","UNIQUE","1","PAC_BATCH_TRAN_ID"
"1030","PAC_CODE_DETAILS","PK_PAC_CODE_MSTID","UNIQUE","1","PAC_CODE_MST_ID"
"1031","PAC_MEM_AC_DETAILS","PK_PAC_MEM_AC_ID","UNIQUE","1","PAC_MEM_AC_ID"
"1032","PAC_MEM_AC_DETAILS","UK_PAC_MEMACNO_MEMNO","UNIQUE","1","NEW_AC_NUMBER"
"1033","PAC_MEM_AC_DETAILS","UK_PAC_MEMACNO_MEMNO","UNIQUE","2","SUB_AC_NUMBER"
"1034","PAC_MEM_AC_DETAILS","UK_PAC_MEMACNO_MEMNO","UNIQUE","3","PAC_MEM_ID"
"1035","PAC_MEM_CHARTWISE_OVD","PK_PAC_MEM_OVDDET_ID","UNIQUE","1","PAC_MEM_OVDDET_ID"
"1036","PAC_MEM_DISB_DETAILS","PK_PAC_MEM_DISBID","UNIQUE","1","PAC_MEM_DISB_ID"
"1037","PAC_MEM_INST_DETAILS","PK_PAC_MEM_INSTID","UNIQUE","1","PAC_MEM_INST_ID"
"1038","PAC_MEM_MAST","PK_PAC_MEM_MAST_ID","UNIQUE","1","PAC_MEM_MST_ID"
"1039","PAC_MEM_MAST","UK_PAC_MEM_SOID_MEM_NO","UNIQUE","1","PAC_SOCIETY_ID"
"1040","PAC_MEM_MAST","UK_PAC_MEM_SOID_MEM_NO","UNIQUE","2","PAC_MEM_NUMBER"
"1041","PAC_MEM_OVERDUE_DETAILS","PK_PAC_MEM_CHART_OVD_ID","UNIQUE","1","PAC_MEM_OVDDET_ID"
"1042","PAC_MEM_PROP_DETAILS","PK_PAC_MEME_PROP_ID","UNIQUE","1","PAC_MEM_PROP_ID"
"1043","PAC_MEM_PROP_DETAILS","UK_PAC_MEM_ID_PRP_ID","UNIQUE","1","PAC_MEM_ID"
"1044","PAC_MEM_PROP_DETAILS","UK_PAC_MEM_ID_PRP_ID","UNIQUE","2","PROPERTY_ID"
"1045","PAC_MEM_SANC_DETAILS","PK_PAC_MEM_SANC_ID","UNIQUE","1","PAC_MEM_SANC_ID"
"1046","PAC_MEM_TRANS","PK_PAC_MEM_TRANID","UNIQUE","1","PAC_MEM_TRAN_ID"
"1047","PAC_NOMINEE_DETAILS","PK_PAC_NOM_DET_OD","UNIQUE","1","PAC_NOMINEE_DET_ID"
"1048","PAC_PURPOSE_MASTER","PK_PAC_PURP_MSTID","UNIQUE","1","PAC_PURP_MST_ID"
"1049","PAC_PURPOSE_SCHEDULE","PK_PAC_SCH_MSTID","UNIQUE","1","PAC_SCH_MST_ID"
"1050","PAC_SANC_DETAILS","PK_PAC_SANC_MST_ID","UNIQUE","1","PAC_SANC_MST_ID"
"1051","PAC_SOCIETY_MAST","PK_PAC_SOCIETY_ID","UNIQUE","1","PAC_SOCIETY_ID"
"1052","PARAMETER_MASTER_LOG","PK_PARA_MAST_LOG_ID","UNIQUE","1","PARA_MAST_LOG_ID"
"1053","PARAM_TABLE","PK_PARAM_ID","UNIQUE","1","PARAM_ID"
"1054","PA_INSURANCE_DETAILS","IDX_PA_INSU_BRMSTIDTRANDR_POST","NONUNIQUE","1","O_BRANCH_MST_ID"
"1055","PA_INSURANCE_DETAILS","IDX_PA_INSU_BRMSTIDTRANDR_POST","NONUNIQUE","2","TRANSACTION_DATE"
"1056","PA_INSURANCE_DETAILS","IDX_PA_INSU_BRMSTIDTRANDR_POST","NONUNIQUE","3","POSTED_FLAG"
"1057","PA_INSURANCE_DETAILS","PK_PA_ISNU_DETAILS_ID","UNIQUE","1","PA_INSU_DET_ID"
"1058","PA_INSURANCE_SLAB","PK_PA_INSU_SLAB_MST_ID","UNIQUE","1","PA_INSU_MST_ID"
"1059","PCG_PERFORMANCE","PK_PCG_PERFORMA_DET_ID","UNIQUE","1","PCG_PERFORMA_DET_ID"
"1060","PDC_DETAILS","PK_PDC_DETAILS_ID","UNIQUE","1","PDC_DET_ID"
"1061","PD_AC_MASTER","PK_PD_AC_MST_ID","UNIQUE","1","PD_AC_MST_ID"
"1062","PD_SETTING_MASTER","PK_PD_SET_MST_ID","UNIQUE","1","PD_SET_MST_ID"
"1063","PD_VENDOR_MASTER","PK_PD_VENDOR_MST_ID","UNIQUE","1","PD_VENDOR_MST_ID"
"1064","PIGMY_COMM_SLAB_MASTER","PK_PIGMY_COMMSLAB_ID","UNIQUE","1","AGENT_COM_SLAB_ID"
"1065","PIGMY_FILE_TEMP_DATA","PK_PIGMY_FILE_TEMP_DATA","UNIQUE","1","PIG_FILE_DET_ID"
"1066","PIGMY_MACHINE_TEMPLATE","PK_PIGMY_MACHINE_TEMP_ID","UNIQUE","1","PIG_MAC_DET_ID"
"1067","PIGMY_MACHINE_TYPE_MASTER","PK_PIGMY_MACHINE_TYPE_ID","UNIQUE","1","PIG_MAC_TYPE_ID"
"1068","PIGMY_TRANSFER_DETAILS","PK_PIGMY_TRF_DET_ID","UNIQUE","1","PIGMY_TRF_DET_ID"
"1069","PIGMY_TRANSFER_PARAMETERS","PK_PIGMY_TRF_PARA_ID","UNIQUE","1","PIGMY_TRF_MST_ID"
"1070","PIGMY_TRF_AC_SETTING","PK_PIGMY_TRF_AC_SET_ID","UNIQUE","1","PIGMY_TRF_DET_ID"
"1071","PLR_MASTER","PK_PLR_MASTER_PLR_MST_ID","UNIQUE","1","PLR_MST_ID"
"1072","PM_BIMA_PREMIUM_MASTER","PK_PM_BIMA_PRE_MST_ID","UNIQUE","1","PM_BIMA_PRE_MST_ID"
"1073","PM_BIMA_YOJNA_MASTER","PK_PM_YOJNA_MST_ID","UNIQUE","1","PM_YOJNA_MST_ID"
"1074","POS_CHARGES_MAST","PK_POS_CHG_MST_ID","UNIQUE","1","POS_CHG_MST_ID"
"1075","POS_CHARGES_SLAB","PK_POS_CHG_SLAB_ID","UNIQUE","1","POS_CHG_SLAB_ID"
"1076","PRINTING_INSTRUMENT_TYPE","PK_PRINTING_INST_TYPE_ID","UNIQUE","1","PRN_INSTU_TYPE_ID"
"1077","PROBABLE_BS_SETTING","PK_PROB_BS_SET_ID","UNIQUE","1","PROB_BS_SET_ID"
"1078","PROBABLE_TRIAL_BALANCE","PK_PROBABLE_DET_ID","UNIQUE","1","PROBABLE_DET_ID"
"1079","PROCUREMENT_BUDGET_DETAILS","PK_PROCURE_BUDGET_DET_ID","UNIQUE","1","PROCURE_BUDGET_DET_ID"
"1080","PROCUREMENT_PLAN_DETAILS","PK_PROCUREMENT_PLAN_DET_ID","UNIQUE","1","PROCUREMENT_PLAN_DET_ID"
"1081","PROCURE_BUDGET_APP_MOVE","PK_PRO_BUDGET_APP_MOV_ID","UNIQUE","1","PRO_BUDGET_APP_MOV_ID"
"1082","PROC_PLAN_APPROVE_MOVEMENT","PK_PROCURE_PLAN_APP_MOV_ID","UNIQUE","1","PROCURE_PLAN_APP_MOV_ID"
"1083","PROMO_CHARGES_MASTER","PK_PROMO_CHRG_MST_ID","UNIQUE","1","PROMO_CHRG_MST_ID"
"1084","PROPERTY_MORTGAGE_DETAILS","PK_PRO_MORT_DET_ID","UNIQUE","1","LOAN_MORT_DET_ID"
"1085","PURCHASE_BILL_DETAILS","PK_PURCHASE_BILL_MST_ID","UNIQUE","1","BILL_MST_ID"
"1086","PURCHASE_DM_DETAILS","PK_PURCH_DM_DET_ID","UNIQUE","1","PURC_DM_DET_ID"
"1087","PURCHASE_ORDER_DETAILS","PK_PURCH_ORDER_DET_ID","UNIQUE","1","PO_DET_ID"
"1088","PURCHASE_ORDER_MASTER","PK_PURCH_ORDER_MST_ID","UNIQUE","1","PO_MST_ID"
"1089","PURPWISE_SANCTION_DETAILS","PK_PURP_SANC_DET_ID","UNIQUE","1","PURP_SANC_DET_ID"
"1090","P_AMOUNTWISE_SLAB","PK_P_AMOUNTWISE_ID","UNIQUE","1","AMT_SLAB_MST_ID"
"1091","P_ASSESMENT_DETAILS","PK_ASSESMENT_DET_ID","UNIQUE","1","ASSESMENT_DET_ID"
"1092","P_ATTENDANCE_DETAILS","PK_P_ATTEND_DETAILT_ID","UNIQUE","1","ATT_DET_ID"
"1093","P_ATTENDANCE_MASTER","PK_P_ATTENDENCE_MAST_ID","UNIQUE","1","ATT_MST_ID"
"1094","P_BENOFUND_SLAB_MASTER","PK_P_BENOFUND_SLAB_MST_ID","UNIQUE","1","BENOFUND_MST_ID"
"1095","P_BONUS_DETAILS","PK_P_BONUS_DETAILS_ID","UNIQUE","1","BONUS_DET_ID"
"1096","P_BONUS_MASTER","PK_P_BONUS_MASTER_ID","UNIQUE","1","BONUS_MST_ID"
"1097","P_DA_SLAB_MASTER","PK_P_DA_SLAB_MASTER_ID","UNIQUE","1","DA_SLAB_MST_ID"
"1098","P_DEDUCTION_FREQUENCY_MAST","PK_PDEDFREMST_ID","UNIQUE","1","DED_FREQUENCY_MST_ID"
"1099","P_DESIG_AUTH_MASTER","PK_PDESIGAUTHMASTID","UNIQUE","1","DESIG_AUTH_ID"
"1100","P_EARNING_DETAIL_DETAILS","PK_P_EARNING_DETAIL_DETAILS_ID","UNIQUE","1","EARN_DET_ID"
"1101","P_EARNING_DETAIL_MASTER","PK_PEARNDETMAST","UNIQUE","1","EARN_DET_MST_ID"
"1102","P_EARN_DET_MAP_DETAILS","PK_P_EARN_DET_AMP_DET_ID","UNIQUE","1","EARN_DET_HEAD_DET_ID"
"1103","P_EMPLOYEE_ATTENDANCE","PK_P_EMP_ATTENDENCE_ID","UNIQUE","1","EMPLOYEE_ATT_DET_ID"
"1104","P_EMPLOYEE_FIXEARN_DETAILS","PK_P_EMP_FIXEARN_DET_ID","UNIQUE","1","EMP_FIXPAY_DET_ID"
"1105","P_EMPLOYEE_INCREMENT_MAST","PK_P_EMP_INCRE_MAST_ID","UNIQUE","1","EMPLOYEE_INC_DET_ID"
"1106","P_EMPLOYEE_LTC","PK_EMP_LTC_ID","UNIQUE","1","EMP_LTC_ID"
"1107","P_EMPLOYEE_SALARY_DATA","PK_P_EMPSALDATAID","UNIQUE","1","EMPLOYEE_SALARY_ID"
"1108","P_EMPLOYEE_SALARY_DETAILS","PK_PEMPLOYEE_SAL_DET_ID","UNIQUE","1","EMPLOYEE_SALARY_DET_ID"
"1109","P_EMPLOYEE_SALARY_REGISTER","IDX_EARNDETMONTHYEAR","NONUNIQUE","1","EMPLOYEE_MST_ID"
"1110","P_EMPLOYEE_SALARY_REGISTER","IDX_EARNDETMONTHYEAR","NONUNIQUE","2","MONTH"
"1111","P_EMPLOYEE_SALARY_REGISTER","IDX_EARNDETMONTHYEAR","NONUNIQUE","3","YEAR"
"1112","P_EMPLOYEE_SALARY_REGISTER","IDX_EARNDETMONTHYEAR","NONUNIQUE","4","CALC_TYPE_MST_ID"
"1113","P_EMPLOYEE_SALARY_REGISTER","PK_P_EMP_SAL_REG_ID","UNIQUE","1","EMP_SALARYREG_DET_ID"
"1114","P_EMPLOYEE_SALARY_SUMMARY","PK_EMP_SAL_SUMMARY_ID","UNIQUE","1","EMP_SAL_SUM_ID"
"1115","P_EMP_DAILY_ATTENDANCE","PK_P_EMP_DAILY_ATT_ID","UNIQUE","1","EMP_DAILY_ATT_ID"
"1116","P_EMP_EXCEPTION_DETAILS","PK_EMP_EXC_DETAILS_ID","UNIQUE","1","EMP_EXCP_DET_ID"
"1117","P_EMP_FIXEARN_DET_HIST","PK_P_EMPFIX_DET_HIST_ID","UNIQUE","1","EMPFIX_DET_HIST_ID"
"1118","P_EMP_SALARY_REG_TEMP","PK_P_EMP_SAL_REG_TEMPID","UNIQUE","1","EMP_SALARYREG_DET_ID"
"1119","P_EMP_SALARY_SUMMARY_TEMP","PK_P_EMP_SAL_SUM_ID","UNIQUE","1","EMP_SAL_SUM_ID"
"1120","P_EMP_TRF_DETAILS","PK_P_EMP_TRF_DETAILS_ID","UNIQUE","1","EMP_TRF_ID"
"1121","P_ENCASHMENT_MASTER","PK_P_ENCASHMENT_MAST_ID","UNIQUE","1","ENCASH_MST_ID"
"1122","P_ENCASH_TRANSACTION","PK_P_ENCASH_TRANSACTION_ID","UNIQUE","1","ENCASH_TRAN_MST_ID"
"1123","P_FORM16_DETAILS","PK_FORM16_DETAILS_ID","UNIQUE","1","FORM16_DET_ID"
"1124","P_GRATUITY_ENCASH_DETAILS","PK_P_GRA_ENCASH_DET_ID","UNIQUE","1","GRA_ENCASH_DET_ID"
"1125","P_GRATUITY_ENCASH_MASTER","PK_GRATU_ENCASH_MST_ID","UNIQUE","1","GRA_ENCASH_MST_ID"
"1126","P_GRATUITY_MASTER","PK_GRATUITY_MAST_ID","UNIQUE","1","GRATUITY_MST_ID"
"1127","P_INSURANCE_DETAILS","PK_P_INSUR_DETAILS_ID","UNIQUE","1","INSURANCE_DET_ID"
"1128","P_INVESTMENT_MASTER","PK_P_INVESTMENT_MAST_ID","UNIQUE","1","INVESTMENT_ID"
"1129","P_IT_DATA","PK_P_IT_DATAID","UNIQUE","1","IT_DATA_ID"
"1130","P_IT_SLAB_MASTER","PK_PIT_SLAB_MST_ID","UNIQUE","1","IT_SLAB_MST_ID"
"1131","P_LEAVE_APPLICATION","PK_LEAVE_APPLI_ID","UNIQUE","1","LEAVE_APPLI_ID"
"1132","P_LEAVE_AREARS_MAST","PK_P_LEAVE_AREARS_MAST_ID","UNIQUE","1","LEAVE_AR_MAST_ID"
"1133","P_LEAVE_FIN_YEAR_MASTER","PK_FIN_YEAR_MST_ID","UNIQUE","1","FIN_YEAR_MST_ID"
"1134","P_LEAVE_MASTER","PK_LEAVEMST_MST_ID","UNIQUE","1","LEAVE_MST_ID"
"1135","P_LEAVE_SAL_DEDUCTION","PK_P_LEAVE_SAL_DEDID","UNIQUE","1","LEAVE_SAL_DED_ID"
"1136","P_LEAVE_TRANSACTION","PK_LEAVE_TRANS_ID","UNIQUE","1","LEAVE_TRANS_ID"
"1137","P_LOAN_DETAILS","PK_P_LOAN_DETAILS_ID","UNIQUE","1","LOAN_DET_ID"
"1138","P_MWF_SLAB_MASTER","PK_P_MWF_SLAB_MAST_ID","UNIQUE","1","MWF_MST_ID"
"1139","P_NSC_INT_DETAILS","PK_NSC_INTDET_ID","UNIQUE","1","NSC_INT_DET_ID"
"1140","P_NSC_MASTER","PK_NSC_MASTER_ID","UNIQUE","1","NSC_MST_ID"
"1141","P_PENSION_DA_SLAB_MASTER","PK_PEN_DA_SLAB_MST_ID","UNIQUE","1","DA_SLAB_MST_ID"
"1142","P_PENSION_MASTER","PK_PENSION_MST_ID","UNIQUE","1","PENSION_MST_ID"
"1143","P_PENSION_SETTING","PK_PENSION_SET_ID","UNIQUE","1","PENSION_SET_ID"
"1144","P_PF_SLAB_MASTER","PK_P_PF_SLAB_MASTER_ID","UNIQUE","1","PF_SLAB_MST_ID"
"1145","P_PROBABLE_SALARY","PK_P_PROB_SAL_ID","UNIQUE","1","PROB_SAL_DET_ID"
"1146","P_PRO_DEMO_MASTER","PK_P_PRO_DEMO_MAST_ID","UNIQUE","1","PRO_DEMO_MST_ID"
"1147","P_PRO_DEMO_TRANS","PK_P_PRO_DEMO_TRANS_ID","UNIQUE","1","PRO_DEMO_MST_ID"
"1148","P_PT_SLAB_MASTER","PK_PPT_SALB_MST_ID","UNIQUE","1","PT_SLAB_MST_ID"
"1149","P_REBATE_ITEM_MASTER","PK_P_REBATE_ITEM_MAST_ID","UNIQUE","1","REBATE_ITEM_MST_ID"
"1150","P_SALARY_POSTING_MASTER","PK_P_SALARY_POSTING_MAST_ID","UNIQUE","1","SAL_POST_MST_ID"
"1151","P_SALARY_POSTING_VOUCHER","PK_P_SALARY_POSTING_VOUCHER_ID","UNIQUE","1","SAL_POST_VO_MST_ID"
"1152","P_SALARY_SCALE","PK_P_SALARY_SCALE_ID","UNIQUE","1","SCALE_ID"
"1153","P_SALCALC_TYPE","PK_SALCALC_TYPE_ID","UNIQUE","1","CALC_TYPE_MST_ID"
"1154","P_SALCALC_TYPE","UK_SALCALC_TYPE_ID","UNIQUE","1","CALC_CODE"
"1155","P_SAL_INCREMENT_SETTING","PK_P_SAL_INC_SETTING","UNIQUE","1","SAL_INC_MST_ID"
"1156","P_SECTION_MAPP_DETAILS","PK_SECTION_MAPP_DETID","UNIQUE","1","SEC_MAP_MST_ID"
"1157","P_SECTION_MASTER","PK_P_SECTION_MAST_ID","UNIQUE","1","SECTION_MST_ID"
"1158","P_SURRENDER_LEVE_SAL_MAST","PK_P_SURR_LEVE_SAL_MAST_ID","UNIQUE","1","SURRENDER_LEVSAL_ID"
"1159","P_SUSPENSION_MASTER","PK_SUSPENSION_MASTER","UNIQUE","1","SUSPENSION_MST_ID"
"1160","P_UNION_DEDUCTION_MASTER","PK_P_UNION_DED_MASTER_ID","UNIQUE","1","DEDUCTION_MST_ID"
"1161","P_UNION_MASTER","PK_P_UNION_MASTER","UNIQUE","1","UNION_MST_ID"
"1162","QUANTITY_UNIT_MASTER","PK_QUAN_UNIT_MST_ID","UNIQUE","1","UNIT_MST_ID"
"1163","RANGEWISE_REPORT_SETTING","PK_RANGWISE_RPT_ID","UNIQUE","1","REPORT_MST_ID"
"1164","RANGEWISE_REPORT_STRING","PK_RANGEWISE_RPT_STR_ID","UNIQUE","1","RANGEWISE_RPT_STR_ID"
"1165","RECEIVABLE_UPDATE","PK_REC_UPD_ID","UNIQUE","1","REC_UPD_ID"
"1166","RECON_BANK_ENTRIES","PK_RECON_BANK_ENTRIES","UNIQUE","1","BANK_RECON_MST_ID"
"1167","RECON_BRANCH_ENTRIES","IDX_RECONBRENTGLNEWINST","NONUNIQUE","1","CLG_BANK_MSTID"
"1168","RECON_BRANCH_ENTRIES","IDX_RECONBRENTGLNEWINST","NONUNIQUE","2","GLCODE"
"1169","RECON_BRANCH_ENTRIES","IDX_RECONBRENTGLNEWINST","NONUNIQUE","3","NEW_AC_NUMBER"
"1170","RECON_BRANCH_ENTRIES","IDX_RECONBRENTGLNEWINST","NONUNIQUE","4","SUB_ACCOUNT_NO"
"1171","RECON_BRANCH_ENTRIES","IDX_RECONBRENTGLNEWINST","NONUNIQUE","5","INSTRUMENT_NO"
"1172","RECON_BRANCH_ENTRIES","PK_RECON_BRANCH_ENT_MST_ID","UNIQUE","1","BRANCH_RECON_MST_ID"
"1173","RECON_NOT_IMPORTED","PK_RECON_NOT_IMPORTED_ID","UNIQUE","1","BRANCH_RECON_MST_ID"
"1174","RECON_OPENING_BALANCE","PK_RECON_OPEN_BAL_MSTID","UNIQUE","1","OP_MST_ID"
"1175","RECON_OTHER_DETAILS","PK_RECON_OTHR_DETID","UNIQUE","1","RECON_DET_ID"
"1176","RECON_OTH_LOG_DETAILS","PK_RECON_OTHR_LOGDETID","UNIQUE","1","RECON_LOG_DET_ID"
"1177","RECON_OTH_SLAB_DETAIL","PK_RECON_OTHR_SLABID","UNIQUE","1","RECON_OTH_SLAB_ID"
"1178","RECON_SLAB_DETAILS","PK_RECON_SLAB_DET_ID","UNIQUE","1","RECON_SLAB_DET_ID"
"1179","RECOVERY_AGENT_MASTER","PK_RECOV_AGENT_MAST_ID","UNIQUE","1","AGENT_MST_ID"
"1180","REGION_MASTER","PK_REGION_MASTER_ID","UNIQUE","1","REGION_MST_ID"
"1181","REGISTER_MACHINE","PK_REGIS_MAC_IN","UNIQUE","1","REG_MACHIN_ID"
"1182","REPORT_FORMAT","IDX_REPORT_FOMAR_MST_ID","NONUNIQUE","1","REPORT_FORMAT_MST_ID"
"1183","REPORT_FORMAT","IDX_REPORT_FORMAT_MSTNEWSUBID","NONUNIQUE","1","REPORT_FORMAT_MST_ID"
"1184","REPORT_FORMAT","IDX_REPORT_FORMAT_MSTNEWSUBID","NONUNIQUE","2","USERID"
"1185","REPORT_FORMAT","IDX_REPORT_FORMAT_MSTNEWSUBID","NONUNIQUE","3","GLCODE"
"1186","REPORT_FORMAT","IDX_REPORT_FORMAT_MSTNEWSUBID","NONUNIQUE","4","NEW_AC_NUMBER"
"1187","REPORT_FORMAT","IDX_REPORT_FORMAT_MSTNEWSUBID","NONUNIQUE","5","SUB_AC_NUMBER"
"1188","REPORT_FORMAT","PK_REPORT_FORMAT_DET_ID","UNIQUE","1","REPORT_FORMAT_DET_ID"
"1189","REPORT_FORMAT_MASTER","PK_REPORT_FORMAT_MST_ID","UNIQUE","1","REPORT_FORMAT_MST_ID"
"1190","REPORT_FORMAT_MASTER","UK_REP_FOR_MST_SHORT_NAME","UNIQUE","1","REPORT_SHORT_NAME"
"1191","REPORT_FORMAT_NEW","PK_REPORT_FORMAT_NEW_DET_ID","UNIQUE","1","REPORT_FORMAT_DET_ID"
"1192","REPORT_FORMAT_OVERDUE","IDX_REPORT_FORM_OVD","NONUNIQUE","1","REPORT_FORMAT_MST_ID"
"1193","REPORT_FORMAT_OVERDUE","IDX_REPORT_FORM_OVD","NONUNIQUE","2","USERID"
"1194","REPORT_FORMAT_OVERDUE","IDX_REPORT_FORM_OVD","NONUNIQUE","3","GLCODE"
"1195","REPORT_FORMAT_OVERDUE","IDX_REPORT_FORM_OVD","NONUNIQUE","4","NEW_AC_NUMBER"
"1196","REPORT_FORMAT_OVERDUE","IDX_REPORT_FORM_OVD","NONUNIQUE","5","SUB_AC_NUMBER"
"1197","REPORT_FORMAT_OVERDUE","SYS_C0088219","UNIQUE","1","REP_FORM_OVD_ID"
"1198","REPORT_GENERATION_DETAILS","PK_REPORT_TMPL_DETID","UNIQUE","1","REPORT_TMPL_DET_ID"
"1199","REPORT_GENERATION_MASTER","PK_REP_GEN_MST_ID","UNIQUE","1","REPORT_TEMP_ID"
"1200","REPORT_GENERATION_STRING","PK_REPORT_GEN_STR_DETID","UNIQUE","1","REPORT_STR_DET_ID"
"1201","REPORT_GL_SELECTION","PK_REPORTGLSEL_ID","UNIQUE","1","REPORT_GL_SELECTION_ID"
"1202","REPORT_HEADER_MASTER","PK_REP_HED_MST_ID","UNIQUE","1","REPORT_TMPL_HEAD_ID"
"1203","REPORT_PARAMETER_DETAILS","PK_REPORT_PARA_DET_ID","UNIQUE","1","REPORT_STR_DET_ID"
"1204","RESTRICTED_CUSTOMER","PK_RESTRICTED_CUSTOMER_ID","UNIQUE","1","RESTRICT_MST_ID"
"1205","RETURN_REASON_MASTER","PK_REASONCODE","UNIQUE","1","REASONCODE"
"1206","RETURN_REASON_MASTER","UK_RETURN_MODULETYPE","UNIQUE","1","REASONCODE"
"1207","RETURN_REASON_MASTER","UK_RETURN_MODULETYPE","UNIQUE","2","MODULE_TYPE"
"1208","RISK_CONFIG_MASTER","INDX_RISK_REASON_MST_ID","NONUNIQUE","1","REASON_MST_ID"
"1209","RISK_CONFIG_MASTER","PK_RISK_CONFIG_MST_ID","UNIQUE","1","RISK_CONFIG_MST_ID"
"1210","RISK_REASON_MASTER","PK_REASON_MST_ID","UNIQUE","1","REASON_MST_ID"
"1211","RRC_DETAILS","PK_RRC_DETAILS_ID","UNIQUE","1","RRC_DET_ID"
"1212","RTGS_API_FILENAME_FORMAT","PK_API_FILENAME_ID1","UNIQUE","1","API_FILENAME_ID"
"1213","RTGS_API_FILE_FORMAT","PK_API_FIELD_ID","UNIQUE","1","API_FIELD_ID"
"1214","RTGS_API_KEY_MASTER","PK_RTGS_API_KEY_ID","UNIQUE","1","RTGS_API_KEY_ID"
"1215","RTGS_API_URL_CONFIG","PK_URL_CONFIG_DET_ID1","UNIQUE","1","URL_CONFIG_DET_ID"
"1216","RTGS_API_URL_DETAIL","PK_API_URL_MST_ID","UNIQUE","1","API_URL_MST_ID"
"1217","RTGS_BANK_MASTER","PK_RTGS_BANK_MST_ID","UNIQUE","1","RTGS_BANK_MST_ID"
"1218","RTGS_BANK_MASTER","UK_RTGS_BANK_CCMPID","UNIQUE","1","CCMPA_PART_ID"
"1219","RTGS_BRANCH_MASTER","PK_RTGS_BRANCH_MST_ID","UNIQUE","1","RTGS_BR_MST_ID"
"1220","RTGS_COMMISSION_MASTER","PK_RTGS_COMM_MS_ID","UNIQUE","1","RTGS_COMM_MST_ID"
"1221","RTGS_DETAILS","PK_RTGS_DET_ID","UNIQUE","1","RTGS_DET_ID"
"1222","RTGS_FILENAME_FORMAT","PK_RTGS_FILENAME_ID","UNIQUE","1","RTGS_FILENAME_ID"
"1223","RTGS_FILE_FORMAT","PK_RTGS_FIELD_ID","UNIQUE","1","RTGS_FIELD_ID"
"1224","RTGS_INWARD_FILE","PK_RTGS_INWARD_DET_ID","UNIQUE","1","RTGS_INWARD_DET_ID"
"1225","RTGS_RESPONCE_DETAILS","PK_RTGS_RESP_DET_ID","UNIQUE","1","RTGS_RESP_DET_ID"
"1226","RTGS_STRING_DETAILS","PK_RTGS_STR_DET_ID","UNIQUE","1","RTGS_STR_DET_ID"
"1227","RTGS_SWITCH_MASTER","PK_RTGS_SWITCH_MST_ID","UNIQUE","1","RTGS_SWITCH_MST_ID"
"1228","RTGS_TYPE_MASTER","PK_RTGS_TYPE_MST_ID","UNIQUE","1","RTGS_TYPE_MST_ID"
"1229","SALARY_LOAN_DETAILS","PK_SALARY_LOAN_ID","UNIQUE","1","SALARY_LOAN_ID"
"1230","SANCTION_DETAILS","IDX_SANCTION_DET_NEWSUBANO","NONUNIQUE","1","NEW_AC_NUMBER"
"1231","SANCTION_DETAILS","IDX_SANCTION_DET_NEWSUBANO","NONUNIQUE","2","SUB_ACCOUNT_NO"
"1232","SANCTION_DETAILS","PK_SANCTION_DETAILS_MST_ID","UNIQUE","1","SANC_MST_ID"
"1233","SAVING_ACT_PRODUCT","IDX_SBINTPRD","NONUNIQUE","1","NEW_AC_NUMBER"
"1234","SAVING_ACT_PRODUCT","IDX_SBINTPRD","NONUNIQUE","2","SUB_AC_NUMBER"
"1235","SB_INT_PRODUCT","IDX_SBINTPRODNEWSUBNO","NONUNIQUE","1","NEW_AC_NUMBER"
"1236","SB_INT_PRODUCT","IDX_SBINTPRODNEWSUBNO","NONUNIQUE","2","SUB_AC_NUMBER"
"1237","SB_INT_PRODUCT","IDX_SBINTPRODNEWSUBNO","NONUNIQUE","3","BALANCE_DATE"
"1238","SCHEME_MASTER","PK_SCHEME_MASTER_SCHEME_MST_ID","UNIQUE","1","SCHEME_MST_ID"
"1239","SCHOOL_GPF_TRANSACTION","PK_SCHOOL_TRAN_DET_ID","UNIQUE","1","SCHOOL_TRAN_DET_ID"
"1240","SCHOOL_MASTER","PK_SCHOOL_MASTER_MST_ID","UNIQUE","1","SCHOOL_MST_ID"
"1241","SELCOM_CODES","PK_SELCOM_CODE_ID","UNIQUE","1","SELCOM_CODE_ID"
"1242","SELCOM_REQUEST","PK_SELCOM_REQ_ID","UNIQUE","1","SELCOM_REQ_ID"
"1243","SELCOM_REQUEST","UK_SELCOM_UNIQUE_REF_NUMBER","UNIQUE","1","UNIQUE_REF_NUMBER"
"1244","SELCOM_RESPONCE","PK_SELCOM_RES_ID","UNIQUE","1","SELCOM_RES_ID"
"1245","SELCOM_TRANSACTION","PK_SELCOM_TRAN_ID","UNIQUE","1","SELCOM_TRAN_ID"
"1246","SELCOM_TYPE_MASTER","PK_SELCOM_TYPE_MST_ID","UNIQUE","1","SELCOM_TYPE_MST_ID"
"1247","SERVICE_TAX_DETAILS","IDX_NEWSUBACNO","NONUNIQUE","1","NEW_AC_NUMBER"
"1248","SERVICE_TAX_DETAILS","IDX_NEWSUBACNO","NONUNIQUE","2","SUB_AC_NUMBER"
"1249","SERVICE_TAX_DETAILS","SERTAX_DET_STAX_DET_ID","UNIQUE","1","STAX_DET_ID"
"1250","SERVICE_TAX_MASTER","PK_SERVICETAX_MST_ID","UNIQUE","1","SERV_TAX_MST_ID"
"1251","SFT_CONFIGURATION","PK_SFT_CONFIG_ID","UNIQUE","1","SFT_CONFIG_ID"
"1252","SFT_MASTER","PK_SFT_MST_ID","UNIQUE","1","SFT_MST_ID"
"1253","SHARES_CONFIGURATION","PK_SHARES_CONFIG_MST_ID","UNIQUE","1","SHARE_CONFIG_MST_ID"
"1254","SHARES_DEBENTURE_DETAILS","PK_SHA_DEB_DET_SD_DET_ID","UNIQUE","1","SD_DET_ID"
"1255","SHARE_CAPITAL_MASTER","PK_SHARE_CAP_MAST_SHARE_MST_ID","UNIQUE","1","SHARE_CAP_MST_ID"
"1256","SHARE_CERTIFICATE_DETAIL","PK_SHARE_CERT_DET_SHARE_DET_ID","UNIQUE","1","SHARE_CERTI_DET_ID"
"1257","SHARE_CERTI_PRINT_LOG","PK_SHARE_PRINT_DET_ID","UNIQUE","1","SHARE_PRINT_DET_ID"
"1258","SHARE_DIVIDEND_CHART","PK_SHAR_DIV_DET_ID","UNIQUE","1","SHAR_DIV_DET_ID"
"1259","SHARE_HOLDING_BALANCES","PK_SHRHOLBAL_SHARE_BAL_MST_ID","UNIQUE","1","SHARE_BAL_MST_ID"
"1260","SHARE_HOLDING_BALANCES","UK_SHRHLBL_SHRBLDT_SHRFOLIO","UNIQUE","1","SHARE_BALANCE_DATE"
"1261","SHARE_HOLDING_BALANCES","UK_SHRHLBL_SHRBLDT_SHRFOLIO","UNIQUE","2","SHARE_FOLIO"
"1262","SHARE_HOLDING_MASTER","PK_SHRHOLMST_SHARE_HOLD_MST_ID","UNIQUE","1","SHARE_HOLD_MST_ID"
"1263","SHARE_RATE_MASTER","PK_SHARE_RATE_MAST_ID","UNIQUE","1","SHARE_RATE_MST_ID"
"1264","SHORT_PARTI_MASTER","PK_SHORT_PARTI_MAST_CODE","UNIQUE","1","SHORT_PARTI_CODE"
"1265","SHORT_PARTI_MASTER","PK_SHORT_PARTI_MAST_MSTID","UNIQUE","1","SHORT_PARTI_MST_ID"
"1266","SIGNATURE_MASTER","PK_SIGNATURE_MAST_ID","UNIQUE","1","SIGNATURE_MST_ID"
"1267","SIGNATURE_SCAN_DETAILS","PK_SIGN_SCAN_DET_ID","UNIQUE","1","SIGN_SCAN_DET_ID"
"1268","SLR_CRR_MASTER","PK_SLR_CRR_MSTID","UNIQUE","1","SLR_CRR_MST_ID"
"1269","SMS_ERROR_DETAILS","PK_SMS_ERROR_ID","UNIQUE","1","SMS_ERROR_DET_ID"
"1270","SMS_MASTER","PK_SMS_MASTER_ID","UNIQUE","1","SMS_MST_ID"
"1271","SMS_MASTER","UK_SHRTCODE_AFLG_DFLG","UNIQUE","1","SMS_SHORT_CODE"
"1272","SMS_MASTER","UK_SHRTCODE_AFLG_DFLG","UNIQUE","2","ACTIVE_FLAG"
"1273","SMS_MASTER","UK_SHRTCODE_AFLG_DFLG","UNIQUE","3","DELETE_FLAG"
"1274","SMS_PURCHASE_DETAILS","PK_SMS_PURCHASE_ID","UNIQUE","1","SMS_PURCH_DET_ID"
"1275","SMS_SCHEME_MASTER","PK_SMS_SCHEME_ID","UNIQUE","1","SMS_SCHEME_MST_ID"
"1276","SMS_SENT_DETAILS","PK_SMS_SENT_ID","UNIQUE","1","SMS_SENT_DET_ID"
"1277","SMS_SENT_PARA_DETAILS","PK_SMS_PARA_DETID","UNIQUE","1","SMS_PARA_DET_ID"
"1278","SMS_URL_DETAILS","PK_SMS_URL_DET_ID","UNIQUE","1","SMS_URL_DET_ID"
"1279","SMS_VENDOR_MASTER","PK_SMS_VENDOR_ID","UNIQUE","1","SMS_VENDOR_MST_ID"
"1280","SPECIAL_INSTRUCTIONS","PK_SPEC_INST_DET_ID","UNIQUE","1","SPECIAL_INST_DET_ID"
"1281","SPL_MENU_MASTER","PK_SPL_MENU_MST_ID","UNIQUE","1","MENU_MST_ID"
"1282","STAX_CALC_CONFIG","PK_STAXCALC_CONF_ID","UNIQUE","1","STAX_CALC_CONF_ID"
"1283","STAX_CALC_DETAILS","PK_STAX_CALC_DET_ID","UNIQUE","1","S_TAX_DET_ID"
"1284","STD_ORDER_DETAILS","PK_STD_ORD_DET_ID","UNIQUE","1","STANDING_ORD_DET_ID"
"1285","STD_ORDER_SKIP_HISTORY","PK_STD_ORDER_SKIP_HIS_ID","UNIQUE","1","STANDING_HIST_ID"
"1286","STOP_PAYMENT_DETAILS","PK_STOP_PAY_DET_ID","UNIQUE","1","STOP_PAY_DET_ID"
"1287","SUPPLIER_MASTER","PK_SUPPLIER_MAST_ID","UNIQUE","1","SUPPLIER_MST_ID"
"1288","SUPPLIER_SECURITY_MASTER","PK_SUPPL_SECU_MAST_ID","UNIQUE","1","SUPPLI_SECU_MST_ID"
"1289","TABLE_KEY_MASTER","UK_TABLE_KEY_TKNAME","UNIQUE","1","TABLE_NAME"
"1290","TAB_APP_SMS_SENT_DETAILS","PK_TAB_APP_SMS_SENT_DET_ID","UNIQUE","1","TAB_APP_SMS_SENT_DET_ID"
"1291","TAXBANK_REQUEST","PK_TAXBANK_REQ_DET_ID","UNIQUE","1","TAXBANK_REQ_DET_ID"
"1292","TAXBANK_REQUEST_LOG","PK_TAXBANK_REQ_LOG_ID","UNIQUE","1","TAXBANK_REQ_LOG_ID"
"1293","TAXBANK_TELLER_DETAILS","PK_TELLER_MSTID","UNIQUE","1","TELLER_MSTID"
"1294","TAX_RTN_FILE_DETAILS","PK_TAX_RTN_DET_ID","UNIQUE","1","TAX_RTN_DET_ID"
"1295","TAX_TRF_SETTING","PK_TAX_TRF_SET_ID","UNIQUE","1","TAX_TRF_SET_ID"
"1296","TDS_ACCOUNT_DETAILS","PK_TDS_AC_DETAILS_ID","UNIQUE","1","TDS_CALC_DET_ID"
"1297","TDS_EXEMPTED_CUST_RATES","PK_SPCL_CUST_TDS_ID","UNIQUE","1","SPCL_CUST_TDS_ID"
"1298","TDS_EXEMPTION_DETAILS","PK_TDS_EXE_DETAILT_ID","UNIQUE","1","TDS_EXEMPT_DET_ID"
"1299","TDS_GL_MAPPING","PK_TDS_GL_MAP_ID","UNIQUE","1","TDS_GL_MAP_ID"
"1300","TDS_SLAB_MASTER","PK_TDSSLAB_MASTER","UNIQUE","1","TDS_SLAB_MST_ID"
"1301","TDS_SPECIFIED_CUST","PK_TDS_SPECIF_ID","UNIQUE","1","TDS_SPECIF_ID"
"1302","TEMP_MASTER","PK_TEMP_MST_ID","UNIQUE","1","TEMP_MST_ID"
"1303","THUMB_MACHINE_MASTER","PK_THUMB_MAC_ID","UNIQUE","1","THUMB_MAC_ID"
"1304","TISS_MT199","PK_MT199_DET_ID","UNIQUE","1","MT199_DET_ID"
"1305","TISS_MT999","PK_TIS_MESSAGE_ID","UNIQUE","1","TIS_MESSAGE_ID"
"1306","TOD_DETAILS","IDX_TOD_DETNEWSUBAC","NONUNIQUE","1","SUB_AC_NUMBER"
"1307","TOD_DETAILS","IDX_TOD_DETNEWSUBAC","NONUNIQUE","2","NEW_AC_NUMBER"
"1308","TOD_DETAILS","PK_TOD_DETAILS_MST_ID","UNIQUE","1","TOD_MST_ID"
"1309","TOD_INTEREST_PRODUCT","IDX_TODINTPRODGLACINTDT","NONUNIQUE","1","GLCODE"
"1310","TOD_INTEREST_PRODUCT","IDX_TODINTPRODGLACINTDT","NONUNIQUE","2","NEW_AC_NUMBER"
"1311","TOD_INTEREST_PRODUCT","IDX_TODINTPRODGLACINTDT","NONUNIQUE","3","SUB_AC_NUMBER"
"1312","TOD_INTEREST_PRODUCT","IDX_TODINTPRODGLACINTDT","NONUNIQUE","4","INTEREST_FROM_DATE"
"1313","TOD_INTEREST_PRODUCT","IDX_TODINTPRODGLACINTDT","NONUNIQUE","5","INTEREST_UPTO_DATE"
"1314","TOD_INTEREST_PRODUCT","IDX_TODINTPRODGLACINTDT","NONUNIQUE","6","CALC_USER_ID"
"1315","TOD_INTEREST_PRODUCT","IDX_TODINTPRODGLCODEUSERID","NONUNIQUE","1","GLCODE"
"1316","TOD_INTEREST_PRODUCT","IDX_TODINTPRODGLCODEUSERID","NONUNIQUE","2","CALC_USER_ID"
"1317","TOD_INTEREST_PRODUCT","IDX_TODINTPRODNEWSUBPROFROM","NONUNIQUE","1","NEW_AC_NUMBER"
"1318","TOD_INTEREST_PRODUCT","IDX_TODINTPRODNEWSUBPROFROM","NONUNIQUE","2","SUB_AC_NUMBER"
"1319","TOD_INTEREST_PRODUCT","IDX_TODINTPRODNEWSUBPROFROM","NONUNIQUE","3","PRODUCT_FROM_DATE"
"1320","TOD_INTEREST_PRODUCT","PK_TODINT_PROD_MST_ID","UNIQUE","1","TOD_INT_MST_ID"
"1321","TOD_INTEREST_SUMMARY","IDX_TODINTSUMGLCODEUSERID","NONUNIQUE","1","GLCODE"
"1322","TOD_INTEREST_SUMMARY","IDX_TODINTSUMGLCODEUSERID","NONUNIQUE","2","CALC_USER_ID"
"1323","TOD_INTEREST_SUMMARY","PK_TOD_INT_SUM_ID","UNIQUE","1","TOD_INT_SUM_ID"
"1324","TOD_INTSLAB_MASTER","PK_TOD_INT_SLAB_ID","UNIQUE","1","TOD_INT_SLAB_ID"
"1325","TOD_SCHEME_MASTER","PK_TOD_SET_MST_ID","UNIQUE","1","TOD_SET_MST_ID"
"1326","TRANSACTION_OPERATION","PK_TRANOPER_MST_ID","UNIQUE","1","TRANS_OPT_MST_ID"
"1327","TRANSPORTER_MASTER","PK_TRANSPORTER_MST_ID","UNIQUE","1","TRANSPORTER_MST_ID"
"1328","TRANTYPE","PK_TRNTYP_TRNTYP_ID","UNIQUE","1","TRAN_TYPE_ID"
"1329","TRANTYPE","UK_TRANTYPE_TRANTYPE","UNIQUE","1","TRANTYPE"
"1330","TRA_CONFIGURATION","PK_TRA_CONFIG_MST_ID","UNIQUE","1","TRA_CONFIG_MST_ID"
"1331","TRA_DETAILS","PK_TRA_DETAILS","UNIQUE","1","TRA_DET_ID"
"1332","TRA_INPUT_OUTPUT","PK_TRA_MST_ID","UNIQUE","1","TRA_MST_ID"
"1333","TRIAL_BALANCE","IDX_TRBALVBRIDFRMUPDT","NONUNIQUE","1","BRANCH_MST_ID"
"1334","TRIAL_BALANCE","IDX_TRBALVBRIDFRMUPDT","NONUNIQUE","2","FROM_DATE"
"1335","TRIAL_BALANCE","IDX_TRBALVBRIDFRMUPDT","NONUNIQUE","3","UPTO_DATE"
"1336","TRIAL_BALANCE","IDX_TRBALVBRIDFRMUPDT","NONUNIQUE","4","ENTER_USER_ID"
"1337","TRIAL_BALANCE_ALL","IDX_TRBALALLVBRIDFRMUPDT","NONUNIQUE","1","FROM_DATE"
"1338","TRIAL_BALANCE_ALL","IDX_TRBALALLVBRIDFRMUPDT","NONUNIQUE","2","UPTO_DATE"
"1339","TRIAL_BALANCE_ALL","IDX_TRBALALLVBRIDFRMUPDT","NONUNIQUE","3","ENTER_USER_ID"
"1340","TRIAL_BALANCE_HISTORY","IDX_TRBALVBRIDTRDT","NONUNIQUE","1","BRANCH_MST_ID"
"1341","TRIAL_BALANCE_HISTORY","IDX_TRBALVBRIDTRDT","NONUNIQUE","2","TRANSACTION_DATE"
"1342","TRIAL_BALANCE_HISTORY","IDX_TRBALVBRIDTRDT","NONUNIQUE","3","ENTER_USER_ID"
"1343","T_DORMANTACCOUNTS","IDX_DORMANTTEMP","NONUNIQUE","1","DORMANTPRODUCTID"
"1344","T_DORMANTACCOUNTS","IDX_DORMANTTEMP","NONUNIQUE","2","COLUMNID"
"1345","USERWISE_BATCHTYPE_LOG","PK_USER_BATCHTYPE_LOGID","UNIQUE","1","USER_BATCHTYPE_LOGID"
"1346","USERWISE_BATCHTYPE_RIGHTS","PK_USER_BATCHTYPE_MSTID","UNIQUE","1","BATCH_RIGHTS_MSTID"
"1347","USER_ACOPEN_RIGHTS","IDX_USER_ACOPE_RIGHT","NONUNIQUE","1","USER_ID"
"1348","USER_ACOPEN_RIGHTS","IDX_USER_ACOPE_RIGHT","NONUNIQUE","2","GLCODE"
"1349","USER_ACOPEN_RIGHTS","IDX_USER_ACOPE_RIGHT","NONUNIQUE","3","ACTIVE_FLAG"
"1350","USER_ACOPEN_RIGHTS","IDX_USER_ACOPE_RIGHT","NONUNIQUE","4","DELETE_FLAG"
"1351","USER_ACOPEN_RIGHTS","PK_USER_ACOP_RIGHT_DET_ID","UNIQUE","1","USER_ACOP_RIGHT_DET_ID"
"1352","USER_CASH_RETENTION_LIMIT","PK_USER_CASH_RET_DET_ID","UNIQUE","1","USER_CASH_RET_DET_ID"
"1353","USER_CASH_VIO_HISTORY","PK_USER_CH_VOI_DET_ID","UNIQUE","1","USER_CH_VOI_DET_ID"
"1354","USER_DEF_RIGHT_MASTER","PK_USER_DEF_REIFHT_MSTID","UNIQUE","1","USER_DEF_RIGHT_MSTID"
"1355","USER_DOCUMENT_RIGHTS","PK_USER_DOC_RGT_ID","UNIQUE","1","USER_DOC_RGT_ID"
"1356","USER_LEVEL_MASTER","PK_USER_LEVEL_MST_ID","UNIQUE","1","USER_LEVEL_MST_ID"
"1357","USER_LOCK_DETAILS","PK_USERLOCKDET_ID","UNIQUE","1","USERID"
"1358","USER_LOGIN_REQUEST","PK_USERLOGREQ_DET_ID","UNIQUE","1","LOGIN_REQUEST_ID"
"1359","USER_LOG_DETAILS","IDX_USER_LOG_USERID","NONUNIQUE","1","USERID"
"1360","USER_LOG_DETAILS","PK_LOG_DET_ID","UNIQUE","1","LOG_DET_ID"
"1361","USER_MASTER","PK_USR_MAST_USERID","UNIQUE","1","USERID"
"1362","USER_MASTER","UK_USER_MAST_USER_SHORT_NAME","UNIQUE","1","USER_SHORT_NAME"
"1363","USER_MENU_ACCESS_LOG","PK_USERMENUACCLOG","UNIQUE","1","ACCESS_DET_ID"
"1364","USER_MENU_RIGHTS_MASTER","PK_USER_MENU_MSTID","UNIQUE","1","USER_MENU_MSTID"
"1365","USER_MENU_RIGHTS_MASTER","UK_USERMENURI_UIDMEMSTID","UNIQUE","1","USERID"
"1366","USER_MENU_RIGHTS_MASTER","UK_USERMENURI_UIDMEMSTID","UNIQUE","2","MENU_MST_ID"
"1367","VEHICLE_MACHINE_MASTER","PK_VEH_MST_ID","UNIQUE","1","VEHICLE_MST_ID"
"1368","VERSION_DETAIL","PK_VERSION_ID","UNIQUE","1","VERSION_ID"
"1369","VISITOR_DETAILS","PK_VISITOR_TRANS_ID","UNIQUE","1","VISITOR_TRANS_ID"
"1370","VISITOR_MASTER","PK_VISITOR_MST_ID","UNIQUE","1","VISITOR_MST_ID"
"1371","VODACOM_TRAN_DETAILS","PK_VODA_TRAN_DET_ID","UNIQUE","1","VODA_TRAN_DET_ID"
"1372","WAREHOUSE_PLEDGE_DETAILS","PK_WAREHOUSE_DETAILS_MST_ID","UNIQUE","1","WAREHOUSE_MST_ID"
"1373","WEBSERVICE_REQUEST","PK_WEB_REQ_ID","UNIQUE","1","WEB_REQ_ID"
"1374","WRITEOFF_CUST_PTP_DETAILS","PK_WOFF_PTP_DET_ID","UNIQUE","1","WOFF_PTP_DET_ID"
"1375","WRITEOFF_RECOVERY_OFFICER","PK_WOFF_RECOV_OFF_ID","UNIQUE","1","WOFF_RECOV_OFF_ID"
"1376","WRITEOFF_VISIT_COMMENT","PK_WOFF_VISIT_COMM_ID","UNIQUE","1","WOFF_VISIT_COMM_ID"
"1377","WRONG_LOGIN_DETAILS","PK_WRONG_LOGIN_DET_ID","UNIQUE","1","WRONG_LOGIN_ID"
"1378","ZONE_MASTER","PK_ZONE_MASTER_ID","UNIQUE","1","ZONE_MST_ID"
